공고일자,공고명,연도,수요기관,업무구분,품목대분류,유찰,응찰수,무응찰,입찰진행상태값,공고상태값,제조물품제한여부,긴급공고여부
20240216,24-01-036 호흡장치 1품목,2024,공군교육사령부,물품(내자),국방·치안·보안,False,1.0,False,낙찰자선정,등록공고,,N
20240312,A-2부대 관급자재(다기능성페인트),2024,육군제1891부대,물품(내자),제조부품,True,0.0,True,유찰,변경공고,,N
20240312,H-1부대 관급자재(다기능성페인트),2024,육군제1891부대,물품(내자),제조부품,True,0.0,True,유찰,등록공고,,N
20240319,A-2부대 관급자재(다기능성페인트),2024,육군제1891부대,물품(내자),제조부품,False,1.0,False,낙찰자선정,재공고,,N
20240319,H-1부대 관급자재(다기능성페인트),2024,육군제1891부대,물품(내자),제조부품,False,1.0,False,낙찰자선정,재공고,,N
20240403,창공대 체력단련장 지능형 카트 구매,2024,육군 인사사령부,물품(내자),차량·수송장비,False,1.0,False,낙찰자선정,등록공고,,N
20240614,24년 CCC 사무비품 구매(전투화 세척기),2024,육군 제15보병사단,물품(내자),청소장비,False,1.0,False,낙찰자선정,등록공고,,Y
20240703,[24-육-151] 무선도청탐지시스템 구매,2024,육군본부 기획관리참모부,물품(내자),정보통신,False,1.0,False,낙찰자선정,등록공고,,N
20240709,[24-육-151] 무선도청탐지시스템 구매,2024,육군본부 기획관리참모부,물품(내자),정보통신,False,1.0,False,낙찰자선정,등록공고,,N
20240710,[24-육-151] 무선도청탐지시스템 구매,2024,육군본부 기획관리참모부,물품(내자),정보통신,False,1.0,False,낙찰자선정,등록공고,,N
20240813,덕우관 강당 옥상 방수,2024,육군종합군수학교,물품(내자),건축자재,False,1.0,False,낙찰자선정,등록공고,,N
20240925,소화기 구매(리튬소화기),2024,국방부 국군화생방방호사령부,물품(내자),국방·치안·보안,False,1.0,False,낙찰자선정,등록공고,,N
20241203,(23-100) 00부대 병영생활관 개수 관급(창호),2024,제5군단사령부,물품(내자),건축자재,False,1.0,False,낙찰자선정,등록공고,,N
20240103,(236514-C) PLS세트 제조,2024,국방부 국군재정관리단,물품(내자),차량·수송장비,True,2.0,False,유찰,변경공고,,N
20240119,(237055-H)23년 의무장비(24시간 원격판독시스템)구매,2024,국방부 국군재정관리단,물품(내자),의료장비,False,2.0,False,낙찰자선정,재공고,,Y
20240306,(236514-C) PLS세트 제조,2024,국방부 국군재정관리단,물품(내자),차량·수송장비,False,2.0,False,낙찰자선정,재공고,,N
20240306,(236513-B) 영상모의 사격훈련장비 구축,2024,육군군수사령부,물품(내자),악기·교재,False,2.0,False,개찰완료,재공고,,Y
20240306,24-F-브리핑시스템 도입(리스물건),2024,국방부 국군재정관리단,물품(내자),가정용품,False,5.0,False,개찰완료,등록공고,,Y
20240315,공병작전과 연구용역,2024,국방부 합동참모본부,물품(내자),경영·행정서비스,True,0.0,True,유찰,등록공고,,N
20240318,24-N-00창 CBT 장비 교체사업,2024,국방부 국군재정관리단,물품(내자),정보통신,True,2.0,False,유찰,등록공고,,Y
20240328,(246034-C) 위국헌신 청춘 감사앨범 제조,2024,국방부 국군재정관리단,물품(내자),악기·교재,False,3.0,False,낙찰자선정,등록공고,,Y
20240329,24-N-00사 CBT교실 전산장비 신규/교체,2024,국방부 국군재정관리단,물품(내자),정보통신,False,3.0,False,개찰완료,등록공고,,Y
20240417,24-N-00창 CBT 장비 교체사업,2024,국방부 국군재정관리단,물품(내자),정보통신,False,2.0,False,개찰완료,재공고,,N
20240516,(246012-G) 24년 LAN 교체사업(리스물건),2024,국방부 국군재정관리단,물품(내자),정보통신,False,4.0,False,낙찰자선정,변경공고,,Y
20240422,24~25-N-스마트군항 시범부대 구축,2024,국방부 국군재정관리단,물품(내자),정보통신,False,2.0,False,개찰완료,등록공고,,Y
20240430,(246006-G) 비행협조소 무인화(RCU)장비 고도화(교체)사업(리스물건),2024,국방부 국군재정관리단,물품(내자),정보통신,True,0.0,True,유찰,등록공고,,Y
20240502,24-04-127 군악 동 행사복 등 6품목 제조 구매,2024,공군교육사령부,물품(내자),피복·개인용품,True,0.0,True,유찰,등록공고,N,N
20240502,24-M-CBT교실 전산장비 신규/교체,2024,국방부 국군재정관리단,물품(내자),정보통신,False,2.0,False,개찰완료,등록공고,,Y
20240503,해상전력시험평가과 연구용역,2024,국방부 합동참모본부,물품(내자),경영·행정서비스,True,0.0,True,유찰,등록공고,,Y
20240507,"합동군사우주력 발전 심포지엄 행사 용역(2단계경쟁 규격,가격 동시)",2024,국방부 합동참모본부,물품(내자),경영·행정서비스,True,0.0,True,유찰,변경공고,,N
20240508,24-F-출입통제체계 교체(리스물건),2024,국방부 국군재정관리단,물품(내자),운반·포장,True,0.0,True,유찰,등록공고,,Y
20240510,(247018-H)지휘통신신속대응장비추가도입(리스자산),2024,국방부 국군재정관리단,물품(내자),정보통신,True,0.0,True,유찰,등록공고,,Y
20240520,"합동군사우주력 발전 심포지엄 행사 용역(2단계경쟁 규격,가격 동시)",2024,국방부 합동참모본부,물품(내자),경영·행정서비스,True,0.0,True,유찰,재공고,,N
20240528,(246021-G) 24년 VoIP 교환기 교체사업(리스자산),2024,국방부 국군재정관리단,물품(내자),정보통신,True,0.0,True,유찰,등록공고,,Y
20240531,"(236064-B) 충진킷트, 친환경소화기용 제조",2024,국방부 국군재정관리단,물품(내자),산업기계,True,0.0,True,유찰,등록공고,,Y
20240531,24-N-전투근무지원모델 교체(리스자산),2024,국방부 국군재정관리단,물품(내자),정보통신,False,5.0,False,개찰완료,등록공고,,Y
20240531,24-N-원격통합통신체계 구축(리스자산),2024,국방부 국군재정관리단,물품(내자),정보통신,False,2.0,False,개찰완료,등록공고,,Y
20240531,해상전력시험평가과 연구용역,2024,국방부 합동참모본부,물품(내자),경영·행정서비스,False,3.0,False,낙찰자선정,재공고,,Y
20240603,(247022-H)사이버위협 탐지 체계 구축(리스자산),2024,국방부 국군재정관리단,물품(내자),정보통신,False,2.0,False,낙찰자선정,등록공고,,N
20240603,24-F-출입통제체계 교체(리스자산),2024,국방부 국군재정관리단,물품(내자),운반·포장,True,0.0,True,유찰,재공고,,Y
20240625,(246023-G) TOD 원격운용체계 구축 및  CCTV 보호체계 설치사업,2024,국방부 국군재정관리단,물품(내자),정보통신,False,4.0,False,낙찰자선정,변경공고,,Y
20240607,24~25-F-학습포털체계 교체,2024,국방부 국군재정관리단,물품(내자),정보통신,False,2.0,False,개찰완료,등록공고,,Y
20240611,(246027-G) 24년 OO부대 주전산기/창고자동화체계 교체(리스자산),2024,국방부 국군재정관리단,물품(내자),정보통신,False,2.0,False,낙찰자선정,등록공고,,Y
20240610,(247030-H)사이버 교육용 SW 구매,2024,국방부 국군재정관리단,물품(내자),정보통신,False,3.0,False,낙찰자선정,등록공고,,Y
20240610,24-F-공군-대외기관 간 자료연동체계 교체,2024,국방부 국군재정관리단,물품(내자),정보통신,False,3.0,False,개찰완료,등록공고,,Y
20240612,24-F-국방 5G 특화망 무선네트워크 시범사업(리스자산),2024,국방부 국군재정관리단,물품(내자),정보통신,False,3.0,False,개찰완료,등록공고,,Y
20240613,전장이동추적 단말기 2차 구매 사업,2024,국방부,물품(내자),국방·치안·보안,True,0.0,True,유찰,등록공고,N,Y
20240614,(247027-H)전군통합보안관제체계(SIEM)확대(리스자산),2024,국방부 국군재정관리단,물품(내자),정보통신,True,2.0,False,유찰,등록공고,,Y
20240620,24-N-사이버방호체계 도입(리스자산),2024,국방부 국군재정관리단,물품(내자),정보통신,False,5.0,False,개찰완료,등록공고,,Y
20240621,24-N-VR기반 대공/대함 모의사격 훈련체계 교체,2024,국방부 국군재정관리단,물품(내자),정보통신,False,2.0,False,개찰완료,등록공고,,Y
20240627,(246021-G) 24년 VoIP 교환기 교체사업(리스자산),2024,국방부 국군재정관리단,물품(내자),정보통신,False,2.0,False,낙찰자선정,재공고,,Y
20240628,24-F-네트워크 사이버방호체계 교체(리스자산),2024,국방부 국군재정관리단,물품(내자),정보통신,False,5.0,False,개찰완료,등록공고,,Y
20240702,24년 과학화전투훈련단 고도화(교체) 사업,2024,육군 과학화 전투훈련단,물품(내자),정보통신,True,0.0,True,유찰,등록공고,,Y
20240702,(24F033-B) 사이버교육체계 교체사업(리스자산),2024,국방부 국군재정관리단,물품(내자),정보통신,True,0.0,True,유찰,등록공고,,Y
20240717,(246030-G) 24년 1군단 영상통합공유체계 도입 사업,2024,국방부 국군재정관리단,물품(내자),정보통신,False,2.0,False,개찰완료,변경공고,,Y
20240704,(246187-F) 데스크톱PC 도입사업(리스자산),2024,국방부 국군재정관리단,물품(내자),정보통신,False,6.0,False,개찰완료,등록공고,,Y
20240705,(247031-H)연동종합관리체계노후서버교체(리스자산),2024,국방부 국군재정관리단,물품(내자),정보통신,False,2.0,False,낙찰자선정,등록공고,,Y
20240705,(247027-H)전군통합보안관제체계(SIEM)확대(리스자산),2024,국방부 국군재정관리단,물품(내자),정보통신,False,2.0,False,낙찰자선정,재공고,,Y
20240708,(246033-B) 24년 영상통합공유체계 구축사업,2024,국방부 국군재정관리단,물품(내자),인쇄·영상,False,2.0,False,개찰완료,등록공고,,Y
20240708,24~25-M-AI 기반 공중무인체계 영상 통합분석 기술 실증,2024,국방부 국군재정관리단,물품(내자),정보통신,False,4.0,False,개찰완료,등록공고,,Y
20240710,24-N-디지털 교육환경 구축,2024,국방부 국군재정관리단,물품(내자),정보통신,False,3.0,False,개찰완료,등록공고,,Y
20240711,전장이동추적 단말기 2차 구매 사업,2024,국방부,물품(내자),국방·치안·보안,True,0.0,True,유찰,재공고,N,Y
20240711,24-M-출입통제체계 교체(리스자산),2024,국방부 국군재정관리단,물품(내자),국방·치안·보안,False,3.0,False,개찰완료,등록공고,,Y
20240711,24-N-해사종합정보체계 서버 교체(리스자산),2024,국방부 국군재정관리단,물품(내자),정보통신,False,3.0,False,개찰완료,등록공고,,Y
20240715,24-F-독립대대급 부대 지능형 통합감시 기반체계 구축사업(리스자산),2024,국방부 국군재정관리단,물품(내자),정보통신,True,2.0,False,유찰,등록공고,,Y
20240722,24-N-브리핑/화상회의체계 도입(리스자산),2024,국방부 국군재정관리단,물품(내자),인쇄·영상,False,2.0,False,개찰완료,등록공고,,Y
20240723,24-F-주기장경계시스템 기반체계 교체사업(리스자산),2024,국방부 국군재정관리단,물품(내자),정보통신,True,2.0,False,유찰,등록공고,,Y
20240723,24-F-기지 네트워크 개선(리스자산),2024,국방부 국군재정관리단,물품(내자),정보통신,False,2.0,False,개찰완료,등록공고,,Y
20240726,(24F033-B) 사이버교육체계 교체사업(리스자산),2024,국방부 국군재정관리단,물품(내자),정보통신,True,0.0,True,유찰,재공고,,Y
20240726,24-F-AI 기반 ACMI 수집분석체계 구축(리스자산),2024,국방부 국군재정관리단,물품(내자),정보통신,True,3.0,False,유찰,등록공고,,Y
20240729,(246200-C) 24년 대강당 노후 음향장비 교체,2024,국방부 국군재정관리단,물품(내자),가정용품,False,2.0,False,낙찰자선정,등록공고,,Y
20240729,24-N-함정/항공기용 위치식별체계 교체(리스자산),2024,국방부 국군재정관리단,물품(내자),정보통신,False,2.0,False,개찰완료,등록공고,,Y
20240814,24-F-PC(데스크톱) 도입사업(리스자산),2024,국방부 국군재정관리단,물품(내자),정보통신,False,5.0,False,개찰완료,변경공고,,Y
20240801,24-F-브리핑시스템 도입(24-2차)(리스자산),2024,국방부 국군재정관리단,물품(내자),인쇄·영상,False,3.0,False,개찰완료,등록공고,,Y
20240805,(247232-F) 전술복 등 6종 제조,2024,국군제9965부대,물품(내자),피복·개인용품,True,2.0,False,유찰,등록공고,,Y
20240807,(246037-B1) 선행학습지원 기반체계 교체,2024,국방부 국군재정관리단,물품(내자),사무기기,True,0.0,True,유찰,등록공고,,Y
20240808,24-F-독립대대급 부대 지능형 통합감시 기반체계 구축사업(리스자산),2024,국방부 국군재정관리단,물품(내자),정보통신,False,2.0,False,개찰완료,재공고,,N
20240809,(24F033-B) 사이버교육체계 교체사업(리스자산),2024,국방부 국군재정관리단,물품(내자),정보통신,False,2.0,False,개찰완료,재공고,,Y
20240813,(246317-E) 25년 생도 운동복 제조,2024,국방부 국군재정관리단,물품(내자),피복·개인용품,False,2.0,False,낙찰자선정,등록공고,,Y
20240813,24-F-주기장경계시스템 기반체계 교체(리스자산),2024,국방부 국군재정관리단,물품(내자),정보통신,False,2.0,False,개찰완료,등록공고,,Y
20240819,(246043-B1) 스펙트럼 측정/분석 장비 구매(개조)사업,2024,국방부 국군재정관리단,물품(내자),실험·측정기기,True,0.0,True,유찰,등록공고,,Y
20240828,24-F-AI 기반 ACMI 수집분석체계 구축(리스자산),2024,국방부 국군재정관리단,물품(내자),정보통신,False,3.0,False,개찰완료,등록공고,,Y
20240903,(246321-F) 생도 활동복 제조,2024,육군3사관학교,물품(내자),피복·개인용품,False,2.0,False,개찰완료,등록공고,,Y
20240904,"(246275-C) 특정지역 감시조 피복, 등산복류 구매",2024,국방부 국군재정관리단,물품(내자),피복·개인용품,True,0.0,True,유찰,등록공고,,Y
20240906,(246043-B1) 스펙트럼 측정/분석 장비 구매(개조)사업,2024,국방부 국군재정관리단,물품(내자),실험·측정기기,True,0.0,True,유찰,재공고,,Y
20240909,24-F-사이버보안 관제체계 교체/구축(리스자산),2024,국방부 국군재정관리단,물품(내자),정보통신,False,6.0,False,개찰완료,등록공고,,Y
20240910,24-N-학술용 인터넷망 정보보호체계 구축,2024,국방부 국군재정관리단,물품(내자),정보통신,False,2.0,False,개찰완료,등록공고,,Y
20240910,(247232-F) 전술복 등 6종 제조,2024,국군제9965부대,물품(내자),피복·개인용품,True,0.0,True,유찰,재공고,,Y
20240912,((24F060-G) 과학화출입통제체계 구축(리스자산),2024,국방부 국군재정관리단,물품(내자),국방·치안·보안,False,2.0,False,낙찰자선정,등록공고,,Y
20240913,24-N-데스크톱 도입(리스자산),2024,국방부 국군재정관리단,물품(내자),정보통신,False,2.0,False,개찰완료,등록공고,,Y
20240913,24-D-워게임체계 임차(리스자산),2024,국방부 국군재정관리단,물품(내자),정보통신,False,2.0,False,개찰완료,등록공고,,Y
20240925,(246358-F)155밀리 추진장약 팔레트 제조,2024,육군탄약지원사령부,물품(내자),운반·포장,False,4.0,False,개찰완료,등록공고,,Y
20240925,(246357-D) 155밀리 탄두 팔레트 6종 제조,2024,국방부 국군재정관리단,물품(내자),운반·포장,False,3.0,False,개찰완료,등록공고,,Y
20240930,[국방홍보원 신축사업] 관급자재 냉난방기실외기 구매,2024,국방부 국방홍보원,물품(내자),배관·공조,False,684.0,False,낙찰자선정,등록공고,N,N
20241008,(247284-E) 간부식당 식자재 구매,2024,국방부 국군재정관리단,물품(내자),식품,True,0.0,True,유찰,등록공고,,Y
20241010,24년 선행학습지원 기반체계 교체사업,2024,육군학생군사학교,물품(내자),사무기기,True,0.0,True,유찰,등록공고,,Y
20241023,(247284-E) 간부식당 식자재 구매,2024,국방부 국군재정관리단,물품(내자),식품,True,0.0,True,유찰,재공고,,Y
20241025,(247065-H)지휘통제시설 고도화,2024,국방부 국군재정관리단,물품(내자),채광·건설기계,False,2.0,False,낙찰자선정,등록공고,,Y
20241025,24년 선행학습지원 기반체계 교체사업,2024,육군학생군사학교,물품(내자),사무기기,False,4.0,False,낙찰자선정,변경공고,,Y
20241028,24-N-00대학 스마트강의실/세미나실 구축 사업,2024,국방부 국군재정관리단,물품(내자),정보통신,False,2.0,False,개찰완료,등록공고,,N
20241031,(246302-C) 피아식별 IR 제조,2024,국방부 국군재정관리단,물품(내자),정보통신,False,2.0,False,낙찰자선정,등록공고,,Y
20241105,24~25-M-자동소음측정망 구축,2024,국방부 국군재정관리단,물품(내자),정보통신,False,3.0,False,낙찰자선정,등록공고,,Y
20241105,24~25-F-항공교통관제 모의훈련 장비 제조,2024,국방부 국군재정관리단,물품(내자),정보통신,False,3.0,False,개찰완료,등록공고,,Y
20241113,24~25-F-다기능 GPS 항재밍 기능점검 장비 교체,2024,국방부 국군재정관리단,물품(내자),정보통신,True,0.0,True,유찰,등록공고,,Y
20241114,24-F-자동소음측정망 확대 설치,2024,국방부 국군재정관리단,물품(내자),실험·측정기기,False,2.0,False,개찰완료,변경공고,,Y
20241115,LAN 장비교체사업(리스물건),2024,국군제1068부대,물품(내자),정보통신,False,5.0,False,낙찰자선정,등록공고,,Y
20241119,24-N-00부대 상용위성통신 지상서버 구축,2024,국방부 국군재정관리단,물품(내자),정보통신,False,2.0,False,개찰완료,등록공고,,Y
20241125,(246212-C) 복합레일 K-1A용 제조,2024,국방부 국군재정관리단,물품(내자),국방·치안·보안,False,3.0,False,낙찰자선정,등록공고,,Y
20241128,24-F-기지경계용 무인항공기 제조,2024,국방부 국군재정관리단,물품(내자),차량·수송장비,False,4.0,False,낙찰자선정,등록공고,,Y
20241129,(246360-C) 과학화 예비군훈련 관리체계 사업,2024,국방부 국군재정관리단,물품(내자),엔지니어링·연구,False,7.0,False,개찰완료,등록공고,,Y
20240308,24년 비데 임차용역,2024,수도군단,일반용역,산업생산서비스,False,5.0,False,낙찰자선정,등록공고,N,Y
20240402,32대 비데 임차,2024,제1보병사단,일반용역,산업생산서비스,False,3.0,False,낙찰자선정,등록공고,N,Y
20240501,임차용 비데 계약,2024,102기갑여단,일반용역,산업생산서비스,True,0.0,True,유찰,등록공고,N,N
20240530,24년 임차용 비데 신규계약(87대),2024,제9보병사단사령부,일반용역,산업생산서비스,False,2.0,False,낙찰자선정,등록공고,N,Y
20240802,24년 임차용 비데 신규 카탈로그 계약,2024,육군 제15보병사단,일반용역,산업생산서비스,False,3.0,False,낙찰자선정,등록공고,N,Y
20241031,예비군부대 업무용차량 렌탈,2024,제39보병사단,일반용역,운송·물류,False,3.0,False,낙찰자선정,등록공고,N,Y
20241111,예비군부대 업무용차량 렌탈,2024,제39보병사단,일반용역,운송·물류,True,3.0,False,유찰,등록공고,N,Y
20241114,예비군부대 업무용차량 렌탈(재),2024,제39보병사단,일반용역,운송·물류,False,3.0,False,낙찰자선정,등록공고,N,Y
20240108,군 주거시설 위탁관리용역,2024,국방부 육군 제3139부대,일반용역,,False,3.0,False,낙찰자선정,변경공고,,N
20240116,24F003-A 14회 대한민국 호국미술대전 전시대행용역,2024,국방부 국군재정관리단,일반용역,,False,2.0,False,개찰완료,등록공고,,Y
20240118,(24F005-A) 영상콘텐츠 제작용역(웹시트콤),2024,국방부 국군재정관리단,일반용역,,False,8.0,False,개찰완료,등록공고,,Y
20240119,(24F004-I)24년 영상콘텐츠 제작용역(ROKA 대백과사전),2024,국방부 육군본부,일반용역,,False,13.0,False,개찰완료,등록공고,,N
20240124,(24F001-G) 24년 인공지능 면접평가서비스 제공용역,2024,국방부 국군재정관리단,일반용역,,True,0.0,True,유찰,등록공고,,Y
20240125,[24-육-7] 정신전력 영상(군인정신) 제작,2024,육군본부 기획관리참모부,일반용역,,False,7.0,False,낙찰자선정,등록공고,,Y
20240126,24년 학군장교 임관식 행사 용역,2024,육군학생군사학교,일반용역,,True,2.0,False,유찰,등록공고,,Y
20240131,(24G010-I) 24년 정신전력교육 영상교재 제작 용역,2024,국방부 국군재정관리단,일반용역,,False,9.0,False,개찰완료,등록공고,,Y
20240202,(24F012-I) 2024년 제10회 육군력 포럼 용역,2024,국방부 국군재정관리단,일반용역,,True,0.0,True,유찰,등록공고,,Y
20240226,24~26-N-컴퓨터체계 통합유지보수,2024,국방부 국군재정관리단,일반용역,,False,5.0,False,개찰완료,변경공고,,N
20240206,(24F024-A) 정신전력교육 영상교재 제작용역,2024,육군본부 정훈공보실,일반용역,,False,6.0,False,개찰완료,등록공고,,Y
20240206,(24F034-I) 24년 육군지 편집디자인 용역,2024,국방부 국군재정관리단,일반용역,,False,5.0,False,개찰완료,등록공고,,Y
20240207,(24G026-B)24년 한국 안보·역사·문화 탐방 대행용역,2024,국방부 한미연합군사령부,일반용역,,True,0.0,True,유찰,등록공고,,Y
20240208,24-N-교과목형 CBT콘텐츠 개발,2024,국방부 국군재정관리단,일반용역,,False,4.0,False,개찰완료,등록공고,,Y
20240213,24-M-서북서측도서 문화예술공연 대행 용역,2024,국방부 국군재정관리단,일반용역,,False,6.0,False,개찰완료,등록공고,,N
20240215,(24F036-A) GOP 해강안 소초 찾아가는 문화공연 용역,2024,국방부 국군재정관리단,일반용역,,False,6.0,False,개찰완료,등록공고,,N
20240227,장병 보안교육용 콘텐츠 제작용역,2024,국군제1068부대,일반용역,,False,5.0,False,낙찰자선정,변경공고,,N
20240220,(24G039-A) 호국전몰용사 공훈록 작성용역,2024,국방부 국군재정관리단,일반용역,,True,0.0,True,유찰,등록공고,,Y
20240220,군 정보수사기관의 대인지전 수행방안 연구용역,2024,국군제1068부대,일반용역,,True,0.0,True,유찰,등록공고,,N
20240220,24-N-소해함 음탐기 모의장비형 CBT 성능개선,2024,국방부 국군재정관리단,일반용역,,False,3.0,False,개찰완료,등록공고,,Y
20240221,24-N-문화공연 대행 용역,2024,국방부 국군재정관리단,일반용역,,False,2.0,False,개찰완료,등록공고,,Y
20240222,24-M-PALS SEOUL 2024 대행용역,2024,국방부 국군재정관리단,일반용역,,False,2.0,False,개찰완료,등록공고,,Y
20240223,(24F043-B) 24년 육군 모범간부 제주도 견학 용역,2024,육군 인사사령부,일반용역,,True,0.0,True,유찰,등록공고,,Y
20240327,24년 성층권비행체 개발동향 및 해상운용 개념연구,2024,해군본부,일반용역,,False,3.0,False,낙찰자선정,변경공고,,Y
20240223,24년 6.25전쟁 이후 주요 해전 증언록Ⅱ 연구용역,2024,해군본부,일반용역,,True,0.0,True,유찰,등록공고,,Y
20240223,24년 장지수 제독 평전 연구용역,2024,해군본부,일반용역,,True,0.0,True,유찰,등록공고,,N
20240228,24년 GOP과학화 경계시스템 외주정비 용역(동부),2024,국방부 국군조직 육군 군지사 제1군수지원사령부,일반용역,,False,4.0,False,낙찰자선정,등록공고,,Y
20240228,24년 GOP과학화 경계시스템 외주정비 용역(중서부),2024,국방부 국군조직 육군 군지사 제1군수지원사령부,일반용역,,False,5.0,False,낙찰자선정,등록공고,,Y
20240228,24-F-공군 창군 75주년 기념 정기음악회 대행용역,2024,국방부 국군재정관리단,일반용역,,False,2.0,False,개찰완료,등록공고,,Y
20240229,24-N- 0함대 해상근무자 정신전력 집체교육 용역,2024,국방부 국군재정관리단,일반용역,,False,3.0,False,개찰완료,등록공고,,Y
20240229,24년 함정 설계·건조시 최신 국제해양협약 적용 가능성 방안 연구용역,2024,해군본부,일반용역,,True,0.0,True,유찰,등록공고,,N
20240229,24년 무인함정 설계/건조 활용을 위한 시뮬레이션 기반 성능확인 기법 연구용역,2024,해군본부,일반용역,,False,2.0,False,낙찰자선정,등록공고,,Y
20240229,24년 승조원 운용 편의성 및 전투력 향상을 위한 거주 및 근무설비 개선방안 연구용역,2024,해군본부,일반용역,,True,0.0,True,유찰,등록공고,,N
20240229,24년 해양환경 위협을 고려한 함정장비 구축방안 연구용역,2024,해군본부,일반용역,,True,0.0,True,유찰,등록공고,,Y
20240229,24년 함내 유·무선 통합통신 네트워크 최적화 설계방안 연구용역,2024,해군본부,일반용역,,True,2.0,False,유찰,등록공고,,Y
20240229,24년 상선 인력운용 개념 및 최신기술 분석을 통한 함 유형별 병력 절감형 설계 구체화 방안,2024,해군본부,일반용역,,True,2.0,False,유찰,등록공고,,Y
20240229,24년 함정 갑판 설치장비 내충격 성능검증을 위한 한국형 검증기반 구축 개념 연구용역,2024,해군본부,일반용역,,True,0.0,True,유찰,등록공고,,Y
20240229,24년 무인체계의 효율적 운용을 위한 통제콘솔 및 운용자 인터페이스 개념 연구용역,2024,해군본부,일반용역,,True,0.0,True,유찰,등록공고,,Y
20240304,24-N-소자장치 모의장비형 CBT 개발,2024,국방부 국군재정관리단,일반용역,,False,4.0,False,개찰완료,등록공고,,Y
20240306,(24F005-G) 메타버스 기반 육군 모집홍보센터 플랫폼 유지관리/고도화사업,2024,국방부 국군재정관리단,일반용역,,False,4.0,False,낙찰자선정,등록공고,,Y
20240326,24-1차 개념설계 기술지원 연구용역,2024,해군본부,일반용역,,True,0.0,True,유찰,변경공고,,Y
20240307,24-N-차세대 첨단함정 건조가능성 검토 연구용역,2024,국방부 국군재정관리단,일반용역,,False,2.0,False,개찰완료,등록공고,,N
20240327,24-2차 개념설계 기술지원 연구용역,2024,해군본부,일반용역,,True,0.0,True,유찰,변경공고,,Y
20240327,24-3차 개념설계 기술지원 연구용역,2024,해군본부,일반용역,,False,2.0,False,낙찰자선정,변경공고,,Y
20240327,24-4차 개념설계 기술지원 연구용역,2024,해군본부,일반용역,,False,2.0,False,낙찰자선정,변경공고,,Y
20240308,24-N-연안 해저작전환경조사 용역,2024,국방부 국군재정관리단,일반용역,,False,9.0,False,개찰완료,등록공고,,Y
20240311,24-F-우주기상 영향연구 용역,2024,국방부 국군재정관리단,일반용역,,True,0.0,True,유찰,등록공고,,Y
20240312,24-F-Space Challenge 2024 행사 용역,2024,국방부 국군재정관리단,일반용역,,False,3.0,False,개찰완료,등록공고,,Y
20240312,24-F-공군수치예보 고도화와 운용성 향상연구,2024,국방부 국군재정관리단,일반용역,,True,0.0,True,유찰,등록공고,,Y
20240312,(24F063-I) 홍보전략컨설팅 및 종합홍보 용역,2024,국방부 육군본부,일반용역,,False,2.0,False,개찰완료,등록공고,,Y
20240313,24년 학군사관후보생 정신전력 교육용역,2024,육군학생군사학교,일반용역,,False,1.0,False,낙찰자선정,변경공고,,N
20240315,K-RMF 보안통제항목 고도화 연구용역,2024,국군제1068부대,일반용역,,False,3.0,False,낙찰자선정,등록공고,,N
20240315,24-N-00부대 브리핑/화상회의체계 교체(리스물건),2024,국방부 국군재정관리단,일반용역,,False,2.0,False,개찰완료,등록공고,,N
20240319,(24G056-I) 24년 00지역 지형정보 제작사업,2024,국방부 국군재정관리단,일반용역,,True,0.0,True,유찰,등록공고,,Y
20240319,24-F-전투부대 순회 집중정신전력교육 용역,2024,국방부 국군재정관리단,일반용역,,False,3.0,False,개찰완료,등록공고,,Y
20240319,24-N-함정 군 요구사항 최적화 기술 연구 용역,2024,국방부 국군재정관리단,일반용역,,True,0.0,True,유찰,등록공고,,Y
20240319,24-F-중장기 예측모델 개선 방안 연구용역,2024,국방부 국군재정관리단,일반용역,,True,0.0,True,유찰,등록공고,,Y
20240327,24년 해군 장병 정신전력 교육용 영상교재 제작용역,2024,해군본부,일반용역,,False,7.0,False,낙찰자선정,변경공고,,Y
20240327,24년 해군 미디어전 수행역량 강화를 위한 발전방안 연구용역,2024,해군본부,일반용역,,False,2.0,False,낙찰자선정,변경공고,,Y
20240327,24년 유·무인 복합 대함작전 연구용역,2024,해군본부,일반용역,,True,0.0,True,유찰,변경공고,,Y
20240327,24년 해외 협력항만 구축 추진방안 연구용역,2024,해군본부,일반용역,,True,0.0,True,유찰,변경공고,,Y
20240327,24년 무인전력 생존성 개념 정립을 위한 군요구조건 최적화 연구용역,2024,해군본부,일반용역,,True,2.0,False,유찰,변경공고,,Y
20240320,(24F070-A) 기획공연 제작 및 공연 용역,2024,국방부 국군재정관리단,일반용역,,False,7.0,False,개찰완료,등록공고,,Y
20240321,24-N-0사령부 해상근무자 정신전력 집체 교육 용역,2024,국방부 국군재정관리단,일반용역,,False,3.0,False,개찰완료,등록공고,,Y
20240327,24년 탄약 작업 개선을 통한 물류혁신 연구용역,2024,해군본부,일반용역,,False,3.0,False,개찰완료,변경공고,,Y
20240327,24년 합동성 강화 차원에서 해상기반 강습작전 발전방향 연구용역,2024,해군본부,일반용역,,True,0.0,True,유찰,변경공고,,Y
20240327,24년 해군 장병 전투근무여건 개선을 위한 피복류 발전 방향 연구용역,2024,해군본부,일반용역,,True,0.0,True,유찰,변경공고,,Y
20240327,24년 다영역 통합 해양작전 수행을 위한 해군 위성통신 소요 산출용역,2024,해군본부,일반용역,,True,0.0,True,유찰,변경공고,,Y
20240327,24년 비룡 창정비 수행방안 비용대효과 분석용역,2024,해군본부,일반용역,,False,2.0,False,개찰완료,변경공고,,Y
20240322,24~25-N-국방망 및 인터넷 정보체계 재개발,2024,국방부 국군재정관리단,일반용역,,False,4.0,False,개찰완료,등록공고,,N
20240322,24~25-N-국방망 및 인터넷 정보체계 재개발 감리,2024,국방부 국군재정관리단,일반용역,,False,3.0,False,개찰완료,등록공고,,N
20240325,24-M-교과목형 CBT 개발,2024,국방부 국군재정관리단,일반용역,,False,3.0,False,개찰완료,등록공고,,N
20240326,(24F088-A) 박물관 리모델링 타당성 조사용역,2024,국방부 국군재정관리단,일반용역,,False,3.0,False,개찰완료,등록공고,,N
20240326,24-N-창끝부대 안보콘서트 대행 용역,2024,국방부 국군재정관리단,일반용역,,False,2.0,False,개찰완료,등록공고,,Y
20240327,군 주거시설 개선사업 선행연구 용역,2024,국방부 육군 제3139부대,일반용역,,False,3.0,False,낙찰자선정,등록공고,,Y
20240328,24년 함정 설계·건조시 최신 국제해양협약 적용 가능성 방안 연구용역,2024,해군본부,일반용역,,True,0.0,True,유찰,재공고,,N
20240328,24년 승조원 운용 편의성 및 전투력 향상을 위한 거주 및 근무설비 개선방안 연구용역,2024,해군본부,일반용역,,False,3.0,False,개찰완료,재공고,,N
20240328,24년 해양환경 위협을 고려한 함정장비 구축방안 연구용역,2024,해군본부,일반용역,,True,0.0,True,유찰,재공고,,N
20240328,24년 함내 유·무선 통합통신 네트워크 최적화 설계방안 연구용역,2024,해군본부,일반용역,,False,3.0,False,개찰완료,재공고,,N
20240328,24년 무인체계의 효율적 운용을 위한 통제콘솔 및 운용자 인터페이스 개념 연구용역,2024,해군본부,일반용역,,True,0.0,True,유찰,재공고,,N
20240329,24년 상선 인력운용 개념 및 최신기술 분석을 통한 함 유형별 병력 절감형 설계 구체화 방안,2024,해군본부,일반용역,,True,2.0,False,유찰,변경공고,,N
20240328,24년 동원선박 자원관리 편람 최신화 용역,2024,해군본부,일반용역,,True,0.0,True,유찰,등록공고,,Y
20240328,24-F-인공지능기반 비행단 바람예보법 활용방안 연구,2024,국방부 국군재정관리단,일반용역,,True,0.0,True,유찰,등록공고,,Y
20240329,24-N-해양수치모델 구축 및 운용지원 용역,2024,국방부 국군재정관리단,일반용역,,True,0.0,True,유찰,등록공고,,Y
20240402,(24G107-A) 장병정신건강 실태조사 용역,2024,국방부 국군재정관리단,일반용역,,True,0.0,True,유찰,등록공고,,Y
20240401,24-N-해군 영상 콘텐츠 기획 제작 용역,2024,국방부 국군재정관리단,일반용역,,False,3.0,False,개찰완료,등록공고,,Y
20240405,(24F015-G) 24년 육군 사이버 공방훈련장 구축 ISP사업,2024,국방부 국군재정관리단,일반용역,,False,2.0,False,낙찰자선정,등록공고,,Y
20240404,(24G105-A) 정신전력 만화교재 제작용역,2024,국방부 국군재정관리단,일반용역,,False,7.0,False,개찰완료,등록공고,,Y
20240404,(24F079-I) 문화예술단체 대대급 부대 순회공연 제작,2024,국방부 국군재정관리단,일반용역,,False,6.0,False,개찰완료,등록공고,,Y
20240409,[24-육-77] 전쟁법교육 영상교재 제작,2024,육군본부 기획관리참모부,일반용역,,False,3.0,False,개찰완료,변경공고,,Y
20240409,(24G103-A) 직무역량강화 연수교육 용역,2024,국방부 국군재정관리단,일반용역,,False,3.0,False,개찰완료,등록공고,,N
20240409,24-N-제21회 함상토론회 행사 대행 용역,2024,국방부 국군재정관리단,일반용역,,False,3.0,False,개찰완료,등록공고,,Y
20240409,24-N-해군 소개 영상 제작 용역,2024,국방부 국군재정관리단,일반용역,,False,7.0,False,개찰완료,등록공고,,Y
20240409,24-N-복합소해장비 부하시험 출력 장비 개발 용역,2024,국방부 국군재정관리단,일반용역,,True,0.0,True,유찰,등록공고,,Y
20240411,24년 무인전력 생존성 개념 정립을 위한 군요구조건 최적화 연구용역,2024,해군본부,일반용역,,True,0.0,True,유찰,재공고,,N
20240411,24년 유·무인 복합 대함작전 연구용역,2024,해군본부,일반용역,,True,0.0,True,유찰,재공고,,N
20240415,(24G118-A)  범국민 안보의식조사 연구용역,2024,국방부 국군재정관리단,일반용역,,False,5.0,False,개찰완료,등록공고,,N
20240415,24-F-로봇군견 도입을 통한 기지방어 전력 보강,2024,국방부 국군재정관리단,일반용역,,True,0.0,True,유찰,등록공고,,Y
20240416,24-F-초소형위성체계의 후속체계 구축방안 연구 용역,2024,국방부 국군재정관리단,일반용역,,True,0.0,True,유찰,등록공고,,Y
20240417,24년 다영역 통합 해양작전 수행을 위한 해군 위성통신 소요 산출용역,2024,해군본부,일반용역,,True,2.0,False,유찰,재공고,,N
20240419,(24F019-G) 24년 지능형 규정검색서비스 SW기능개선용역,2024,국방부 국군재정관리단,일반용역,,True,0.0,True,유찰,등록공고,,Y
20240419,(24F018-G) 24년 행정업무지원체계 유지보수사업,2024,국방부 국군재정관리단,일반용역,,True,0.0,True,유찰,등록공고,,Y
20240422,국방 AI 보안성검증기술 확보 및 보안제도 시행방안 연구용역,2024,국군제1068부대,일반용역,,True,0.0,True,유찰,등록공고,,N
20240531,(24G012-H)군인연금정보체계고도화구축 PMO 사업,2024,국방부 국군재정관리단,일반용역,,False,2.0,False,낙찰자선정,변경공고,,N
20240423,24-N-부품단종정보 획득 용역,2024,국방부 국군재정관리단,일반용역,,True,0.0,True,유찰,등록공고,,Y
20240426,24년 무인전력 생존성 개념 정립을 위한 군요구조건 최적화 연구용역,2024,해군본부,일반용역,,False,2.0,False,낙찰자선정,재공고,,N
20240429,(24G107-A) 장병정신건강 실태조사 용역,2024,국방부 국군재정관리단,일반용역,,False,2.0,False,개찰완료,재공고,,Y
20240429,24- N-보조정 항해등 및 신호등 제어반 대체품 개발,2024,국방부 국군재정관리단,일반용역,,True,2.0,False,유찰,등록공고,,Y
20240521,(24F124-A) 생도 해외 전사적지 탐방 용역,2024,국방부 국군재정관리단,일반용역,,True,2.0,False,유찰,변경공고,,Y
20240501,(24F020-G)24년 과학화전투훈련체계 고도화(교체)사업,2024,국방부 국군재정관리단,일반용역,,True,0.0,True,유찰,등록공고,,Y
20240502,24-N-복합소해장비 부하시험 출력 장비 개발 용역,2024,국방부 국군재정관리단,일반용역,,True,2.0,False,유찰,재공고,,N
20240507,(24F025-G) 24년 육군 응용체계 통합사업,2024,국방부 국군재정관리단,일반용역,,False,2.0,False,낙찰자선정,등록공고,,Y
20240503,24~25-D-국방수송정보체계 유지보수,2024,국방부 국군재정관리단,일반용역,,True,0.0,True,유찰,등록공고,,Y
20240503,24-N-고망간강의 함정 선체 적용방안 구축,2024,국방부 국군재정관리단,일반용역,,True,2.0,False,유찰,등록공고,,Y
20240503,(24F073-I) 24년 NCS 직무표준화 민간전문가 교육,2024,육군 인사사령부,일반용역,,True,0.0,True,유찰,등록공고,,Y
20240503,24-F-M&S분야 발전방향 연구 용역,2024,국방부 국군재정관리단,일반용역,,False,5.0,False,개찰완료,등록공고,,Y
20240507,24년 교육정보종합시스템 SW 유지보수 용역,2024,육군학생군사학교,일반용역,,False,1.0,False,낙찰자선정,등록공고,,Y
20240508,24-F-소형급 무인항공기 통제체계 구축 ISP 수립,2024,국방부 국군재정관리단,일반용역,,True,0.0,True,유찰,등록공고,,Y
20240508,국방 사이버보안 경진대회 용역,2024,국군제1068부대,일반용역,,True,0.0,True,유찰,등록공고,,N
20240510,(24G127-I) 개념설계 및 선행연구 용역,2024,국방부 국군재정관리단,일반용역,,True,0.0,True,유찰,등록공고,,Y
20240513,(24F019-G) 24년 지능형 규정검색서비스 SW기능개선용역,2024,국방부 국군재정관리단,일반용역,,True,0.0,True,유찰,재공고,,Y
20240513,24-N-다출처 융합 해양데이터 공유 플랫폼 구축 연구,2024,국방부 국군재정관리단,일반용역,,False,2.0,False,개찰완료,등록공고,,Y
20240514,국방 AI 보안성검증기술 확보 및 보안제도 시행방안 연구용역,2024,국군제1068부대,일반용역,,False,3.0,False,낙찰자선정,재공고,,N
20240514,(24G020-H)특수정보 비밀취급인가시스템 구축,2024,국방부 국군재정관리단,일반용역,,False,4.0,False,낙찰자선정,등록공고,,Y
20240514,24년 미래 대함전 무인수상정의 디자인 발전방안 및 운용개념도 연구용역,2024,해군본부,일반용역,,True,0.0,True,유찰,등록공고,,Y
20240514,24년 해군 예비역 일자리 창출방안 연구용역,2024,해군본부,일반용역,,False,2.0,False,낙찰자선정,등록공고,,Y
20240514,(24F140-I) 24년 부대 안전진단 민간용역,2024,국방부 국군재정관리단,일반용역,,False,3.0,False,개찰완료,등록공고,,Y
20240514,(24G129-I) 24년 정신전력 지수측정 및 발전방안 연구,2024,국방부 국군재정관리단,일반용역,,True,0.0,True,유찰,등록공고,,Y
20240520,(24 F029-G)지상군 자원소요분석모델 성능개량 감리용역,2024,국방부 국군재정관리단,일반용역,,False,2.0,False,낙찰자선정,등록공고,,Y
20240517,(24G169-A) 군 건강조사용역,2024,국방부 국군재정관리단,일반용역,,False,8.0,False,개찰완료,등록공고,,N
20240520,24-F-로봇군견 도입을 통한 기지방어 전력 보강,2024,국방부 국군재정관리단,일반용역,,True,0.0,True,유찰,재공고,,N
20240520,24~26-N-교육사 CBT 유지보수 용역,2024,국방부 국군재정관리단,일반용역,,False,6.0,False,개찰완료,등록공고,,N
20240523,(24F020-G)24년 과학화전투훈련체계 고도화(교체)사업,2024,국방부 국군재정관리단,일반용역,,True,0.0,True,유찰,재공고,,Y
20240523,국방보안 컨퍼런스 행사용역,2024,국군제1068부대,일반용역,,False,3.0,False,낙찰자선정,등록공고,,N
20240524,24-5차 무인수상정 개념설계 기술지원 연구용역,2024,해군본부,일반용역,,False,2.0,False,낙찰자선정,등록공고,,Y
20240527,24년 다영역 통합 해양작전 수행을 위한 해군 위성통신 소요 산출용역,2024,해군본부,일반용역,,False,2.0,False,낙찰자선정,재공고,,N
20240528,(24G148-A) 사이버 전문인력 능력평가체계 연구용역,2024,국방부 국군재정관리단,일반용역,,True,0.0,True,유찰,등록공고,,Y
20240528,(24G127-I) 개념설계 및 선행연구 용역,2024,국방부 국군재정관리단,일반용역,,True,0.0,True,유찰,재공고,,Y
20240603,24-F-항공교통관제 CBT 유지보수,2024,국방부 국군재정관리단,일반용역,,False,2.0,False,개찰완료,변경공고,,Y
20240529,(24F147-B)53사단 산사태 방지공사 일반폐기물처리,2024,국방부 국군재정관리단,일반용역,,False,8.0,False,개찰완료,등록공고,,Y
20240530,24-N-서울 정기 문화공연 대행 및 영상제작 용역,2024,국방부 국군재정관리단,일반용역,,False,2.0,False,개찰완료,등록공고,,Y
20240531,24~25-N-00학교 클라우드 서비스 사용 사업,2024,국방부 국군재정관리단,일반용역,,True,0.0,True,유찰,등록공고,,Y
20240531,24-F-소형급 무인항공기 통제체계 구축 ISP 수립,2024,국방부 국군재정관리단,일반용역,,False,3.0,False,개찰완료,등록공고,,Y
20240604,"24-M-해병대(장교, 부사관) 영상 제작 용역",2024,국방부 국군재정관리단,일반용역,,False,7.0,False,개찰완료,등록공고,,Y
20240605,(24F153-I) 메타버스 게이미피케이션 활용도 분석,2024,국방부 국군재정관리단,일반용역,,True,0.0,True,유찰,등록공고,,Y
20240610,(24F124-A) 생도 해외 전사적지 탐방 용역,2024,국방부 국군재정관리단,일반용역,,False,2.0,False,개찰완료,재공고,,Y
20240610,(24G178-I) 24년 한미동맹강화 콘서트 대행 용역,2024,국방부 국군재정관리단,일반용역,,True,0.0,True,유찰,등록공고,,Y
20240611,K-RMF 보안통제항목 심각도 및 중요도 개발 연구용역,2024,국군제1068부대,일반용역,,False,2.0,False,낙찰자선정,등록공고,,N
20240611,(24G032-H)2024 사이버전 컨퍼런스(문제출제),2024,국방부 국군재정관리단,일반용역,,False,3.0,False,낙찰자선정,등록공고,,N
20240613,[24-육-127] 제9화 미래 지상군발전 국제심포지엄,2024,육군본부 기획관리참모부,일반용역,,True,0.0,True,유찰,변경공고,,N
20240611,24-D-해군 부두 및 시설 바닥 높이 산정 정립 연구 용역,2024,국방부 국군재정관리단,일반용역,,False,2.0,False,개찰완료,등록공고,,Y
20240611,24-F-부품단종정보 획득 용역,2024,국방부 국군재정관리단,일반용역,,False,3.0,False,개찰완료,등록공고,,Y
20240613,24F211-A 부품단종 정보 획득용역,2024,국방부 국군재정관리단,일반용역,,False,3.0,False,개찰완료,등록공고,,N
20240613,(24G040-H)지능정보기반음원자동화분석체계고도화ISP,2024,국방부 국군재정관리단,일반용역,,True,0.0,True,유찰,등록공고,,Y
20240613,24년 미래 대함전 무인수상정의 디자인 발전방안 및 운용개념도 연구용역,2024,해군본부,일반용역,,False,2.0,False,낙찰자선정,재공고,,Y
20240613,(24F035-B)전술정보 데이터 품질관리체계 구축 ISP,2024,국방부 국군재정관리단,일반용역,,False,3.0,False,개찰완료,등록공고,,Y
20240619,(24F202-I) 육군 안전교육 VR 콘텐츠 제작,2024,국방부 국군재정관리단,일반용역,,False,2.0,False,개찰완료,등록공고,,Y
20240620,(24G208-A) 외국군 졸업생홈커밍 행사용역,2024,국방부 국군재정관리단,일반용역,,True,0.0,True,유찰,등록공고,,Y
20240621,(24G129-I) 24년 정신전력 지수측정 및 발전방안 연구,2024,국방부 국군재정관리단,일반용역,,True,0.0,True,유찰,재공고,,Y
20240621,24-D-지하형 탄약고 설계지침 정립 연구용역,2024,국방부 국군재정관리단,일반용역,,True,0.0,True,유찰,등록공고,,Y
20240621,[24-육-136] PKO파병부대 교육훈련 체계 연구,2024,육군본부 기획관리참모부,일반용역,,True,0.0,True,유찰,등록공고,,N
20240624,(24F212-I) 인사업무 대형언어모델 적용 방안 연구,2024,국방부 국군재정관리단,일반용역,,False,2.0,False,개찰완료,등록공고,,Y
20240627,24-D-취사식당 환기설비 관련 등 2건 시설기준 제개정 연구 용역,2024,국방부 국군재정관리단,일반용역,,False,2.0,False,개찰완료,등록공고,,Y
20240627,24-F-공군 우수근무자 격려행사 용역,2024,국방부 국군재정관리단,일반용역,,False,2.0,False,개찰완료,등록공고,,Y
20240627,방첩교육 동영상 제작용역,2024,국군제1068부대,일반용역,,False,5.0,False,낙찰자선정,등록공고,,N
20240628,(24G036-H)사이버인력 전문화 온라인 교육,2024,국방부 국군재정관리단,일반용역,,True,0.0,True,유찰,등록공고,,Y
20240628,(24F042-B1) 종합정보시스템 고도화(재개발) ISP 사업,2024,국방부 국군재정관리단,일반용역,,False,3.0,False,개찰완료,등록공고,,Y
20240702,(24G207-I) 전장체계 상호운용성 데이터모델 정립연구,2024,국방부 국군재정관리단,일반용역,,False,5.0,False,개찰완료,등록공고,,Y
20240702,국방정보체계 클라우드 네이티브 도입전략 연구,2024,국방부 국방전산정보원,일반용역,,True,0.0,True,유찰,등록공고,,Y
20240703,24-N-해군 문화공연 대행 용역,2024,국방부 국군재정관리단,일반용역,,False,5.0,False,개찰완료,등록공고,,Y
20240703,24-M-제74주년 서울수복 기념행사 대행용역,2024,국방부 국군재정관리단,일반용역,,False,2.0,False,개찰완료,등록공고,,Y
20240704,(24F045-B1) 지능화 감시체계 구축사업 감리용역,2024,국방부 국군재정관리단,일반용역,,True,0.0,True,유찰,등록공고,,Y
20240704,24-N-해군 모병홍보 영상콘텐츠(순항훈련) 기획ㆍ제작 용역,2024,국방부 국군재정관리단,일반용역,,False,9.0,False,개찰완료,등록공고,,Y
20240704,(24G040-H)지능정보기반음원자동화분석체계고도화ISP,2024,국방부 국군재정관리단,일반용역,,True,0.0,True,유찰,재공고,,Y
20240708,(24G227-A) 국제안보학술회의 용역,2024,국방부 국군재정관리단,일반용역,,False,2.0,False,개찰완료,등록공고,,Y
20240708,(24F217-A) 인권교육 영상교재 제작용역,2024,국방부 국군재정관리단,일반용역,,False,3.0,False,개찰완료,등록공고,,Y
20240708,24-F-조직문화 컨설팅 용역,2024,국방부 국군재정관리단,일반용역,,False,3.0,False,개찰완료,등록공고,,Y
20240708,(24G148-A) 사이버 전문인력 능력평가체계 연구용역,2024,국방부 국군재정관리단,일반용역,,False,3.0,False,개찰완료,재공고,,Y
20240708,(24F214-I) 지상군페스티벌 육군홍보관 설치 및 철거,2024,국방부 육군본부,일반용역,,False,2.0,False,개찰완료,등록공고,,Y
20240710,24년 해양 유무인 복합전투체계를 위한 제로트러스트 기반 보안 모델 설계,2024,해군본부,일반용역,,True,0.0,True,유찰,등록공고,,Y
20240712,(24G208-A) 외국군 졸업생홈커밍 행사용역,2024,국방부 국군재정관리단,일반용역,,False,2.0,False,개찰완료,재공고,,Y
20240715,24년 공병작전과 연구용역,2024,국방부 합동참모본부,일반용역,,True,0.0,True,유찰,변경공고,,N
20240715,[24-육-136] PKO파병부대 교육훈련 체계 연구,2024,육군본부 기획관리참모부,일반용역,,True,0.0,True,유찰,재공고,,N
20240717,24F210-A 급식류 구매요구서 연구용역,2024,국방부 국군재정관리단,일반용역,,True,0.0,True,유찰,등록공고,,Y
20240717,(24F040-B1)국방 신호 및 주파수 데이터셋 구축사업 감리용역,2024,국방부 국군재정관리단,일반용역,,False,3.0,False,개찰완료,등록공고,,Y
20240719,"24년 해상환경에서 무인체계(드론,USV) 위협에 대한 분석 및 대응능력 향상 방안",2024,해군본부,일반용역,,True,0.0,True,유찰,등록공고,,Y
20240719,24년 신기술 신체계를 적용한 해군 레이더기지의 미래운용 모델 연구,2024,해군본부,일반용역,,True,0.0,True,유찰,등록공고,,N
20240719,24년 함정 기술발전 추세 및 전장환경 고려 신조함정 탑재 함포 효율적 관리방안,2024,해군본부,일반용역,,True,0.0,True,유찰,등록공고,,Y
20240724,(24G229-A) 복합실내훈련장 선행연구용역,2024,국방부 국군재정관리단,일반용역,,False,2.0,False,개찰완료,등록공고,,Y
20240724,(24G231-A) 사이버전컨퍼런스 행사용역,2024,국방부 국군재정관리단,일반용역,,False,2.0,False,개찰완료,등록공고,,Y
20240726,(24F239-A) 소부대 과학화훈련체계 용역,2024,국방부 국군재정관리단,일반용역,,False,2.0,False,개찰완료,등록공고,,N
20240726,(24F045-B1) 지능화 감시체계 구축사업 감리용역,2024,국방부 국군재정관리단,일반용역,,False,2.0,False,개찰완료,재공고,,Y
20240729,[24-육-182] 육군 온라인 영상 콘텐츠 제작,2024,육군본부 기획관리참모부,일반용역,,False,2.0,False,낙찰자선정,등록공고,,Y
20240729,[24-육-136] PKO파병부대 교육훈련 체계 연구,2024,육군본부 기획관리참모부,일반용역,,True,0.0,True,유찰,재공고,,N
20240729,(24F054-B1)AI기반 해안경계작전체계 학습데이터 구축,2024,국방부 국군재정관리단,일반용역,,False,5.0,False,개찰완료,등록공고,,Y
20240729,(24F041-B1) AI기반 합성데이터 생성기술 실증,2024,국방부 국군재정관리단,일반용역,,False,2.0,False,개찰완료,등록공고,,Y
20240731,24-N-해군 영웅 이인호 소령 기록화 용역,2024,국방부 국군재정관리단,일반용역,,False,4.0,False,개찰완료,등록공고,,Y
20240731,24-F-사천에어쇼 항공우주 공군전시관 전시 용역,2024,국방부 국군재정관리단,일반용역,,False,2.0,False,개찰완료,등록공고,,Y
20240802,24년 공병작전과 연구용역,2024,국방부 합동참모본부,일반용역,,True,0.0,True,유찰,재공고,,N
20240802,(24F228-I) 안전교육 영상 콘텐츠 제작,2024,국방부 육군본부,일반용역,,False,3.0,False,개찰완료,등록공고,,Y
20240802,(24F044-B1) 스마트캠프 구축 사업,2024,국방부 국군재정관리단,일반용역,,True,0.0,True,유찰,등록공고,,N
20240802,24년 미래 상륙군 병력규모 연구,2024,해군본부,일반용역,,True,0.0,True,유찰,등록공고,,Y
20240806,(24G245-A)여군 PKO요원 역량강화 행사용역,2024,국방부 국군재정관리단,일반용역,,True,2.0,False,유찰,등록공고,,Y
20240807,(246050-B1)군 사이버교육장 교체사업(리스자산),2024,국방부 국군재정관리단,일반용역,,False,3.0,False,개찰완료,등록공고,,Y
20240807,24년 해군본부 3층 중앙통로 전시물 구축,2024,해군본부,일반용역,,True,0.0,True,유찰,등록공고,,Y
20240809,24-D-정보통신설비(통신실) 시설기준 개정 등 3건 연구용역,2024,국방부 국군재정관리단,일반용역,,False,2.0,False,개찰완료,등록공고,,Y
20240809,(24F222-I) 시설종합발전계획 연구용역,2024,국방부 국군재정관리단,일반용역,,True,0.0,True,유찰,등록공고,,Y
20240813,24년 00부대 우수근무자 국내연수,2024,국방부 합동참모본부,일반용역,,False,2.0,False,낙찰자선정,등록공고,,N
20240816,전력기획과 연구용역,2024,국방부 합동참모본부,일반용역,,True,0.0,True,유찰,등록공고,,N
20240816,24년 제74주년 인천상륙작전 전승행사 대행 용역,2024,해군본부,일반용역,,False,2.0,False,낙찰자선정,등록공고,,Y
20240816,24년 해군 성희롱 성폭력 예방교육 영상 제작 용역,2024,해군본부,일반용역,,False,7.0,False,낙찰자선정,등록공고,,N
20240821,(24F226-I) 군 주거시설 개선사업 연구용역,2024,국방부 국군재정관리단,일반용역,,True,0.0,True,유찰,등록공고,,Y
20240823,(24F056-B1)AI 기반 군수지원 소요산정 모델개발,2024,국방부 국군재정관리단,일반용역,,False,2.0,False,개찰완료,등록공고,,Y
20240823,24~26-N-해양 객체/표적 이미지 데이터 구축 감리,2024,국방부 국군재정관리단,일반용역,,False,3.0,False,개찰완료,등록공고,,N
20240827,(24F222-I) 시설종합발전계획 연구용역,2024,국방부 국군재정관리단,일반용역,,True,0.0,True,유찰,재공고,,Y
20240830,(24G036-H)사이버인력 전문화 온라인 교육,2024,국방부 국군재정관리단,일반용역,,False,4.0,False,낙찰자선정,등록공고,,Y
20240830,24년 해양 유무인 복합전투체계 확보 방안 및 전력별 적정 소요 연구,2024,해군본부,일반용역,,False,3.0,False,낙찰자선정,등록공고,,Y
20240903,24-F-공군 모집홍보 영상 제작 용역,2024,국방부 국군재정관리단,일반용역,,False,6.0,False,개찰완료,등록공고,,Y
20240903,24년 신기술 신체계를 적용한 해군 레이더기지의 미래운용 모델 연구,2024,해군본부,일반용역,,False,3.0,False,낙찰자선정,재공고,,N
20240904,24년 해군 중견간부 집중정신전력교육,2024,해군본부,일반용역,,True,0.0,True,유찰,등록공고,,N
20240904,24년 00지역 육상시설 종합발전 기본계획용역,2024,해군본부,일반용역,,True,0.0,True,유찰,등록공고,,Y
20240905,24년 해군본부 3층 중앙통로 전시물 구축,2024,해군본부,일반용역,,True,0.0,True,유찰,등록공고,,Y
20240906,"24년 해상환경에서 무인체계(드론,USV) 위협에 대한 분석 및 대응능력 향상 방안",2024,해군본부,일반용역,,True,0.0,True,유찰,재공고,,Y
20240909,(24F249-A) 박물관 특별전 제작설치 용역,2024,국방부 국군재정관리단,일반용역,,True,0.0,True,유찰,등록공고,,N
20241022,(24F058-G) AI기반 경계작전체계 통합관제 기술 실증,2024,국방부 국군재정관리단,일반용역,,False,7.0,False,낙찰자선정,변경공고,,N
20240910,24~26-N-AI/빅데이터 기반 기뢰전 작전지원체계 구축,2024,국방부 국군재정관리단,일반용역,,False,2.0,False,개찰완료,등록공고,,Y
20240911,(24F254-I) 합성훈련환경체계 선행연구 용역,2024,국방부 국군재정관리단,일반용역,,False,4.0,False,개찰완료,등록공고,,Y
20240912,군사우주력 발전 연구용역,2024,국방부 합동참모본부,일반용역,,True,0.0,True,유찰,등록공고,,N
20240912,(24G054-H)AI 모델 암호화 기술 실증,2024,국방부 국군재정관리단,일반용역,,True,2.0,False,유찰,등록공고,,Y
20240913,(24F251-A) 실감형영상콘텐츠제작용역,2024,국방부 국군재정관리단,일반용역,,False,8.0,False,개찰완료,등록공고,,N
20240913,(24F244-I) 육군분석평가 주요정책 연구사업,2024,국방부 국군재정관리단,일반용역,,False,4.0,False,개찰완료,등록공고,,N
20240913,(24F049-B1)부사교 교육정보종합시스템SW 개발,2024,국방부 국군재정관리단,일반용역,,True,0.0,True,유찰,등록공고,,Y
20240925,24~25-F-AI 기반 기상예측 모델 데이터셋 구축,2024,국방부 국군재정관리단,일반용역,,False,5.0,False,개찰완료,등록공고,,Y
20240925,24년 00지역 육상시설 종합발전 기본계획용역,2024,해군본부,일반용역,,True,2.0,False,유찰,재공고,,Y
20240926,(24F061-G) 노코드 기반 AI실습플랫폼 시범운용,2024,국방부 국군재정관리단,일반용역,,False,3.0,False,낙찰자선정,등록공고,,Y
20240930,군사우주력 발전 연구용역,2024,국방부 합동참모본부,일반용역,,True,2.0,False,유찰,재공고,,N
20241002,(24F256-I) 예비군 안보교육 영상교재 제작,2024,국방부 국군재정관리단,일반용역,,False,3.0,False,개찰완료,등록공고,,Y
20241002,(24G062-B1)특수 Virtual 전술훈련체계 구축사업,2024,국방부 국군재정관리단,일반용역,,False,4.0,False,개찰완료,등록공고,,Y
20241007,(24G063-H)특수 Live 전술훈련체계 구축사업,2024,국방부 국군재정관리단,일반용역,,True,0.0,True,유찰,등록공고,,Y
20241008,(24F222-I) 시설종합발전계획 연구용역,2024,국방부 국군재정관리단,일반용역,,False,4.0,False,개찰완료,재공고,,Y
20241010,24년 미래 상륙군 병력규모 연구,2024,해군본부,일반용역,,True,0.0,True,유찰,재공고,,Y
20241014,(24G054-H)AI 모델 암호화 기술 실증,2024,국방부 국군재정관리단,일반용역,,False,3.0,False,낙찰자선정,재공고,,Y
20241014,(24F068-G)AI기반 해안경계작전체계 학습용 데이터 확대구축 감리용역,2024,국방부 국군재정관리단,일반용역,,False,4.0,False,낙찰자선정,등록공고,,Y
20241014,(24F064-G) 국방교육훈련관리체계(DTMS) SW 개발,2024,국방부 국군재정관리단,일반용역,,False,5.0,False,개찰완료,등록공고,,N
20241015,24-F-고급지휘관참모과정 국외 현지학습 용역,2024,국방부 국군재정관리단,일반용역,,False,2.0,False,개찰완료,등록공고,,Y
20241018,(24F272-A) 시설 기획 및 기준발전방향 연구용역,2024,국방부 국군재정관리단,일반용역,,False,2.0,False,개찰완료,등록공고,,Y
20241018,24-F-AI 기반 실시간 음성인식 통/번역 기술 실증,2024,국방부 국군재정관리단,일반용역,,False,3.0,False,개찰완료,등록공고,,N
20241030,24~25-F-AI 기반 지하매설물 관리체계 성능개선,2024,국방부 국군재정관리단,일반용역,,False,2.0,False,개찰완료,변경공고,,Y
20241022,24-F-지능형 스마트비행단 표준플랫폼 확대 구축,2024,국방부 국군재정관리단,일반용역,,False,4.0,False,개찰완료,등록공고,,Y
20241023,25년 전구급 분석모델 지상전평가 용역,2024,국방부 합동참모본부,일반용역,,True,0.0,True,유찰,변경공고,,Y
20241023,25년 분석실험실 운용장비 정비용역,2024,국방부 합동참모본부,일반용역,,True,0.0,True,유찰,등록공고,,Y
20241024,(24G063-H)특수 Live 전술훈련체계 구축사업,2024,국방부 국군재정관리단,일반용역,,True,0.0,True,유찰,재공고,,Y
20241024,24년 해군 LVC 기반 통합전술훈련체계 단계별 구축방안,2024,해군본부,일반용역,,False,2.0,False,낙찰자선정,등록공고,,Y
20241029,(24F070-G)0부대 스마트팩토리 체계구축사업 감리용역,2024,국방부 국군재정관리단,일반용역,,False,3.0,False,개찰완료,등록공고,,Y
20241105,24년 해군호텔 신축 시장성 조사 및 시설소요 검토 용역,2024,해군본부,일반용역,,True,0.0,True,유찰,등록공고,,Y
20241106,24~25-N-AI 기반 레이더 표적식별 기술 실증,2024,국방부 국군재정관리단,일반용역,,False,3.0,False,개찰완료,등록공고,,Y
20241107,24~26-F-AI 기반 우주기상 예측모델 데이터셋 구축,2024,국방부 국군재정관리단,일반용역,,False,3.0,False,개찰완료,등록공고,,Y
20241108,24~26-F-군용비행장 및 군사격장 소음영향도 조사용역,2024,국방부 국군재정관리단,일반용역,,False,3.0,False,개찰완료,등록공고,,Y
20241112,24~26-N-AI 기반 수중음향 표적식별 모델 학습용 데이터 구축,2024,국방부 국군재정관리단,일반용역,,False,8.0,False,개찰완료,등록공고,,Y
20241114,24~25-N-AI 기반 고품질 영상정보 변환기술 실증,2024,국방부 국군재정관리단,일반용역,,False,2.0,False,개찰완료,등록공고,,Y
20241115,24년 해군 성희롱 성폭력 예방교육 영상 제작 용역,2024,해군본부,일반용역,,False,4.0,False,낙찰자선정,등록공고,,Y
20241118,2025년 KFN TV 프로그램 분장 및 코디,2024,국방부 국방홍보원,일반용역,,False,3.0,False,낙찰자선정,등록공고,,N
20241118,2025년 KFN TV 프로그램 세트 설치 및 해체 용역,2024,국방부 국방홍보원,일반용역,,True,0.0,True,유찰,등록공고,,N
20241118,(24F072-G) 전투지휘훈련모델 통합유지보수 용역 사업,2024,국방부 국군재정관리단,일반용역,,True,0.0,True,유찰,등록공고,,Y
20241121,(24F081-G)AI기반해안경계작전체계구축시스템 설계용역,2024,국방부 국군재정관리단,일반용역,,False,3.0,False,개찰완료,등록공고,,Y
20241125,(24F074-G)AI기반 해안경계작전체계 SW고도화서비스모델 시범도입,2024,국방부 국군재정관리단,일반용역,,False,3.0,False,개찰완료,등록공고,,Y
20241128,(24F071-G) 기갑및기계화 중대급 교전훈련장비 연구개발,2024,국방부 국군재정관리단,일반용역,,False,4.0,False,개찰완료,등록공고,,Y
20241129,24년 해군호텔 신축 시장성 조사 및 시설소요 검토 용역,2024,해군본부,일반용역,,False,3.0,False,낙찰자선정,재공고,,Y
20241203,25-M-분석모델 운영 사업,2024,국방부 국군재정관리단,일반용역,,True,0.0,True,유찰,등록공고,,Y
20241203,2025년 KFN TV 조명시설장비 정기 유지관리 용역,2024,국방부 국방홍보원,일반용역,,False,121.0,False,낙찰자선정,등록공고,,N
20241205,(24G068-H)25~26년 부대조달정보체계 유지보수 용역,2024,국방부 국군재정관리단,일반용역,,False,3.0,False,낙찰자선정,등록공고,,Y
20241206,(24G070-H)25~26년 군위성망 국제등록및조정기술 용역,2024,국방부 국군재정관리단,일반용역,,True,0.0,True,유찰,등록공고,,Y
20241231,(24G072-H)군인연금정보체계 고도화 구축사업,2024,국방부 국군재정관리단,일반용역,,False,5.0,False,낙찰자선정,등록공고,N,Y
20240412,1사단 연풍리 간부숙소 등 7건 설계 VE용역,2024,국방시설본부,기술용역,,False,3.0,False,낙찰자선정,등록공고,,
20240419,7사단 간부숙소 신축 등 9건 재해영향평가용역,2024,국방시설본부,기술용역,,False,12.0,False,낙찰자선정,등록공고,,
20240528,GOP과학화경계시스템 경미한 성능개량 감리용역,2024,방위사업청,기술용역,,False,17.0,False,낙찰자선정,등록공고,,
20240530,7사단 간부숙소 신축 등 5건 소규모 환경영향평가용역,2024,국방시설본부,기술용역,,False,10.0,False,낙찰자선정,등록공고,,
20240730,중요시설경계시스템 3차사업 책임감리 용역,2024,방위사업청,기술용역,,False,13.0,False,낙찰자선정,등록공고,,
20241024,간부숙소(5건) 및 생활관(2건) 설계ve용역,2024,국방시설본부,기술용역,,False,6.0,False,낙찰자선정,등록공고,,
20241028,00사단 00-0대대 병영생활관 신축 등 5건 소규모 환경영향평가,2024,국방시설본부,기술용역,,False,9.0,False,낙찰자선정,등록공고,,
20241031,00사단 00-0대대 병영생활관 신축 등 5건 소규모 재해영향평가,2024,국방시설본부,기술용역,,False,20.0,False,낙찰자선정,등록공고,,
20241108,방위사업청 청사 신축공사 감독권한대행 등 건설사업관리용역,2024,방위사업청,기술용역,,False,2.0,False,낙찰자선정,등록공고,,
20240229,2024년(연부) 전투식량 발열-22형(1-12식단) 조달,2024,육군군수사령부,물품(내자),식품,False,1.0,False,낙찰자선정,등록공고,Y,
20240229,2024년(연부) 전투식량 발열-22형(1-12식단) 조달,2024,육군군수사령부,물품(내자),식품,False,1.0,False,낙찰자선정,등록공고,Y,
20240229,2024년(연부) 전투식량 발열-22형(1-12식단) 조달,2024,육군군수사령부,물품(내자),식품,False,1.0,False,낙찰자선정,등록공고,Y,
20240229,2024년(연부) 전투식량 발열-22형(1-12식단) 조달,2024,육군군수사령부,물품(내자),식품,False,1.0,False,낙찰자선정,등록공고,Y,
20240229,2024년(연부) 전투식량 발열-22형(1-12식단) 조달,2024,육군군수사령부,물품(내자),식품,False,1.0,False,낙찰자선정,등록공고,Y,
20240229,2024년(연부) 전투식량 발열-22형(1-12식단) 조달,2024,육군군수사령부,물품(내자),식품,False,1.0,False,낙찰자선정,등록공고,Y,
20240229,2024년(연부) 전투식량 발열-22형(1-12식단) 조달,2024,육군군수사령부,물품(내자),식품,False,1.0,False,낙찰자선정,등록공고,Y,
20240229,2024년(연부) 전투식량 발열-22형(1-12식단) 조달,2024,육군군수사령부,물품(내자),식품,False,1.0,False,낙찰자선정,등록공고,Y,
20240229,2024년(연부) 전투식량 발열-22형(1-12식단) 조달,2024,육군군수사령부,물품(내자),식품,False,1.0,False,낙찰자선정,등록공고,Y,
20240229,2024년(연부) 전투식량 발열-22형(1-12식단) 조달,2024,육군군수사령부,물품(내자),식품,False,1.0,False,낙찰자선정,등록공고,Y,
20240229,2024년(연부) 전투식량 발열-22형(1-12식단) 조달,2024,육군군수사령부,물품(내자),식품,False,1.0,False,낙찰자선정,등록공고,Y,
20240229,2024년(연부) 전투식량 발열-22형(1-12식단) 조달,2024,육군군수사령부,물품(내자),식품,False,1.0,False,낙찰자선정,등록공고,Y,
20240329,육군 화장실용화장지 제조 납품,2024,육군군수사령부,물품(내자),종이류,False,1.0,False,낙찰자선정,등록공고,,
20240405,육군 화장실용화장지 제조 납품,2024,육군군수사령부,물품(내자),종이류,False,1.0,False,낙찰자선정,등록공고,,
20240403,육군 화장실용화장지 제조 납품,2024,육군군수사령부,물품(내자),종이류,False,1.0,False,낙찰자선정,등록공고,N,
20240424,2024년 신증후군출혈열 백신,2024,육군군수사령부,물품(내자),기타(51),False,1.0,False,낙찰자선정,등록공고,,
20240501,24년 급식류-설탕(단가계약),2024,육군군수사령부,물품(내자),식품,False,1.0,False,낙찰자선정,등록공고,Y,
20240517,2024년 고춧가루(조미용) 조달,2024,육군군수사령부,물품(내자),식품,False,1.0,False,낙찰자선정,등록공고,,
20240520,2024년 군 급식 백김치 조달 수의,2024,육군군수사령부,물품(내자),식품,False,1.0,False,낙찰자선정,등록공고,,
20240520,2024년 군 급식 오이소박이 조달 수의,2024,육군군수사령부,물품(내자),식품,False,1.0,False,낙찰자선정,등록공고,,
20240517,2024년 군 급식 파김치 조달 수의,2024,육군군수사령부,물품(내자),식품,False,1.0,False,낙찰자선정,등록공고,,
20240520,2024년 군 급식 갓김치 조달 수의,2024,육군군수사령부,물품(내자),식품,False,1.0,False,낙찰자선정,등록공고,,
20240517,2024년 군 급식 총각김치 조달 수의,2024,육군군수사령부,물품(내자),식품,False,1.0,False,낙찰자선정,등록공고,,
20240517,2024년 군 급식 깍두기 조달 수의,2024,육군군수사령부,물품(내자),식품,False,1.0,False,낙찰자선정,등록공고,,
20240517,2024년 군 급식 열무김치 조달 수의,2024,육군군수사령부,물품(내자),식품,False,1.0,False,낙찰자선정,등록공고,,
20240517,2024년 군 급식 배추김치 조달 수의,2024,육군군수사령부,물품(내자),식품,False,1.0,False,낙찰자선정,등록공고,,
20240517,2024년 군 급식 식육가공품(치킨너겟) 조달 수의,2024,육군군수사령부,물품(내자),식품,False,1.0,False,낙찰자선정,등록공고,,
20240517,2024년 군 급식 식육가공품(햄슬라이스) 조달 수의,2024,육군군수사령부,물품(내자),식품,False,1.0,False,낙찰자선정,등록공고,,
20240611,2024년 전투복 제조 (수의_육군_하계_GNT부산의용촌),2024,육군군수사령부,물품(내자),피복·개인용품,False,1.0,False,낙찰자선정,등록공고,,
20240611,2024년 전투복 제조(수의_육군_하계_전우),2024,육군군수사령부,물품(내자),피복·개인용품,False,1.0,False,낙찰자선정,등록공고,,
20240611,2024년 전투복 제조(수의_육군_하계_평화용사촌복지공장),2024,육군군수사령부,물품(내자),피복·개인용품,False,1.0,False,낙찰자선정,등록공고,,
20240611,2024년 전투복 제조 (수의_육군_하계_동진복지재단),2024,육군군수사령부,물품(내자),피복·개인용품,False,1.0,False,낙찰자선정,등록공고,,
20240611,2024년 전투복 제조 (수의_육군_하계_대한민국고엽제전우회),2024,육군군수사령부,물품(내자),피복·개인용품,False,1.0,False,낙찰자선정,등록공고,,
20240612,2024년도 전투식량(발열-22형) 1식단 조달,2024,육군군수사령부,물품(내자),식품,False,1.0,False,낙찰자선정,등록공고,Y,
20240612,2024년도 전투식량(발열-22형) 2식단 조달,2024,육군군수사령부,물품(내자),식품,False,1.0,False,낙찰자선정,등록공고,Y,
20240612,2024년도 전투식량(발열-22형) 3식단 조달,2024,육군군수사령부,물품(내자),식품,False,1.0,False,낙찰자선정,등록공고,Y,
20240612,2024년도 전투식량(발열-22형) 4식단 조달,2024,육군군수사령부,물품(내자),식품,False,1.0,False,낙찰자선정,등록공고,Y,
20240612,2024년도 전투식량(발열-22형) 5식단 조달,2024,육군군수사령부,물품(내자),식품,False,1.0,False,낙찰자선정,등록공고,Y,
20240612,2024년도 전투식량(발열-22형) 6식단 조달,2024,육군군수사령부,물품(내자),식품,False,1.0,False,낙찰자선정,등록공고,Y,
20240612,2024년도 전투식량(발열-22형) 7식단 조달,2024,육군군수사령부,물품(내자),식품,False,1.0,False,낙찰자선정,등록공고,Y,
20240612,2024년도 전투식량(발열-22형) 8식단 조달,2024,육군군수사령부,물품(내자),식품,False,1.0,False,낙찰자선정,등록공고,Y,
20240612,2024년도 전투식량(발열-22형) 9식단 조달,2024,육군군수사령부,물품(내자),식품,False,1.0,False,낙찰자선정,등록공고,Y,
20240612,2024년도 전투식량(발열-22형) 10식단 조달,2024,육군군수사령부,물품(내자),식품,False,1.0,False,낙찰자선정,등록공고,Y,
20240612,2024년도 전투식량(발열-22형) 11식단 조달,2024,육군군수사령부,물품(내자),식품,True,0.0,True,유찰,등록공고,Y,
20240612,2024년도 전투식량(발열-22형) 12식단 조달,2024,육군군수사령부,물품(내자),식품,False,1.0,False,낙찰자선정,등록공고,Y,
20240614,"2024년 윤활유(LSA, PL-MED) 제조",2024,육군군수사령부,물품(내자),연료·유류,False,1.0,False,낙찰자선정,등록공고,Y,
20240717,2024년 윤활유(기어용) 제조,2024,해병대 군수단,물품(내자),연료·유류,False,1.0,False,낙찰자선정,등록공고,Y,
20240723,24년 군납 혹한기 경유 단가계약(포장),2024,국방부,물품(내자),연료·유류,False,1.0,False,낙찰자선정,등록공고,N,
20240731,"2024년 육군, 공군 기계유(표준오일) 제조",2024,공군군수사령부,물품(내자),연료·유류,False,1.0,False,낙찰자선정,등록공고,Y,
20240806,2024년 전투복 제조(수의_육군_사계_GNT부산의용촌),2024,육군군수사령부,물품(내자),피복·개인용품,False,1.0,False,낙찰자선정,등록공고,,
20240806,2024년 전투복 제조(수의_육군_사계_전우),2024,육군군수사령부,물품(내자),피복·개인용품,False,1.0,False,낙찰자선정,등록공고,,
20240806,2024년 전투복 제조(수의_육군_사계_평화용사촌복지공장),2024,육군군수사령부,물품(내자),피복·개인용품,False,1.0,False,낙찰자선정,등록공고,,
20240806,2024년 전투복 제조(수의_육군_사계_동진복지재단),2024,육군군수사령부,물품(내자),피복·개인용품,False,1.0,False,낙찰자선정,등록공고,,
20240806,2024년 전투복 제조(수의_육군_사계_대한민국고엽제전우회),2024,육군군수사령부,물품(내자),피복·개인용품,False,1.0,False,낙찰자선정,등록공고,,
20240826,2024년 방상외피 제조(수의_GNT부산의용촌),2024,육군군수사령부,물품(내자),피복·개인용품,False,1.0,False,낙찰자선정,등록공고,,
20240826,2024년 방상외피 제조(수의_부산진구장애인협회),2024,육군군수사령부,물품(내자),피복·개인용품,False,1.0,False,낙찰자선정,등록공고,,
20240828,"24년 군납 등유 단가계약(포장, 탱크주입)",2024,국방부,물품(내자),연료·유류,False,1.0,False,낙찰자선정,등록공고,N,
20240909,"24년 육군 사각팬티 제조(수의, 518민주화운동부상자회)",2024,육군군수사령부,물품(내자),피복·개인용품,False,1.0,False,낙찰자선정,등록공고,,
20240910,"24년 육군 동내의 제조(수의, 518민주화운동부상자회)",2024,육군군수사령부,물품(내자),피복·개인용품,False,1.0,False,낙찰자선정,등록공고,,
20240911,"24년 육군 정복 근무복 제조(수의, (주)무궁화용사촌에프앤씨)",2024,육군군수사령부,물품(내자),피복·개인용품,False,1.0,False,낙찰자선정,등록공고,,
20240911,"24년 육군 정복 근무복 제조(수의, (주)무궁화용사촌에프앤씨1)",2024,육군군수사령부,물품(내자),피복·개인용품,False,1.0,False,낙찰자선정,등록공고,,
20240909,24년 군납 AV-GAS 조달,2024,국방부,물품(내자),연료·유류,False,1.0,False,낙찰자선정,등록공고,N,
20240919,2024년 방상내피 제조(수의_강동장애인협회),2024,육군군수사령부,물품(내자),피복·개인용품,False,1.0,False,낙찰자선정,등록공고,,
20240919,2024년 방상내피 제조(수의_518민주화운동부상자회),2024,육군군수사령부,물품(내자),피복·개인용품,False,1.0,False,낙찰자선정,등록공고,,
20240919,2024년 방상내피 제조(수의_한국장애인중심기업협회),2024,육군군수사령부,물품(내자),피복·개인용품,False,1.0,False,낙찰자선정,등록공고,,
20240919,2024년 방상내피 제조(수의_전우),2024,육군군수사령부,물품(내자),피복·개인용품,False,1.0,False,낙찰자선정,등록공고,,
20240923,금속드럼 제조 납품,2024,육군군수사령부,물품(내자),운반·포장,False,1.0,False,낙찰자선정,등록공고,Y,
20240923,24년 군납 혹한기경유(경기 외) 조달,2024,국방부,물품(내자),연료·유류,False,1.0,False,낙찰자선정,등록공고,N,
20240923,24년 군납 혹한기경유(경기) 조달,2024,국방부,물품(내자),연료·유류,False,1.0,False,낙찰자선정,등록공고,N,
20240923,24년 군납 유류 단가계약 (JP-8 차량),2024,국방부,물품(내자),연료·유류,False,1.0,False,낙찰자선정,등록공고,N,
20240924,24년 군납 유류 단가계약 (JP-8드럼),2024,육군군수사령부,물품(내자),연료·유류,False,1.0,False,낙찰자선정,등록공고,N,
20240926,"24년공군동운동복제조(수의,무궁화용사촌(주))",2024,공군군수사령부,물품(내자),피복·개인용품,False,1.0,False,낙찰자선정,등록공고,,
20240926,"24년공군동운동복제조(수의,나눔과자람)",2024,공군군수사령부,물품(내자),피복·개인용품,False,1.0,False,낙찰자선정,등록공고,,
20240926,"24년공군동운동복제조(수의,한움)",2024,공군군수사령부,물품(내자),피복·개인용품,False,1.0,False,낙찰자선정,등록공고,,
20241105,"24년 육군 하운동복 제조(수의, 한움)",2024,육군군수사령부,물품(내자),피복·개인용품,False,1.0,False,낙찰자선정,등록공고,,
20241105,"24년 육군 하운동복 제조(수의, 누리복지회)",2024,육군군수사령부,물품(내자),피복·개인용품,False,1.0,False,낙찰자선정,등록공고,,
20241105,"24년 육군 하운동복 제조(수의, 부산시남구장애인협회)",2024,육군군수사령부,물품(내자),피복·개인용품,False,1.0,False,낙찰자선정,등록공고,,
20241105,"24년 육군 하운동복 제조(수의, 한국장애인녹색재단)",2024,육군군수사령부,물품(내자),피복·개인용품,False,1.0,False,낙찰자선정,등록공고,,
20241105,"24년 육군 하운동복 제조(수의, 한국장애인기업협회)",2024,육군군수사령부,물품(내자),피복·개인용품,False,1.0,False,낙찰자선정,등록공고,,
20241105,"24년 육군 하운동복 제조(수의, 연광복지재단)",2024,육군군수사령부,물품(내자),피복·개인용품,False,1.0,False,낙찰자선정,등록공고,,
20241105,"24년 육군 하운동복 제조(수의, 한국장애인중심기업협회)",2024,육군군수사령부,물품(내자),피복·개인용품,False,1.0,False,낙찰자선정,등록공고,,
20241105,"24년 육군 하운동복 제조(수의, 전우)",2024,육군군수사령부,물품(내자),피복·개인용품,False,1.0,False,낙찰자선정,등록공고,,
20241105,"24년 육군 춘추운동복 제조(수의, 나눔과자람)",2024,육군군수사령부,물품(내자),피복·개인용품,False,1.0,False,낙찰자선정,등록공고,,
20241105,"24년 육군 춘추운동복 제조(수의, 누리복지회)",2024,육군군수사령부,물품(내자),피복·개인용품,False,1.0,False,낙찰자선정,등록공고,,
20241105,"24년 육군 춘추운동복 제조(수의, 부산시남구장애인협회)",2024,육군군수사령부,물품(내자),피복·개인용품,False,1.0,False,낙찰자선정,등록공고,,
20241105,"24년 육군 춘추운동복 제조(수의, 한국장애인녹색재단)",2024,육군군수사령부,물품(내자),피복·개인용품,False,1.0,False,낙찰자선정,등록공고,,
20241105,"24년 육군 춘추운동복 제조(수의, 연광복지재단)",2024,육군군수사령부,물품(내자),피복·개인용품,False,1.0,False,낙찰자선정,등록공고,,
20241105,"24년 육군 춘추운동복 제조(수의, 한국장애인기업협회)",2024,육군군수사령부,물품(내자),피복·개인용품,False,1.0,False,낙찰자선정,등록공고,,
20241105,"24년 육군 동운동복 제조(수의, 부산진구장애인협회)",2024,육군군수사령부,물품(내자),피복·개인용품,False,1.0,False,낙찰자선정,등록공고,,
20241105,"24년 육군 동운동복 제조(수의, 누리복지회)",2024,육군군수사령부,물품(내자),피복·개인용품,False,1.0,False,낙찰자선정,등록공고,,
20241105,"24년 육군 동운동복 제조(수의, 한국장애인녹색재단)",2024,육군군수사령부,물품(내자),피복·개인용품,False,1.0,False,낙찰자선정,등록공고,,
20241105,"24년 육군 동운동복 제조(수의, 부산시남구장애인협회)",2024,육군군수사령부,물품(내자),피복·개인용품,False,1.0,False,낙찰자선정,등록공고,,
20241105,"24년 육군 춘추운동복 제조(수의, 한국장애인중심기업협회)",2024,육군군수사령부,물품(내자),피복·개인용품,False,1.0,False,낙찰자선정,등록공고,,
20241105,"24년 육군 동운동복 제조(수의, 연광복지재단)",2024,육군군수사령부,물품(내자),피복·개인용품,False,1.0,False,낙찰자선정,등록공고,,
20241105,"24년 육군 동운동복 제조(수의, 동진복지재단)",2024,육군군수사령부,물품(내자),피복·개인용품,False,1.0,False,낙찰자선정,등록공고,,
20241105,"24년 육군 동운동복 제조(수의, GNT부산의용촌)",2024,육군군수사령부,물품(내자),피복·개인용품,False,1.0,False,낙찰자선정,등록공고,,
20241105,"24년 육군 춘추운동복 제조(수의, 동진복지재단)",2024,육군군수사령부,물품(내자),피복·개인용품,False,1.0,False,낙찰자선정,등록공고,,
20241105,"24년 육군 춘추운동복 제조(수의, 평화용사촌복지공장)",2024,육군군수사령부,물품(내자),피복·개인용품,False,1.0,False,낙찰자선정,등록공고,,
20241128,2024년 해군 내연기관용 윤활유(MTU 엔진용) 제조 조달,2024,해군군수사령부,물품(내자),연료·유류,False,1.0,False,낙찰자선정,등록공고,Y,Y
20240315,24년 관물함 구매,2024,육군군수사령부,물품(내자),가구,False,1.0,False,낙찰자선정,등록공고,,
20240318,24년 공군 소방펌프차 제조,2024,공군군수사령부,물품(내자),차량·수송장비,False,1.0,False,낙찰자선정,등록공고,Y,
20240318,24년 공군 트럭트랙터 제조,2024,공군군수사령부,물품(내자),차량·수송장비,False,1.0,False,낙찰자선정,등록공고,Y,
20240322,24년 (해군) 윤활유분광분석기 조달,2024,해군군수사령부,물품(내자),실험·측정기기,False,1.0,False,낙찰자선정,등록공고,,
20240401,24년 육군공군해병대 일반전투용 천막 제조,2024,육군군수사령부,물품(내자),스포츠·레저,False,1.0,False,낙찰자선정,등록공고,Y,
20240401,24년 해군 트랙터 제조,2024,해군군수사령부,물품(내자),차량·수송장비,False,1.0,False,낙찰자선정,등록공고,Y,
20240405,24년 해병 폭약성분분석기 5SET 구매(혁신제품),2024,해군군수사령부,물품(내자),국방·치안·보안,False,1.0,False,낙찰자선정,등록공고,,
20240409,24년 공군 전용승용차 3.5 제조,2024,공군군수사령부,물품(내자),차량·수송장비,False,1.0,False,낙찰자선정,등록공고,Y,
20240412,24년 공군 마이크로버스 제조,2024,공군군수사령부,물품(내자),차량·수송장비,False,1.0,False,낙찰자선정,등록공고,Y,
20240416,2024년장티푸스(경구용)백신,2024,육군군수사령부,물품(내자),기타(51),False,1.0,False,낙찰자선정,등록공고,,
20240416,해군 차륜형굴착기(소형) 제조 납품,2024,해군군수사령부,물품(내자),건설장비,False,1.0,False,낙찰자선정,등록공고,Y,
20240416,해병대 차륜형굴착기(소형) 제조 납품,2024,해군군수사령부,물품(내자),건설장비,False,1.0,False,낙찰자선정,등록공고,Y,
20240429,24년 해병대 60톤 저상형 트레일러 구매,2024,해군군수사령부,물품(내자),차량·수송장비,False,1.0,False,낙찰자선정,등록공고,,
20240422,24년 공군 순찰승용차 제조,2024,공군군수사령부,물품(내자),차량·수송장비,False,1.0,False,낙찰자선정,등록공고,Y,
20240424,육군 상업용서빙트레이(보온식관) 제조 납품,2024,육군군수사령부,물품(내자),서비스산업장비,False,1.0,False,낙찰자선정,등록공고,Y,
20240425,24년 해군 소방용 노즐 등 3종 제조 구매,2024,해군군수사령부,물품(내자),국방·치안·보안,False,1.0,False,낙찰자선정,등록공고,Y,
20240501,24년 육군 공군 전투용 조끼,2024,육군군수사령부,물품(내자),피복·개인용품,False,1.0,False,낙찰자선정,등록공고,,
20240430,24-00대대 방수제 구매,2024,해군재경근무지원대대,물품(내자),제조부품,False,1.0,False,낙찰자선정,등록공고,,
20240502,공군 디젤엔진지게차(11000lb) 제조 납품,2024,공군군수사령부,물품(내자),운반·포장,False,1.0,False,낙찰자선정,등록공고,Y,
20240508,회의용탁자(5인용) 구매,2024,육군군수사령부,물품(내자),가구,False,1.0,False,낙찰자선정,등록공고,,
20240509,24-3D 프린터(비금속용)도입사업,2024,국방부 국군조직 드론작전사령부,물품(내자),산업기계,False,1.0,False,낙찰자선정,등록공고,,
20240509,육군 반합 제조 납품,2024,육군군수사령부,물품(내자),스포츠·레저,True,0.0,True,유찰,등록공고,Y,
20240509,공군 디젤엔진지게차(6000lb) 제조 납품,2024,공군군수사령부,물품(내자),운반·포장,False,1.0,False,낙찰자선정,등록공고,Y,
20240509,공군 전동지게차(2톤) 제조 납품,2024,공군군수사령부,물품(내자),운반·포장,False,1.0,False,낙찰자선정,등록공고,Y,
20240509,"2024년 소화용 거품액체(육군, 해군) 조달",2024,육군군수사령부,물품(내자),국방·치안·보안,False,1.0,False,낙찰자선정,등록공고,Y,
20240514,육군 반합 제조 납품,2024,육군군수사령부,물품(내자),스포츠·레저,False,1.0,False,낙찰자선정,등록공고,Y,
20240521,24년 양압식공기호흡기 안면부(일반형) 등 3품목 수의 조달 구매,2024,해군군수사령부,물품(내자),국방·치안·보안,False,1.0,False,낙찰자선정,등록공고,,
20240522,공군 지게차(22000lb) 제조 납품,2024,공군군수사령부,물품(내자),운반·포장,False,1.0,False,낙찰자선정,등록공고,Y,
20240522,공군 디젤엔진지게차(22000lb) 제조 납품,2024,공군군수사령부,물품(내자),운반·포장,False,1.0,False,낙찰자선정,등록공고,Y,
20240529,24-00호텔 방수제 구매,2024,해군재경근무지원대대,물품(내자),제조부품,False,1.0,False,낙찰자선정,등록공고,,
20240603,식탁상판 구매,2024,육군군수사령부,물품(내자),가구,False,1.0,False,낙찰자선정,등록공고,,
20240603,육군 지게차(전동2톤) 제조 납품,2024,육군군수사령부,물품(내자),운반·포장,False,1.0,False,낙찰자선정,등록공고,Y,
20240604,해군 PP로프(24mm) 제조 납품,2024,해군군수사령부,물품(내자),제조부품,False,1.0,False,낙찰자선정,등록공고,Y,
20240613,24년 육군 로프발사기(투색장치) 조달,2024,육군군수사령부,물품(내자),국방·치안·보안,False,1.0,False,낙찰자선정,등록공고,N,Y
20240614,"분석키트,화학작용제용(화학이동실험실셋)",2024,국방부 국군화생방방호사령부,물품(내자),국방·치안·보안,False,1.0,False,낙찰자선정,등록공고,N,Y
20240617,"배양기, 세균학용(생물안전캐비넷) 제조",2024,국방부 국군화생방방호사령부,물품(내자),실험·측정기기,False,1.0,False,낙찰자선정,등록공고,N,Y
20240617,24년 해군 치약 제조,2024,해군군수사령부,물품(내자),피복·개인용품,False,1.0,False,낙찰자선정,등록공고,Y,
20240628,해병대 지게차(5톤) 제조 납품,2024,해군군수사령부,물품(내자),운반·포장,False,1.0,False,낙찰자선정,등록공고,Y,
20240704,17중대 생활관 신축 등 3건 관급자재(제로에너지) 구매 납품,2024,해병대제9196부대,물품(내자),전기·조명,False,1.0,False,낙찰자선정,등록공고,,
20240708,해군 지게차(5톤) 제조 납품,2024,해군군수사령부,물품(내자),운반·포장,False,1.0,False,낙찰자선정,등록공고,Y,
20240709,2024 의무장비(X-선기 수술용 C-arm) 구매,2024,국군수도병원,물품(내자),의료장비,False,1.0,False,낙찰자선정,등록공고,N,
20240710,육군 리치트럭 제조 납품,2024,육군군수사령부,물품(내자),운반·포장,False,1.0,False,낙찰자선정,등록공고,Y,
20240710,육군 오더피커 제조 납품,2024,육군군수사령부,물품(내자),운반·포장,False,1.0,False,낙찰자선정,등록공고,Y,
20240726,24년 육군 차륜형로더 제조(추가),2024,육군군수사령부,물품(내자),건설장비,False,1.0,False,낙찰자선정,등록공고,Y,
20240724,해군 궤도형굴착기(소형) 제조 납품,2024,해군군수사령부,물품(내자),건설장비,False,1.0,False,낙찰자선정,등록공고,Y,
20240806,24년 해병 9.5톤상용트랙터 제조,2024,해군군수사령부,물품(내자),차량·수송장비,False,1.0,False,낙찰자선정,등록공고,Y,
20240809,육군 궤도형굴착기(중형) 제조 납품,2024,육군군수사령부,물품(내자),건설장비,False,1.0,False,낙찰자선정,등록공고,Y,
20240809,육군 차륜형굴착기(중형) 제조 납품,2024,육군군수사령부,물품(내자),건설장비,False,1.0,False,낙찰자선정,등록공고,Y,
20240814,53탄약대대 탄약정비공장 철거 후 신축 자동제어,2024,국방부 국군조직 육군 군단 제3군단,물품(내자),전기·조명,False,1.0,False,낙찰자선정,등록공고,,
20240830,제76주년 국군의날 행사 기념품(기념주화) 제작,2024,국방부,물품(내자),스포츠·레저,False,1.0,False,낙찰자선정,등록공고,N,
20240830,육군 주방기구소독기(취사기구) 제조 납품,2024,육군군수사령부,물품(내자),서비스산업장비,False,1.0,False,낙찰자선정,등록공고,Y,
20240902,2024년 해군 휴대용등(충전식 랜턴) 제조,2024,해군군수사령부,물품(내자),전기·조명,False,1.0,False,낙찰자선정,등록공고,Y,
20240904,육군 반합 제조 납품(생산훈련),2024,육군군수사령부,물품(내자),스포츠·레저,False,1.0,False,낙찰자선정,등록공고,Y,
20240910,24년 해군 윤활유급유차 제조,2024,해군군수사령부,물품(내자),차량·수송장비,False,1.0,False,낙찰자선정,등록공고,Y,
20240913,24년 전투피복체계 품질개선 조달 사업,2024,육군군수사령부,물품(내자),피복·개인용품,False,1.0,False,낙찰자선정,등록공고,,
20240925,해군 지게차(전동 2톤) 제조 납품,2024,해군군수사령부,물품(내자),운반·포장,False,1.0,False,낙찰자선정,등록공고,Y,
20240926,24년 공군 항공무장정비사출동차 제조,2024,공군군수사령부,물품(내자),차량·수송장비,False,1.0,False,낙찰자선정,등록공고,Y,
20241002,24년 해군 해병 폭약성분 분석기 구매,2024,해군군수사령부,물품(내자),국방·치안·보안,True,0.0,True,유찰,등록공고,,
20241008,24년 해군 해병 폭약성분 분석기 구매,2024,해군군수사령부,물품(내자),국방·치안·보안,False,1.0,False,낙찰자선정,재공고,,
20241014,청안동원훈련장 생활관 신축 관급자재(빌딩자동제어장치),2024,육군 제 37보병사단,물품(내자),전기·조명,False,1.0,False,낙찰자선정,등록공고,,
20241014,23-충-육-10A 정통대 취사식당 신축 관급자재(제로에너지시스템),2024,육군 제 37보병사단,물품(내자),전기·조명,False,1.0,False,낙찰자선정,등록공고,,
20241105,"23-북-육-203 군단 사령부 인조잔디 설치(관급, 전광판)",2024,제5군단사령부,물품(내자),출판물,False,1.0,False,낙찰자선정,등록공고,,
20241017,해군 차륜형굴착기(중형) 제조 납품,2024,해군군수사령부,물품(내자),건설장비,False,1.0,False,낙찰자선정,등록공고,Y,
20241017,해군 차륜형굴착기(중형) 제조 납품,2024,해군군수사령부,물품(내자),건설장비,False,1.0,False,낙찰자선정,등록공고,Y,
20241016,공군 차륜형굴착기(소형) 제조 납품,2024,공군군수사령부,물품(내자),건설장비,False,1.0,False,낙찰자선정,등록공고,Y,
20241017,공군 지게차(5톤) 제조 납품,2024,공군군수사령부,물품(내자),운반·포장,False,1.0,False,낙찰자선정,등록공고,Y,
20241028,해군 굴착기 2종 제조 납품,2024,해군군수사령부,물품(내자),건설장비,False,1.0,False,낙찰자선정,등록공고,Y,
20241031,"2024년 공군 업소용세탁기, 세탁물건조기조달",2024,공군군수사령부,물품(내자),청소장비,False,1.0,False,낙찰자선정,등록공고,N,
20241031,"2024년 해군 업소용세탁기, 세탁물건조기 조달",2024,해군군수사령부,물품(내자),청소장비,False,1.0,False,낙찰자선정,등록공고,N,
20241105,"2024년 육군 업소용세탁기, 세탁물건조기 조달(1차)",2024,육군군수사령부,물품(내자),청소장비,False,1.0,False,낙찰자선정,등록공고,N,
20241105,"2024년 육군 업소용세탁기, 세탁물건조기 조달(2차)",2024,육군군수사령부,물품(내자),청소장비,False,1.0,False,낙찰자선정,등록공고,N,
20241107,24년 해군 중형 유압기중기(60톤) 제조,2024,해군군수사령부,물품(내자),운반·포장,False,1.0,False,낙찰자선정,등록공고,Y,
20241108,해군·해병 지게차 3톤 제조 납품,2024,해군군수사령부,물품(내자),운반·포장,False,1.0,False,낙찰자선정,등록공고,Y,
20241114,24년 (해군) 전원공급기(무정전식) 조달,2024,해군군수사령부,물품(내자),전기·조명,False,1.0,False,낙찰자선정,등록공고,,
20241120,24년 육군 나일론로프(등반용),2024,육군군수사령부,물품(내자),제조부품,False,1.0,False,낙찰자선정,등록공고,Y,Y
20241121,24년 육군나일론 코드 2종 제조,2024,육군군수사령부,물품(내자),제조부품,False,1.0,False,낙찰자선정,등록공고,Y,
20241128,16보급대대 개편 관급(23-240-15) 빌딩자동제어장치 구매,2024,수도방위사령부,물품(내자),전기·조명,False,1.0,False,낙찰자선정,등록공고,,
20241202,2024년 해군 히팅케이블 조달,2024,국방부 해군제1함대사령부,물품(내자),발전·배전,False,1.0,False,낙찰자선정,등록공고,Y,
20241202,24년 해군 대형승용차 제조,2024,해군군수사령부,물품(내자),차량·수송장비,False,1.0,False,낙찰자선정,등록공고,Y,
20241202,24년 해군 저상형트레일러 제조,2024,해군군수사령부,물품(내자),차량·수송장비,False,1.0,False,낙찰자선정,등록공고,Y,
20241205,24년 공군 차륜형로더 제조,2024,공군군수사령부,물품(내자),건설장비,True,0.0,True,유찰,등록공고,Y,
20241205,해군 탑재용 초단파 송수신기,2024,해군군수사령부,물품(내자),정보통신,False,1.0,False,낙찰자선정,등록공고,,
20241205,0000대 전광판 구매,2024,육군훈련소,물품(내자),출판물,False,1.0,False,낙찰자선정,등록공고,,
20241205,24년 공군 차륜형로더 제조,2024,공군군수사령부,물품(내자),건설장비,False,1.0,False,낙찰자선정,등록공고,Y,
20241209,평판형위성안테나(제조),2024,해군군수사령부,물품(내자),정보통신,False,1.0,False,낙찰자선정,등록공고,,
20241211,24년 육군 구두약 제조,2024,육군군수사령부,물품(내자),청소장비,False,1.0,False,낙찰자선정,등록공고,Y,
20241219,24년 해군 양압식 공기호흡기 예비실린더 등 2품목 조달 구매,2024,해군군수사령부,물품(내자),국방·치안·보안,False,1.0,False,낙찰자선정,등록공고,,
20241227,해병대 공병지원용 드론,2024,해군군수사령부,물품(내자),차량·수송장비,False,1.0,False,낙찰자선정,등록공고,,
20240419,육군 진통제진양제수렴제및소염제 등 구매,2024,육군군수사령부,물품(내자),기타(51),False,1.0,False,낙찰자선정,등록공고,,
20240509,24년 해군 수조용 소방차 제조,2024,해군군수사령부,물품(내자),차량·수송장비,False,2.0,False,낙찰자선정,등록공고,Y,
20240603,2024년 해군 고무가열압력기 제조,2024,해군군수사령부,물품(내자),산업기계,False,1.0,False,낙찰자선정,등록공고,,
20240130,2024년(연부) 전투식량 복원-22형(1-12식단) 구매,2024,육군군수사령부,물품(내자),식품,True,0.0,True,유찰,등록공고,Y,
20240130,2024년(연부) 전투식량 복원-22형(1-12식단) 구매,2024,육군군수사령부,물품(내자),식품,True,0.0,True,유찰,등록공고,Y,
20240130,2024년(연부) 전투식량 복원-22형(1-12식단) 구매,2024,육군군수사령부,물품(내자),식품,True,0.0,True,유찰,등록공고,Y,
20240130,2024년(연부) 전투식량 복원-22형(1-12식단) 구매,2024,육군군수사령부,물품(내자),식품,True,0.0,True,유찰,등록공고,Y,
20240130,2024년(연부) 전투식량 복원-22형(1-12식단) 구매,2024,육군군수사령부,물품(내자),식품,True,0.0,True,유찰,등록공고,Y,
20240130,2024년(연부) 전투식량 복원-22형(1-12식단) 구매,2024,육군군수사령부,물품(내자),식품,True,0.0,True,유찰,등록공고,Y,
20240130,2024년(연부) 전투식량 복원-22형(1-12식단) 구매,2024,육군군수사령부,물품(내자),식품,True,0.0,True,유찰,등록공고,Y,
20240130,2024년(연부) 전투식량 복원-22형(1-12식단) 구매,2024,육군군수사령부,물품(내자),식품,True,0.0,True,유찰,등록공고,Y,
20240130,2024년(연부) 전투식량 복원-22형(1-12식단) 구매,2024,육군군수사령부,물품(내자),식품,True,0.0,True,유찰,등록공고,Y,
20240130,2024년(연부) 전투식량 복원-22형(1-12식단) 구매,2024,육군군수사령부,물품(내자),식품,True,0.0,True,유찰,등록공고,Y,
20240130,2024년(연부) 전투식량 복원-22형(1-12식단) 구매,2024,육군군수사령부,물품(내자),식품,True,0.0,True,유찰,등록공고,Y,
20240130,2024년(연부) 전투식량 복원-22형(1-12식단) 구매,2024,육군군수사령부,물품(내자),식품,True,0.0,True,유찰,등록공고,Y,
20240213,2024년(연부) 전투식량 복원-22형(1-12식단) 구매,2024,육군군수사령부,물품(내자),식품,True,0.0,True,유찰,재공고,Y,
20240213,2024년(연부) 전투식량 복원-22형(1-12식단) 구매,2024,육군군수사령부,물품(내자),식품,True,0.0,True,유찰,재공고,Y,
20240213,2024년(연부) 전투식량 복원-22형(1-12식단) 구매,2024,육군군수사령부,물품(내자),식품,True,0.0,True,유찰,재공고,Y,
20240213,2024년(연부) 전투식량 복원-22형(1-12식단) 구매,2024,육군군수사령부,물품(내자),식품,True,0.0,True,유찰,재공고,Y,
20240213,2024년(연부) 전투식량 복원-22형(1-12식단) 구매,2024,육군군수사령부,물품(내자),식품,True,0.0,True,유찰,재공고,Y,
20240213,2024년(연부) 전투식량 복원-22형(1-12식단) 구매,2024,육군군수사령부,물품(내자),식품,True,0.0,True,유찰,재공고,Y,
20240213,2024년(연부) 전투식량 복원-22형(1-12식단) 구매,2024,육군군수사령부,물품(내자),식품,True,0.0,True,유찰,재공고,Y,
20240213,2024년(연부) 전투식량 복원-22형(1-12식단) 구매,2024,육군군수사령부,물품(내자),식품,True,0.0,True,유찰,재공고,Y,
20240213,2024년(연부) 전투식량 복원-22형(1-12식단) 구매,2024,육군군수사령부,물품(내자),식품,True,0.0,True,유찰,재공고,Y,
20240213,2024년(연부) 전투식량 복원-22형(1-12식단) 구매,2024,육군군수사령부,물품(내자),식품,True,0.0,True,유찰,재공고,Y,
20240213,2024년(연부) 전투식량 복원-22형(1-12식단) 구매,2024,육군군수사령부,물품(내자),식품,True,0.0,True,유찰,재공고,Y,
20240213,2024년(연부) 전투식량 복원-22형(1-12식단) 구매,2024,육군군수사령부,물품(내자),식품,True,0.0,True,유찰,재공고,Y,
20240215,24년 육군 동계작전모 조달,2024,육군군수사령부,물품(내자),피복·개인용품,False,34.0,False,낙찰자선정,등록공고,Y,
20240321,24년 국방부 안면마스크(두건) 제조,2024,육군군수사령부,물품(내자),국방·치안·보안,False,18.0,False,낙찰자선정,등록공고,Y,
20240311,"2024년 요소수(육군, 공군) 제조 조달",2024,육군군수사령부,물품(내자),고무·플라스틱,False,17.0,False,낙찰자선정,등록공고,Y,
20240311,"2024년 황산(육군, 해병대) 조달",2024,국방부,물품(내자),화학·화공,False,33.0,False,낙찰자선정,등록공고,N,
20240314,2024년 해군 윤활유(내연기관용) 제조,2024,해군군수사령부,물품(내자),연료·유류,False,3.0,False,낙찰자선정,등록공고,Y,
20240408,"24년 육군, 해군 샤워타월 제조",2024,육군군수사령부,물품(내자),가정용품,False,9.0,False,낙찰자선정,등록공고,Y,
20240411,"24년 육군, 공군, 해군 귀덮개 제조",2024,육군군수사령부,물품(내자),피복·개인용품,False,46.0,False,낙찰자선정,등록공고,Y,
20240416,2024년 공군 개선버클(가죽벨트용) 조달,2024,공군군수사령부,물품(내자),피복·개인용품,False,24.0,False,낙찰자선정,등록공고,Y,
20240404,2024년 육군 트럭용타이어 구매,2024,육군군수사령부,물품(내자),차량·수송장비,False,110.0,False,낙찰자선정,변경공고,N,
20240328,2024년 해군 버클 제조 조달,2024,해군군수사령부,물품(내자),피복·개인용품,False,18.0,False,낙찰자선정,등록공고,Y,
20240404,2024년 전투복 제조(1차_육군 하계),2024,육군군수사령부,물품(내자),피복·개인용품,False,28.0,False,낙찰자선정,등록공고,Y,
20240405,24년 군용 단화 3종 제조,2024,육군군수사령부,물품(내자),피복·개인용품,False,9.0,False,낙찰자선정,등록공고,Y,
20240408,"2024년 세면주머니 조달(공군, 해군)",2024,공군군수사령부,물품(내자),피복·개인용품,False,37.0,False,낙찰자선정,등록공고,Y,
20240411,24년 국방부 방한용 스패츠 제조,2024,육군군수사령부,물품(내자),국방·치안·보안,False,26.0,False,낙찰자선정,등록공고,Y,
20240415,"2024년 방청유 제조 조달(육군, 공군, 해병대)",2024,육군군수사령부,물품(내자),연료·유류,False,2.0,False,낙찰자선정,등록공고,Y,
20240418,2024년 해군 윤활유(증기터빈용) 제조 조달,2024,해군군수사령부,물품(내자),연료·유류,False,2.0,False,낙찰자선정,등록공고,Y,
20240422,24년 국방부수요 자동차용휘발유(탱크주입도) 구매,2024,육군군수사령부,물품(내자),연료·유류,False,2.0,False,낙찰자선정,등록공고,N,
20240426,"24년 육군,해군 비누갑 구매",2024,육군군수사령부,물품(내자),건축자재,False,5.0,False,낙찰자선정,등록공고,Y,
20240503,"2024년 전투식량(특전-22형, 1식단) 조달",2024,육군군수사령부,물품(내자),식품,True,0.0,True,유찰,등록공고,Y,
20240503,"2024년 전투식량(특전-22형, 2식단) 조달",2024,육군군수사령부,물품(내자),식품,True,0.0,True,유찰,등록공고,Y,
20240503,"2024년 전투식량(특전-22형, 3식단) 조달",2024,육군군수사령부,물품(내자),식품,True,0.0,True,유찰,등록공고,Y,
20240503,"2024년 전투식량(특전-22형, 4식단) 조달",2024,육군군수사령부,물품(내자),식품,True,0.0,True,유찰,등록공고,Y,
20240503,"2024년 전투식량(특전-22형, 5식단) 조달",2024,육군군수사령부,물품(내자),식품,True,0.0,True,유찰,등록공고,Y,
20240503,"2024년 전투식량(특전-22형, 6식단) 조달",2024,육군군수사령부,물품(내자),식품,True,0.0,True,유찰,등록공고,Y,
20240503,"2024년 전투식량(특전-22형, 7식단) 조달",2024,육군군수사령부,물품(내자),식품,True,0.0,True,유찰,등록공고,Y,
20240503,"2024년 전투식량(특전-22형, 8식단) 조달",2024,육군군수사령부,물품(내자),식품,True,0.0,True,유찰,등록공고,Y,
20240503,"2024년 전투식량(특전-22형, 9식단) 조달",2024,육군군수사령부,물품(내자),식품,True,0.0,True,유찰,등록공고,Y,
20240503,"2024년 전투식량(특전-22형, 10식단) 조달",2024,육군군수사령부,물품(내자),식품,True,0.0,True,유찰,등록공고,Y,
20240503,24년 육군 세면주머니 제조,2024,육군군수사령부,물품(내자),피복·개인용품,False,54.0,False,낙찰자선정,등록공고,Y,
20240513,"24년 육군,해군 구두솔 제조",2024,육군군수사령부,물품(내자),청소장비,False,3.0,False,낙찰자선정,등록공고,Y,
20240516,2024년도 전투식량(발열-22형) 1식단 조달,2024,육군군수사령부,물품(내자),식품,True,0.0,True,유찰,등록공고,Y,
20240516,2024년도 전투식량(발열-22형) 2식단 조달,2024,육군군수사령부,물품(내자),식품,True,0.0,True,유찰,등록공고,Y,
20240516,2024년도 전투식량(발열-22형) 3식단 조달,2024,육군군수사령부,물품(내자),식품,True,0.0,True,유찰,등록공고,Y,
20240516,2024년도 전투식량(발열-22형) 4식단 조달,2024,육군군수사령부,물품(내자),식품,True,0.0,True,유찰,등록공고,Y,
20240516,2024년도 전투식량(발열-22형) 5식단 조달,2024,육군군수사령부,물품(내자),식품,True,0.0,True,유찰,등록공고,Y,
20240516,2024년도 전투식량(발열-22형) 6식단 조달,2024,육군군수사령부,물품(내자),식품,True,0.0,True,유찰,등록공고,Y,
20240516,2024년도 전투식량(발열-22형) 7식단 조달,2024,육군군수사령부,물품(내자),식품,True,0.0,True,유찰,등록공고,Y,
20240516,2024년도 전투식량(발열-22형) 8식단 조달,2024,육군군수사령부,물품(내자),식품,True,0.0,True,유찰,등록공고,Y,
20240516,2024년도 전투식량(발열-22형) 9식단 조달,2024,육군군수사령부,물품(내자),식품,True,0.0,True,유찰,등록공고,Y,
20240516,2024년도 전투식량(발열-22형) 10식단 조달,2024,육군군수사령부,물품(내자),식품,True,0.0,True,유찰,등록공고,Y,
20240516,2024년도 전투식량(발열-22형) 11식단 조달,2024,육군군수사령부,물품(내자),식품,True,0.0,True,유찰,등록공고,Y,
20240516,2024년도 전투식량(발열-22형) 12식단 조달,2024,육군군수사령부,물품(내자),식품,True,0.0,True,유찰,등록공고,Y,
20240516,2024년 공군 넥타이핀 조달,2024,공군군수사령부,물품(내자),기타(54),False,27.0,False,낙찰자선정,등록공고,Y,
20240520,"2024년 전투식량(특전-22형, 1식단) 조달",2024,육군군수사령부,물품(내자),식품,True,0.0,True,유찰,재공고,Y,
20240517,24년 육군 치약 제조,2024,육군군수사령부,물품(내자),피복·개인용품,False,2.0,False,낙찰자선정,등록공고,Y,
20240521,24년 국방부 고유황경유 단가계약,2024,해군군수사령부,물품(내자),연료·유류,False,2.0,False,낙찰자선정,등록공고,N,
20240528,24년 국방부 등유(포장) 구매 단가계약,2024,육군군수사령부,물품(내자),연료·유류,True,0.0,True,유찰,등록공고,N,
20240520,"2024년 전투식량(특전-22형, 2식단) 조달",2024,육군군수사령부,물품(내자),식품,True,0.0,True,유찰,재공고,Y,
20240520,"2024년 전투식량(특전-22형, 3식단) 조달",2024,육군군수사령부,물품(내자),식품,True,0.0,True,유찰,재공고,Y,
20240520,"2024년 전투식량(특전-22형, 4식단) 조달",2024,육군군수사령부,물품(내자),식품,True,0.0,True,유찰,재공고,Y,
20240520,"2024년 전투식량(특전-22형, 5식단) 조달",2024,육군군수사령부,물품(내자),식품,True,0.0,True,유찰,재공고,Y,
20240520,"2024년 전투식량(특전-22형, 6식단) 조달",2024,육군군수사령부,물품(내자),식품,True,0.0,True,유찰,재공고,Y,
20240520,"2024년 전투식량(특전-22형, 7식단) 조달",2024,육군군수사령부,물품(내자),식품,True,0.0,True,유찰,재공고,Y,
20240520,"2024년 전투식량(특전-22형, 8식단) 조달",2024,육군군수사령부,물품(내자),식품,True,0.0,True,유찰,재공고,Y,
20240520,"2024년 전투식량(특전-22형, 9식단) 조달",2024,육군군수사령부,물품(내자),식품,True,0.0,True,유찰,재공고,Y,
20240520,"2024년 전투식량(특전-22형, 10식단) 조달",2024,육군군수사령부,물품(내자),식품,True,0.0,True,유찰,재공고,Y,
20240520,24년 육군 손세정제 제조,2024,육군군수사령부,물품(내자),피복·개인용품,False,19.0,False,낙찰자선정,등록공고,Y,
20240521,"24년 육군, 해군, 해병 비행복 제조",2024,육군군수사령부,물품(내자),피복·개인용품,False,21.0,False,낙찰자선정,등록공고,Y,
20240521,"24년 육군, 해군, 해병 손톱깎이세트 제조",2024,육군군수사령부,물품(내자),피복·개인용품,False,3.0,False,낙찰자선정,등록공고,Y,
20240522,"2024년 윤활유(LSA, PL-MED) 제조",2024,육군군수사령부,물품(내자),연료·유류,True,0.0,True,유찰,등록공고,Y,
20240522,"2024년 그리스(고성능, 자동차및포병용) 제조 조달",2024,육군군수사령부,물품(내자),연료·유류,False,3.0,False,낙찰자선정,등록공고,Y,
20240524,24년 육군 세수비누 제조,2024,육군군수사령부,물품(내자),피복·개인용품,False,3.0,False,낙찰자선정,등록공고,Y,
20240524,24년 육군 칫솔 제조,2024,육군군수사령부,물품(내자),피복·개인용품,False,2.0,False,낙찰자선정,등록공고,Y,
20240530,2024년 윤활유(기어용) 제조,2024,해병대 군수단,물품(내자),연료·유류,True,0.0,True,유찰,등록공고,Y,
20240530,2024년 윤활유(엔진용) 제조,2024,육군군수사령부,물품(내자),연료·유류,False,3.0,False,낙찰자선정,등록공고,Y,
20240530,2024년 윤활유(유압작동유) 제조,2024,해군군수사령부,물품(내자),연료·유류,False,5.0,False,낙찰자선정,등록공고,Y,
20240528,24년 육군 표백제 제조,2024,육군군수사령부,물품(내자),청소장비,False,5.0,False,낙찰자선정,등록공고,Y,
20240528,24년 육군 액상세제 제조,2024,육군군수사령부,물품(내자),청소장비,False,16.0,False,낙찰자선정,등록공고,Y,
20240528,2024년도 전투식량(발열-22형) 1식단 조달,2024,육군군수사령부,물품(내자),식품,True,0.0,True,유찰,재공고,Y,
20240528,2024년도 전투식량(발열-22형) 2식단 조달,2024,육군군수사령부,물품(내자),식품,True,0.0,True,유찰,재공고,Y,
20240528,2024년도 전투식량(발열-22형) 3식단 조달,2024,육군군수사령부,물품(내자),식품,True,0.0,True,유찰,재공고,Y,
20240528,2024년도 전투식량(발열-22형) 4식단 조달,2024,육군군수사령부,물품(내자),식품,True,0.0,True,유찰,재공고,Y,
20240528,2024년도 전투식량(발열-22형) 5식단 조달,2024,육군군수사령부,물품(내자),식품,True,0.0,True,유찰,재공고,Y,
20240528,2024년도 전투식량(발열-22형) 6식단 조달,2024,육군군수사령부,물품(내자),식품,True,0.0,True,유찰,재공고,Y,
20240528,2024년도 전투식량(발열-22형) 7식단 조달,2024,육군군수사령부,물품(내자),식품,True,0.0,True,유찰,재공고,Y,
20240528,2024년도 전투식량(발열-22형) 8식단 조달,2024,육군군수사령부,물품(내자),식품,True,0.0,True,유찰,재공고,Y,
20240528,2024년도 전투식량(발열-22형) 9식단 조달,2024,육군군수사령부,물품(내자),식품,True,0.0,True,유찰,재공고,Y,
20240528,2024년도 전투식량(발열-22형) 10식단 조달,2024,육군군수사령부,물품(내자),식품,True,0.0,True,유찰,재공고,Y,
20240528,2024년도 전투식량(발열-22형) 11식단 조달,2024,육군군수사령부,물품(내자),식품,True,0.0,True,유찰,재공고,Y,
20240528,2024년도 전투식량(발열-22형) 12식단 조달,2024,육군군수사령부,물품(내자),식품,True,0.0,True,유찰,재공고,Y,
20240604,24년 국방부 저유황경유 단가계약,2024,육군군수사령부,물품(내자),연료·유류,False,3.0,False,낙찰자선정,등록공고,N,
20240605,24년 공군 비행복류 제조,2024,공군군수사령부,물품(내자),피복·개인용품,False,13.0,False,낙찰자선정,등록공고,Y,
20240617,24년 공군 철제계급장류 제조,2024,공군군수사령부,물품(내자),출판물,False,19.0,False,낙찰자선정,등록공고,Y,
20240605,"2024년 윤활유(LSA, PL-MED) 제조",2024,육군군수사령부,물품(내자),연료·유류,True,0.0,True,유찰,재공고,Y,
20240610,2024년 윤활유(브레이크용) 제조 조달,2024,육군군수사령부,물품(내자),연료·유류,False,4.0,False,낙찰자선정,등록공고,Y,
20240614,2024년 윤활유(기어용) 제조,2024,해병대 군수단,물품(내자),연료·유류,True,0.0,True,유찰,재공고,Y,
20240613,24년 국방부 등유(포장) 구매 단가계약,2024,육군군수사령부,물품(내자),연료·유류,True,0.0,True,유찰,재공고,N,
20240617,24년 전군 인식표 제조,2024,육군군수사령부,물품(내자),출판물,False,4.0,False,낙찰자선정,등록공고,Y,
20240701,24년 육해공군 해병대 디지털요대,2024,육군군수사령부,물품(내자),피복·개인용품,False,27.0,False,낙찰자선정,등록공고,Y,
20240619,"24년 육군, 해군 인식표줄 제조",2024,육군군수사령부,물품(내자),제조부품,False,7.0,False,낙찰자선정,등록공고,Y,
20240621,2024년 윤활유(기어용) 제조,2024,해병대 군수단,물품(내자),연료·유류,True,0.0,True,유찰,등록공고,Y,
20240625,2024년 전투복 제조 (2차_육군 사계),2024,육군군수사령부,물품(내자),피복·개인용품,False,23.0,False,낙찰자선정,등록공고,Y,
20240625,2024년 전투복 제조 (3차_해군),2024,해군군수사령부,물품(내자),피복·개인용품,False,22.0,False,낙찰자선정,등록공고,Y,
20240625,2024년 전투복 제조 (4차_해병대),2024,해병대 군수단,물품(내자),피복·개인용품,False,23.0,False,낙찰자선정,등록공고,Y,
20240625,2024년 전투복 제조 (5차_공군 사계),2024,공군군수사령부,물품(내자),피복·개인용품,False,20.0,False,낙찰자선정,등록공고,Y,
20240625,2024년 전투복 제조 (6차_공군 하계),2024,공군군수사령부,물품(내자),피복·개인용품,False,22.0,False,낙찰자선정,등록공고,Y,
20240625,2024년 방상내피 제조(육군_체촌포함),2024,육군군수사령부,물품(내자),피복·개인용품,False,31.0,False,낙찰자선정,등록공고,Y,
20240625,"2024년 방상외피 제조(육군,공군)",2024,육군군수사령부,물품(내자),피복·개인용품,False,31.0,False,낙찰자선정,등록공고,Y,
20240701,"24년 육군, 해군, 공군 인식표용튜브 및 고무링 구매",2024,육군군수사령부,물품(내자),제조부품,False,,False,낙찰자선정,등록공고,N,
20240702,2024년 윤활유(기어용) 제조,2024,해병대 군수단,물품(내자),연료·유류,True,0.0,True,유찰,등록공고,Y,
20240708,2024년 육군 가죽벨트 조달,2024,육군군수사령부,물품(내자),피복·개인용품,False,31.0,False,낙찰자선정,변경공고,Y,
20240711,"2024년도 전투식량(복원-22형, 1식단) 조달",2024,육군군수사령부,물품(내자),식품,True,0.0,True,유찰,등록공고,Y,
20240711,"2024년도 전투식량(복원-22형, 2식단) 조달",2024,육군군수사령부,물품(내자),식품,True,2.0,False,유찰,등록공고,Y,
20240705,24년 군납 혹한기 경유 단가계약(포장),2024,국방부,물품(내자),연료·유류,True,0.0,True,유찰,등록공고,N,
20240711,"2024년도 전투식량(복원-22형, 3식단) 조달",2024,육군군수사령부,물품(내자),식품,True,2.0,False,유찰,등록공고,Y,
20240711,"2024년도 전투식량(복원-22형, 4식단) 조달",2024,육군군수사령부,물품(내자),식품,True,2.0,False,유찰,등록공고,Y,
20240926,24년 공군 정비화,2024,공군군수사령부,물품(내자),국방·치안·보안,False,8.0,False,낙찰자선정,등록공고,Y,
20240710,2024년 윤활유(기어용) 제조,2024,해병대 군수단,물품(내자),연료·유류,True,0.0,True,유찰,재공고,Y,
20240711,"2024년도 전투식량(복원-22형, 5식단) 조달",2024,육군군수사령부,물품(내자),식품,True,2.0,False,유찰,등록공고,Y,
20240718,24년 공군 반코트 제조,2024,공군군수사령부,물품(내자),피복·개인용품,False,34.0,False,낙찰자선정,등록공고,Y,
20240711,"2024년도 전투식량(복원-22형, 6식단) 조달",2024,육군군수사령부,물품(내자),식품,True,2.0,False,유찰,등록공고,Y,
20240711,"2024년도 전투식량(복원-22형, 7식단) 조달",2024,육군군수사령부,물품(내자),식품,True,2.0,False,유찰,등록공고,Y,
20240711,"2024년도 전투식량(복원-22형, 8식단) 조달",2024,육군군수사령부,물품(내자),식품,True,2.0,False,유찰,등록공고,Y,
20240711,"2024년도 전투식량(복원-22형, 9식단) 조달",2024,육군군수사령부,물품(내자),식품,True,2.0,False,유찰,등록공고,Y,
20240711,"2024년도 전투식량(복원-22형, 10식단) 조달",2024,육군군수사령부,물품(내자),식품,True,2.0,False,유찰,등록공고,Y,
20240711,"2024년도 전투식량(복원-22형, 12식단) 조달",2024,육군군수사령부,물품(내자),식품,True,2.0,False,유찰,등록공고,Y,
20240715,"2024년 육군, 공군 기계유(표준오일) 제조",2024,공군군수사령부,물품(내자),연료·유류,True,0.0,True,유찰,등록공고,Y,
20240716,24년 군납 혹한기 경유 단가계약(포장),2024,국방부,물품(내자),연료·유류,True,0.0,True,유찰,재공고,N,
20240723,"2024년도 전투식량(복원-22형, 1식단) 조달",2024,육군군수사령부,물품(내자),식품,False,2.0,False,낙찰자선정,재공고,Y,
20240722,"2024년도 전투식량(복원-22형, 2식단) 조달",2024,육군군수사령부,물품(내자),식품,False,2.0,False,낙찰자선정,재공고,Y,
20240722,"2024년도 전투식량(복원-22형, 3식단) 조달",2024,육군군수사령부,물품(내자),식품,False,2.0,False,낙찰자선정,재공고,Y,
20240722,"2024년도 전투식량(복원-22형, 4식단) 조달",2024,육군군수사령부,물품(내자),식품,False,2.0,False,낙찰자선정,재공고,Y,
20240722,"2024년도 전투식량(복원-22형, 5식단) 조달",2024,육군군수사령부,물품(내자),식품,False,2.0,False,낙찰자선정,재공고,Y,
20240722,"2024년도 전투식량(복원-22형, 6식단) 조달",2024,육군군수사령부,물품(내자),식품,False,2.0,False,낙찰자선정,재공고,Y,
20240722,"2024년도 전투식량(복원-22형, 7식단) 조달",2024,육군군수사령부,물품(내자),식품,False,2.0,False,낙찰자선정,재공고,Y,
20240722,"2024년도 전투식량(복원-22형, 8식단) 조달",2024,육군군수사령부,물품(내자),식품,False,2.0,False,낙찰자선정,재공고,Y,
20240722,"2024년도 전투식량(복원-22형, 9식단) 조달",2024,육군군수사령부,물품(내자),식품,False,2.0,False,낙찰자선정,재공고,Y,
20240722,"2024년도 전투식량(복원-22형, 10식단) 조달",2024,육군군수사령부,물품(내자),식품,False,2.0,False,낙찰자선정,재공고,Y,
20240722,"2024년도 전투식량(복원-22형, 12식단) 조달",2024,육군군수사령부,물품(내자),식품,False,2.0,False,낙찰자선정,재공고,Y,
20240724,"2024년 육군, 공군 기계유(표준오일) 제조",2024,공군군수사령부,물품(내자),연료·유류,True,0.0,True,유찰,재공고,Y,
20240813,24년 공군 포제계급장류 제조,2024,공군군수사령부,물품(내자),출판물,False,20.0,False,낙찰자선정,등록공고,Y,
20240813,24년 공군 포제휘장류 제조,2024,공군군수사령부,물품(내자),피복·개인용품,False,28.0,False,낙찰자선정,등록공고,Y,
20240821,육공군 야전침대(알루미늄제) 제조,2024,육군군수사령부,물품(내자),스포츠·레저,False,12.0,False,낙찰자선정,등록공고,Y,
20240814,"24년 군납 등유 단가계약(포장, 탱크주입)",2024,국방부,물품(내자),연료·유류,True,0.0,True,유찰,등록공고,N,
20240820,24년 육군 학군단복 제조(체촌),2024,육군군수사령부,물품(내자),피복·개인용품,False,14.0,False,낙찰자선정,등록공고,Y,
20240820,24년 3사 생도피복 제조(체촌),2024,육군군수사령부,물품(내자),피복·개인용품,False,15.0,False,낙찰자선정,등록공고,Y,
20240820,24년 육사 생도피복 제조(체촌),2024,육군군수사령부,물품(내자),피복·개인용품,False,15.0,False,낙찰자선정,등록공고,Y,
20240823,(긴급공고)24년 군용 수통 제조,2024,육군군수사령부,물품(내자),스포츠·레저,False,5.0,False,낙찰자선정,등록공고,Y,Y
20240822,24년 군납 항공유(JET A-1) 조달,2024,국방부,물품(내자),연료·유류,False,2.0,False,낙찰자선정,등록공고,N,
20240822,24년 군납 AV-GAS 조달,2024,공군군수사령부,물품(내자),연료·유류,True,0.0,True,유찰,등록공고,N,
20240822,24년 해군 해병대 요대류 제조,2024,해군군수사령부,물품(내자),피복·개인용품,False,27.0,False,낙찰자선정,등록공고,Y,
20240826,"24년군용침낭제조(1차, 육군)",2024,육군군수사령부,물품(내자),스포츠·레저,False,35.0,False,낙찰자선정,등록공고,Y,
20240826,24년 공군 면수건 제조,2024,공군군수사령부,물품(내자),가정용품,False,7.0,False,낙찰자선정,등록공고,Y,
20240826,"2024년 방상외피 제조(육군,해군,해병)",2024,육군군수사령부,물품(내자),피복·개인용품,False,29.0,False,낙찰자선정,등록공고,Y,
20240827,24년 공군 정비사 점검복 제조,2024,공군군수사령부,물품(내자),국방·치안·보안,False,35.0,False,낙찰자선정,등록공고,Y,
20240828,24년 동계 생활모 제조,2024,공군군수사령부,물품(내자),피복·개인용품,False,31.0,False,낙찰자선정,등록공고,Y,
20240829,24년 군납 혹한기경유(경기 외) 조달,2024,국방부,물품(내자),연료·유류,True,0.0,True,유찰,등록공고,N,
20240829,24년 군납 혹한기경유(경기) 조달,2024,국방부,물품(내자),연료·유류,True,0.0,True,유찰,등록공고,N,
20240829,24년 군납 유류 단가계약 (JP-8 차량),2024,국방부,물품(내자),연료·유류,True,0.0,True,유찰,등록공고,N,
20240902,24년 해병대 춘추내의 제조,2024,해병대 군수단,물품(내자),피복·개인용품,False,36.0,False,낙찰자선정,등록공고,Y,
20240830,24년 군납 AV-GAS 조달,2024,국방부,물품(내자),연료·유류,True,0.0,True,유찰,재공고,N,
20240903,"24년군용침낭제조(2차,육군,공군,해병대)",2024,육군군수사령부,물품(내자),스포츠·레저,False,38.0,False,낙찰자선정,등록공고,Y,
20240903,24년 군납 JP-8(도서) 조달,2024,국방부,물품(내자),연료·유류,True,0.0,True,유찰,등록공고,N,
20240903,24년 군납 유류 단가계약 (JP-8드럼),2024,육군군수사령부,물품(내자),연료·유류,True,0.0,True,유찰,등록공고,N,
20240912,24년 위장포(KBH III형용) 제조 납품,2024,육군군수사령부,물품(내자),스포츠·레저,False,30.0,False,낙찰자선정,등록공고,,
20240903,24년 육군 군의관복류 제조,2024,육군군수사령부,물품(내자),의료장비,False,29.0,False,낙찰자선정,등록공고,Y,
20240904,24년 육군 환자복류 제조,2024,육군군수사령부,물품(내자),의료장비,False,33.0,False,낙찰자선정,등록공고,Y,Y
20241028,24년 육군 간호복(체촌),2024,육군군수사령부,물품(내자),피복·개인용품,False,5.0,False,낙찰자선정,등록공고,Y,
20240909,2024년 육군 전투복 체촌 (초도),2024,육군군수사령부,물품(내자),피복·개인용품,False,21.0,False,낙찰자선정,등록공고,Y,
20240909,2024년 육군 전투복 체촌(보충1차),2024,육군군수사령부,물품(내자),피복·개인용품,False,22.0,False,낙찰자선정,등록공고,Y,
20240909,"2024년 전투복 체촌 제조(육군 보충2차, 공군, 해군, 해병)",2024,육군군수사령부,물품(내자),피복·개인용품,False,19.0,False,낙찰자선정,등록공고,Y,
20240909,"2024년 방상외피 체촌 제조(육군, 공군, 해군, 해병)",2024,육군군수사령부,물품(내자),피복·개인용품,False,18.0,False,낙찰자선정,등록공고,Y,
20240905,24년 육군 세탁망,2024,육군군수사령부,물품(내자),운반·포장,False,54.0,False,낙찰자선정,등록공고,Y,
20240906,2024년 전투복 제조 (6차_공군 하계),2024,공군군수사령부,물품(내자),피복·개인용품,False,19.0,False,낙찰자선정,재공고,Y,Y
20240910,24년 권총집 세트 제조,2024,육군군수사령부,물품(내자),국방·치안·보안,False,24.0,False,낙찰자선정,등록공고,Y,
20240911,24년 군납 혹한기경유(경기) 조달,2024,국방부,물품(내자),연료·유류,True,0.0,True,유찰,재공고,N,
20240911,24년 군납 혹한기경유(경기 외) 조달,2024,국방부,물품(내자),연료·유류,True,0.0,True,유찰,재공고,N,
20240911,24년 군납 유류 단가계약 (JP-8 차량),2024,국방부,물품(내자),연료·유류,True,0.0,True,유찰,재공고,N,
20240911,24년 군 대테러화 제조,2024,육군군수사령부,물품(내자),국방·치안·보안,False,4.0,False,낙찰자선정,등록공고,Y,
20240925,"24년 군장구류(수통, 야전삽) 케이스 제조",2024,육군군수사령부,물품(내자),가정용품,False,34.0,False,낙찰자선정,변경공고,Y,
20240912,2024년 군용 권총집 및 탄입대 제조,2024,육군군수사령부,물품(내자),국방·치안·보안,False,28.0,False,낙찰자선정,등록공고,Y,
20240913,"2024년 기능성방한복 제조 (육군, 공군, 해군)",2024,육군군수사령부,물품(내자),피복·개인용품,False,18.0,False,낙찰자선정,등록공고,Y,
20240919,24년 육군 캡슐형 세제 제조,2024,육군군수사령부,물품(내자),청소장비,False,12.0,False,낙찰자선정,등록공고,Y,
20240925,24년 국방부 비행잠바류 제조,2024,육군군수사령부,물품(내자),피복·개인용품,False,19.0,False,낙찰자선정,변경공고,Y,
20240913,2024년 육군 특전사 기능성방한복 제조,2024,육군군수사령부,물품(내자),피복·개인용품,False,23.0,False,낙찰자선정,등록공고,Y,
20240913,24년 군납 JP-8(도서) 조달,2024,국방부,물품(내자),연료·유류,False,2.0,False,낙찰자선정,재공고,N,
20240913,24년 군납 유류 단가계약 (JP-8드럼),2024,육군군수사령부,물품(내자),연료·유류,True,0.0,True,유찰,등록공고,N,
20240913,2024년 육군 대테러복 제조,2024,육군군수사령부,물품(내자),피복·개인용품,False,32.0,False,낙찰자선정,등록공고,Y,
20240913,2024년 육군 특전복 제조 (체촌 포함),2024,육군군수사령부,물품(내자),피복·개인용품,False,26.0,False,낙찰자선정,등록공고,Y,
20240913,"2024년 함상방한복 제조 (해군, 육군_체촌포함)",2024,해군군수사령부,물품(내자),피복·개인용품,False,38.0,False,낙찰자선정,등록공고,Y,
20240919,"2024년 궤도차량승무원복 제조(육군, 해병대)",2024,육군군수사령부,물품(내자),피복·개인용품,False,19.0,False,낙찰자선정,등록공고,Y,
20240919,"2024년 방상내피 제조 (육군2차,해군,공군,해병)",2024,육군군수사령부,물품(내자),피복·개인용품,False,24.0,False,낙찰자선정,등록공고,Y,
20240926,24년 육군 수영복 제조,2024,육군군수사령부,물품(내자),피복·개인용품,False,21.0,False,낙찰자선정,등록공고,Y,
20241008,"24년 육군,해군,공군 예비군마크 제조",2024,육군군수사령부,물품(내자),피복·개인용품,False,48.0,False,낙찰자선정,등록공고,Y,
20240930,"24년 공군,해병 인식표줄 제조",2024,공군군수사령부,물품(내자),제조부품,False,7.0,False,낙찰자선정,등록공고,Y,
20241004,2024년 공군 태극마크,2024,공군군수사령부,물품(내자),피복·개인용품,False,74.0,False,낙찰자선정,등록공고,Y,
20241010,2024년 해병대 수색대 방한복,2024,해병대 군수단,물품(내자),피복·개인용품,False,19.0,False,낙찰자선정,등록공고,Y,
20241010,2024년 해병대 혹한복,2024,해병대 군수단,물품(내자),피복·개인용품,False,31.0,False,낙찰자선정,등록공고,Y,
20240926,24년 해병 정복 근무복 제조(체촌),2024,해병대 군수단,물품(내자),피복·개인용품,False,23.0,False,낙찰자선정,등록공고,Y,
20240926,24년 해군백단화류 제조구매,2024,해군군수사령부,물품(내자),피복·개인용품,False,12.0,False,낙찰자선정,등록공고,Y,
20241007,24년 공군 철제휘장류 제조,2024,공군군수사령부,물품(내자),피복·개인용품,False,50.0,False,낙찰자선정,등록공고,Y,
20241008,(긴급공고)24년 공군 시트형 세제 2종 제조,2024,공군군수사령부,물품(내자),청소장비,False,7.0,False,낙찰자선정,등록공고,Y,Y
20241015,2024년 전투복 제조 (6차_공군 하계),2024,공군군수사령부,물품(내자),피복·개인용품,False,21.0,False,낙찰자선정,재공고,Y,Y
20241022,24년 해군 하계 조리요원 티셔츠 제조,2024,해군군수사령부,물품(내자),피복·개인용품,False,64.0,False,낙찰자선정,등록공고,Y,
20241022,24년 해군 정비용 쿨토시 제조,2024,해군군수사령부,물품(내자),국방·치안·보안,False,101.0,False,낙찰자선정,등록공고,Y,
20241113,2024년 육군 전투복 추가,2024,육군군수사령부,물품(내자),피복·개인용품,False,22.0,False,낙찰자선정,등록공고,Y,
20241114,24년 해군 정복 근무복 제조(체촌),2024,해군군수사령부,물품(내자),피복·개인용품,False,15.0,False,낙찰자선정,등록공고,Y,
20241114,2024년 해군 내연기관용 윤활유(MTU 엔진용) 제조 조달,2024,해군군수사령부,물품(내자),연료·유류,True,0.0,True,유찰,등록공고,Y,
20241120,24년 공군 면수건 제조,2024,공군군수사령부,물품(내자),가정용품,False,15.0,False,낙찰자선정,등록공고,Y,
20241122,2024년 해군 내연기관용 윤활유(MTU 엔진용) 제조 조달,2024,해군군수사령부,물품(내자),연료·유류,True,0.0,True,유찰,등록공고,Y,Y
20241125,2024년 육군 예복 견장,2024,육군군수사령부,물품(내자),피복·개인용품,False,48.0,False,낙찰자선정,등록공고,Y,
20241127,24년 해병대 난연 안면마스크 제조,2024,해병대 군수단,물품(내자),국방·치안·보안,False,12.0,False,낙찰자선정,등록공고,Y,
20241209,"24년 공군,해병 인식표줄 제조",2024,공군군수사령부,물품(내자),제조부품,False,6.0,False,낙찰자선정,재공고,Y,Y
20240102,2024년(연부) 전투식량 발열-22형(1-12식단) 조달,2024,육군군수사령부,물품(내자),식품,True,0.0,True,유찰,등록공고,Y,
20240102,2024년(연부) 전투식량 발열-22형(1-12식단) 조달,2024,육군군수사령부,물품(내자),식품,True,0.0,True,유찰,등록공고,Y,
20240102,2024년(연부) 전투식량 발열-22형(1-12식단) 조달,2024,육군군수사령부,물품(내자),식품,True,0.0,True,유찰,등록공고,Y,
20240102,2024년(연부) 전투식량 발열-22형(1-12식단) 조달,2024,육군군수사령부,물품(내자),식품,True,0.0,True,유찰,등록공고,Y,
20240102,2024년(연부) 전투식량 발열-22형(1-12식단) 조달,2024,육군군수사령부,물품(내자),식품,True,0.0,True,유찰,등록공고,Y,
20240102,2024년(연부) 전투식량 발열-22형(1-12식단) 조달,2024,육군군수사령부,물품(내자),식품,True,0.0,True,유찰,등록공고,Y,
20240102,2024년(연부) 전투식량 발열-22형(1-12식단) 조달,2024,육군군수사령부,물품(내자),식품,True,0.0,True,유찰,등록공고,Y,
20240102,2024년(연부) 전투식량 발열-22형(1-12식단) 조달,2024,육군군수사령부,물품(내자),식품,True,0.0,True,유찰,등록공고,Y,
20240102,2024년(연부) 전투식량 발열-22형(1-12식단) 조달,2024,육군군수사령부,물품(내자),식품,True,0.0,True,유찰,등록공고,Y,
20240102,2024년(연부) 전투식량 발열-22형(1-12식단) 조달,2024,육군군수사령부,물품(내자),식품,True,0.0,True,유찰,등록공고,Y,
20240102,2024년(연부) 전투식량 발열-22형(1-12식단) 조달,2024,육군군수사령부,물품(내자),식품,True,0.0,True,유찰,등록공고,Y,
20240102,2024년(연부) 전투식량 발열-22형(1-12식단) 조달,2024,육군군수사령부,물품(내자),식품,True,0.0,True,유찰,등록공고,Y,
20240110,"24년 육군 화장실용화장지(3겹,35m)제조",2024,육군군수사령부,물품(내자),종이류,False,7.0,False,낙찰자선정,등록공고,Y,
20240314,24년 주공급자의약품 1성분,2024,육군군수사령부,물품(내자),기타(51),False,39.0,False,낙찰자선정,등록공고,N,
20240314,24년 주공급자의약품 2성분,2024,육군군수사령부,물품(내자),기타(51),False,67.0,False,낙찰자선정,등록공고,N,
20240314,24년 주공급자의약품 퇴장방지,2024,육군군수사령부,물품(내자),기타(51),False,8.0,False,낙찰자선정,등록공고,N,
20240408,24년 급식류-설탕(단가계약),2024,육군군수사령부,물품(내자),식품,True,0.0,True,유찰,등록공고,Y,
20240422,육군 미용티슈 제조 납품,2024,육군군수사령부,물품(내자),종이류,False,7.0,False,낙찰자선정,등록공고,Y,
20240423,24년 급식류-설탕(단가계약),2024,육군군수사령부,물품(내자),식품,True,0.0,True,유찰,재공고,Y,
20240508,육군 화장실용화장지 제조 납품(단가),2024,육군군수사령부,물품(내자),종이류,False,9.0,False,낙찰자선정,등록공고,Y,
20240524,해병대 미용티슈 제조 납품,2024,해병대 군수단,물품(내자),종이류,False,11.0,False,낙찰자선정,등록공고,Y,
20240702,"2024년 홍역, 유행성이하선염, 풍진 백신(MMR)",2024,육군군수사령부,물품(내자),기타(51),False,7.0,False,낙찰자선정,등록공고,N,
20240702,"2024년 디프테리아, 파상풍, 백일해 백신(Tdap)",2024,육군군수사령부,물품(내자),기타(51),False,19.0,False,낙찰자선정,등록공고,N,
20240704,2024년 A형간염 백신,2024,육군군수사령부,물품(내자),기타(51),False,72.0,False,낙찰자선정,등록공고,N,
20240704,2024년 수막구균 백신,2024,육군군수사령부,물품(내자),기타(51),False,23.0,False,낙찰자선정,등록공고,N,
20240709,해군 미용티슈 제조 납품,2024,해군군수사령부,물품(내자),종이류,False,12.0,False,낙찰자선정,등록공고,Y,
20240719,"2024년 홍역, 유행성이하선염, 풍진 백신(MMR)",2024,육군군수사령부,물품(내자),기타(51),False,4.0,False,낙찰자선정,재공고,N,
20240903,육군 화장실용화장지 제조,2024,육군군수사령부,물품(내자),종이류,False,11.0,False,낙찰자선정,등록공고,Y,
20240904,금속드럼 제조 납품,2024,육군군수사령부,물품(내자),운반·포장,True,0.0,True,유찰,등록공고,Y,
20240912,금속드럼 제조 납품,2024,육군군수사령부,물품(내자),운반·포장,True,0.0,True,유찰,재공고,Y,
20241021,"2024년 홍역, 유행성이하선염 및 풍진바이러스 백신(MMR) 구매",2024,육군군수사령부,물품(내자),기타(51),False,7.0,False,낙찰자선정,등록공고,N,
20240122,[해병] 주 호흡조정기(레귤레이터) 구매,2024,해병대 군수단,물품(내자),스포츠·레저,False,918.0,False,낙찰자선정,등록공고,,
20240201,24년 육군 내비게이션 구매,2024,육군군수사령부,물품(내자),차량·수송장비,False,,False,낙찰자선정,등록공고,,
20240201,24년육군보존식용기구매조달,2024,육군군수사령부,물품(내자),가정용품,False,,False,낙찰자선정,등록공고,N,
20240202,"[육군] 수영물자(수영모,물안경) 2종 구매",2024,육군군수사령부,물품(내자),스포츠·레저,False,,False,낙찰자선정,등록공고,N,
20240213,24년 공군 2.9톤 트럭크레인 제조,2024,공군군수사령부,물품(내자),차량·수송장비,False,3.0,False,낙찰자선정,등록공고,Y,
20240314,24년 육군 개인장구류명찰 제조,2024,육군군수사령부,물품(내자),출판물,False,21.0,False,낙찰자선정,등록공고,Y,
20240215,24년 육군 포제휘장류 제조,2024,육군군수사령부,물품(내자),피복·개인용품,False,6.0,False,낙찰자선정,등록공고,Y,
20240221,2024년 국군수도병원 의약품 595품목 구매,2024,국군수도병원,물품(내자),기타(51),False,29.0,False,낙찰자선정,등록공고,N,
20240228,24년 해군 소방펌프차 제조,2024,해군군수사령부,물품(내자),차량·수송장비,False,2.0,False,낙찰자선정,등록공고,Y,
20240226,24년 공군 저상형 트레일러 제조,2024,공군군수사령부,물품(내자),차량·수송장비,False,4.0,False,낙찰자선정,등록공고,Y,
20240305,24년 공군 항공기구조소방차 제조,2024,공군군수사령부,물품(내자),차량·수송장비,False,2.0,False,낙찰자선정,등록공고,Y,
20240305,"24년 (해군)  계기, 전력용(AC전류계기) 조달",2024,해군군수사령부,물품(내자),실험·측정기기,False,970.0,False,낙찰자선정,등록공고,N,
20240306,24년 공군 항공기 유도차 제조,2024,공군군수사령부,물품(내자),차량·수송장비,False,5.0,False,낙찰자선정,등록공고,Y,
20240306,24년 공군 트럭트랙터 제조,2024,공군군수사령부,물품(내자),차량·수송장비,True,0.0,True,유찰,등록공고,Y,
20240306,24년 공군 화물용트럭 제조,2024,공군군수사령부,물품(내자),차량·수송장비,False,5.0,False,낙찰자선정,등록공고,Y,
20240305,24년 (해군) 오실로스코프(1GHz) 조달,2024,해군군수사령부,물품(내자),실험·측정기기,False,,False,낙찰자선정,등록공고,N,
20240305,24년 공군 소방펌프차 제조,2024,공군군수사령부,물품(내자),차량·수송장비,True,0.0,True,유찰,등록공고,Y,
20240306,24년 해군 로프프로텍터(홋줄보호대) 제조,2024,해군군수사령부,물품(내자),운반·포장,False,6.0,False,낙찰자선정,등록공고,Y,
20240306,24년 해군 방염복 제조,2024,해군군수사령부,물품(내자),국방·치안·보안,False,42.0,False,낙찰자선정,등록공고,Y,
20240306,24년 해군 방화장갑(증기차단장갑) 구매,2024,해군군수사령부,물품(내자),국방·치안·보안,False,,False,낙찰자선정,등록공고,N,
20240311,24년 공군 BAT/F.O 차량 제조,2024,공군군수사령부,물품(내자),차량·수송장비,False,5.0,False,낙찰자선정,등록공고,Y,
20240311,24년 해군 5톤 냉동부식차 제조,2024,해군군수사령부,물품(내자),차량·수송장비,False,6.0,False,낙찰자선정,등록공고,Y,
20240311,24년 육군 F.O.D 건식바닥청소기 구매,2024,육군군수사령부,물품(내자),청소장비,False,,False,낙찰자선정,등록공고,N,
20240312,24년 해군 일반우의 제조,2024,해군군수사령부,물품(내자),국방·치안·보안,False,43.0,False,낙찰자선정,등록공고,Y,
20240311,24년 공군 다목적 폭발물 처리차량 제조,2024,공군군수사령부,물품(내자),차량·수송장비,False,6.0,False,낙찰자선정,등록공고,Y,
20240307,24년 (육군) 수질분석 시험키트(잔류염소측정기) 조달,2024,육군군수사령부,물품(내자),실험·측정기기,False,,False,낙찰자선정,등록공고,N,
20240307,24년 해군 다기능오실로스코프 조달,2024,해군군수사령부,물품(내자),실험·측정기기,False,211.0,False,낙찰자선정,등록공고,N,
20240312,24년 육군 작업용 장갑 제조,2024,육군군수사령부,물품(내자),피복·개인용품,False,15.0,False,낙찰자선정,등록공고,Y,
20240307,24년 해군 작전장갑 제조,2024,해군군수사령부,물품(내자),피복·개인용품,False,9.0,False,낙찰자선정,등록공고,Y,
20240311,유충구제제(1kg) 구매,2024,육군군수사령부,물품(내자),기타(51),False,190.0,False,낙찰자선정,등록공고,N,
20240307,소독기 소형 구매,2024,해군군수사령부,물품(내자),의료장비,False,,False,낙찰자선정,등록공고,N,
20240312,24년 육군 포제휘장류 제조,2024,육군군수사령부,물품(내자),피복·개인용품,False,6.0,False,낙찰자선정,등록공고,Y,
20240308,24년 심장세동제거기 병원용 구매,2024,해군군수사령부,물품(내자),의료장비,False,,False,낙찰자선정,등록공고,N,
20240311,2024년 해군 에나멜(노랑) 등 9종 제조,2024,해군군수사령부,물품(내자),제조부품,True,0.0,True,유찰,등록공고,Y,
20240319,24년 해군 고소작업차 제조,2024,해군군수사령부,물품(내자),차량·수송장비,False,2.0,False,낙찰자선정,등록공고,Y,
20240329,[해병] 잠수장비 등 4종,2024,해병대 군수단,물품(내자),스포츠·레저,False,,False,낙찰자선정,등록공고,,
20240318,24년 해군 트랙터 제조,2024,해군군수사령부,물품(내자),차량·수송장비,True,0.0,True,유찰,등록공고,Y,
20240313,공군 차륜형굴착기(중형) 제조 납품,2024,공군군수사령부,물품(내자),건설장비,False,2.0,False,낙찰자선정,등록공고,Y,
20240313,공군 차륜형굴착기(소형) 제조 납품,2024,공군군수사령부,물품(내자),건설장비,False,2.0,False,낙찰자선정,등록공고,Y,
20240313,소독기 저온멸균형(EO가스식),2024,해군군수사령부,물품(내자),의료장비,False,826.0,False,낙찰자선정,등록공고,N,
20240313,24년 (육군) 가스크로마토그래피 조달,2024,육군군수사령부,물품(내자),실험·측정기기,False,2.0,False,낙찰자선정,등록공고,N,
20240318,24년 해군 3톤 구난트럭 제조,2024,해군군수사령부,물품(내자),차량·수송장비,False,3.0,False,낙찰자선정,등록공고,Y,
20240314,전산화단층촬영기(Computerized Tomography) 구매,2024,해군군수사령부,물품(내자),의료장비,False,4.0,False,낙찰자선정,등록공고,N,
20240314,24년 육군 자동혈구계산기 구매,2024,육군군수사령부,물품(내자),의료장비,False,,False,낙찰자선정,등록공고,N,
20240314,해군 궤도형굴착기(소형) 제조 납품,2024,해군군수사령부,물품(내자),건설장비,False,2.0,False,낙찰자선정,등록공고,Y,
20240318,2024년 해군 실리콘알키드 등 6종 제조,2024,해군군수사령부,물품(내자),제조부품,False,4.0,False,낙찰자선정,등록공고,Y,
20240404,24년 해군 수조용 소방차 제조,2024,해군군수사령부,물품(내자),차량·수송장비,False,3.0,False,낙찰자선정,등록공고,Y,
20240319,24년 해군 전동차 B형 구매,2024,해군군수사령부,물품(내자),차량·수송장비,False,802.0,False,낙찰자선정,등록공고,N,
20240319,24년 공군 넥타이 제조,2024,공군군수사령부,물품(내자),피복·개인용품,False,43.0,False,낙찰자선정,등록공고,Y,
20240319,2024년 아크릴 우레탄 등 3종 제조,2024,해군군수사령부,물품(내자),제조부품,False,4.0,False,낙찰자선정,등록공고,Y,
20240319,24~25년 해군 하계T셔츠 제조,2024,해군군수사령부,물품(내자),피복·개인용품,False,50.0,False,낙찰자선정,등록공고,Y,
20240319,24년 해군 백색방수 캔바스 등 2종 구매,2024,해군군수사령부,물품(내자),광물·원자재,False,756.0,False,낙찰자선정,등록공고,N,
20240320,"24년 육군군수사령부 [패드, 매트리스용 90*201호] 구매",2024,육군군수사령부,물품(내자),가구,False,11.0,False,낙찰자선정,등록공고,Y,
20240320,육군 염산 시프로플록사신 주사 등 구매,2024,육군군수사령부,물품(내자),기타(51),False,24.0,False,낙찰자선정,등록공고,N,
20240320,육군 진통제진양제수렴제및소염제 등 구매,2024,육군군수사령부,물품(내자),기타(51),False,3.0,False,낙찰자선정,등록공고,N,
20240320,2024년 해군 에나멜(노랑) 등 9종 제조,2024,해군군수사령부,물품(내자),제조부품,False,3.0,False,낙찰자선정,재공고,Y,
20240320,"24년 육군, 해병 천막용 방수포 제조",2024,육군군수사령부,물품(내자),스포츠·레저,False,12.0,False,낙찰자선정,등록공고,Y,
20240321,24년 공군 일반우의 및 군사경찰 우의 제조,2024,공군군수사령부,물품(내자),국방·치안·보안,False,30.0,False,낙찰자선정,등록공고,Y,
20240320,24년 공군 빨간마후라 목티형 8종 제조,2024,공군군수사령부,물품(내자),피복·개인용품,False,19.0,False,낙찰자선정,등록공고,Y,
20240320,24년 공군 쿨토시 제조,2024,공군군수사령부,물품(내자),국방·치안·보안,False,91.0,False,낙찰자선정,등록공고,Y,
20240320,2024년 해군 비닐아크릴프라이머 등 3종 제조,2024,해군군수사령부,물품(내자),제조부품,False,5.0,False,낙찰자선정,등록공고,Y,
20240321,24년 육군 포제부대표지 제조,2024,육군군수사령부,물품(내자),피복·개인용품,False,12.0,False,낙찰자선정,등록공고,Y,
20240404,2024 의무장비(핵산추출장치) 구매,2024,국군수도병원,물품(내자),실험·측정기기,False,3.0,False,낙찰자선정,등록공고,N,
20240321,24년 육군 유격용 장갑 제조,2024,육군군수사령부,물품(내자),피복·개인용품,False,11.0,False,낙찰자선정,등록공고,Y,
20240321,24년 육군 숙영용 야전깔개 제조,2024,육군군수사령부,물품(내자),스포츠·레저,False,8.0,False,낙찰자선정,등록공고,Y,
20240321,생화학자동분석기소형,2024,공군군수사령부,물품(내자),실험·측정기기,False,,False,낙찰자선정,등록공고,N,
20240325,24년 (해군) 소음 및 진동측정기 구매,2024,해군군수사령부,물품(내자),실험·측정기기,False,421.0,False,낙찰자선정,등록공고,N,
20240325,2024년 해군 에폭시페인트 등 4종 조달,2024,해군군수사령부,물품(내자),제조부품,False,6.0,False,낙찰자선정,등록공고,Y,
20240325,2024년 해군 에어컨(벽걸이) 조달,2024,해군군수사령부,물품(내자),배관·공조,False,,False,낙찰자선정,등록공고,N,
20240327,해병대 차륜형굴착기(중형) 제조 납품,2024,해군군수사령부,물품(내자),건설장비,False,2.0,False,낙찰자선정,등록공고,Y,
20240327,해병대 궤도형굴착기(대형) 제조 납품,2024,해군군수사령부,물품(내자),건설장비,False,2.0,False,낙찰자선정,등록공고,Y,
20240325,해병대 차륜형굴착기(소형) 제조 납품,2024,해군군수사령부,물품(내자),건설장비,True,0.0,True,유찰,등록공고,Y,
20240325,해군 차륜형굴착기(소형) 제조 납품,2024,해군군수사령부,물품(내자),건설장비,True,0.0,True,유찰,등록공고,Y,
20240325,24년 육군 상용품목 블랙박스 제조 납품,2024,육군군수사령부,물품(내자),차량·수송장비,False,4.0,False,낙찰자선정,등록공고,Y,
20240325,24년 (육군) 가스크로마토그래피 (질량분석용) 구매,2024,육군군수사령부,물품(내자),실험·측정기기,False,712.0,False,낙찰자선정,등록공고,N,
20240325,"2024년 해군 제빙기, 냉동기 조달",2024,해군군수사령부,물품(내자),운반·포장,False,,False,낙찰자선정,등록공고,N,
20240325,"24년 (육군) 질량분석기, 플라즈마 구매",2024,육군군수사령부,물품(내자),실험·측정기기,False,616.0,False,낙찰자선정,등록공고,N,
20240326,24년 해군 소방펌프차 제조,2024,해군군수사령부,물품(내자),차량·수송장비,True,0.0,True,유찰,등록공고,Y,
20240327,24년 공군 전용승용차 3.5 제조,2024,공군군수사령부,물품(내자),차량·수송장비,True,0.0,True,유찰,등록공고,Y,
20240327,24년 (육군) 치과유니트 구매,2024,육군군수사령부,물품(내자),의료장비,False,220.0,False,낙찰자선정,등록공고,N,
20240326,24년 침대 및 침대조립체 구매,2024,육군군수사령부,물품(내자),가구,False,25.0,False,낙찰자선정,등록공고,Y,
20240326,24년 공군 침대 등 2종 구매,2024,공군군수사령부,물품(내자),가구,False,31.0,False,낙찰자선정,등록공고,Y,
20240327,2024년 해군 냉장고 2종 조달,2024,해군군수사령부,물품(내자),운반·포장,False,976.0,False,낙찰자선정,등록공고,N,
20240327,2024년 육군 냉장고(소형) 조달,2024,육군군수사령부,물품(내자),운반·포장,False,,False,낙찰자선정,등록공고,N,
20240327,2024년 인플루엔자 백신,2024,육군군수사령부,물품(내자),기타(51),False,24.0,False,낙찰자선정,등록공고,N,
20240328,24년 육군 초음파진단기 구매,2024,육군군수사령부,물품(내자),의료장비,False,687.0,False,낙찰자선정,등록공고,N,
20240408,24년 육군 무릎덮개 제조,2024,육군군수사령부,물품(내자),스포츠·레저,False,31.0,False,낙찰자선정,등록공고,Y,
20240328,2024년 육군 제초제 2종 조달,2024,육군군수사령부,물품(내자),농축수산,False,81.0,False,낙찰자선정,등록공고,N,
20240522,24년 육군 철제휘장류 제조,2024,육군군수사령부,물품(내자),피복·개인용품,False,29.0,False,낙찰자선정,등록공고,Y,
20240329,24년 육군 전투용응급처치키트 및 구성품 구매,2024,육군군수사령부,물품(내자),의료장비,False,82.0,False,낙찰자선정,등록공고,N,
20240401,해군 초고분자량PE 로프 8종 제조 납품,2024,해군군수사령부,물품(내자),제조부품,False,4.0,False,낙찰자선정,등록공고,Y,
20240329,2024년 해군 방부제(디젤연료용) 조달,2024,해군군수사령부,물품(내자),화학·화공,False,757.0,False,낙찰자선정,등록공고,N,
20240329,방사능측정세트(누적선량측정기),2024,국방부 국군화생방방호사령부,물품(내자),발전·배전,False,,False,낙찰자선정,등록공고,N,Y
20240408,24년 공군 승용식 제초장비 구매,2024,공군군수사령부,물품(내자),농업기계,False,276.0,False,낙찰자선정,등록공고,N,
20240401,24년 육군 이동감호차 제조,2024,육군군수사령부,물품(내자),차량·수송장비,False,6.0,False,낙찰자선정,등록공고,Y,
20240401,국군의무사령부 의약품 587종 구매,2024,국방부 국군의무사령부,물품(내자),기타(51),False,74.0,False,낙찰자선정,등록공고,N,
20240401,24년 공군 마이크로버스 제조,2024,공군군수사령부,물품(내자),차량·수송장비,True,0.0,True,유찰,등록공고,Y,
20240401,24년 (해군) 휴대용 소음진동 측정기 구매,2024,해군군수사령부,물품(내자),실험·측정기기,False,295.0,False,낙찰자선정,등록공고,N,
20240401,"24년 (해군) 다중계기(발생기, 신호용) 조달",2024,해군군수사령부,물품(내자),실험·측정기기,False,523.0,False,낙찰자선정,등록공고,N,
20240402,24년육군 아이젠(짚신형) 조달 구매,2024,육군군수사령부,물품(내자),스포츠·레저,False,,False,낙찰자선정,등록공고,N,
20240402,24년 (육군) 이온크로마토그래피 구매,2024,육군군수사령부,물품(내자),실험·측정기기,False,772.0,False,낙찰자선정,등록공고,N,
20240402,"24년 (육군) 냉장고,의료용,중형 제조",2024,육군군수사령부,물품(내자),의료장비,True,0.0,True,유찰,등록공고,Y,
20240514,24년 해군 차륜형로더(로더스쿠프) 제조,2024,해군군수사령부,물품(내자),건설장비,False,2.0,False,낙찰자선정,등록공고,Y,
20240402,시력측정기 구매,2024,공군군수사령부,물품(내자),의료장비,False,913.0,False,낙찰자선정,등록공고,N,
20240402,"24년 (해군) 분광계(회절격자,부대정비용) 구매",2024,해군군수사령부,물품(내자),실험·측정기기,False,321.0,False,낙찰자선정,등록공고,N,
20240402,24년 육군 투척용 바리케이트 조달 구매,2024,육군군수사령부,물품(내자),국방·치안·보안,False,,False,낙찰자선정,등록공고,,
20240403,해병대 차륜형굴착기(소형) 제조 납품,2024,해군군수사령부,물품(내자),건설장비,True,0.0,True,유찰,재공고,Y,
20240402,24년 (공군) 자동혈구계산기 소형 구매,2024,공군군수사령부,물품(내자),의료장비,False,,False,낙찰자선정,등록공고,N,
20240704,24년 육군 차륜형로더 제조(추가),2024,육군군수사령부,물품(내자),건설장비,True,0.0,True,유찰,등록공고,Y,
20240404,24년 동물용 내시경 구매,2024,육군군수사령부,물품(내자),의료장비,False,76.0,False,낙찰자선정,등록공고,N,
20240403,"휴대용화학탐지기(탐지기, 가스용)",2024,국방부 국군화생방방호사령부,물품(내자),국방·치안·보안,False,517.0,False,낙찰자선정,등록공고,N,Y
20240403,육군 상업용서빙트레이(보온식관) 제조 납품,2024,육군군수사령부,물품(내자),서비스산업장비,True,0.0,True,유찰,등록공고,Y,
20240403,2024년 해군 에어컨(스탠드형) 조달,2024,해군군수사령부,물품(내자),배관·공조,False,,False,낙찰자선정,등록공고,N,
20240403,해군 차륜형굴착기(소형) 제조 납품,2024,해군군수사령부,물품(내자),건설장비,True,0.0,True,유찰,재공고,Y,
20240403,2024년 해군 희석제 7종 제조,2024,해군군수사령부,물품(내자),제조부품,False,3.0,False,낙찰자선정,등록공고,Y,
20240404,24년 해군 소방펌프차 제조,2024,해군군수사령부,물품(내자),차량·수송장비,False,3.0,False,낙찰자선정,재공고,Y,
20240408,24년 공군 조종사 출동차 제조,2024,공군군수사령부,물품(내자),차량·수송장비,False,3.0,False,낙찰자선정,등록공고,Y,
20240409,24년 공군 순찰승용차 제조,2024,공군군수사령부,물품(내자),차량·수송장비,True,0.0,True,유찰,등록공고,Y,
20240404,총기보관함 2종 구매,2024,공군군수사령부,물품(내자),가구,False,11.0,False,낙찰자선정,등록공고,Y,
20240405,24년 의무장비(인공호흡기 이동식) 구매,2024,국방부 국군의무사령부,물품(내자),의료장비,False,199.0,False,낙찰자선정,등록공고,N,
20240405,2024 의무장비(자동혈구계산기 중형) 구매,2024,국군수도병원,물품(내자),의료장비,False,3.0,False,낙찰자선정,등록공고,N,
20240405,해군 초고분자량PE 로프(24mm) 제조 납품,2024,해군군수사령부,물품(내자),제조부품,False,4.0,False,낙찰자선정,등록공고,Y,
20240405,24년 해군 소방용 노즐 등 3종 제조 구매,2024,해군군수사령부,물품(내자),국방·치안·보안,True,0.0,True,유찰,등록공고,Y,
20240405,육군 진통제진양제수렴제및소염제 등 구매,2024,육군군수사령부,물품(내자),기타(51),True,0.0,True,유찰,재공고,N,
20240409,수술등 야전용 구매,2024,육군군수사령부,물품(내자),의료장비,False,814.0,False,낙찰자선정,등록공고,N,
20240408,24년 의무장비(자동적혈구침강속도측정기) 구매,2024,국방부 국군의무사령부,물품(내자),실험·측정기기,False,,False,낙찰자선정,등록공고,N,
20240408,공군 디젤엔진지게차(11000lb) 제조 납품,2024,공군군수사령부,물품(내자),운반·포장,True,0.0,True,유찰,등록공고,Y,
20240408,공군 디젤엔진지게차(6000lb) 제조 납품,2024,공군군수사령부,물품(내자),운반·포장,True,0.0,True,유찰,등록공고,Y,
20240408,공군 전동지게차(2톤) 제조 납품,2024,공군군수사령부,물품(내자),운반·포장,True,0.0,True,유찰,등록공고,Y,
20240408,24년 의무장비(혈액가스분석기 소형) 구매,2024,국방부 국군의무사령부,물품(내자),실험·측정기기,False,,False,낙찰자선정,등록공고,N,
20240408,24년 육군 방한장갑 제조,2024,육군군수사령부,물품(내자),피복·개인용품,False,13.0,False,낙찰자선정,등록공고,Y,
20240408,24년 해병 폭발물처리 전자내시경 조달 구매,2024,해군군수사령부,물품(내자),실험·측정기기,False,,False,낙찰자선정,등록공고,N,
20240408,2024 의무장비(효소면역측정기대형) 구매,2024,국군수도병원,물품(내자),실험·측정기기,False,4.0,False,낙찰자선정,등록공고,N,
20240409,24년 육군 아세트아미노펜 구매,2024,육군군수사령부,물품(내자),기타(51),False,73.0,False,낙찰자선정,등록공고,N,
20240409,24년 육군 프레가발린캡슐 등 구매,2024,육군군수사령부,물품(내자),기타(51),False,103.0,False,낙찰자선정,등록공고,N,
20240409,2024 의무장비(치과기공용 CAD/CAM시스템) 구매,2024,국군수도병원,물품(내자),의료장비,False,2.0,False,낙찰자선정,등록공고,N,
20240411,"24년 해군, 해병 고무장갑(취사용) 구매",2024,해군군수사령부,물품(내자),서비스산업장비,False,,False,낙찰자선정,등록공고,N,
20240409,"24년 육군 탐지기, 가스용(화학작용제탐지기)조달 구매",2024,육군군수사령부,물품(내자),국방·치안·보안,False,741.0,False,낙찰자선정,등록공고,N,
20240409,육군 블랙박스(4채널) 제조 납품,2024,육군군수사령부,물품(내자),차량·수송장비,False,3.0,False,낙찰자선정,등록공고,Y,
20240409,육군 차륜형굴착기(중형) 제조 납품,2024,육군군수사령부,물품(내자),건설장비,False,2.0,False,낙찰자선정,등록공고,Y,
20240411,"24년 육군, 공군, 해병 모래주머니 구매",2024,육군군수사령부,물품(내자),운반·포장,False,6.0,False,낙찰자선정,등록공고,Y,
20240507,"24년 공군, 해군 유류작업복 제조",2024,공군군수사령부,물품(내자),피복·개인용품,False,30.0,False,낙찰자선정,등록공고,Y,
20240415,24년 해군 진동식롤러 구매,2024,해군군수사령부,물품(내자),건설장비,False,244.0,False,낙찰자선정,등록공고,N,
20240415,24년 해병 진동식롤러 구매,2024,해군군수사령부,물품(내자),건설장비,False,259.0,False,낙찰자선정,등록공고,N,
20240415,24년 육군 진동식롤러 구매,2024,육군군수사령부,물품(내자),건설장비,False,68.0,False,낙찰자선정,등록공고,N,
20240411,"24년 해군, 해병 취사용 앞치마 제조",2024,해군군수사령부,물품(내자),피복·개인용품,False,38.0,False,낙찰자선정,등록공고,Y,
20240411,24년 해병 하계 정비용 티셔츠 제조,2024,해병대 군수단,물품(내자),피복·개인용품,False,58.0,False,낙찰자선정,등록공고,Y,
20240411,24년 심전도계 구매,2024,육군군수사령부,물품(내자),의료장비,False,,False,낙찰자선정,등록공고,N,
20240412,24년 육군 아목시실린 및 포타슘클라불라네이트 등 구매,2024,육군군수사령부,물품(내자),기타(51),False,13.0,False,개찰완료,등록공고,N,
20240411,멸균기 소형 구매(육군 등),2024,육군군수사령부,물품(내자),의료장비,False,,False,낙찰자선정,등록공고,N,
20240412,2024 의무장비(치과수술용 현미경) 구매,2024,국군수도병원,물품(내자),의료장비,False,125.0,False,낙찰자선정,등록공고,N,
20240412,24년 육군 귀마개 2종 조달 구매,2024,육군군수사령부,물품(내자),국방·치안·보안,False,,False,낙찰자선정,등록공고,N,
20240412,24년 육군 신발장(6인용) 구매,2024,육군군수사령부,물품(내자),가구,False,100.0,False,낙찰자선정,등록공고,Y,
20240412,24년 (공군) 심장세동제거기(항공용) 구매,2024,공군군수사령부,물품(내자),의료장비,False,,False,낙찰자선정,등록공고,N,
20240412,"24년 (육군) 냉장고,의료용,중형 제조",2024,육군군수사령부,물품(내자),의료장비,True,0.0,True,유찰,재공고,Y,
20240430,2024 의무장비(자동분석기 생화학용 대형) 구매,2024,국군수도병원,물품(내자),실험·측정기기,False,2.0,False,낙찰자선정,등록공고,N,
20240415,2024년 해군 가정용세탁기 조달,2024,해군군수사령부,물품(내자),가정용품,False,,False,낙찰자선정,등록공고,N,
20240415,"2024년 소화용 거품액체(육군, 해군) 조달",2024,육군군수사령부,물품(내자),국방·치안·보안,False,2.0,False,낙찰자선정,등록공고,Y,
20240415,24년 육군 란소프라졸캡슐 구매,2024,육군군수사령부,물품(내자),기타(51),False,63.0,False,낙찰자선정,등록공고,N,
20240415,2024년 해군 호흡용 기체 3종 조달,2024,해군군수사령부,물품(내자),화학·화공,False,23.0,False,낙찰자선정,등록공고,N,
20240415,육군 골판지상자 제조 납품,2024,육군군수사령부,물품(내자),운반·포장,False,13.0,False,낙찰자선정,등록공고,Y,
20240415,24년 육군 무한궤도형로더 구매,2024,육군군수사령부,물품(내자),건설장비,False,162.0,False,낙찰자선정,등록공고,N,
20240416,24년 육군 궤도형도저(20톤급) 구매,2024,육군군수사령부,물품(내자),건설장비,False,50.0,False,개찰완료,등록공고,N,
20240418,24년 육군 25톤 유압기중기 구매,2024,육군군수사령부,물품(내자),운반·포장,False,41.0,False,낙찰자선정,등록공고,N,
20240416,24년 육군 방사능측정기(휴대용핵종분석기) 조달 구매,2024,육군군수사령부,물품(내자),발전·배전,False,,False,낙찰자선정,등록공고,N,
20240416,2024년 해군 냉동기용 냉매 조달,2024,해군군수사령부,물품(내자),화학·화공,False,11.0,False,낙찰자선정,등록공고,N,
20240416,24년 해군 소방용 노즐 등 3종 제조 구매,2024,해군군수사령부,물품(내자),국방·치안·보안,True,0.0,True,유찰,재공고,Y,
20240416,육군 상업용서빙트레이(보온식관) 제조 납품,2024,육군군수사령부,물품(내자),서비스산업장비,True,0.0,True,유찰,재공고,Y,
20240422,24년 육군 태극마크 제조,2024,육군군수사령부,물품(내자),피복·개인용품,False,45.0,False,낙찰자선정,등록공고,Y,
20240416,24년 해군 태극마크 제조,2024,해군군수사령부,물품(내자),피복·개인용품,False,49.0,False,낙찰자선정,등록공고,Y,
20240417,공군 디젤엔진지게차(11000lb) 제조 납품,2024,공군군수사령부,물품(내자),운반·포장,True,0.0,True,유찰,재공고,Y,
20240417,공군 디젤엔진지게차(6000lb) 제조 납품,2024,공군군수사령부,물품(내자),운반·포장,True,0.0,True,유찰,재공고,Y,
20240417,공군 전동지게차(2톤) 제조 납품,2024,공군군수사령부,물품(내자),운반·포장,True,0.0,True,유찰,재공고,Y,
20240523,24년 육군 해군 개인전투용 천막 제조,2024,육군군수사령부,물품(내자),스포츠·레저,False,32.0,False,낙찰자선정,등록공고,,
20240604,24년 육공군해병대 분대용 천막 제조,2024,육군군수사령부,물품(내자),스포츠·레저,False,23.0,False,개찰완료,등록공고,,
20240423,육군 반합 제조 납품,2024,육군군수사령부,물품(내자),스포츠·레저,True,0.0,True,유찰,변경공고,Y,
20240418,24년 의무장비(주변시야계) 구매,2024,국방부 국군의무사령부,물품(내자),의료장비,False,166.0,False,낙찰자선정,등록공고,N,
20240423,24년 해군 스키드스티어로더 구매,2024,해군군수사령부,물품(내자),건설장비,False,208.0,False,낙찰자선정,등록공고,N,
20240419,24년 (국군의무사령부) 현미경 광학양안식 구매,2024,국방부 국군의무사령부,물품(내자),실험·측정기기,False,,False,낙찰자선정,등록공고,N,
20240422,육군 합성수지제통(가솔린통) 제조 납품,2024,육군군수사령부,물품(내자),운반·포장,False,2.0,False,낙찰자선정,등록공고,Y,
20240422,육군 오토바이(1860CC) 구매,2024,육군군수사령부,물품(내자),차량·수송장비,False,54.0,False,낙찰자선정,등록공고,N,
20240422,육군 오토바이(645cc이상) 제조 구매,2024,육군군수사령부,물품(내자),차량·수송장비,False,125.0,False,낙찰자선정,등록공고,N,
20240422,공군 컨테이너하우스 제조 납품,2024,공군군수사령부,물품(내자),건축자재,False,56.0,False,개찰완료,등록공고,Y,
20240507,2024 의무장비(안구초음파진단기) 구매,2024,국군수도병원,물품(내자),의료장비,False,155.0,False,낙찰자선정,등록공고,N,
20240422,24년 육군 지휘소용 천막 제조,2024,육군군수사령부,물품(내자),스포츠·레저,False,22.0,False,낙찰자선정,등록공고,Y,
20240422,24년 해군 수조용 소방차 제조,2024,해군군수사령부,물품(내자),차량·수송장비,False,2.0,False,낙찰자선정,재공고,Y,
20240424,24년 의무장비(폐기능측정기) 구매,2024,국방부 국군의무사령부,물품(내자),의료장비,False,908.0,False,낙찰자선정,등록공고,N,
20240422,24년 육군 탄력붕대 구매,2024,육군군수사령부,물품(내자),의료장비,False,519.0,False,낙찰자선정,등록공고,N,
20240424,24년 의무장비(혈압감시장치 24시간) 구매,2024,국방부 국군의무사령부,물품(내자),의료장비,False,,False,낙찰자선정,등록공고,N,
20240508,육군 알카라인전지 등 8종 구매,2024,육군군수사령부,물품(내자),발전·배전,False,449.0,False,낙찰자선정,변경공고,N,
20240424,24년 육군 휴대용화학탐지장비 구매,2024,육군군수사령부,물품(내자),실험·측정기기,False,991.0,False,낙찰자선정,등록공고,N,
20240425,24년 공군 차륜형로더(스쿠프형) 제조,2024,공군군수사령부,물품(내자),건설장비,True,0.0,True,유찰,등록공고,Y,
20240424,24년 육군 로프발사기(투색장치) 조달,2024,육군군수사령부,물품(내자),국방·치안·보안,True,2.0,False,유찰,등록공고,N,Y
20240426,24년 육군 45분용 공기호흡기 조달 구매,2024,육군군수사령부,물품(내자),국방·치안·보안,False,,False,낙찰자선정,등록공고,N,
20240425,24년 의무장비(환자관찰장치 이동형) 조달,2024,국방부 국군의무사령부,물품(내자),의료장비,False,2.0,False,낙찰자선정,등록공고,Y,
20240426,24년 의무장비(자동흉부압박기) 구매,2024,국방부 국군의무사령부,물품(내자),의료장비,False,,False,낙찰자선정,등록공고,N,
20240724,24년 해군 그레이더 구매,2024,해군군수사령부,물품(내자),건설장비,False,118.0,False,낙찰자선정,등록공고,N,
20240426,24년 의무장비(초음파진단기 고급형) 구매,2024,국방부 국군의무사령부,물품(내자),의료장비,False,173.0,False,낙찰자선정,등록공고,N,
20240426,24년 육군 피폭선량계(방사선측정기) 구매,2024,육군군수사령부,물품(내자),발전·배전,False,,False,낙찰자선정,등록공고,N,
20240731,24년 공군 그레이더 구매(추가),2024,공군군수사령부,물품(내자),건설장비,False,98.0,False,낙찰자선정,등록공고,N,
20240429,24년 공군 그레이더 구매,2024,공군군수사령부,물품(내자),건설장비,False,87.0,False,낙찰자선정,등록공고,N,
20240429,24년 육군 CRRT 작전밴 제조,2024,육군군수사령부,물품(내자),차량·수송장비,False,5.0,False,낙찰자선정,등록공고,Y,
20240429,양압식공기호흡기-2형,2024,국방부 국군화생방방호사령부,물품(내자),국방·치안·보안,False,4.0,False,낙찰자선정,등록공고,N,Y
20240426,"배양기, 세균학용(생물안전캐비넷) 제조",2024,국방부 국군화생방방호사령부,물품(내자),실험·측정기기,True,2.0,False,유찰,등록공고,N,Y
20240426,24년 공군 빨간마후라 목티형 8종 제조 재공고,2024,공군군수사령부,물품(내자),피복·개인용품,False,13.0,False,낙찰자선정,재공고,Y,
20240426,2024년 공군 세탁기 조달,2024,공군군수사령부,물품(내자),가정용품,False,,False,낙찰자선정,등록공고,N,
20240429,24년 (육군) 이비인후과유니트 구매,2024,육군군수사령부,물품(내자),의료장비,False,146.0,False,낙찰자선정,등록공고,N,
20240430,2024년 해군 문서소독기 제조 조달,2024,해군군수사령부,물품(내자),산업기계,False,2.0,False,낙찰자선정,등록공고,Y,
20240429,"2024년 소화용 거품액체(육군, 해군) 조달",2024,육군군수사령부,물품(내자),국방·치안·보안,True,0.0,True,유찰,재공고,Y,
20240429,2024년 해병 야전 전기용접기세트 300AMP 구매,2024,해군군수사령부,물품(내자),산업기계,False,340.0,False,낙찰자선정,등록공고,N,
20240429,다용도희석농도시험셋,2024,국방부 국군화생방방호사령부,물품(내자),국방·치안·보안,False,2.0,False,낙찰자선정,등록공고,N,Y
20240429,24년 의무장비(지혈대 자동식) 구매,2024,국방부 국군의무사령부,물품(내자),의료장비,False,920.0,False,낙찰자선정,등록공고,N,
20240429,"분석키트,화학작용제용(화학이동실험실셋)",2024,국방부 국군화생방방호사령부,물품(내자),국방·치안·보안,True,0.0,True,유찰,등록공고,N,Y
20240430,2024년 해군 고무가열압력기 제조,2024,해군군수사령부,물품(내자),산업기계,True,2.0,False,유찰,등록공고,Y,
20240501,24년 육군 이부프로펜정 구매,2024,육군군수사령부,물품(내자),기타(51),False,5.0,False,낙찰자선정,등록공고,N,
20240501,2024년 해군 유압식잭 20톤 구매,2024,해군군수사령부,물품(내자),운반·포장,False,,False,낙찰자선정,등록공고,N,
20240501,24년 (육군) 생화학자동분석기 구매,2024,육군군수사령부,물품(내자),실험·측정기기,False,,False,낙찰자선정,등록공고,N,
20240430,육군 반합 제조 납품,2024,육군군수사령부,물품(내자),스포츠·레저,True,0.0,True,유찰,재공고,Y,
20240430,24년 육군 전화기(휴대용 위성전화기) 구매,2024,육군군수사령부,물품(내자),정보통신,False,2.0,False,낙찰자선정,등록공고,N,
20240501,24년 텔레비전받침대 구매,2024,육군군수사령부,물품(내자),가구,False,15.0,False,낙찰자선정,등록공고,Y,
20240501,24년 해군 거리측정기 구매,2024,해군군수사령부,물품(내자),실험·측정기기,False,370.0,False,낙찰자선정,등록공고,N,
20240521,2024년 해군 엔진브로워(송풍기) 제조,2024,해군군수사령부,물품(내자),공구,False,3.0,False,낙찰자선정,등록공고,Y,
20240501,육군 궤도형굴착기(소형) 제조 납품,2024,육군군수사령부,물품(내자),건설장비,False,2.0,False,낙찰자선정,등록공고,Y,
20240501,육군 차륜형굴착기(소형) 제조 납품,2024,육군군수사령부,물품(내자),건설장비,False,2.0,False,낙찰자선정,등록공고,Y,
20240501,공군 디젤엔진지게차(22000lb) 제조 납품,2024,공군군수사령부,물품(내자),운반·포장,True,0.0,True,유찰,등록공고,Y,
20240501,공군 지게차(22000lb) 제조 납품,2024,공군군수사령부,물품(내자),운반·포장,True,0.0,True,유찰,등록공고,Y,
20240502,공군 디젤엔진지게차(6000lb) 제조 납품,2024,공군군수사령부,물품(내자),운반·포장,True,0.0,True,유찰,재공고,Y,
20240502,공군 전동지게차(2톤) 제조 납품,2024,공군군수사령부,물품(내자),운반·포장,True,0.0,True,유찰,재공고,Y,
20240502,24년 해군 전원공급기(DC파워서플라이) 구매,2024,해군군수사령부,물품(내자),전기·조명,False,390.0,False,낙찰자선정,등록공고,N,
20240509,24년 육군 차륜형로더 제조,2024,육군군수사령부,물품(내자),건설장비,False,2.0,False,낙찰자선정,등록공고,Y,
20240502,24년 해군 직진식카고크레인 제조,2024,해군군수사령부,물품(내자),차량·수송장비,False,3.0,False,낙찰자선정,등록공고,Y,
20240502,24년 육군 인산오셀타미비르 구매,2024,육군군수사령부,물품(내자),기타(51),False,49.0,False,낙찰자선정,등록공고,N,
20240503,24년 공군 차륜형로더(스쿠프형) 제조,2024,공군군수사령부,물품(내자),건설장비,True,0.0,True,유찰,등록공고,Y,
20240516,2024년 노후 LAN 교체사업(리스조건),2024,국방부 국군의무사령부,물품(내자),정보통신,False,7.0,False,낙찰자선정,등록공고,,
20240508,2024 의무장비(환자체온조절기 자동식(물타입)) 구매,2024,국군수도병원,물품(내자),의료장비,False,353.0,False,낙찰자선정,등록공고,N,
20240507,24년 공군 취사복 및 물류복 제조,2024,공군군수사령부,물품(내자),피복·개인용품,False,37.0,False,낙찰자선정,등록공고,Y,
20240507,"24년 육군, 공군 비행장갑 제조",2024,육군군수사령부,물품(내자),피복·개인용품,False,7.0,False,낙찰자선정,등록공고,Y,
20240508,해군 PP로프(24mm) 제조 납품,2024,해군군수사령부,물품(내자),제조부품,True,0.0,True,유찰,등록공고,Y,
20240510,해군 PP로프(32mm) 제조 납품,2024,해군군수사령부,물품(내자),제조부품,True,0.0,True,유찰,등록공고,Y,
20240508,해군 PE로프 6종 제조 납품,2024,해군군수사령부,물품(내자),제조부품,False,2.0,False,낙찰자선정,등록공고,Y,
20240510,해군 PP로프 4종 제조 납품,2024,해군군수사령부,물품(내자),제조부품,False,2.0,False,낙찰자선정,등록공고,Y,
20240507,24년 육군 넥타이 제조,2024,육군군수사령부,물품(내자),피복·개인용품,False,18.0,False,낙찰자선정,등록공고,Y,
20240507,24년 의무장비(초음파진단기 안구용) 구매,2024,국방부 국군의무사령부,물품(내자),의료장비,False,167.0,False,낙찰자선정,등록공고,N,
20240507,2024 의무장비(전립선 절제경) 구매,2024,국군수도병원,물품(내자),의료장비,False,2.0,False,낙찰자선정,등록공고,N,
20240508,2024 의무장비(슬라이드 자동염색기) 구매,2024,국군수도병원,물품(내자),실험·측정기기,False,669.0,False,낙찰자선정,등록공고,N,
20240509,2024 의무장비(정수기혈액투석용) 구매,2024,국군수도병원,물품(내자),의료장비,False,94.0,False,낙찰자선정,등록공고,N,
20240510,해군 납축전지 구매,2024,해군군수사령부,물품(내자),발전·배전,False,,False,낙찰자선정,변경공고,N,
20240509,"배양기, 세균학용(생물안전캐비넷) 제조",2024,국방부 국군화생방방호사령부,물품(내자),실험·측정기기,True,0.0,True,유찰,재공고,N,Y
20240510,육군 종이테이프 구매,2024,육군군수사령부,물품(내자),제조부품,False,,False,낙찰자선정,등록공고,N,
20240510,"24년 (육군,정보사) 표면오염도측정기 구매",2024,육군군수사령부,물품(내자),실험·측정기기,False,,False,낙찰자선정,등록공고,N,
20240510,서류함 4호 구매,2024,육군군수사령부,물품(내자),가구,False,15.0,False,낙찰자선정,등록공고,Y,
20240510,"비문보관함 1호, 2호 구매",2024,육군군수사령부,물품(내자),가구,False,17.0,False,낙찰자선정,등록공고,Y,
20240510,24년 육군 로프발사기(투색장치) 조달,2024,육군군수사령부,물품(내자),국방·치안·보안,True,0.0,True,유찰,재공고,N,Y
20240514,24년 공군 궤도형도저(25톤급) 구매,2024,공군군수사령부,물품(내자),건설장비,False,63.0,False,낙찰자선정,등록공고,N,
20240516,24년 육군 EOD 작전차량 제조,2024,육군군수사령부,물품(내자),차량·수송장비,False,8.0,False,낙찰자선정,등록공고,Y,
20240513,24년 의무장비(초음파진단기 일반용) 구매,2024,국방부 국군의무사령부,물품(내자),의료장비,False,276.0,False,낙찰자선정,등록공고,N,
20240513,2024 의무장비(X-선기 수술용 C-arm) 구매,2024,국군수도병원,물품(내자),의료장비,True,0.0,True,유찰,등록공고,N,
20240514,24년 (육군) 흡인기(구급차 보강용) 구매,2024,육군군수사령부,물품(내자),의료장비,False,,False,낙찰자선정,등록공고,N,
20240514,공군 디젤엔진지게차(22000lb) 제조 납품,2024,공군군수사령부,물품(내자),운반·포장,True,0.0,True,유찰,재공고,Y,
20240514,공군 지게차(22000lb) 제조 납품,2024,공군군수사령부,물품(내자),운반·포장,True,0.0,True,유찰,재공고,Y,
20240514,해군 나일론로프 등 10종 제조 납품,2024,해군군수사령부,물품(내자),제조부품,False,3.0,False,낙찰자선정,등록공고,Y,
20240514,24년 의무장비(체외충격파치료기) 구매,2024,국방부 국군의무사령부,물품(내자),의료장비,False,159.0,False,낙찰자선정,등록공고,N,
20240516,24년 공군 차륜형로더(스쿠프형) 제조,2024,공군군수사령부,물품(내자),건설장비,True,0.0,True,유찰,재공고,Y,
20240514,24년 육군 활성탄 조달 구매,2024,육군군수사령부,물품(내자),광물·원자재,False,6.0,False,낙찰자선정,등록공고,Y,
20240516,육군 산악용굴착기 구매,2024,육군군수사령부,물품(내자),건설장비,False,31.0,False,낙찰자선정,등록공고,N,
20240516,육군 지게차(전동2톤) 제조 납품,2024,육군군수사령부,물품(내자),운반·포장,True,0.0,True,유찰,등록공고,Y,
20240516,육군 믹서기(양념분쇄기) 구매,2024,육군군수사령부,물품(내자),서비스산업장비,False,,False,낙찰자선정,등록공고,N,
20240517,24년 해군 오일펜스(신속전장형 등) 2종 조달 구매,2024,해군군수사령부,물품(내자),배관·공조,False,,False,낙찰자선정,등록공고,N,
20240516,육군 오토바이(645cc이상) 구매,2024,육군군수사령부,물품(내자),차량·수송장비,False,17.0,False,낙찰자선정,재공고,N,
20240516,24년 해군 동작감지경보기(개인인명구조경보기) 조달 구매,2024,해군군수사령부,물품(내자),국방·치안·보안,False,995.0,False,낙찰자선정,등록공고,N,
20240520,24년 의무장비(전기소작기 병원용) 구매,2024,국방부 국군의무사령부,물품(내자),의료장비,False,877.0,False,낙찰자선정,등록공고,N,
20240516,2024년 육군 방청유 조달,2024,육군군수사령부,물품(내자),연료·유류,False,2.0,False,낙찰자선정,등록공고,Y,
20240517,2024 의무장비(뇌파기(EEG)) 구매,2024,국군수도병원,물품(내자),의료장비,False,146.0,False,낙찰자선정,등록공고,N,
20240517,2024 의무장비(수술대병원용 자동식) 구매,2024,국군수도병원,물품(내자),의료장비,False,167.0,False,낙찰자선정,등록공고,N,
20240520,24년 해군 카본헬멧 조달 구매,2024,해군군수사령부,물품(내자),국방·치안·보안,False,,False,낙찰자선정,등록공고,N,
20240517,24년 해군 치약 제조,2024,해군군수사령부,물품(내자),피복·개인용품,False,2.0,False,낙찰자선정,등록공고,Y,
20240517,"분석키트,화학작용제용(화학이동실험실셋)",2024,국방부 국군화생방방호사령부,물품(내자),국방·치안·보안,True,0.0,True,유찰,재공고,N,Y
20240711,24년 공군 무한궤도형로더 구매,2024,공군군수사령부,물품(내자),건설장비,False,54.0,False,낙찰자선정,등록공고,N,
20240521,24년 해군 소방헬멧 조달 구매,2024,해군군수사령부,물품(내자),국방·치안·보안,False,285.0,False,낙찰자선정,등록공고,N,
20240520,"24년 해군 발생기,신호용(20GHz) 구매",2024,해군군수사령부,물품(내자),실험·측정기기,False,,False,낙찰자선정,등록공고,N,
20240520,24년 해군 시험세트(신호발생기용) 구매,2024,해군군수사령부,물품(내자),실험·측정기기,False,280.0,False,낙찰자선정,등록공고,N,
20240520,24년 해병 손세정제 제조,2024,해병대 군수단,물품(내자),피복·개인용품,False,20.0,False,낙찰자선정,등록공고,Y,
20240520,24년 육군 야전전투용앰프(대대/연대급) 구매,2024,육군군수사령부,물품(내자),가정용품,False,17.0,False,낙찰자선정,등록공고,Y,
20240528,2024 의무장비(인공호흡기 고급형) 구매,2024,국군수도병원,물품(내자),의료장비,False,186.0,False,낙찰자선정,등록공고,N,
20240627,24년 공군 정비복 제조,2024,공군군수사령부,물품(내자),피복·개인용품,False,8.0,False,낙찰자선정,등록공고,Y,
20240521,24년 공군 드로즈형 팬티 제조,2024,공군군수사령부,물품(내자),피복·개인용품,False,36.0,False,낙찰자선정,등록공고,Y,
20240521,24년 공군 런닝셔츠(백색 T형) 제조,2024,공군군수사령부,물품(내자),피복·개인용품,False,36.0,False,낙찰자선정,등록공고,Y,
20240521,24년 육군 히알루론산나트륨점안액 등 구매,2024,육군군수사령부,물품(내자),기타(51),False,55.0,False,낙찰자선정,등록공고,N,
20240521,2024년 해군 고무가열압력기 제조,2024,해군군수사령부,물품(내자),산업기계,True,0.0,True,유찰,재공고,Y,
20240521,2024년 육군 다목적송풍기 제조,2024,육군군수사령부,물품(내자),공구,False,9.0,False,낙찰자선정,등록공고,Y,
20240528,24년 육군 해군 분말소화기 제조 구매,2024,육군군수사령부,물품(내자),국방·치안·보안,False,5.0,False,낙찰자선정,등록공고,Y,
20240522,"24 육군 팩,한방 카타플라스마 등 구매",2024,육군군수사령부,물품(내자),기타(51),False,3.0,False,낙찰자선정,등록공고,N,
20240522,24년 육군 세레콕시브캡슐 구매,2024,육군군수사령부,물품(내자),기타(51),False,85.0,False,낙찰자선정,등록공고,N,
20240527,24년 (해군) 전자동 정제분류포장기 구매,2024,해군군수사령부,물품(내자),의료장비,False,,False,낙찰자선정,등록공고,N,
20240603,"24년 군용하계조종화제조(육군,해군)",2024,육군군수사령부,물품(내자),국방·치안·보안,False,2.0,False,낙찰자선정,등록공고,Y,
20240530,"24년 해군 VTR세트,방수형(탐색/구조) 구매",2024,해군군수사령부,물품(내자),인쇄·영상,False,397.0,False,낙찰자선정,등록공고,N,
20240524,해군 PP로프(24mm) 제조 납품,2024,해군군수사령부,물품(내자),제조부품,True,0.0,True,유찰,재공고,Y,
20240524,해군 PP로프(32mm) 제조 납품,2024,해군군수사령부,물품(내자),제조부품,True,0.0,True,유찰,재공고,Y,
20240524,육군·공군 액체연료주입기 제조 납품,2024,육군군수사령부,물품(내자),공구,False,2.0,False,낙찰자선정,등록공고,Y,
20240524,육군 플라스틱상자 4종 제조 납품,2024,육군군수사령부,물품(내자),운반·포장,False,5.0,False,낙찰자선정,등록공고,Y,
20240524,공군 플라스틱상자 5종 제조 납품,2024,공군군수사령부,물품(내자),운반·포장,False,4.0,False,낙찰자선정,등록공고,Y,
20240524,육군 플라스틱상자(뚜껑일체형) 제조 납품,2024,육군군수사령부,물품(내자),운반·포장,False,4.0,False,낙찰자선정,등록공고,Y,
20240528,2024 (국군수도병원) 전기소작기 병원용 구매,2024,국군수도병원,물품(내자),의료장비,False,,False,낙찰자선정,등록공고,N,
20240524,육군 지게차(전동2톤) 제조 납품,2024,육군군수사령부,물품(내자),운반·포장,True,0.0,True,유찰,재공고,Y,
20240524,해군 페인트용붓 구매,2024,해군군수사령부,물품(내자),제조부품,False,,False,낙찰자선정,등록공고,N,
20240527,육군 지게차(3톤) 제조 납품,2024,육군군수사령부,물품(내자),운반·포장,False,3.0,False,낙찰자선정,등록공고,Y,
20240527,육군 지게차(전동3톤) 제조 납품,2024,육군군수사령부,물품(내자),운반·포장,False,3.0,False,낙찰자선정,등록공고,Y,
20240527,해병대 지게차(5톤) 제조 납품,2024,해군군수사령부,물품(내자),운반·포장,True,0.0,True,유찰,등록공고,Y,
20240527,해병대 지게차(3톤) 제조 납품,2024,해군군수사령부,물품(내자),운반·포장,True,0.0,True,유찰,등록공고,Y,
20240527,해군 지게차(전동2톤) 제조 납품,2024,해군군수사령부,물품(내자),운반·포장,True,0.0,True,유찰,등록공고,Y,
20240528,2024년 육군 발전기세트 3종 제조,2024,육군군수사령부,물품(내자),발전·배전,False,10.0,False,낙찰자선정,등록공고,Y,
20240527,2024 의무장비(관절내시경) 구매,2024,국군수도병원,물품(내자),의료장비,False,,False,낙찰자선정,등록공고,N,
20240527,2024 의무장비(미세수술드릴 구강악안면 외과용) 구매,2024,국군수도병원,물품(내자),의료장비,False,,False,낙찰자선정,등록공고,N,
20240528,24년 육군 거즈(외과용) 구매,2024,육군군수사령부,물품(내자),의료장비,False,,False,낙찰자선정,등록공고,N,
20240528,2024년 육군 디젤발전기 3종 제조,2024,육군군수사령부,물품(내자),발전·배전,False,10.0,False,낙찰자선정,등록공고,Y,
20240528,(재공고)24년 해군 치약 제조,2024,해군군수사령부,물품(내자),피복·개인용품,True,0.0,True,유찰,재공고,Y,
20240528,24년 해군 부력조절기 2종 조달 구매,2024,해군군수사령부,물품(내자),스포츠·레저,False,350.0,False,낙찰자선정,등록공고,N,
20240530,24년 해군 해병 이산화탄소소화기 조달 구매,2024,해군군수사령부,물품(내자),국방·치안·보안,False,2.0,False,낙찰자선정,등록공고,Y,
20240529,노후 화상회의장비 교체사업,2024,국방시설본부,물품(내자),인쇄·영상,False,2.0,False,낙찰자선정,등록공고,N,Y
20240530,24년 의무장비(이비인후과유니트 병원용) 구매,2024,국방부 국군의무사령부,물품(내자),의료장비,False,,False,낙찰자선정,등록공고,N,
20240603,24년 육군 물백 제조,2024,육군군수사령부,물품(내자),피복·개인용품,False,43.0,False,낙찰자선정,등록공고,Y,
20240603,24년 육군 개인용 특수천막,2024,육군군수사령부,물품(내자),스포츠·레저,False,29.0,False,낙찰자선정,등록공고,Y,
20240530,24년 해군 소방헬멧 조달 구매,2024,해군군수사령부,물품(내자),국방·치안·보안,False,162.0,False,낙찰자선정,등록공고,N,
20240531,2024년 해병 공기압축기 1종 구매(15CFM),2024,해군군수사령부,물품(내자),배관·공조,False,15.0,False,낙찰자선정,등록공고,Y,
20240531,2024년 해병 공기압축기 1종 제조(250CFM),2024,해군군수사령부,물품(내자),배관·공조,False,15.0,False,낙찰자선정,등록공고,Y,
20240603,24년 의무장비(소형 이동용 C-arm) 구매,2024,국방부 국군의무사령부,물품(내자),의료장비,False,5.0,False,낙찰자선정,등록공고,N,
20240603,24년 의무장비(멸균소독기 중형 전기식) 구매,2024,국방부 국군의무사령부,물품(내자),의료장비,False,,False,낙찰자선정,등록공고,N,
20240604,24년 해군 LED 수심게이지 조달 구매,2024,해군군수사령부,물품(내자),스포츠·레저,False,,False,낙찰자선정,등록공고,N,
20240603,24년 해군 로프발사기세트 조달 구매,2024,해군군수사령부,물품(내자),국방·치안·보안,False,,False,낙찰자선정,등록공고,N,
20240604,24년 육군 유압식 인명구출 및 해난구조키트 조달 구매,2024,육군군수사령부,물품(내자),국방·치안·보안,False,293.0,False,낙찰자선정,등록공고,N,
20240605,24년 육군 난연 안면마스크 제조,2024,육군군수사령부,물품(내자),국방·치안·보안,False,34.0,False,낙찰자선정,등록공고,Y,
20240604,"24년 공군, 해군 유류작업복 제조 재공고",2024,공군군수사령부,물품(내자),피복·개인용품,False,21.0,False,낙찰자선정,재공고,Y,
20240604,2024 의무장비(X-선기 수술용 C-arm) 구매,2024,국군수도병원,물품(내자),의료장비,True,0.0,True,유찰,재공고,N,
20240605,24년 해군 방열복류 제조,2024,해군군수사령부,물품(내자),국방·치안·보안,False,2.0,False,낙찰자선정,등록공고,Y,
20240605,24년 육군 생물학 보호의 LEVEL A 구매,2024,육군군수사령부,물품(내자),국방·치안·보안,False,,False,낙찰자선정,등록공고,N,
20240605,24년 육군 생물학 보호의 LEVEL C 구매,2024,육군군수사령부,물품(내자),국방·치안·보안,False,,False,낙찰자선정,등록공고,N,
20240604,2024년 해병 디젤발전기 1종 구매,2024,해군군수사령부,물품(내자),발전·배전,False,7.0,False,낙찰자선정,등록공고,Y,
20240604,해병대 지게차(3톤) 제조 납품,2024,해군군수사령부,물품(내자),운반·포장,True,0.0,True,유찰,재공고,Y,
20240604,해병대 지게차(5톤) 제조 납품,2024,해군군수사령부,물품(내자),운반·포장,True,0.0,True,유찰,재공고,Y,
20240604,해군 지게차(전동2톤) 제조 납품,2024,해군군수사령부,물품(내자),운반·포장,True,0.0,True,유찰,재공고,Y,
20240605,2024년 공군 가죽벨트 조달,2024,공군군수사령부,물품(내자),피복·개인용품,False,35.0,False,낙찰자선정,등록공고,Y,
20240604,2024년 해군 이동식공기압축기 2종 구매,2024,해군군수사령부,물품(내자),배관·공조,False,18.0,False,낙찰자선정,등록공고,Y,
20240610,24년 (의무사령부) 치과용유니트 및 의자 구매,2024,국방부 국군의무사령부,물품(내자),의료장비,False,135.0,False,낙찰자선정,등록공고,N,
20240605,2024 의무장비(비인후경) 구매,2024,국군수도병원,물품(내자),의료장비,False,,False,낙찰자선정,등록공고,N,
20240605,2024 의무장비(수술대 병원용 자동식(URO)) 구매,2024,국군수도병원,물품(내자),의료장비,False,159.0,False,낙찰자선정,등록공고,N,
20240610,24년 해군 4단 내화비밀보관함 구매,2024,해군군수사령부,물품(내자),국방·치안·보안,False,,False,낙찰자선정,등록공고,N,
20240605,24년 해군 일반형 호흡조정기 구매,2024,해군군수사령부,물품(내자),스포츠·레저,False,649.0,False,낙찰자선정,등록공고,N,
20240605,24년 해군 동계형 호흡조정기 2종 조달 구매,2024,해군군수사령부,물품(내자),스포츠·레저,False,,False,낙찰자선정,등록공고,N,
20240607,24년 육군 응급처치용유닛(응급흉부외상패드) 구매,2024,육군군수사령부,물품(내자),의료장비,False,189.0,False,낙찰자선정,등록공고,N,
20240607,2024년 육군 공기압축기 2종 제조,2024,육군군수사령부,물품(내자),배관·공조,False,17.0,False,낙찰자선정,등록공고,Y,
20240607,24년 함정원격의료지원시스템 구매,2024,해군군수사령부,물품(내자),정보통신,False,3.0,False,낙찰자선정,등록공고,Y,
20240610,2024년 해병 엔진브로워(송풍기) 구매,2024,해병대 군수단,물품(내자),공구,False,,False,낙찰자선정,등록공고,N,
20240610,2024년 육군 다목적이동형작업등세트 제조,2024,육군군수사령부,물품(내자),전기·조명,False,9.0,False,낙찰자선정,등록공고,Y,
20240610,2024년 육군 선반(6척) 구매,2024,육군군수사령부,물품(내자),산업기계,False,,False,낙찰자선정,등록공고,N,
20240610,2024년 해군 소형선반 구매,2024,해군군수사령부,물품(내자),산업기계,False,389.0,False,낙찰자선정,등록공고,N,
20240627,24년 해병 궤도형도저(20톤급) 구매,2024,해군군수사령부,물품(내자),건설장비,False,45.0,False,낙찰자선정,등록공고,N,
20240611,2024년 해병 폴리우레탄코팅제 제조,2024,해병대 군수단,물품(내자),제조부품,False,2.0,False,낙찰자선정,등록공고,Y,
20240613,"24년 해병 구명구, 팔에 끼는형(항공용) 조달 구매",2024,해병대 군수단,물품(내자),국방·치안·보안,False,9.0,False,낙찰자선정,등록공고,Y,
20240611,2024년 육군 가솔린발전기(5kw) 455대 제조,2024,육군군수사령부,물품(내자),발전·배전,False,5.0,False,낙찰자선정,등록공고,Y,
20240611,2024년 가솔린발전기(5kw) 6대 제조,2024,육군군수사령부,물품(내자),발전·배전,False,2.0,False,낙찰자선정,등록공고,Y,
20240611,2024년 육군 가솔린발전기(1.5kw) 제조,2024,육군군수사령부,물품(내자),발전·배전,False,6.0,False,낙찰자선정,등록공고,Y,
20240611,해군 지게차(전동2톤) 제조 납품,2024,해군군수사령부,물품(내자),운반·포장,True,0.0,True,유찰,재공고,Y,
20240612,육군·공군 액체연료주입기 제조 납품,2024,육군군수사령부,물품(내자),공구,False,2.0,False,낙찰자선정,재공고,Y,
20240612,"24 육군 팩,한방 카타플라스마 등 구매",2024,육군군수사령부,물품(내자),기타(51),True,0.0,True,유찰,재공고,N,
20240612,24년 해군 신호분석기(표준기) 구매,2024,해군군수사령부,물품(내자),실험·측정기기,False,227.0,False,낙찰자선정,등록공고,N,
20240612,24년 의무장비(요관경 및 쇄석기) 구매,2024,국방부 국군의무사령부,물품(내자),의료장비,False,87.0,False,낙찰자선정,등록공고,N,
20240612,"24년 육군 주사기(피하주사용, 일회용주사기) 구매",2024,육군군수사령부,물품(내자),의료장비,False,302.0,False,낙찰자선정,등록공고,N,
20240624,24-2차 화상회의체계 구축,2024,국방부 국군조직 드론작전사령부,물품(내자),인쇄·영상,False,4.0,False,낙찰자선정,변경공고,N,Y
20240612,(재공고) 2024년 해군 엔진브로워(송풍기) 제조,2024,해군군수사령부,물품(내자),공구,False,5.0,False,낙찰자선정,재공고,Y,
20240612,2024년 1차 진중문고 전자책 구매,2024,국방부,물품(내자),정보통신,False,257.0,False,낙찰자선정,등록공고,N,Y
20240613,24년 해군 오리발 스피이더 조달 구매,2024,해군군수사령부,물품(내자),스포츠·레저,False,,False,낙찰자선정,등록공고,N,
20240613,24년 해병 구조대용 구명의 제조 구매,2024,해병대 군수단,물품(내자),국방·치안·보안,False,8.0,False,낙찰자선정,등록공고,Y,
20240613,24년 조끼형 구명구 제조 구매,2024,해군군수사령부,물품(내자),국방·치안·보안,False,11.0,False,낙찰자선정,등록공고,Y,
20240614,24년 해군 잠수용장갑 등 5종 조달 구매,2024,해군군수사령부,물품(내자),스포츠·레저,False,,False,낙찰자선정,등록공고,N,
20240614,24년 해군 잠수용마스크 조달 구매,2024,해군군수사령부,물품(내자),스포츠·레저,False,,False,낙찰자선정,등록공고,N,
20240612,육군 자동차리프트 제조 납품,2024,육군군수사령부,물품(내자),운반·포장,False,21.0,False,낙찰자선정,등록공고,Y,
20240613,24년 육군 알루미늄 목발 구매,2024,육군군수사령부,물품(내자),의료장비,False,571.0,False,낙찰자선정,등록공고,N,
20240613,해군 식기 6종 구매,2024,해군군수사령부,물품(내자),서비스산업장비,False,,False,낙찰자선정,등록공고,N,
20240613,육군 플라스틱 주입구 제조 납품,2024,육군군수사령부,물품(내자),공구,False,4.0,False,낙찰자선정,등록공고,Y,
20240614,24년 (육군) 액체크로마토그래피 질량분석기 구매,2024,육군군수사령부,물품(내자),실험·측정기기,False,368.0,False,낙찰자선정,등록공고,N,
20240614,24년 육군 고속버스 제조,2024,육군군수사령부,물품(내자),차량·수송장비,False,3.0,False,낙찰자선정,등록공고,Y,Y
20240617,24년 의무장비(내시경관절용) 구매,2024,국방부 국군의무사령부,물품(내자),의료장비,False,,False,낙찰자선정,등록공고,N,
20240614,24년 해군 조절기 백 1종 조달 구매,2024,해군군수사령부,물품(내자),스포츠·레저,False,,False,낙찰자선정,등록공고,N,
20240614,24년 해군 수심압력계 1종 조달 구매,2024,해군군수사령부,물품(내자),스포츠·레저,False,,False,낙찰자선정,등록공고,N,
20240619,의무장비(수술대병원용 자동식) 구매,2024,국군대전병원,물품(내자),의료장비,False,194.0,False,낙찰자선정,등록공고,N,
20240617,24년 육군 근무복 잠바 제조,2024,육군군수사령부,물품(내자),피복·개인용품,False,29.0,False,낙찰자선정,등록공고,Y,
20240617,"24년 육군, 해군 무릎/팔꿈치 보호대 제조",2024,육군군수사령부,물품(내자),국방·치안·보안,False,23.0,False,낙찰자선정,등록공고,Y,
20240618,24년 (해군) 초음파진단기 (산부인과용) 구매,2024,해군군수사령부,물품(내자),의료장비,False,,False,낙찰자선정,등록공고,N,
20240619,24년 (국군대전병원) 전자동 정제분류포장기 구매,2024,국군대전병원,물품(내자),의료장비,False,,False,낙찰자선정,등록공고,N,
20240619,육군 오더피커 제조 납품,2024,육군군수사령부,물품(내자),운반·포장,True,0.0,True,유찰,등록공고,Y,
20240619,육군 리치트럭 제조 납품,2024,육군군수사령부,물품(내자),운반·포장,True,0.0,True,유찰,등록공고,Y,
20240619,육군 지게차 25톤 제조 납품,2024,육군군수사령부,물품(내자),운반·포장,False,2.0,False,낙찰자선정,등록공고,Y,
20240619,24년 (국군대전병원) 자동세척건조기 중형 구매,2024,국군대전병원,물품(내자),의료장비,False,182.0,False,낙찰자선정,등록공고,N,
20240619,해군 지게차(5톤) 제조 납품,2024,해군군수사령부,물품(내자),운반·포장,True,0.0,True,유찰,등록공고,Y,
20240619,육군 지게차 10톤 제조 납품,2024,육군군수사령부,물품(내자),운반·포장,True,0.0,True,유찰,등록공고,Y,
20240626,24년 해병 액상세제 제조,2024,해병대 군수단,물품(내자),청소장비,False,19.0,False,낙찰자선정,등록공고,Y,
20240621,해군 차륜형굴착기(중형) 제조 납품,2024,해군군수사령부,물품(내자),건설장비,True,0.0,True,유찰,등록공고,Y,
20240620,24년 의무장비(내시경 비인후두용) 구매,2024,국방부 국군의무사령부,물품(내자),의료장비,False,,False,낙찰자선정,등록공고,N,
20240621,육군 원형식관 구매,2024,육군군수사령부,물품(내자),서비스산업장비,False,,False,낙찰자선정,등록공고,N,
20240620,해군 PP로프(32mm) 제조 납품,2024,해군군수사령부,물품(내자),제조부품,False,3.0,False,낙찰자선정,등록공고,Y,
20240620,해군 지게차(3톤) 제조 납품,2024,해군군수사령부,물품(내자),운반·포장,True,0.0,True,유찰,등록공고,Y,
20240620,24년 의무장비(광간섭촬영기) 구매,2024,국방부 국군의무사령부,물품(내자),의료장비,False,148.0,False,낙찰자선정,등록공고,N,
20240620,24년 해군 수중용시계 조달 구매,2024,해군군수사령부,물품(내자),기타(54),False,,False,낙찰자선정,등록공고,N,
20240620,24년 해군 수난구조용 헬멧 조달 구매,2024,해군군수사령부,물품(내자),국방·치안·보안,False,,False,낙찰자선정,등록공고,N,
20240621,"분석키트, 폭발물병기처리용(X-Ray투시기) 구매",2024,국방부 국군화생방방호사령부,물품(내자),국방·치안·보안,False,713.0,False,개찰완료,등록공고,N,Y
20240701,"24년 (국군대전병원) 환자관찰장치 (중앙,침상형) 구매",2024,국군대전병원,물품(내자),의료장비,False,877.0,False,낙찰자선정,등록공고,N,
20240626,육군 가솔린선외모터 구매,2024,육군군수사령부,물품(내자),발전·배전,False,686.0,False,낙찰자선정,등록공고,N,
20240715,24년 육군 3단 야전삽 제조,2024,육군군수사령부,물품(내자),공구,False,2.0,False,낙찰자선정,등록공고,Y,
20240626,24년 해군 락스 제조,2024,해군군수사령부,물품(내자),청소장비,False,3.0,False,낙찰자선정,등록공고,Y,
20240624,"2024년 공군, 해병대 온장고(대형) 조달",2024,해병대 군수단,물품(내자),서비스산업장비,False,508.0,False,낙찰자선정,등록공고,N,
20240624,24년 의무장비(심장세동제거기 병원용) 구매,2024,국방부 국군의무사령부,물품(내자),의료장비,False,,False,낙찰자선정,등록공고,N,
20240624,24년 의무장비(심전도계 병원용) 구매,2024,국방부 국군의무사령부,물품(내자),의료장비,False,,False,낙찰자선정,등록공고,N,
20240626,"24년 공군, 해군, 해병 보온대 제조",2024,공군군수사령부,물품(내자),피복·개인용품,False,16.0,False,낙찰자선정,등록공고,Y,
20240625,24년 의무장비(안과세극등) 구매,2024,국방부 국군의무사령부,물품(내자),의료장비,False,195.0,False,낙찰자선정,등록공고,N,
20240627,24년 의무장비(근전도계) 구매,2024,국방부 국군의무사령부,물품(내자),의료장비,False,174.0,False,낙찰자선정,등록공고,N,
20240627,24년 의무장비(내시경 위대장용) 구매,2024,국방부 국군의무사령부,물품(내자),의료장비,False,653.0,False,낙찰자선정,등록공고,N,
20240626,2024년 육군 온수제조기 조달,2024,육군군수사령부,물품(내자),서비스산업장비,False,,False,낙찰자선정,등록공고,N,
20240628,차세대 군사법 서버보안SW 직접구매 및 설치사업,2024,국방통합데이터센터,물품(내자),정보통신,False,79.0,False,낙찰자선정,등록공고,N,
20241029,24년 해군 세수비누 제조,2024,해군군수사령부,물품(내자),피복·개인용품,False,3.0,False,낙찰자선정,등록공고,Y,
20240626,육군 핸드팰릿트럭 구매,2024,육군군수사령부,물품(내자),운반·포장,False,,False,낙찰자선정,등록공고,N,
20240626,육군 유류탱크 제조 납품,2024,육군군수사령부,물품(내자),운반·포장,False,7.0,False,낙찰자선정,등록공고,Y,
20240627,2024년 육군 UTP케이블 조달,2024,육군군수사령부,물품(내자),발전·배전,False,,False,낙찰자선정,등록공고,N,
20240627,24년 의무장비(간섭파치료기) 구매,2024,국방부 국군의무사령부,물품(내자),의료장비,False,176.0,False,낙찰자선정,등록공고,N,
20240628,24년 의무장비(무산동안저카메라) 구매,2024,국방부 국군의무사령부,물품(내자),의료장비,False,148.0,False,낙찰자선정,등록공고,N,
20240628,24년 의무장비(수술드릴 및 쏘셋 전기식) 구매,2024,국방부 국군의무사령부,물품(내자),의료장비,False,,False,낙찰자선정,등록공고,N,
20240628,육군 지게차 10톤 제조 납품,2024,육군군수사령부,물품(내자),운반·포장,True,0.0,True,유찰,재공고,Y,
20240628,해군 지게차(5톤) 제조 납품,2024,해군군수사령부,물품(내자),운반·포장,True,0.0,True,유찰,재공고,Y,
20240628,2024 의무장비(수술드릴 및 쏘셋 밧데리식) 구매,2024,국군수도병원,물품(내자),의료장비,False,,False,낙찰자선정,등록공고,N,
20240701,차세대 군사법 DB접근제어SW 직접구매 및 설치사업,2024,국방통합데이터센터,물품(내자),정보통신,False,144.0,False,낙찰자선정,등록공고,N,
20240703,"해군 주방용품(보온물병, 도마대, 냉면그릇) 구매",2024,해군군수사령부,물품(내자),서비스산업장비,False,,False,낙찰자선정,등록공고,N,
20240701,24년 육군 군사경찰 경호용승용차 제조,2024,육군군수사령부,물품(내자),차량·수송장비,False,5.0,False,낙찰자선정,등록공고,Y,
20240703,24년 의무장비(운동부하 심전도계) 구매,2024,국방부 국군의무사령부,물품(내자),의료장비,False,259.0,False,낙찰자선정,등록공고,N,
20240703,"24년 해군 VTR세트,방수형(탐색/구조) 구매",2024,해군군수사령부,물품(내자),인쇄·영상,False,299.0,False,낙찰자선정,재공고,N,
20240703,24년 의무장비(산소소생기) 구매,2024,국방부 국군의무사령부,물품(내자),의료장비,False,,False,낙찰자선정,등록공고,N,
20240703,육군 오더피커 제조 납품,2024,육군군수사령부,물품(내자),운반·포장,True,0.0,True,유찰,재공고,Y,
20240703,육군 리치트럭 제조 납품,2024,육군군수사령부,물품(내자),운반·포장,True,0.0,True,유찰,재공고,Y,
20240703,해군 지게차(3톤) 제조 납품,2024,해군군수사령부,물품(내자),운반·포장,True,0.0,True,유찰,재공고,Y,
20240703,24년 의무장비(원격진료시스템) 구매,2024,국방부 국군의무사령부,물품(내자),의료장비,False,2.0,False,낙찰자선정,등록공고,N,Y
20240703,해군 차륜형굴착기(중형) 제조 납품,2024,해군군수사령부,물품(내자),건설장비,True,0.0,True,유찰,재공고,Y,
20240703,24년 의무장비(고주파수술기 이비인후과용) 구매,2024,국방부 국군의무사령부,물품(내자),의료장비,False,,False,낙찰자선정,등록공고,N,
20240704,24년 해군 차륜형로더 제조(추가),2024,해군군수사령부,물품(내자),건설장비,True,0.0,True,유찰,등록공고,Y,
20240704,해군 지게차(10톤) 제조 납품,2024,해군군수사령부,물품(내자),운반·포장,False,2.0,False,낙찰자선정,등록공고,Y,
20240704,24년 해군 스키드스티어로더 구매(추가),2024,해군군수사령부,물품(내자),건설장비,False,144.0,False,낙찰자선정,등록공고,N,
20240708,24년 (국군의무사령부) 자동세척건조기 (중형) 구매,2024,국방부 국군의무사령부,물품(내자),의료장비,False,274.0,False,낙찰자선정,등록공고,N,
20240716,2024 의무장비(수술등 천정식(응급실용)) 구매,2024,국군수도병원,물품(내자),의료장비,False,278.0,False,낙찰자선정,등록공고,N,
20240716,2024 의무장비(수술등 천정식(수술실용)) 구매,2024,국군수도병원,물품(내자),의료장비,False,296.0,False,낙찰자선정,등록공고,N,
20240705,24년 의무장비(생활심전도계) 구매,2024,국방부 국군의무사령부,물품(내자),의료장비,False,827.0,False,낙찰자선정,등록공고,N,
20240708,육군 지게차 10톤 제조 납품,2024,육군군수사령부,물품(내자),운반·포장,False,2.0,False,낙찰자선정,재공고,Y,
20240708,엑스선기 600MA 디지털 구매,2024,공군군수사령부,물품(내자),의료장비,False,11.0,False,낙찰자선정,등록공고,N,
20240708,"분석키트, 폭발물병기처리용(X-Ray투시기) 구매",2024,국방부 국군화생방방호사령부,물품(내자),국방·치안·보안,False,27.0,False,낙찰자선정,등록공고,N,Y
20240710,24년 전투피복체계 품질개선 조달 사업,2024,육군군수사령부,물품(내자),피복·개인용품,True,0.0,True,유찰,등록공고,,
20240709,해군 궤도형굴착기(소형) 제조 납품,2024,해군군수사령부,물품(내자),건설장비,True,0.0,True,유찰,등록공고,Y,
20240709,육군 지게차(7톤) 제조 납품,2024,육군군수사령부,물품(내자),운반·포장,False,2.0,False,낙찰자선정,등록공고,Y,
20240710,24년 (국군의무사령부) 전자동정제분류포장기 구매,2024,국방부 국군의무사령부,물품(내자),의료장비,False,,False,낙찰자선정,등록공고,N,
20240715,24년 의무장비(사체냉동기 2구용 일반용) 구매,2024,국방부 국군의무사령부,물품(내자),의료장비,False,,False,낙찰자선정,등록공고,N,
20240711,해병 반합 제조 납품,2024,해병대 군수단,물품(내자),스포츠·레저,True,0.0,True,유찰,등록공고,Y,
20240725,24년 공군 학군단 외투(체촌),2024,공군군수사령부,물품(내자),피복·개인용품,False,20.0,False,낙찰자선정,등록공고,Y,
20240712,24년 육군 차륜형로더 제조(추가),2024,육군군수사령부,물품(내자),건설장비,True,0.0,True,유찰,재공고,Y,
20240712,24년 해군 차륜형로더 제조(추가),2024,해군군수사령부,물품(내자),건설장비,True,0.0,True,유찰,재공고,Y,
20240715,24년 (육군) 의료용 냉장고 제조,2024,육군군수사령부,물품(내자),의료장비,False,2.0,False,낙찰자선정,등록공고,Y,
20240715,24년 공군 승용식제초장비 구매,2024,공군군수사령부,물품(내자),농업기계,False,78.0,False,낙찰자선정,등록공고,N,
20240717,해군 고속단정(15인승) 제조 납품,2024,해군군수사령부,물품(내자),차량·수송장비,False,7.0,False,낙찰자선정,변경공고,Y,
20240717,해병 고속단정(15인승) 제조 납품,2024,해군군수사령부,물품(내자),차량·수송장비,False,7.0,False,낙찰자선정,변경공고,Y,
20240718,24년 해병대 개인전투용 천막 제조,2024,해병대 군수단,물품(내자),스포츠·레저,False,34.0,False,낙찰자선정,등록공고,,
20240715,24년 육군 특전사용 다기능야전삽 제조,2024,육군군수사령부,물품(내자),공구,True,0.0,True,유찰,등록공고,Y,
20240716,해병대 식기 2종 구매,2024,해병대 군수단,물품(내자),서비스산업장비,False,,False,낙찰자선정,등록공고,N,
20240716,해군 지게차(전동2.5톤) 제조 납품,2024,해군군수사령부,물품(내자),운반·포장,True,0.0,True,유찰,등록공고,Y,
20240716,2024년 해군 동력체인톱 구매,2024,해군군수사령부,물품(내자),공구,False,,False,낙찰자선정,등록공고,N,
20240716,2024 의무장비(멸균소독기 대형 벽부형) 구매,2024,국군수도병원,물품(내자),의료장비,False,,False,낙찰자선정,등록공고,N,
20240717,해군 궤도형굴착기(중·대형) 제조 납품,2024,해군군수사령부,물품(내자),건설장비,True,0.0,True,유찰,등록공고,Y,
20240717,육군 궤도형굴착기(중형) 제조 납품,2024,육군군수사령부,물품(내자),건설장비,True,0.0,True,유찰,등록공고,Y,
20240717,육군 차륜형굴착기(중형) 제조 납품,2024,육군군수사령부,물품(내자),건설장비,True,0.0,True,유찰,등록공고,Y,
20240717,해군 차륜형굴착기(중형) 제조 납품,2024,해군군수사령부,물품(내자),건설장비,True,0.0,True,유찰,등록공고,Y,
20240717,24년 의무장비(비디오기도삽관기) 구매,2024,국방부 국군의무사령부,물품(내자),의료장비,False,846.0,False,낙찰자선정,등록공고,N,
20240717,24년 의무장비(마취기 병원용) 구매,2024,국방부 국군의무사령부,물품(내자),의료장비,False,723.0,False,낙찰자선정,등록공고,N,
20240719,(긴급)2024년 노후 네트워크 및 정보보호 장비 교체 사업(리스조건),2024,국방부 국방전산정보원,물품(내자),정보통신,False,3.0,False,낙찰자선정,등록공고,N,Y
20240718,해군 궤도형굴착기(소형) 제조 납품,2024,해군군수사령부,물품(내자),건설장비,True,0.0,True,유찰,재공고,Y,
20240724,24년 육군 그레이더 구매,2024,육군군수사령부,물품(내자),건설장비,False,64.0,False,낙찰자선정,등록공고,N,
20240718,탄약보관함 구매,2024,육군군수사령부,물품(내자),가구,False,19.0,False,낙찰자선정,등록공고,Y,
20240719,24년 해군 차륜형로더 제조(추가),2024,해군군수사령부,물품(내자),건설장비,True,0.0,True,유찰,재공고,Y,
20240719,24년 의무장비(X선기 병원용 디지털) 구매,2024,국방부 국군의무사령부,물품(내자),의료장비,False,3.0,False,낙찰자선정,등록공고,N,Y
20240719,해병 반합 제조 납품,2024,해병대 군수단,물품(내자),스포츠·레저,True,0.0,True,유찰,재공고,Y,
20240722,2024년 육군 프라즈마절단기 구매,2024,육군군수사령부,물품(내자),산업기계,False,643.0,False,낙찰자선정,등록공고,N,
20240725,2024 의무피복 10종 제조,2024,국방부 국군의무사령부,물품(내자),의료장비,False,3.0,False,낙찰자선정,등록공고,Y,Y
20240723,24년 (육군) 교판(장간조립교 목재류 5종) 제조,2024,육군군수사령부,물품(내자),건축자재,False,4.0,False,낙찰자선정,등록공고,Y,
20240722,2024년 해군 수직천공기 구매,2024,해군군수사령부,물품(내자),산업기계,False,775.0,False,낙찰자선정,등록공고,N,
20240723,2024년 해군 휴대용등(충전식 랜턴) 제조,2024,해군군수사령부,물품(내자),전기·조명,True,0.0,True,유찰,등록공고,Y,
20240723,식탁용의자(플라스틱) 구매,2024,해군군수사령부,물품(내자),가구,False,529.0,False,낙찰자선정,등록공고,N,
20240723,"2024년 해군 휠,연마용 2종 구매",2024,해군군수사령부,물품(내자),제조부품,False,,False,낙찰자선정,등록공고,N,
20240729,24년 해군 전동차A형 제조,2024,해군군수사령부,물품(내자),차량·수송장비,False,7.0,False,낙찰자선정,등록공고,Y,
20240819,24년 육군 그레이더 구매(추가),2024,육군군수사령부,물품(내자),건설장비,False,71.0,False,낙찰자선정,등록공고,N,
20240726,2024년 육군 플라스틱 파레트 제조,2024,육군군수사령부,물품(내자),운반·포장,False,14.0,False,낙찰자선정,등록공고,Y,
20240726,2024년 육군 강철대 제조,2024,육군군수사령부,물품(내자),운반·포장,False,2.0,False,낙찰자선정,등록공고,Y,
20240726,해군 롤형유흡착재 구매,2024,해군군수사령부,물품(내자),청소장비,False,,False,낙찰자선정,등록공고,N,
20240726,해군 지게차(전동2.5톤) 제조 납품,2024,해군군수사령부,물품(내자),운반·포장,True,0.0,True,유찰,재공고,Y,
20240729,해군 궤도형굴착기(중·대형) 제조 납품,2024,해군군수사령부,물품(내자),건설장비,True,0.0,True,유찰,재공고,Y,
20240729,해군 차륜형굴착기(중형) 제조 납품,2024,해군군수사령부,물품(내자),건설장비,True,0.0,True,유찰,재공고,Y,
20240729,육군 궤도형굴착기(중형) 제조 납품,2024,육군군수사령부,물품(내자),건설장비,True,0.0,True,유찰,재공고,Y,
20240729,육군 차륜형굴착기(중형) 제조 납품,2024,육군군수사령부,물품(내자),건설장비,True,0.0,True,유찰,재공고,Y,
20240812,"군용 취사화 (공군, 해병대)",2024,공군군수사령부,물품(내자),피복·개인용품,False,3.0,False,낙찰자선정,등록공고,Y,
20240729,(재공고)24년 육군 특전사용 다기능야전삽 제조,2024,육군군수사령부,물품(내자),공구,True,0.0,True,유찰,재공고,Y,
20240729,2024년 해군 시험세트(신호분석기) 조달,2024,해군군수사령부,물품(내자),실험·측정기기,False,365.0,False,낙찰자선정,등록공고,N,
20240729,24년 해병 9.5톤상용트랙터 제조,2024,해군군수사령부,물품(내자),차량·수송장비,True,0.0,True,유찰,등록공고,Y,
20240730,"24년 (육군, 공군) 약품포장기(전자동) 구매",2024,육군군수사령부,물품(내자),의료장비,False,609.0,False,낙찰자선정,등록공고,N,
20240730,24년 공군 흑색단화(여군) 제조,2024,공군군수사령부,물품(내자),피복·개인용품,False,10.0,False,개찰완료,등록공고,Y,
20240731,24년 해군 그레이더 구매(추가),2024,해군군수사령부,물품(내자),건설장비,False,493.0,False,낙찰자선정,등록공고,N,
20240801,24년 육군 소방헬멧 조달 구매,2024,육군군수사령부,물품(내자),국방·치안·보안,False,217.0,False,낙찰자선정,등록공고,N,
20240805,24년 해군 조종사출동용 버스 제조,2024,해군군수사령부,물품(내자),차량·수송장비,False,3.0,False,낙찰자선정,등록공고,Y,
20240805,24년 해군 굴절사다리소방차 제조,2024,해군군수사령부,물품(내자),차량·수송장비,True,0.0,True,유찰,등록공고,Y,
20240806,24년 공군 정비복 제조,2024,공군군수사령부,물품(내자),피복·개인용품,False,7.0,False,낙찰자선정,재공고,Y,
20240806,2024년 육군 국기함 조달,2024,육군군수사령부,물품(내자),운반·포장,False,,False,낙찰자선정,등록공고,N,
20240806,24년 해군 차륜형로더 제조(추가),2024,해군군수사령부,물품(내자),건설장비,True,0.0,True,유찰,재공고,Y,
20240807,육군 솥걸이조립체 제조 납품,2024,육군군수사령부,물품(내자),서비스산업장비,False,8.0,False,낙찰자선정,등록공고,Y,
20240809,육군 전기밥솥 구매,2024,육군군수사령부,물품(내자),가정용품,False,,False,낙찰자선정,등록공고,N,
20240808,의무장비(소독기 저온멸균형 대형),2024,국군대전병원,물품(내자),의료장비,False,,False,낙찰자선정,등록공고,N,
20240814,24년 (육군) 외상환자마네킹 등 4품목 구매,2024,육군군수사령부,물품(내자),의료장비,False,80.0,False,낙찰자선정,등록공고,N,
20240816,육군 주방기구소독기(식기) 제조 납품,2024,육군군수사령부,물품(내자),서비스산업장비,False,5.0,False,낙찰자선정,변경공고,Y,
20240812,24년 공군 흑색단화(여군) 제조,2024,공군군수사령부,물품(내자),피복·개인용품,False,9.0,False,낙찰자선정,등록공고,Y,
20240812,24년 공군 매트리스 (1형) 커버 제작,2024,공군군수사령부,물품(내자),가정용품,False,44.0,False,낙찰자선정,등록공고,Y,
20240816,육군 스테인리스 찬장 제조 납품,2024,육군군수사령부,물품(내자),가구,False,7.0,False,낙찰자선정,등록공고,Y,
20240812,24년 공군 진동식롤러 구매,2024,공군군수사령부,물품(내자),건설장비,False,133.0,False,낙찰자선정,등록공고,N,
20240812,24년 해군 진동식롤러 구매,2024,해군군수사령부,물품(내자),건설장비,False,98.0,False,낙찰자선정,등록공고,N,
20240813,제76주년 국군의날 행사 기념품(기념주화) 제작,2024,국방부,물품(내자),스포츠·레저,True,0.0,True,유찰,등록공고,N,
20240828,2024년 정보자원 교체 및 개선사업,2024,방위사업청,물품(내자),정보통신,False,2.0,False,낙찰자선정,등록공고,N,Y
20240814,2024년 해군 유압식잭 45톤 구매,2024,해군군수사령부,물품(내자),운반·포장,False,,False,낙찰자선정,등록공고,N,
20240819,24년 해군 해수감압변 청동밸브 2종 구매,2024,해군군수사령부,물품(내자),배관·공조,False,,False,낙찰자선정,등록공고,N,
20240814,24년 육군 소방헬멧 조달 구매,2024,육군군수사령부,물품(내자),국방·치안·보안,False,104.0,False,낙찰자선정,등록공고,N,
20240814,2024년 해군 정비작업대 제조,2024,해군군수사령부,물품(내자),가구,False,22.0,False,낙찰자선정,등록공고,Y,
20240819,2024년 해군 볼밸브 등 7종 구매,2024,해군군수사령부,물품(내자),배관·공조,False,,False,낙찰자선정,등록공고,N,
20240819,24년 해군 전동그라인더 4종 구매,2024,해군군수사령부,물품(내자),공구,False,,False,낙찰자선정,등록공고,N,
20240816,육군 공업용랩 제조 납품,2024,육군군수사령부,물품(내자),고무·플라스틱,False,3.0,False,낙찰자선정,등록공고,Y,
20240819,육군 호스릴 구매,2024,육군군수사령부,물품(내자),배관·공조,False,,False,낙찰자선정,등록공고,N,
20240819,24년 육군 근무복 잠바 제조,2024,육군군수사령부,물품(내자),피복·개인용품,False,15.0,False,낙찰자선정,재공고,Y,
20240819,"2024년 육군 업소용세탁기, 세탁물건조기 조달",2024,육군군수사령부,물품(내자),청소장비,True,0.0,True,유찰,등록공고,N,
20240819,육군 국통 구매,2024,육군군수사령부,물품(내자),가정용품,False,,False,낙찰자선정,등록공고,N,
20240819,2024년 해병 야전 전기용접기세트 300AMP 구매,2024,해군군수사령부,물품(내자),산업기계,False,243.0,False,낙찰자선정,재공고,N,
20240821,24년 육군 그레이더 구매,2024,육군군수사령부,물품(내자),건설장비,False,10.0,False,낙찰자선정,재공고,N,
20240820,"2024년 공군 업소용세탁기, 세탁물건조기조달",2024,공군군수사령부,물품(내자),청소장비,True,0.0,True,유찰,등록공고,N,Y
20240822,"2024년 해군 업소용세탁기, 세탁물건조기 조달",2024,해군군수사령부,물품(내자),청소장비,True,0.0,True,유찰,등록공고,N,Y
20240820,육군 반합 제조 납품(생산훈련),2024,육군군수사령부,물품(내자),스포츠·레저,True,0.0,True,유찰,등록공고,Y,
20240820,공군 컨테이너하우스 제조 납품,2024,공군군수사령부,물품(내자),건축자재,False,45.0,False,낙찰자선정,등록공고,Y,
20240821,24년 해군 저상형트레일러 제조,2024,해군군수사령부,물품(내자),차량·수송장비,True,0.0,True,유찰,등록공고,Y,
20240820,24년 공군 모포 제작,2024,공군군수사령부,물품(내자),가정용품,False,28.0,False,낙찰자선정,등록공고,Y,
20240822,2024년 특전사 전투조끼 제조,2024,육군군수사령부,물품(내자),피복·개인용품,False,55.0,False,낙찰자선정,등록공고,Y,
20240822,24년 전투피복체계 품질개선 조달 사업,2024,육군군수사령부,물품(내자),피복·개인용품,True,0.0,True,유찰,재공고,,
20240822,24년 육해공군해병대 위장포 제조 납품,2024,육군군수사령부,물품(내자),스포츠·레저,False,37.0,False,낙찰자선정,등록공고,Y,
20240822,2024년 해군 휴대용등(충전식 랜턴) 제조,2024,해군군수사령부,물품(내자),전기·조명,True,0.0,True,유찰,재공고,Y,
20240829,국방인사정보체계 서버 메모리 증설,2024,국방부 국방전산정보원,물품(내자),정보통신,False,101.0,False,낙찰자선정,등록공고,N,
20240827,24년 종이타올 구매,2024,공군군수사령부,물품(내자),종이류,False,,False,낙찰자선정,등록공고,N,
20240827,24년 종이걸레 등 2종 구매,2024,공군군수사령부,물품(내자),청소장비,False,,False,낙찰자선정,등록공고,N,
20240823,24년 육군 소방헬멧 조달 구매,2024,육군군수사령부,물품(내자),국방·치안·보안,False,170.0,False,낙찰자선정,등록공고,N,
20240827,24년 해군 윤활유급유차 제조,2024,해군군수사령부,물품(내자),차량·수송장비,True,0.0,True,유찰,등록공고,Y,
20240826,24년 해군 해상방송 시스템 구매,2024,해군군수사령부,물품(내자),인쇄·영상,False,118.0,False,낙찰자선정,등록공고,Y,
20240826,24년 (해군) 표면오염도측정기 구매,2024,해군군수사령부,물품(내자),실험·측정기기,False,,False,낙찰자선정,등록공고,N,
20240826,24년 (해군) 전자동정제분류포장기(2차) 구매,2024,해군군수사령부,물품(내자),의료장비,False,409.0,False,낙찰자선정,등록공고,N,
20240826,24년 육군 공구류 7종 구매,2024,육군군수사령부,물품(내자),공구,False,,False,낙찰자선정,등록공고,N,
20240827,24~25년 MW통신체계 성능개선사업,2024,국방부 국군지휘통신사령부,물품(내자),정보통신,False,3.0,False,낙찰자선정,등록공고,N,Y
20240827,24년 공군 차륜형로더 제조,2024,공군군수사령부,물품(내자),건설장비,True,0.0,True,유찰,등록공고,Y,
20240827,24년 공군 군사경찰 특수임무용 방탄 방패 조달 구매,2024,공군군수사령부,물품(내자),국방·치안·보안,False,,False,낙찰자선정,등록공고,N,
20240828,24년 해군 공구류 38종 구매,2024,해군군수사령부,물품(내자),운반·포장,False,,False,낙찰자선정,등록공고,N,
20240829,24년 IP교환기 구축사업,2024,국군제9965부대,물품(내자),정보통신,False,2.0,False,낙찰자선정,등록공고,N,
20240828,24년 육군 디젤발전기 10kW 제조,2024,육군군수사령부,물품(내자),발전·배전,True,0.0,True,유찰,등록공고,Y,
20240904,2024년 육군 전기톱 구매,2024,육군군수사령부,물품(내자),공구,False,,False,낙찰자선정,등록공고,N,
20240828,24년 해군 체크밸브 13종 제조,2024,해군군수사령부,물품(내자),배관·공조,False,4.0,False,낙찰자선정,등록공고,Y,
20240829,2024년 육군 플라스틱상자 제조,2024,육군군수사령부,물품(내자),운반·포장,False,6.0,False,낙찰자선정,등록공고,Y,
20240829,24년 육군 승합차(5인승) 제조,2024,육군군수사령부,물품(내자),차량·수송장비,False,2.0,False,낙찰자선정,등록공고,Y,
20240829,육군 반합 제조 납품(생산훈련),2024,육군군수사령부,물품(내자),스포츠·레저,True,0.0,True,유찰,재공고,Y,
20240829,24년 해군 안전헬멧 3종 구매,2024,해군군수사령부,물품(내자),국방·치안·보안,False,,False,낙찰자선정,등록공고,N,
20240829,24년 해군 저상형트레일러 제조,2024,해군군수사령부,물품(내자),차량·수송장비,True,0.0,True,유찰,재공고,Y,
20240829,24년 해군 선박용 스크레이퍼 구매,2024,해군군수사령부,물품(내자),공구,False,,False,낙찰자선정,등록공고,N,
20240830,24년 육군 고무링(전투복하의용) 구매,2024,육군군수사령부,물품(내자),사무기기,False,,False,낙찰자선정,등록공고,N,
20240830,24년 육군 세파졸린나트륨 등 3종 구매,2024,육군군수사령부,물품(내자),기타(51),False,6.0,False,낙찰자선정,등록공고,N,
20240909,24년 육군 아토르바스타틴정 구매,2024,육군군수사령부,물품(내자),기타(51),False,59.0,False,낙찰자선정,변경공고,N,
20240830,24년 육군 8자하강기 및 안전고리 구매,2024,육군군수사령부,물품(내자),국방·치안·보안,False,,False,낙찰자선정,등록공고,N,
20240909,24년 육군 아목시실린 및 포타슘클라불라네이트 구매,2024,육군군수사령부,물품(내자),기타(51),False,9.0,False,낙찰자선정,변경공고,N,
20240903,"장갑,외과의사용 구매",2024,육군군수사령부,물품(내자),의료장비,False,,False,낙찰자선정,등록공고,N,
20240902,2024년 육군 페인트 박리제 구매,2024,육군종합정비창,물품(내자),화학·화공,False,3.0,False,낙찰자선정,등록공고,Y,Y
20240902,24년 육군 인도메타신 크림 구매,2024,육군군수사령부,물품(내자),기타(51),True,0.0,True,유찰,등록공고,N,
20240902,24년 육군 포제계급장류 제조,2024,육군군수사령부,물품(내자),출판물,False,24.0,False,낙찰자선정,등록공고,Y,
20240902,24년 육군 구두약 제조,2024,육군군수사령부,물품(내자),청소장비,True,0.0,True,유찰,등록공고,Y,
20240902,2024년 해군 용접기 2종 구매,2024,해군군수사령부,물품(내자),산업기계,False,,False,낙찰자선정,등록공고,N,
20240902,24년 육군 철제계급장 제조,2024,육군군수사령부,물품(내자),출판물,False,19.0,False,낙찰자선정,등록공고,Y,
20240903,"24년 육군 팩, 한방 카타플라스마(황백연조엑스파스) 구매",2024,육군군수사령부,물품(내자),기타(51),False,3.0,False,낙찰자선정,등록공고,N,
20240903,24년 육군 케토프로펜 린트형 펙 등 구매,2024,육군군수사령부,물품(내자),기타(51),False,10.0,False,낙찰자선정,등록공고,N,
20240903,24년 육군 세파클러캡슐 등 구매,2024,육군군수사령부,물품(내자),기타(51),False,12.0,False,낙찰자선정,등록공고,N,
20240903,24년 육군 침낭(동계 다용도침낭) 제조 납품,2024,육군군수사령부,물품(내자),스포츠·레저,False,36.0,False,낙찰자선정,등록공고,Y,
20240909,2024년 사무용 데스크톱컴퓨터 도입사업,2024,국방부 국방전산정보원,물품(내자),정보통신,True,0.0,True,유찰,등록공고,Y,Y
20240904,24년 육군 이동식 정비대 구매,2024,육군군수사령부,물품(내자),운반·포장,False,,False,낙찰자선정,등록공고,N,
20240903,24년 육군 고속버스 제조(추가),2024,육군군수사령부,물품(내자),차량·수송장비,False,2.0,False,낙찰자선정,등록공고,Y,
20240904,육군 스테인리스 찬장 제조 납품,2024,육군군수사령부,물품(내자),가구,False,4.0,False,낙찰자선정,재공고,Y,
20240904,"2024년 공군 업소용세탁기, 세탁물건조기조달",2024,공군군수사령부,물품(내자),청소장비,True,0.0,True,유찰,재공고,N,
20240904,"2024년 해군 업소용세탁기, 세탁물건조기 조달",2024,해군군수사령부,물품(내자),청소장비,True,0.0,True,유찰,재공고,N,
20240904,24년 해군 윤활유급유차 제조,2024,해군군수사령부,물품(내자),차량·수송장비,True,0.0,True,유찰,재공고,Y,
20240905,(리스조건부) 24년 IP교환기 노후교체 사업,2024,국군제9965부대,물품(내자),정보통신,False,2.0,False,낙찰자선정,등록공고,N,
20240904,"24년 (육군) 엑스선기 (600mA, 1,000mA 디지털 진단용) 구매",2024,육군군수사령부,물품(내자),의료장비,False,13.0,False,낙찰자선정,등록공고,N,
20240905,24년 육군 포비돈스틱 50s 구매,2024,육군군수사령부,물품(내자),기타(51),False,4.0,False,낙찰자선정,등록공고,N,
20240905,24년 해군 사병 외투 제조,2024,해군군수사령부,물품(내자),피복·개인용품,False,25.0,False,낙찰자선정,등록공고,Y,
20240910,2024년 공군 화생방보호의 가방 제조,2024,공군군수사령부,물품(내자),피복·개인용품,False,54.0,False,낙찰자선정,등록공고,,
20240905,24년 해군 게이트밸브 14종 구매,2024,해군군수사령부,물품(내자),배관·공조,False,,False,낙찰자선정,등록공고,N,
20241007,해군 고무보트(6인승) 제조 납품,2024,해군군수사령부,물품(내자),차량·수송장비,False,3.0,False,낙찰자선정,등록공고,Y,
20240906,(재공고)24년 육군 디젤발전기 10kW 제조,2024,육군군수사령부,물품(내자),발전·배전,True,0.0,True,유찰,재공고,Y,
20240906,(긴급공고)24년 해군 중앙공급식 공기압축기 제조,2024,해군군수사령부,물품(내자),배관·공조,False,12.0,False,낙찰자선정,등록공고,Y,Y
20240910,"2024년 육군 의무피복 2종(환자베개, 이불) 제조",2024,육군군수사령부,물품(내자),가정용품,False,34.0,False,낙찰자선정,등록공고,Y,
20240911,2024년 육군 작전조끼(대테러) 제조,2024,육군군수사령부,물품(내자),피복·개인용품,False,23.0,False,낙찰자선정,등록공고,Y,
20241002,2024년 응급처치배낭 제조,2024,육군군수사령부,물품(내자),의료장비,False,26.0,False,낙찰자선정,등록공고,Y,
20240911,2024년 공군 고기능성전투복 제조,2024,공군군수사령부,물품(내자),피복·개인용품,False,31.0,False,낙찰자선정,등록공고,Y,
20240910,"2024년 육군 업소용세탁기, 세탁물건조기 조달(2차)",2024,육군군수사령부,물품(내자),청소장비,True,0.0,True,유찰,등록공고,N,Y
20240911,24년 해군 견인용도저 구매,2024,해군군수사령부,물품(내자),건설장비,False,42.0,False,낙찰자선정,등록공고,N,
20240911,24년 육군 방풍안경 조달 구매,2024,육군군수사령부,물품(내자),국방·치안·보안,False,4.0,False,낙찰자선정,등록공고,Y,
20240911,24년 해군 일반형 호흡조정기 조달 구매,2024,해군군수사령부,물품(내자),스포츠·레저,False,,False,낙찰자선정,등록공고,N,
20240910,24년 해군 절곡기 구매,2024,해군군수사령부,물품(내자),산업기계,False,,False,낙찰자선정,등록공고,N,
20240910,2024년 해군 중형압력기(50톤) 구매,2024,해군군수사령부,물품(내자),산업기계,False,,False,낙찰자선정,등록공고,N,
20240910,24년 육군 구두약 제조,2024,육군군수사령부,물품(내자),청소장비,True,0.0,True,유찰,재공고,Y,
20240911,24년 해군 25톤궤도형도저 구매,2024,해군군수사령부,물품(내자),건설장비,False,31.0,False,낙찰자선정,등록공고,N,
20240923,육군 지게차(10톤) 제조 납품,2024,육군군수사령부,물품(내자),운반·포장,False,2.0,False,낙찰자선정,변경공고,Y,
20240911,해군 지게차 10톤 제조 납품,2024,해군군수사령부,물품(내자),운반·포장,True,0.0,True,유찰,등록공고,Y,
20240911,해군 지게차(전동 2톤) 제조 납품,2024,해군군수사령부,물품(내자),운반·포장,True,7.0,False,유찰,등록공고,,
20240911,해군 지게차(전동2.5톤) 제조 납품,2024,해군군수사령부,물품(내자),운반·포장,True,0.0,True,유찰,재공고,Y,
20240919,2024년 2차 진중문고 전자책 구매·보급 사업,2024,국방부,물품(내자),정보통신,False,188.0,False,낙찰자선정,등록공고,,Y
20240911,24년 육군 후보생견장류 제조,2024,육군군수사령부,물품(내자),피복·개인용품,False,42.0,False,낙찰자선정,등록공고,Y,
20241002,해병 고무보트(7인승) 제조 납품,2024,해군군수사령부,물품(내자),차량·수송장비,False,3.0,False,낙찰자선정,등록공고,Y,
20240912,24년 육군 8톤궤도형도저 구매,2024,육군군수사령부,물품(내자),건설장비,False,61.0,False,낙찰자선정,등록공고,N,
20240911,24년 육군 20톤궤도형도저  구매,2024,육군군수사령부,물품(내자),건설장비,False,37.0,False,낙찰자선정,등록공고,N,
20240912,2024년육군냉동고(500L이상)조달,2024,육군군수사령부,물품(내자),운반·포장,False,647.0,False,낙찰자선정,등록공고,N,
20240912,24년 육군 폴리우레탄드레싱폼 구매,2024,육군군수사령부,물품(내자),의료장비,False,980.0,False,낙찰자선정,등록공고,N,
20240912,2024년 육군 흑복야상 제조,2024,육군군수사령부,물품(내자),피복·개인용품,False,26.0,False,낙찰자선정,등록공고,Y,
20240912,24년 육군 손목보호대 등 구매,2024,육군군수사령부,물품(내자),의료장비,False,,False,낙찰자선정,등록공고,N,
20240912,24년 공군 항공무장정비사출동차 제조,2024,공군군수사령부,물품(내자),차량·수송장비,True,0.0,True,유찰,등록공고,Y,
20240919,24년 육군 공구함류 7종 구매,2024,육군군수사령부,물품(내자),운반·포장,False,,False,낙찰자선정,등록공고,N,
20240913,24년 전투용안경 안경테 제조 구매,2024,육군군수사령부,물품(내자),의료장비,False,3.0,False,낙찰자선정,등록공고,Y,
20240919,24년 해군 25톤궤도형도저 구매(추가),2024,해군군수사령부,물품(내자),건설장비,False,37.0,False,낙찰자선정,등록공고,N,
20240913,2024년 방송제작시스템 교체 사업,2024,국방부 국방홍보원,물품(내자),인쇄·영상,False,2.0,False,낙찰자선정,등록공고,N,Y
20240919,24년 육군 궤도형도저20톤급(추가),2024,육군군수사령부,물품(내자),건설장비,False,34.0,False,낙찰자선정,등록공고,N,
20240919,24년 해군 버터플라이밸브 9종 제조,2024,해군군수사령부,물품(내자),배관·공조,False,12.0,False,낙찰자선정,등록공고,Y,
20240919,24년 (의무사) 초음파진단기 일반용(2차) 구매,2024,국방부 국군의무사령부,물품(내자),의료장비,False,191.0,False,낙찰자선정,등록공고,N,
20240919,24년 해군 포제류 제조,2024,해군군수사령부,물품(내자),피복·개인용품,False,46.0,False,낙찰자선정,등록공고,Y,
20240919,24년 공군 2.5톤 연료트럭 제조,2024,공군군수사령부,물품(내자),차량·수송장비,True,0.0,True,유찰,등록공고,Y,
20240919,2024년 해군 만능제도기 조달,2024,해군군수사령부,물품(내자),정보통신,False,53.0,False,낙찰자선정,등록공고,N,
20240919,24년 해군 전동차 A형 제조,2024,해군군수사령부,물품(내자),차량·수송장비,False,7.0,False,낙찰자선정,등록공고,Y,
20240919,24년 육군 인도메타신 크림 구매,2024,육군군수사령부,물품(내자),기타(51),True,0.0,True,유찰,재공고,N,
20240919,24년 해군 차륜형로더 제조(추가),2024,해군군수사령부,물품(내자),건설장비,True,0.0,True,유찰,등록공고,Y,
20240919,(재공고)24년 육군 디젤발전기 10kW 제조,2024,육군군수사령부,물품(내자),발전·배전,True,0.0,True,유찰,재공고,Y,
20240920,24년 공군 항공무장정비사출동차 제조,2024,공군군수사령부,물품(내자),차량·수송장비,True,0.0,True,유찰,재공고,Y,
20240930,24년 육군 철제부대표지 제조,2024,육군군수사령부,물품(내자),출판물,False,42.0,False,낙찰자선정,등록공고,Y,
20241021,24년 해군 철제계급장류 제조,2024,해군군수사령부,물품(내자),출판물,False,30.0,False,낙찰자선정,등록공고,Y,
20241021,24년 해군 철제휘장류 제조,2024,해군군수사령부,물품(내자),피복·개인용품,False,41.0,False,낙찰자선정,등록공고,Y,
20241015,24년 육군 포제흉장류 제조,2024,육군군수사령부,물품(내자),피복·개인용품,False,36.0,False,낙찰자선정,등록공고,Y,
20241007,2024년 육군 완장류 계약,2024,육군군수사령부,물품(내자),출판물,False,27.0,False,낙찰자선정,등록공고,Y,
20241021,2024년 공군 항공무기정비사 흉장,2024,공군군수사령부,물품(내자),피복·개인용품,False,27.0,False,낙찰자선정,등록공고,Y,
20240923,24년 육군 일회용 알콜솜(200S2.5CM) 등 구매,2024,육군군수사령부,물품(내자),의료장비,False,,False,개찰완료,등록공고,N,
20240923,24년 육군 관절보호대(무릎용) 구매,2024,육군군수사령부,물품(내자),의료장비,False,,False,낙찰자선정,등록공고,N,
20240923,24년 육군 부목 등 구매,2024,육군군수사령부,물품(내자),의료장비,False,270.0,False,낙찰자선정,등록공고,N,
20240925,2024년 사무용 데스크톱컴퓨터 도입사업,2024,국방부 국방전산정보원,물품(내자),정보통신,False,2.0,False,낙찰자선정,재공고,Y,Y
20240926,해군 지게차(전동2.5톤) 제조 납품,2024,해군군수사령부,물품(내자),운반·포장,True,0.0,True,유찰,재공고,Y,
20240926,24년 해군 소방화(방화신발) 구매,2024,해군군수사령부,물품(내자),국방·치안·보안,True,0.0,True,유찰,등록공고,Y,
20240926,"24년 해병 동, 춘추잠바 제조",2024,해병대 군수단,물품(내자),피복·개인용품,False,35.0,False,낙찰자선정,등록공고,Y,
20241007,MW통신체계 성능개선 사업 광 다중화장치 구매(리스물건),2024,국방부 국군지휘통신사령부,물품(내자),정보통신,False,8.0,False,낙찰자선정,등록공고,Y,
20240927,공군 지게차(5톤) 제조 납품,2024,공군군수사령부,물품(내자),운반·포장,True,0.0,True,유찰,등록공고,Y,
20240930,해병 지게차 3톤 제조 납품,2024,해군군수사령부,물품(내자),운반·포장,True,0.0,True,유찰,변경공고,Y,
20240927,해군 차륜형굴착기(중형) 제조 납품,2024,해군군수사령부,물품(내자),건설장비,True,0.0,True,유찰,등록공고,Y,
20240927,해군 차륜형굴착기(중형) 제조 납품,2024,해군군수사령부,물품(내자),건설장비,True,0.0,True,유찰,등록공고,Y,
20240927,공군 차륜형굴착기(소형) 제조 납품,2024,공군군수사령부,물품(내자),건설장비,True,0.0,True,유찰,등록공고,Y,
20240927,육군 주방용 전자저울 구매,2024,육군군수사령부,물품(내자),서비스산업장비,False,,False,낙찰자선정,등록공고,N,
20241004,(긴급공고)24년 해군 머시닝센터(수평보링기) 구매,2024,해군군수사령부,물품(내자),산업기계,False,107.0,False,낙찰자선정,등록공고,N,Y
20240930,24년 육군 오븐기용 세제 제조,2024,육군군수사령부,물품(내자),청소장비,False,12.0,False,낙찰자선정,등록공고,Y,
20240930,(재공고)24년 육군 디젤발전기 10kW 제조,2024,육군군수사령부,물품(내자),발전·배전,True,0.0,True,유찰,재공고,Y,
20241002,"24년 공군 덮개,침구용(여름이불) 조달",2024,공군군수사령부,물품(내자),가정용품,False,35.0,False,낙찰자선정,등록공고,Y,
20241002,해군 지게차(3톤) 제조 납품,2024,해군군수사령부,물품(내자),운반·포장,True,0.0,True,유찰,등록공고,Y,
20241002,24년 육군 서류가방 제조,2024,육군군수사령부,물품(내자),피복·개인용품,False,46.0,False,낙찰자선정,등록공고,Y,
20241002,24년 해군 시험세트(주파수응답용) 구매,2024,해군군수사령부,물품(내자),실험·측정기기,False,301.0,False,낙찰자선정,등록공고,N,
20241002,"24년해군분석기,스펙트럼용(신호발생기)구매",2024,해군군수사령부,물품(내자),실험·측정기기,False,333.0,False,낙찰자선정,등록공고,N,
20241002,"24년 해군 현상기,사진 필름용 구매",2024,해군군수사령부,물품(내자),인쇄·영상,False,366.0,False,낙찰자선정,등록공고,N,
20241011,24년 육군 8톤궤도형도저 구매,2024,육군군수사령부,물품(내자),건설장비,False,18.0,False,낙찰자선정,재공고,N,
20241210,24년 해군 조난자무선식별장치(RFID) 구매,2024,해군군수사령부,물품(내자),정보통신,False,16.0,False,낙찰자선정,등록공고,Y,
20241004,24년 해군 선박자동식별장치 구매,2024,해군군수사령부,물품(내자),실험·측정기기,True,0.0,True,유찰,등록공고,Y,
20241004,24년 해군 디지털 오실로스코프 구매,2024,해군군수사령부,물품(내자),실험·측정기기,False,,False,낙찰자선정,등록공고,N,
20241004,24년 해군 함정용 매트리스 제조,2024,해군군수사령부,물품(내자),가구,False,14.0,False,낙찰자선정,등록공고,Y,
20241004,24년 해군 다중계기(교정기) 구매,2024,해군군수사령부,물품(내자),실험·측정기기,False,513.0,False,낙찰자선정,등록공고,N,
20241004,24년 해군 시험세트(무선주파수동력용) 구매,2024,해군군수사령부,물품(내자),실험·측정기기,False,510.0,False,낙찰자선정,등록공고,N,
20241004,24년 육군 식기세척기용 세제 제조,2024,육군군수사령부,물품(내자),청소장비,False,9.0,False,낙찰자선정,등록공고,Y,
20241004,(재공고)24년 해군 게이트밸브 14종 구매,2024,해군군수사령부,물품(내자),배관·공조,False,49.0,False,낙찰자선정,재공고,N,
20241011,"24년 해군 시험소,이중수신기 구매",2024,해군군수사령부,물품(내자),실험·측정기기,False,292.0,False,낙찰자선정,등록공고,N,
20241011,24년 해군 오실로스코프(500MHz) 구매,2024,해군군수사령부,물품(내자),실험·측정기기,False,,False,낙찰자선정,등록공고,N,
20241011,24년 해군 출력계 구매,2024,해군군수사령부,물품(내자),실험·측정기기,False,916.0,False,낙찰자선정,등록공고,N,
20241007,해군 지게차(전동2.5톤) 제조 납품,2024,해군군수사령부,물품(내자),운반·포장,False,208.0,False,낙찰자선정,등록공고,N,
20241007,24년 해군 폭발물처리장비이송차량 제조,2024,해군군수사령부,물품(내자),차량·수송장비,False,5.0,False,낙찰자선정,등록공고,,
20241008,(긴급공고)24년 해군 시트형 세제(중성) 제조,2024,해군군수사령부,물품(내자),청소장비,False,7.0,False,낙찰자선정,등록공고,Y,Y
20241008,2024년 육군 노트북 조달,2024,육군군수사령부,물품(내자),정보통신,False,417.0,False,낙찰자선정,등록공고,N,
20241008,"2024년 육군 업소용세탁기, 세탁물건조기 조달(1차)",2024,육군군수사령부,물품(내자),청소장비,True,2.0,False,유찰,등록공고,N,Y
20241008,해군 고무보트(7인승) 제조 납품,2024,해군군수사령부,물품(내자),차량·수송장비,False,3.0,False,낙찰자선정,등록공고,Y,
20241010,"2024년 해군 업소용세탁기, 세탁물건조기 조달",2024,해군군수사령부,물품(내자),청소장비,True,0.0,True,유찰,등록공고,N,Y
20241010,"2024년 육군 업소용세탁기, 세탁물건조기 조달(2차)",2024,육군군수사령부,물품(내자),청소장비,True,0.0,True,유찰,등록공고,N,Y
20241010,"2024년 공군 업소용세탁기, 세탁물건조기조달",2024,공군군수사령부,물품(내자),청소장비,True,0.0,True,유찰,등록공고,N,Y
20241011,24년 해군 소방화(방화신발) 구매,2024,해군군수사령부,물품(내자),국방·치안·보안,True,0.0,True,유찰,재공고,Y,Y
20241011,24년 매트리스 패드(195호) 제조,2024,육군군수사령부,물품(내자),가구,False,8.0,False,낙찰자선정,등록공고,Y,
20241021,2024년해군절단기구매,2024,해군군수사령부,물품(내자),산업기계,False,,False,낙찰자선정,등록공고,N,
20241011,24년 육군 20톤궤도형도저  구매,2024,육군군수사령부,물품(내자),건설장비,False,18.0,False,낙찰자선정,재공고,N,
20241011,24년 공군 2.5톤 연료트럭 제조,2024,공군군수사령부,물품(내자),차량·수송장비,True,0.0,True,유찰,재공고,Y,
20241014,2024년 육군 비금속 3D프린터 제조,2024,육군군수사령부,물품(내자),산업기계,False,3.0,False,낙찰자선정,등록공고,Y,
20241015,24년 육군 머시닝센터(중형) 구매,2024,육군군수사령부,물품(내자),산업기계,False,936.0,False,낙찰자선정,등록공고,N,
20241018,24년 해군 중형 유압기중기(60톤) 제조,2024,해군군수사령부,물품(내자),운반·포장,True,0.0,True,유찰,등록공고,Y,
20241015,24년 육군 CNC선반(중형) 구매,2024,육군군수사령부,물품(내자),산업기계,False,180.0,False,낙찰자선정,등록공고,N,
20241015,24년 육군 CNC선반(소형) 구매,2024,육군군수사령부,물품(내자),산업기계,False,182.0,False,낙찰자선정,등록공고,N,
20241017,24~25 공군 GPS라디오존데 등 3종 구매,2024,공군군수사령부,물품(내자),실험·측정기기,False,3.0,False,낙찰자선정,등록공고,N,Y
20241016,24년 (해군) 전자동정제분류포장기(2차) 구매,2024,해군군수사령부,물품(내자),의료장비,False,78.0,False,낙찰자선정,재공고,N,
20241016,24년 공군 고기능성 전투화 2종,2024,공군군수사령부,물품(내자),국방·치안·보안,False,8.0,False,낙찰자선정,등록공고,Y,
20241021,24년 해군 손세정제 제조,2024,해군군수사령부,물품(내자),피복·개인용품,False,21.0,False,낙찰자선정,등록공고,Y,
20241017,24년 해군 상용위성항법장비(GPS) 구매,2024,해군군수사령부,물품(내자),실험·측정기기,False,215.0,False,낙찰자선정,등록공고,N,
20241017,24년 해군 전파환경측정장비 구매,2024,해군군수사령부,물품(내자),실험·측정기기,False,376.0,False,낙찰자선정,등록공고,N,
20241017,해군 고속단정(18인승) 제조 납품,2024,해군군수사령부,물품(내자),차량·수송장비,False,6.0,False,개찰완료,등록공고,Y,
20241017,24년 해군 소방화(방화신발) 구매,2024,해군군수사령부,물품(내자),국방·치안·보안,True,0.0,True,유찰,등록공고,Y,Y
20241017,해군 굴착기 2종 제조 납품,2024,해군군수사령부,물품(내자),건설장비,True,0.0,True,유찰,등록공고,Y,
20241017,24년 육군 벌크컨테이너백,2024,육군군수사령부,물품(내자),운반·포장,True,0.0,True,유찰,등록공고,Y,
20241017,(재공고)24년 육군 식기세척기용 세제 제조,2024,육군군수사령부,물품(내자),청소장비,False,11.0,False,낙찰자선정,재공고,Y,
20241017,24년 육군 전투용 탄약 운반장구,2024,육군군수사령부,물품(내자),농업기계,True,2.0,False,유찰,등록공고,Y,
20241017,24년 해군 선박자동식별장치 구매,2024,해군군수사령부,물품(내자),실험·측정기기,True,2.0,False,유찰,재공고,Y,
20241022,24년 해군 조난위치지시무선송신기(EPRIB) 구매,2024,해군군수사령부,물품(내자),정보통신,False,8.0,False,낙찰자선정,등록공고,Y,
20241023,24년 육군 포비돈스틱 50s 구매,2024,육군군수사령부,물품(내자),기타(51),False,4.0,False,낙찰자선정,재공고,N,
20241023,24년 해군 소방화(방화신발) 구매,2024,해군군수사령부,물품(내자),국방·치안·보안,False,102.0,False,낙찰자선정,재공고,N,Y
20241024,24년 해군 항해자료기록장치 구매,2024,해군군수사령부,물품(내자),정보통신,False,55.0,False,낙찰자선정,등록공고,N,
20241030,해군 고속단정(18인승) 제조 납품,2024,해군군수사령부,물품(내자),차량·수송장비,False,6.0,False,낙찰자선정,등록공고,Y,
20241028,24년 해군 취사방한조끼,2024,해군군수사령부,물품(내자),피복·개인용품,False,30.0,False,낙찰자선정,등록공고,Y,
20241028,24년 해군 넥타이 제조,2024,해군군수사령부,물품(내자),피복·개인용품,False,47.0,False,낙찰자선정,등록공고,Y,
20241029,2024년 해병 야전전기용접기 300AMP 제조,2024,해군군수사령부,물품(내자),산업기계,True,0.0,True,유찰,등록공고,Y,
20241030,24년 해군 앵글밸브 6종 제조,2024,해군군수사령부,물품(내자),배관·공조,False,3.0,False,낙찰자선정,등록공고,Y,
20241105,24년 해군 대형승용차 제조,2024,해군군수사령부,물품(내자),차량·수송장비,True,0.0,True,유찰,등록공고,Y,
20241031,해군 지게차 10톤 제조 납품,2024,해군군수사령부,물품(내자),운반·포장,False,2.0,False,낙찰자선정,등록공고,Y,
20241030,24년 공군 손세정제 제조,2024,공군군수사령부,물품(내자),피복·개인용품,False,21.0,False,낙찰자선정,등록공고,Y,
20241031,해군·해병 지게차 3톤 제조 납품,2024,해군군수사령부,물품(내자),운반·포장,True,0.0,True,유찰,등록공고,Y,
20241030,24년 육군 전투용 탄약 운반장구,2024,육군군수사령부,물품(내자),농업기계,False,2.0,False,낙찰자선정,재공고,Y,Y
20241030,24년 육군 벌크컨테이너백,2024,육군군수사령부,물품(내자),운반·포장,True,0.0,True,유찰,재공고,Y,Y
20241105,24년 해군 글로브밸브 32종 제조,2024,해군군수사령부,물품(내자),배관·공조,False,4.0,False,낙찰자선정,등록공고,Y,
20241030,24년 해군 전원공급기 구매,2024,해군군수사령부,물품(내자),전기·조명,False,,False,낙찰자선정,등록공고,N,
20241031,24년 해군 일반형 공기호흡기 조달 구매,2024,해군군수사령부,물품(내자),국방·치안·보안,False,137.0,False,낙찰자선정,등록공고,N,
20241104,24년 육군 나일론로프(등반용),2024,육군군수사령부,물품(내자),제조부품,True,0.0,True,유찰,등록공고,Y,
20241104,24년 육군나일론 코드 2종 제조,2024,육군군수사령부,물품(내자),제조부품,True,0.0,True,유찰,등록공고,Y,
20241104,육군 24년 마닐라로프 3종 제조,2024,육군군수사령부,물품(내자),제조부품,False,2.0,False,낙찰자선정,등록공고,Y,
20241101,24년 해군 중형 유압기중기(60톤) 제조,2024,해군군수사령부,물품(내자),운반·포장,True,0.0,True,유찰,재공고,Y,
20241101,24년 육군 8톤궤도형도저 구매,2024,육군군수사령부,물품(내자),건설장비,False,3.0,False,낙찰자선정,재공고,N,
20241101,24년 공군 차륜형로더 제조,2024,공군군수사령부,물품(내자),건설장비,True,0.0,True,유찰,재공고,Y,
20241104,2024년 해군 저압공기압축기 구매,2024,해군군수사령부,물품(내자),배관·공조,False,412.0,False,낙찰자선정,등록공고,N,
20241105,24년 육군 1500L유조차 제조,2024,육군군수사령부,물품(내자),차량·수송장비,True,0.0,True,유찰,등록공고,Y,
20241105,24년 해병 액상세제(추가) 제조,2024,해병대 군수단,물품(내자),청소장비,False,25.0,False,낙찰자선정,등록공고,Y,
20241108,2024년 해병 야전전기용접기 300AMP 제조,2024,해군군수사령부,물품(내자),산업기계,True,0.0,True,유찰,재공고,Y,
20241111,"총기보관함 5인용, 10인용 구매",2024,육군군수사령부,물품(내자),가구,False,17.0,False,낙찰자선정,등록공고,Y,
20241106,24~25년 맵핑용 드론 사업,2024,육군군수사령부,물품(내자),차량·수송장비,True,3.0,False,유찰,등록공고,Y,
20241107,24년 해군 차륜형로더 제조(추가),2024,해군군수사령부,물품(내자),건설장비,False,2.0,False,낙찰자선정,재공고,Y,
20241111,폭발물탐지기 구매,2024,국방부 국군화생방방호사령부,물품(내자),국방·치안·보안,False,357.0,False,낙찰자선정,등록공고,N,
20241111,폭발물처리 전자내시경 구매,2024,국방부 국군화생방방호사령부,물품(내자),실험·측정기기,False,494.0,False,낙찰자선정,등록공고,N,
20241112,24년 해군 저상형트레일러 제조,2024,해군군수사령부,물품(내자),차량·수송장비,True,0.0,True,유찰,등록공고,Y,
20241112,24년 육군 구두약 제조,2024,육군군수사령부,물품(내자),청소장비,True,0.0,True,유찰,등록공고,Y,
20241113,24년 해군 게이트밸브 14종 제조,2024,해군군수사령부,물품(내자),배관·공조,False,4.0,False,낙찰자선정,등록공고,Y,
20241114,24년 육군 벌크컨테이너백,2024,육군군수사령부,물품(내자),운반·포장,False,4.0,False,낙찰자선정,등록공고,Y,Y
20241114,24년 육군나일론 코드 2종 제조,2024,육군군수사령부,물품(내자),제조부품,True,0.0,True,유찰,재공고,Y,Y
20241114,24년 육군 나일론로프(등반용),2024,육군군수사령부,물품(내자),제조부품,True,0.0,True,유찰,재공고,Y,Y
20241114,24년 해군 대형승용차 제조,2024,해군군수사령부,물품(내자),차량·수송장비,True,0.0,True,유찰,재공고,Y,
20241114,24년 육군 1500L유조차 제조,2024,육군군수사령부,물품(내자),차량·수송장비,False,2.0,False,낙찰자선정,재공고,Y,
20241114,24년 육군 8톤궤도형도저 구매,2024,육군군수사령부,물품(내자),건설장비,False,15.0,False,낙찰자선정,재공고,N,
20241121,24년 (육군) 키오스크(환자접수용) 제조,2024,육군군수사령부,물품(내자),정보통신,False,13.0,False,낙찰자선정,등록공고,Y,
20241118,24년 해군 포제휘장류 제조,2024,해군군수사령부,물품(내자),피복·개인용품,False,49.0,False,낙찰자선정,등록공고,Y,
20241119,24년 해군 해상기상관측장비 구매,2024,해군군수사령부,물품(내자),실험·측정기기,False,4.0,False,개찰완료,등록공고,N,
20241119,2024년 해군 이동형발전기 60kw 제조,2024,해군군수사령부,물품(내자),발전·배전,False,6.0,False,낙찰자선정,등록공고,Y,
20241120,24년 해군 선박자동식별장치 구매,2024,해군군수사령부,물품(내자),실험·측정기기,True,0.0,True,유찰,재공고,Y,
20241120,24년 해군 저상형트레일러 제조,2024,해군군수사령부,물품(내자),차량·수송장비,True,0.0,True,유찰,재공고,Y,
20241120,24년 해군 MF/HF 조난통신기 등 구매,2024,해군군수사령부,물품(내자),정보통신,False,461.0,False,낙찰자선정,등록공고,N,
20241127,24년 해병 금속3D프린터 구매,2024,해군군수사령부,물품(내자),산업기계,False,70.0,False,낙찰자선정,등록공고,N,
20241121,해군 탑재용 초단파 송수신기,2024,해군군수사령부,물품(내자),정보통신,True,0.0,True,유찰,등록공고,Y,
20241205,24년 육군 착암용시추기 구매,2024,육군군수사령부,물품(내자),채광·건설기계,False,29.0,False,개찰완료,등록공고,N,
20241122,24년 해병대 전차병 잠바,2024,해병대 군수단,물품(내자),피복·개인용품,False,26.0,False,낙찰자선정,등록공고,Y,
20241122,24년 육군 구두약 제조,2024,육군군수사령부,물품(내자),청소장비,True,0.0,True,유찰,재공고,Y,
20241122,24년 의무장비(PACS 사단용) 구매,2024,국방부 국군의무사령부,물품(내자),의료장비,False,2.0,False,낙찰자선정,등록공고,N,Y
20241126,해군 롤형유흡착재 구매,2024,해군군수사령부,물품(내자),청소장비,False,,False,낙찰자선정,등록공고,N,
20241126,24년 공군 2.5톤 연료트럭 제조,2024,공군군수사령부,물품(내자),차량·수송장비,False,2.0,False,낙찰자선정,등록공고,Y,
20241126,24년 공군 차륜형로더 제조,2024,공군군수사령부,물품(내자),건설장비,True,0.0,True,유찰,등록공고,Y,
20241127,평판형위성안테나(제조),2024,해군군수사령부,물품(내자),정보통신,True,0.0,True,유찰,등록공고,Y,
20241127,24년 해군 선박자동식별장치 구매,2024,해군군수사령부,물품(내자),실험·측정기기,True,0.0,True,유찰,등록공고,Y,
20241128,24년 해군 보조선용 표면레이더 구매,2024,해군군수사령부,물품(내자),국방·치안·보안,False,47.0,False,낙찰자선정,등록공고,N,
20241129,원격무선폭파장비세트 구매,2024,국방부 국군화생방방호사령부,물품(내자),화학·화공,False,123.0,False,개찰완료,등록공고,N,
20241129,24년 해군 실시간 해양 방사능 측정장비,2024,해군군수사령부,물품(내자),실험·측정기기,False,3.0,False,낙찰자선정,등록공고,Y,
20241202,"24년 해병대 콘솔 군,공항관제탑용(관제탑 콘솔장비) 구매",2024,해군군수사령부,물품(내자),정보통신,False,3.0,False,낙찰자선정,등록공고,Y,
20241202,24년 육군 구두약 제조,2024,육군군수사령부,물품(내자),청소장비,True,0.0,True,유찰,등록공고,Y,
20241202,육군 원형식관 제조 납품,2024,육군군수사령부,물품(내자),가정용품,False,2.0,False,낙찰자선정,등록공고,Y,
20241205,24년 육군 안전벨트 제조 구매,2024,육군군수사령부,물품(내자),국방·치안·보안,False,9.0,False,낙찰자선정,등록공고,Y,Y
20241205,"24년 해군 플러그인장치, 전기전자시험장비용(20GHz 등 2종) 구매",2024,해군군수사령부,물품(내자),실험·측정기기,False,211.0,False,낙찰자선정,등록공고,N,
20241211,24년 해군 상용위성항법장비(GPS) 구매,2024,해군군수사령부,물품(내자),실험·측정기기,False,29.0,False,낙찰자선정,등록공고,N,
20241212,24년 해군 해상방송 시스템 구매,2024,해군군수사령부,물품(내자),인쇄·영상,False,84.0,False,낙찰자선정,재공고,Y,
20241213,해군 해상기상관측장비(부이) 구매,2024,해군군수사령부,물품(내자),실험·측정기기,False,5.0,False,낙찰자선정,등록공고,N,Y
20241216,"24년 공군 의무피복(베개, 이불) 제조",2024,공군군수사령부,물품(내자),가정용품,False,19.0,False,낙찰자선정,등록공고,Y,
20240104,24년 국방통합재난관리정보체계 전담기관 유지보수사업,2024,국방부 국방전산정보원,일반용역,엔지니어링·연구,False,1.0,False,낙찰자선정,등록공고,,
20240130,24-25 국방통합데이터센터 기반체계 통합유지보수 용역,2024,국방통합데이터센터,일반용역,엔지니어링·연구,False,1.0,False,낙찰자선정,등록공고,,
20240129,2024년 위문열차 공연 진행/분장/의자설치 등,2024,국방부 국방홍보원,일반용역,경영·행정서비스,False,1.0,False,낙찰자선정,등록공고,,
20240129,2024년 위문열차 공연 HD중계장비 임대설치,2024,국방부 국방홍보원,일반용역,경영·행정서비스,False,1.0,False,낙찰자선정,등록공고,,Y
20240130,2024년 위문열차공연 무대장비 설치(조명/무대/영상/발전차),2024,국방부 국방홍보원,일반용역,경영·행정서비스,False,1.0,False,낙찰자선정,등록공고,,Y
20240131,우수 상용품 시범사용 연구 및 위탁운영,2024,국방부,일반용역,경영·행정서비스,False,1.0,False,낙찰자선정,등록공고,,Y
20240207,국방데이터 관리활용 통합지원 사업,2024,국방부,일반용역,경영·행정서비스,False,1.0,False,낙찰자선정,등록공고,,
20240205,24년 예비군 웹사이트 휴대폰 본인확인 서비스 운영,2024,국방부,일반용역,경영·행정서비스,False,1.0,False,낙찰자선정,등록공고,,
20240206,24~25년 AKJCCS 통합 유지보수 용역,2024,국방부 국군지휘통신사령부,일반용역,엔지니어링·연구,False,1.0,False,낙찰자선정,등록공고,,Y
20240207,예비군훈련 소집통지서 모바일송달 서비스(3차),2024,국방부,일반용역,경영·행정서비스,True,0.0,True,유찰,등록공고,,
20240214,24-M-암호장비 유지보수 용역,2024,해병 제9691부대,일반용역,엔지니어링·연구,False,1.0,False,낙찰자선정,등록공고,,
20240219,24년 연합연습정보체계(CEIS-K) 정비용역사업,2024,국방부 합동참모본부,일반용역,엔지니어링·연구,False,1.0,False,낙찰자선정,등록공고,,
20240307,24년 국방정보기술표준(DITA) 현행화 사업,2024,합동상호운용성기술센터,일반용역,경영·행정서비스,False,1.0,False,낙찰자선정,등록공고,,
20240227,24~25년 KJCCS 통합 유지보수 용역,2024,국방부 국군지휘통신사령부,일반용역,엔지니어링·연구,False,1.0,False,낙찰자선정,등록공고,,Y
20240229,24년~25년 암호장비 유지보수용역계약,2024,공군제7항공통신전대,일반용역,엔지니어링·연구,False,1.0,False,낙찰자선정,등록공고,,Y
20240322,2024년 군사정보체계 유지보수,2024,국방부 국방정보본부,일반용역,엔지니어링·연구,False,1.0,False,낙찰자선정,등록공고,,
20240325,2024년 군 성폭력 실태조사,2024,국방부,일반용역,경영·행정서비스,False,1.0,False,낙찰자선정,등록공고,,
20240411,24년도 군수경영혁신사업 용역,2024,국방부,일반용역,경영·행정서비스,False,1.0,False,낙찰자선정,등록공고,,
20240419,24년 교육정보통합시스템 유지보수,2024,국군간호사관학교,일반용역,엔지니어링·연구,False,1.0,False,낙찰자선정,등록공고,,Y
20240430,2024년 비전자기록물 디지털화 및 기록물 이관·정리 사업,2024,방위사업청,일반용역,엔지니어링·연구,False,1.0,False,낙찰자선정,등록공고,,Y
20240507,2024-1차 행정정보통합지원체계 성능개선 사업,2024,국방부 국방전산정보원,일반용역,엔지니어링·연구,False,1.0,False,낙찰자선정,등록공고,,Y
20240513,2024-2차 행정정보통합지원체계 성능개선 사업,2024,국방부 국방전산정보원,일반용역,엔지니어링·연구,True,0.0,True,유찰,등록공고,,
20240514,24년 군 온라인 문화예술 체험형 강의콘텐츠 운영,2024,국방부,일반용역,경영·행정서비스,False,1.0,False,낙찰자선정,등록공고,,
20240521,2024-2차 행정정보통합지원체계 성능개선 사업,2024,국방부 국방전산정보원,일반용역,엔지니어링·연구,False,1.0,False,낙찰자선정,등록공고,,
20240531,국방 무인체계 계열화·모듈화(K-MOSA) 기반조성 방안 연구,2024,국방부,일반용역,경영·행정서비스,False,1.0,False,낙찰자선정,등록공고,,Y
20240618,24년 학술용 인터넷(무선 LAN) 확장사업,2024,국군간호사관학교,일반용역,엔지니어링·연구,False,1.0,False,낙찰자선정,등록공고,,
20240704,건군 76주년 국군의 날 시설물 설치 용역사업,2024,국방부,일반용역,경영·행정서비스,True,0.0,True,유찰,등록공고,,
20240709,[한미공동연구] 북한의 핵·WMD 고도화와 대북제재 분석을 통한 대응 방안 연구,2024,국방부,일반용역,경영·행정서비스,False,1.0,False,낙찰자선정,등록공고,,
20240809,24~25년 암호장비 유지보수 용역사업,2024,해군본부,일반용역,엔지니어링·연구,False,1.0,False,낙찰자선정,등록공고,,Y
20241016,국방군수통합 및 국방동원정보체계 등 응용 SW 이관 사업,2024,국방통합데이터센터,일반용역,엔지니어링·연구,False,1.0,False,낙찰자선정,등록공고,,
20241030,Li-Fi 기술 야전지휘소 보안기술 실증,2024,육군본부 정보화기획참모부,일반용역,엔지니어링·연구,False,1.0,False,낙찰자선정,등록공고,,Y
20241112,25년 합동지속지원모의모델 유지관리 용역,2024,국방부 합동참모본부,일반용역,엔지니어링·연구,False,1.0,False,낙찰자선정,등록공고,,Y
20241118,25년 합동정보모의모델 유지관리 용역,2024,국방부 합동참모본부,일반용역,엔지니어링·연구,False,1.0,False,낙찰자선정,등록공고,,Y
20241120,25년 민군작전모의모델 유지관리 용역,2024,국방부 합동참모본부,일반용역,엔지니어링·연구,False,1.0,False,낙찰자선정,등록공고,,Y
20241126,25년 C4ISR분석모델 유지관리 용역,2024,국방부 합동참모본부,일반용역,엔지니어링·연구,False,1.0,False,낙찰자선정,등록공고,,
20241122,25년 국내개발 무기효과자료 구축 연구사업,2024,국방부 합동참모본부,일반용역,경영·행정서비스,False,1.0,False,낙찰자선정,등록공고,,Y
20241203,25년 분석기술 용역,2024,국방부 합동참모본부,일반용역,경영·행정서비스,False,1.0,False,낙찰자선정,등록공고,,Y
20241126,25년 대화력전모의모델 유지관리사업,2024,국방부 합동참모본부,일반용역,엔지니어링·연구,False,1.0,False,낙찰자선정,등록공고,,
20241127,2025년 국방일보 조판시스템 유지보수 사업,2024,국방부 국방홍보원,일반용역,엔지니어링·연구,False,1.0,False,낙찰자선정,등록공고,,
20241128,25년 국방자원관리정보체계 통합유지보수사업,2024,국방부 국방전산정보원,일반용역,엔지니어링·연구,False,1.0,False,낙찰자선정,등록공고,,
20241129,25-26년 보안관제용역,2024,방위사업청,일반용역,엔지니어링·연구,False,1.0,False,낙찰자선정,등록공고,,
20241129,25년 연합연습정보체계(CEIS-K) 정비용역사업,2024,국방부 합동참모본부,일반용역,엔지니어링·연구,False,1.0,False,낙찰자선정,등록공고,,
20241202,2025년-2026년 국방연동관리체계 유지보수사업,2024,국방부 국방전산정보원,일반용역,엔지니어링·연구,False,1.0,False,낙찰자선정,등록공고,,
20241206,2025년 국방홍보원 홈페이지(모바일 포함) 통합운영유지 및 개선사업,2024,국방부 국방홍보원,일반용역,엔지니어링·연구,False,1.0,False,낙찰자선정,등록공고,,Y
20241206,2025년 KFN TV 외주제작(요즘 군대) 사업자 선정,2024,국방부 국방홍보원,일반용역,편집·디자인,False,1.0,False,낙찰자선정,등록공고,,Y
20241212,군인연금정보체계 고도화 구축 감리 사업 계약,2024,국방부 국군재정관리단,일반용역,경영·행정서비스,False,1.0,False,낙찰자선정,등록공고,,
20241212,2025년 귀환포로 정착지원사업,2024,국방부,일반용역,경영·행정서비스,False,1.0,False,낙찰자선정,등록공고,,
20241211,25년 합동작전분석모델 2 유지관리 용역사업,2024,국방부 합동참모본부,일반용역,엔지니어링·연구,False,1.0,False,낙찰자선정,등록공고,,Y
20241211,25-26 정보시스템 통합유지보수 사업,2024,방위사업청,일반용역,엔지니어링·연구,False,1.0,False,낙찰자선정,등록공고,,
20241216,25~26년 합동전투모의실 기술지원관 용역,2024,국방부 합동참모본부,일반용역,경영·행정서비스,False,1.0,False,낙찰자선정,등록공고,,Y
20241218,2025년 국방홍보원 소셜라이브 운영 용역,2024,국방부 국방홍보원,일반용역,경영·행정서비스,False,1.0,False,낙찰자선정,등록공고,,Y
20241218,25년 지상무기효과분석모델 유지관리 용역,2024,국방부 합동참모본부,일반용역,엔지니어링·연구,False,1.0,False,낙찰자선정,등록공고,,
20241217,2025년도 국방일보 인쇄 및 배달 용역사업,2024,국방부 국방홍보원,일반용역,편집·디자인,False,1.0,False,낙찰자선정,등록공고,,Y
20241218,2025년도 KFN TV NPS 제작시스템 정기유지관리 사업,2024,국방부 국방홍보원,일반용역,엔지니어링·연구,False,1.0,False,낙찰자선정,등록공고,,Y
20241219,25~26년 합참 운용지원관 용역사업,2024,국방부 합동참모본부,일반용역,경영·행정서비스,False,1.0,False,낙찰자선정,등록공고,,Y
20241218,군인연금정보체계 고도화 구축 개인정보영향평가 사업 계약 의뢰(수정),2024,국방부 국군재정관리단,일반용역,경영·행정서비스,False,1.0,False,낙찰자선정,등록공고,,
20241223,2025년 통합유지보수,2024,4284부대,일반용역,엔지니어링·연구,False,1.0,False,낙찰자선정,등록공고,,Y
20241230,25년 정보화교육 위탁사업,2024,국방부 국방전산정보원,일반용역,교육훈련,False,1.0,False,낙찰자선정,등록공고,,Y
20240103,화생방위험예측분석체계 체계개발 사업 감리 용역,2024,방위사업청,일반용역,경영·행정서비스,False,3.0,False,낙찰자선정,등록공고,,
20240102,예비군훈련 소집통지서 모바일송달 서비스(2차),2024,국방부,일반용역,경영·행정서비스,False,3.0,False,낙찰자선정,등록공고,,Y
20240104,2024년 위문열차공연 무대장비 설치(조명/무대/영상/발전차),2024,국방부 국방홍보원,일반용역,경영·행정서비스,True,0.0,True,유찰,등록공고,,Y
20240102,24년 예비군 웹사이트 휴대폰 본인확인 서비스 운영,2024,국방부,일반용역,경영·행정서비스,True,0.0,True,유찰,등록공고,,
20240103,2024년 위문열차 공연 진행/분장/의자설치 등,2024,국방부 국방홍보원,일반용역,경영·행정서비스,True,0.0,True,유찰,등록공고,,Y
20240109,우수 상용품 시범사용 연구 및 위탁운영,2024,국방부,일반용역,경영·행정서비스,True,0.0,True,유찰,등록공고,,Y
20240110,24년 통합홍보용역,2024,국방부 국방부유해발굴감식단,일반용역,경영·행정서비스,False,5.0,False,낙찰자선정,등록공고,,Y
20240116,24년 연합연습정보체계(CEIS-K) 정비용역사업,2024,국방부 합동참모본부,일반용역,엔지니어링·연구,True,0.0,True,유찰,재공고,,
20240117,24년~25년 암호장비 유지보수용역계약,2024,공군제7항공통신전대,일반용역,엔지니어링·연구,True,0.0,True,유찰,등록공고,,Y
20240117,AI 효율적 적용 및 활용을 위한 국방획득체계 발전방안,2024,국방부,일반용역,경영·행정서비스,True,8.0,False,유찰,등록공고,,
20240118,24년 예비군 웹사이트 휴대폰 본인확인 서비스 운영,2024,국방부,일반용역,경영·행정서비스,True,0.0,True,유찰,재공고,,
20240122,군 간부 및 군무원 민간 심리상담 지원 프로그램,2024,국방부,일반용역,경영·행정서비스,False,7.0,False,낙찰자선정,등록공고,,Y
20240130,24~25년 KJCCS 통합 유지보수 용역,2024,국방부 국군지휘통신사령부,일반용역,엔지니어링·연구,True,0.0,True,유찰,등록공고,,Y
20240124,24년 예비군 웹사이트 휴대폰 본인확인 서비스 운영,2024,국방부,일반용역,경영·행정서비스,True,0.0,True,유찰,등록공고,,
20240129,국방홍보원 다영역작전(MDO) 그날 군대이야기 프로젝트 용역,2024,국방부 국방홍보원,일반용역,편집·디자인,False,4.0,False,낙찰자선정,등록공고,,Y
20240130,2024년 B그룹 민간전문강사 초빙교육,2024,국방부,일반용역,교육훈련,False,6.0,False,낙찰자선정,등록공고,,Y
20240130,2024년 C그룹 북한이탈주민 초빙교육,2024,국방부,일반용역,교육훈련,False,7.0,False,낙찰자선정,등록공고,,Y
20240131,2024년 A그룹 민간전문강사 초빙교육,2024,국방부,일반용역,교육훈련,False,6.0,False,낙찰자선정,등록공고,,Y
20240131,2024년 C그룹 민간전문강사 초빙교육,2024,국방부,일반용역,교육훈련,False,6.0,False,낙찰자선정,등록공고,,Y
20240131,2024년 A그룹 북한이탈주민 초빙교육,2024,국방부,일반용역,교육훈련,False,7.0,False,낙찰자선정,등록공고,,Y
20240201,2024년 B그룹 북한이탈주민 초빙교육,2024,국방부,일반용역,교육훈련,False,7.0,False,낙찰자선정,등록공고,,Y
20240214,개인정보 영향평가(국방의료정보체계 성능개선 및 의료종합상황센터 통합관제시스템 구축사업),2024,국방부 국군의무사령부,일반용역,경영·행정서비스,False,4.0,False,낙찰자선정,등록공고,,Y
20240207,2024년 장애인 예술단체 부대 방문공연,2024,국방부,일반용역,경영·행정서비스,False,3.0,False,낙찰자선정,등록공고,,
20240214,2024년 군 성폭력 실태조사,2024,국방부,일반용역,경영·행정서비스,True,0.0,True,유찰,등록공고,,
20240214,AI 효율적 적용 및 활용을 위한 국방획득체계 발전방안,2024,국방부,일반용역,경영·행정서비스,False,7.0,False,낙찰자선정,등록공고,,
20240220,2024년 5그룹 병 집중인성교육 위탁 용역,2024,국방부,일반용역,교육훈련,False,8.0,False,낙찰자선정,등록공고,,Y
20240219,2024년 3그룹 병 집중인성교육 위탁 용역,2024,국방부,일반용역,교육훈련,False,8.0,False,낙찰자선정,등록공고,,Y
20240222,2024년 비전자기록물 디지털화 및 기록물 이관·정리 사업,2024,방위사업청,일반용역,엔지니어링·연구,True,0.0,True,유찰,등록공고,,Y
20240219,24년 군 온라인 문화예술 체험형 강의콘텐츠 운영,2024,국방부,일반용역,경영·행정서비스,True,0.0,True,유찰,등록공고,,
20240219,2024년 1그룹 병 집중인성교육 위탁 용역,2024,국방부,일반용역,교육훈련,False,8.0,False,낙찰자선정,등록공고,,Y
20240220,2024년 4그룹 병 집중인성교육 위탁 용역,2024,국방부,일반용역,교육훈련,False,8.0,False,낙찰자선정,등록공고,,Y
20240220,2024년 2그룹 병 집중인성교육 위탁 용역,2024,국방부,일반용역,교육훈련,False,8.0,False,낙찰자선정,등록공고,,Y
20240226,2024년 성희롱성폭력 예방 맞춤형 컨설팅,2024,국방부,일반용역,경영·행정서비스,False,3.0,False,낙찰자선정,등록공고,,
20240305,국방부 및 각 군 온나라시스템 클라우드기반 통합 구축사업,2024,국방통합데이터센터,일반용역,엔지니어링·연구,False,3.0,False,낙찰자선정,등록공고,,Y
20240311,24년 정보보안 수준강화 컨설팅,2024,국방부,일반용역,경영·행정서비스,True,0.0,True,유찰,등록공고,,
20240307,24년도 군수경영혁신사업 용역,2024,국방부,일반용역,경영·행정서비스,True,0.0,True,유찰,등록공고,,Y
20240315,GOP과학화경계시스템 구축 ISP 수립,2024,방위사업청,일반용역,경영·행정서비스,False,4.0,False,낙찰자선정,등록공고,,Y
20240313,방산수출 다변화를 위한 24년 국내외 행사용역,2024,국방부,일반용역,경영·행정서비스,False,4.0,False,낙찰자선정,등록공고,,Y
20240314,24년 교육정보통합시스템 유지보수,2024,국군간호사관학교,일반용역,엔지니어링·연구,True,0.0,True,유찰,등록공고,,Y
20240318,국방 온나라 2.0 전환 및 확산,2024,국방부 국방전산정보원,일반용역,엔지니어링·연구,False,4.0,False,낙찰자선정,등록공고,,Y
20240315,국방 온나라 2.0 전환 및 확산 PMO 사업,2024,국방부 국방전산정보원,일반용역,경영·행정서비스,False,2.0,False,낙찰자선정,등록공고,,Y
20240318,2024년 비전자기록물 디지털화 및 기록물 이관·정리 사업,2024,방위사업청,일반용역,엔지니어링·연구,True,0.0,True,유찰,재공고,,Y
20240327,방위산업기술보호 업무포털 구축 ISP 수립,2024,방위사업청,일반용역,경영·행정서비스,False,10.0,False,낙찰자선정,등록공고,,Y
20240417,사이버 최고 전문가 교육과정,2024,4284부대,일반용역,교육훈련,False,2.0,False,낙찰자선정,등록공고,,
20240402,2024-1차 행정정보통합지원체계 성능개선 사업,2024,국방부 국방전산정보원,일반용역,엔지니어링·연구,True,0.0,True,유찰,등록공고,,Y
20240405,2024-2차 행정정보통합지원체계 성능개선 사업,2024,국방부 국방전산정보원,일반용역,엔지니어링·연구,True,0.0,True,유찰,등록공고,,Y
20240411,24년 정보보안 수준강화 컨설팅,2024,국방부,일반용역,경영·행정서비스,False,2.0,False,낙찰자선정,등록공고,,
20240415,국방사이버훈련장 고도화 ISP,2024,4284부대,일반용역,경영·행정서비스,False,4.0,False,낙찰자선정,등록공고,,Y
20240416,통합 연계 고도화 ISP 수립,2024,방위사업청,일반용역,경영·행정서비스,False,4.0,False,낙찰자선정,등록공고,,
20240422,방위사업청 수도권 통근버스 임차용역,2024,방위사업청,일반용역,운송·물류,False,3.0,False,낙찰자선정,등록공고,,Y
20240502,24년~26년 상용정보통신장비 통합유지보수,2024,국군제9965부대,일반용역,엔지니어링·연구,False,4.0,False,낙찰자선정,변경공고,,Y
20240424,국방우주협력 발전전략 연구,2024,국방부,일반용역,경영·행정서비스,True,0.0,True,유찰,등록공고,,Y
20240429,2024년 ㅇㅇㅇ체계 성능개선,2024,국방부 국방정보본부,일반용역,엔지니어링·연구,False,2.0,False,낙찰자선정,등록공고,,
20240502,차세대 군사법 정보시스템 기반운영환경 구축사업,2024,국방통합데이터센터,일반용역,엔지니어링·연구,False,2.0,False,낙찰자선정,등록공고,,Y
20240503,24년 학술용 인터넷(무선 LAN) 확장사업,2024,국군간호사관학교,일반용역,엔지니어링·연구,True,0.0,True,유찰,등록공고,,Y
20240509,국방 무인체계 계열화·모듈화(K-MOSA) 기반조성 방안 연구,2024,국방부,일반용역,경영·행정서비스,True,0.0,True,유찰,등록공고,,Y
20240509,국방우주협력 발전전략 연구,2024,국방부,일반용역,경영·행정서비스,True,0.0,True,유찰,등록공고,,Y
20240521,2024년 제13회 서울안보대화 행사용역,2024,국방부,일반용역,경영·행정서비스,False,4.0,False,낙찰자선정,등록공고,,Y
20240516,[한미공동연구] 북한의 핵·WMD 고도화와 대북제재 분석을 통한 대응 방안 연구,2024,국방부,일반용역,경영·행정서비스,True,0.0,True,유찰,등록공고,,
20240520,24년 친선 국방사절단 방한 행사 용역,2024,국방부,일반용역,여행·숙박,False,2.0,False,낙찰자선정,등록공고,,Y
20240521,24년 재해복구시스템 구축 ISP 용역,2024,국방통합데이터센터,일반용역,경영·행정서비스,False,4.0,False,낙찰자선정,등록공고,,Y
20240522,24년 국방부 공드럼 정비 2지역 조달의뢰,2024,육군군수사령부,일반용역,산업생산서비스,False,4.0,False,낙찰자선정,등록공고,,
20240521,2025년 성인지 원격교육 콘텐츠 개발,2024,국방부,일반용역,교육훈련,False,4.0,False,낙찰자선정,등록공고,,Y
20240522,24년 국방부 공드럼 정비 4지역 조달의뢰,2024,육군군수사령부,일반용역,산업생산서비스,False,4.0,False,낙찰자선정,등록공고,,
20240522,24년 국방부 공드럼 정비 3지역 조달의뢰,2024,육군군수사령부,일반용역,산업생산서비스,False,3.0,False,낙찰자선정,등록공고,,
20240523,24년 국방부 공드럼 정비 1지역 조달의뢰,2024,육군군수사령부,일반용역,산업생산서비스,False,4.0,False,낙찰자선정,등록공고,,
20240529,국방 차세대 기록관리시스템(RAMP) 전환 ISMP사업,2024,국방부,일반용역,경영·행정서비스,False,2.0,False,낙찰자선정,등록공고,,Y
20240527,전군 감염병 감시지원체계 PMO사업,2024,국방부 국군의무사령부,일반용역,경영·행정서비스,False,3.0,False,낙찰자선정,등록공고,,Y
20240529,국방우주협력 발전전략 연구,2024,국방부,일반용역,경영·행정서비스,False,2.0,False,낙찰자선정,재공고,,Y
20240531,[한미공동연구] 북한의 핵·WMD 고도화와 대북제재 분석을 통한 대응 방안 연구,2024,국방부,일반용역,경영·행정서비스,True,0.0,True,유찰,재공고,,
20240603,"방위사업청 대전 임시청사 시설보안(경비, 안내) 인력 용역",2024,방위사업청,일반용역,국방·보안서비스,False,950.0,False,낙찰자선정,등록공고,,
20240605,건군 76주년 국군의 날 시설물 설치 용역사업,2024,국방부,일반용역,경영·행정서비스,True,0.0,True,유찰,등록공고,,Y
20240604,건군 제76주년 국군의 날 행사대행(행사집행),2024,국방부,일반용역,경영·행정서비스,False,2.0,False,낙찰자선정,등록공고,,Y
20240610,예비군훈련 소집통지서 모바일송달 서비스(3차),2024,국방부,일반용역,경영·행정서비스,True,0.0,True,유찰,등록공고,,
20240612,국방 온나라2.0 전환(2단계) 및 확산 사업 감리 용역,2024,국방부 국방전산정보원,일반용역,경영·행정서비스,False,6.0,False,낙찰자선정,등록공고,,Y
20240614,2024년 제20회 국방일보 전우마라톤 대회 운영 대행사 선정,2024,국방부 국방홍보원,일반용역,경영·행정서비스,True,2.0,False,유찰,등록공고,,Y
20240621,24~25년 암호장비 유지보수 용역사업,2024,해군본부,일반용역,엔지니어링·연구,True,0.0,True,유찰,등록공고,,Y
20240621,예비군훈련 소집통지서 모바일송달 서비스(3차),2024,국방부,일반용역,경영·행정서비스,True,0.0,True,유찰,재공고,,
20240624,안정적인 장기군의관 확보 방안 연구용역,2024,국방부,일반용역,경영·행정서비스,False,2.0,False,낙찰자선정,등록공고,,Y
20240627,국방정보화 업무 발전을 위한 집행기관 재설계 방안 연구,2024,국방부,일반용역,경영·행정서비스,False,2.0,False,낙찰자선정,등록공고,,Y
20240626,차세대 군사법정보시스템 개인정보 영향평가 사업,2024,국방부 국방전산정보원,일반용역,경영·행정서비스,False,3.0,False,낙찰자선정,등록공고,,Y
20240708,예비군훈련 소집통지서 모바일송달 서비스(3차),2024,국방부,일반용역,경영·행정서비스,True,0.0,True,유찰,재공고,,
20240705,2024년 제20회 국방일보 전우마라톤 대회 운영 대행사 선정,2024,국방부 국방홍보원,일반용역,경영·행정서비스,False,2.0,False,낙찰자선정,재공고,,Y
20240709,건군76주년 국군의 날 행사장병 급식지원 케이터링 서비스 용역,2024,국방부,일반용역,여행·숙박,False,2.0,False,낙찰자선정,등록공고,,Y
20240709,24년 디지털 지형정보 표준화 및 유통체계 개발 ISP 사업,2024,국군제9965부대,일반용역,경영·행정서비스,False,2.0,False,낙찰자선정,등록공고,,Y
20240716,평택 고덕동 군부대 이전사업 감정평가용역,2024,국방시설본부,일반용역,경영·행정서비스,False,12.0,False,낙찰자선정,등록공고,,Y
20240722,2024 K-military Fastival 군문화 체험행사 대행,2024,국방부,일반용역,경영·행정서비스,False,3.0,False,낙찰자선정,등록공고,,Y
20240725,네트워크 패킷 가시화 DDoS 보호체계 도입사업,2024,국방통합데이터센터,일반용역,엔지니어링·연구,False,2.0,False,낙찰자선정,등록공고,,Y
20240729,방산수출 다변화를 위한 24년 국외 행사 용역,2024,국방부,일반용역,경영·행정서비스,False,3.0,False,낙찰자선정,등록공고,,Y
20240731,24-25 공군 사이버방호체계 통합 유지보수,2024,공군군수사령부,일반용역,엔지니어링·연구,True,0.0,True,유찰,등록공고,,
20240807,국방군수통합 및 국방동원정보체계 등 응용 SW 이관 사업,2024,국방통합데이터센터,일반용역,엔지니어링·연구,True,0.0,True,유찰,등록공고,,Y
20240731,기부 대 양여를 위한 기부재산 감정평가 용역,2024,국방부 주한미군기지이전사업단,일반용역,경영·행정서비스,False,18.0,False,낙찰자선정,등록공고,,Y
20240806,00부대 스마트팩토리 체계 구축,2024,육군종합정비창,일반용역,엔지니어링·연구,False,2.0,False,낙찰자선정,등록공고,,Y
20240813,방위사업청 홈페이지 기능 개선,2024,방위사업청,일반용역,엔지니어링·연구,False,2.0,False,낙찰자선정,등록공고,,Y
20240830,국방군수통합 및 국방동원정보체계 등 응용 SW 이관 사업,2024,국방통합데이터센터,일반용역,엔지니어링·연구,True,0.0,True,유찰,재공고,,
20240911,24-25 공군 사이버방호체계 통합 유지보수,2024,공군군수사령부,일반용역,엔지니어링·연구,True,0.0,True,유찰,재공고,,
20240913,AI 기반 지뢰탐지시스템 고도화 서비스 모델 시범도입 사업,2024,육군미래혁신연구센터,일반용역,엔지니어링·연구,False,4.0,False,낙찰자선정,등록공고,,Y
20240924,Li-Fi 기술 야전지휘소 보안기술 실증,2024,육군본부 정보화기획참모부,일반용역,엔지니어링·연구,True,0.0,True,유찰,등록공고,,Y
20240925,24~25년 000시스템 유지보수 용역,2024,국군제9965부대,일반용역,엔지니어링·연구,False,2.0,False,낙찰자선정,등록공고,,Y
20241009,25-26년 보안관제용역,2024,방위사업청,일반용역,엔지니어링·연구,True,0.0,True,유찰,등록공고,,
20241010,2025년 국방홍보원 정보시스템 유지보수 사업,2024,국방부 국방홍보원,일반용역,엔지니어링·연구,False,3.0,False,낙찰자선정,등록공고,,Y
20241010,2025년-2026년 국방연동관리체계 유지보수사업,2024,국방부 국방전산정보원,일반용역,엔지니어링·연구,True,0.0,True,유찰,등록공고,,
20241014,25-26 정보시스템 통합유지보수 사업,2024,방위사업청,일반용역,엔지니어링·연구,True,0.0,True,유찰,등록공고,,
20241014,2025년 국방일보 모바일 뉴스레터 발행 및 뉴미디어 홍보 용역,2024,국방부 국방홍보원,일반용역,경영·행정서비스,False,11.0,False,낙찰자선정,등록공고,,Y
20241016,25~26년 국직부대 암호장비 유지보수 용역,2024,국방부 국군지휘통신사령부,일반용역,엔지니어링·연구,False,2.0,False,낙찰자선정,등록공고,,Y
20241017,25년 합동지속지원모의모델 유지관리 용역,2024,국방부 합동참모본부,일반용역,엔지니어링·연구,True,0.0,True,유찰,등록공고,,Y
20241017,2025년 국방일보 조판시스템 유지보수 사업,2024,국방부 국방홍보원,일반용역,엔지니어링·연구,True,0.0,True,유찰,등록공고,,
20241017,전군 감염병 감시지원체계 구축사업,2024,국방부 국군의무사령부,일반용역,엔지니어링·연구,False,2.0,False,낙찰자선정,등록공고,,Y
20241022,25년 합동정보모의모델 유지관리 용역,2024,국방부 합동참모본부,일반용역,엔지니어링·연구,True,0.0,True,유찰,등록공고,,Y
20241024,25년 C4ISR분석모델 유지관리 용역,2024,국방부 합동참모본부,일반용역,엔지니어링·연구,True,0.0,True,유찰,등록공고,,Y
20241022,25년 민군작전모의모델 유지관리 용역,2024,국방부 합동참모본부,일반용역,엔지니어링·연구,True,0.0,True,유찰,등록공고,,Y
20241028,국방 행정분야 생성형 AI 서비스 개발 및 실증,2024,국방통합데이터센터,일반용역,엔지니어링·연구,False,4.0,False,낙찰자선정,등록공고,,Y
20241028,25년 국내개발 무기효과자료 구축 연구사업,2024,국방부 합동참모본부,일반용역,경영·행정서비스,True,0.0,True,유찰,등록공고,,Y
20241029,25년 지상무기효과분석모델 유지관리 용역,2024,국방부 합동참모본부,일반용역,엔지니어링·연구,True,0.0,True,유찰,등록공고,,
20241030,25년 대화력전모의모델 유지관리사업,2024,국방부 합동참모본부,일반용역,엔지니어링·연구,True,0.0,True,유찰,등록공고,,Y
20241029,25년 분석기술 용역,2024,국방부 합동참모본부,일반용역,경영·행정서비스,True,0.0,True,유찰,등록공고,,Y
20241101,’25~‘26년 국방 사이버지식정보방 유지보수 사업,2024,국방부 국방전산정보원,일반용역,엔지니어링·연구,False,3.0,False,낙찰자선정,등록공고,,Y
20241106,25-26년 전산장비 유지보수,2024,국방부 국방전산정보원,일반용역,엔지니어링·연구,False,3.0,False,낙찰자선정,등록공고,,Y
20241114,2025년 국방홍보원 소셜라이브 운영 용역,2024,국방부 국방홍보원,일반용역,경영·행정서비스,True,0.0,True,유찰,등록공고,,Y
20241030,2025년도 국방일보 인쇄 및 배달 용역사업,2024,국방부 국방홍보원,일반용역,편집·디자인,True,0.0,True,유찰,등록공고,,Y
20241031,2025년 KFN 송출대행사 선정,2024,국방부 국방홍보원,일반용역,경영·행정서비스,False,2.0,False,낙찰자선정,등록공고,,Y
20241031,AI 기반 지뢰탐지시스템 고도화 서비스 모델 시범도입 사업 감리용역,2024,육군미래혁신연구센터,일반용역,경영·행정서비스,False,3.0,False,낙찰자선정,등록공고,,Y
20241101,2025년 KFN TV 외주제작(전군 노래자랑) 사업자 선정,2024,국방부 국방홍보원,일반용역,편집·디자인,False,2.0,False,낙찰자선정,등록공고,,Y
20241118,25~26년 합참 운용지원관 용역사업,2024,국방부 합동참모본부,일반용역,경영·행정서비스,True,0.0,True,유찰,등록공고,,Y
20241101,2025년 귀환포로 정착지원사업,2024,국방부,일반용역,경영·행정서비스,True,0.0,True,유찰,등록공고,,Y
20241101,2025년 KFN TV 외주제작(강군365) 사업자 선정,2024,국방부 국방홍보원,일반용역,편집·디자인,False,3.0,False,낙찰자선정,등록공고,,Y
20241105,군 책임운영기관 2024년 업무성과 평가,2024,국방부,일반용역,경영·행정서비스,False,2.0,False,낙찰자선정,등록공고,,
20241111,2025년 통합유지보수,2024,4284부대,일반용역,엔지니어링·연구,True,0.0,True,유찰,등록공고,,Y
20241111,25년 합동작전분석모델 2 유지관리 용역사업,2024,국방부 합동참모본부,일반용역,엔지니어링·연구,True,0.0,True,유찰,등록공고,,Y
20241107,2025년 KFN TV 외주제작(요즘 군대) 사업자 선정,2024,국방부 국방홍보원,일반용역,편집·디자인,True,0.0,True,유찰,등록공고,,Y
20241107,2025년 국방홍보원 홈페이지(모바일 포함) 통합운영유지 및 개선사업,2024,국방부 국방홍보원,일반용역,엔지니어링·연구,True,0.0,True,유찰,등록공고,,Y
20241108,25년 연합연습정보체계(CEIS-K) 정비용역사업,2024,국방부 합동참모본부,일반용역,엔지니어링·연구,True,0.0,True,유찰,등록공고,,
20241111,25년 워게임 기술지원관 용역,2024,국방부 한미연합군사령부,일반용역,경영·행정서비스,False,102.0,False,낙찰자선정,등록공고,,
20241115,25년 장병자기개발 학습콘텐츠 지원사업,2024,국방부,일반용역,교육훈련,False,2.0,False,낙찰자선정,등록공고,,Y
20241113,군 간부 및 군무원 민간 심리상담 지원 프로그램,2024,국방부,일반용역,경영·행정서비스,False,4.0,False,낙찰자선정,등록공고,,Y
20241121,군인연금정보체계 고도화 구축 감리 사업 계약,2024,국방부 국군재정관리단,일반용역,경영·행정서비스,True,0.0,True,유찰,등록공고,,Y
20241118,’25년~’26년 국방행정관리체계 통합유지보수 사업,2024,국방부 국방전산정보원,일반용역,엔지니어링·연구,False,2.0,False,낙찰자선정,등록공고,,Y
20241115,25~26년 합동전투모의실 기술지원관 용역,2024,국방부 합동참모본부,일반용역,경영·행정서비스,True,0.0,True,유찰,등록공고,,Y
20241118,2025년도 간부 e-지식복지사업,2024,국방부,일반용역,경영·행정서비스,False,2.0,False,낙찰자선정,등록공고,,Y
20241119,방위사업청 수도권 통근버스 임차용역,2024,방위사업청,일반용역,운송·물류,False,5.0,False,낙찰자선정,등록공고,,Y
20241121,2025년도 KFN TV NPS 제작시스템 정기유지관리 사업,2024,국방부 국방홍보원,일반용역,엔지니어링·연구,True,0.0,True,유찰,등록공고,,Y
20241120,25년 지상무기효과분석모델 유지관리 용역,2024,국방부 합동참모본부,일반용역,엔지니어링·연구,True,0.0,True,유찰,재공고,,
20241122,군인연금정보체계 고도화 구축 개인정보영향평가 사업 계약 의뢰(수정),2024,국방부 국군재정관리단,일반용역,경영·행정서비스,True,0.0,True,유찰,등록공고,,
20241128,25년~26년 국방 휴대전화 보안통제체계 유지보수 사업,2024,국방부 국방전산정보원,일반용역,엔지니어링·연구,True,0.0,True,유찰,등록공고,,Y
20241127,통합정비관리체계(CIMMS) 유지관리 용역(2025~2026),2024,육군종합정비창,일반용역,엔지니어링·연구,False,2.0,False,낙찰자선정,등록공고,,Y
20241129,AI기반 의료영상 신체등급 판정서비스 용역,2024,국방부 국군의무사령부,일반용역,엔지니어링·연구,True,0.0,True,유찰,등록공고,,Y
20241129,방산메일시스템 유지보수 사업,2024,방위사업청,일반용역,엔지니어링·연구,True,0.0,True,유찰,등록공고,,
20241206,2025년 KFN 위문열차 공연 음향장비 설치,2024,국방부 국방홍보원,일반용역,경영·행정서비스,True,0.0,True,유찰,등록공고,,Y
20241210,25년 정보화교육 위탁사업,2024,국방부 국방전산정보원,일반용역,교육훈련,True,0.0,True,유찰,등록공고,,Y
20241212,2025년 KFN 위문열차 공연 HD중계장비 임대설치,2024,국방부 국방홍보원,일반용역,경영·행정서비스,False,3.0,False,낙찰자선정,등록공고,N,Y
20241227,2025년 KFN 위문열차 공연 진행/분장/의자설치 등,2024,국방부 국방홍보원,일반용역,경영·행정서비스,True,0.0,True,유찰,등록공고,N,Y
20241218,AI기반 의료영상 신체등급 판정서비스 용역,2024,국방부 국군의무사령부,일반용역,엔지니어링·연구,False,2.0,False,낙찰자선정,등록공고,N,Y
20241223,25년~26년 국방 휴대전화 보안통제체계 유지보수 사업,2024,국방부 국방전산정보원,일반용역,엔지니어링·연구,True,0.0,True,유찰,재공고,N,Y
20241225,2025년 KFN 위문열차공연 무대장비 설치,2024,국방부 국방홍보원,일반용역,경영·행정서비스,False,2.0,False,낙찰자선정,등록공고,N,Y
20241230,장병급식 전자조달체계 구축사업 PMO 사업,2024,국방부 국방전산정보원,일반용역,경영·행정서비스,False,2.0,False,낙찰자선정,등록공고,N,Y
20231130,23-A-00부대 기계공사(1674),2023,국방부 국군재정관리단,공사,,False,216.0,False,낙찰자선정,등록공고,,Y
20231201,00부대 복지회관 보일러실 보수공사,2023,국방부 국군조직 육군 군단 제3군단,공사,,False,9.0,False,낙찰자선정,등록공고,,N
20231204,24-동 체력단련장 비구방지휀스 설치공사,2023,국방부 해군제1함대사령부,공사,,False,20.0,False,낙찰자선정,등록공고,,N
20231204,23-동 종교시설 개선 및 신축 석면철거공사,2023,국방부 해군제1함대사령부,공사,,False,191.0,False,개찰완료,등록공고,,N
20231205,23-백 도서기지 방호벽 신축공사,2023,국방부 해군제2함대사령부,공사,,False,109.0,False,낙찰자선정,등록공고,,N
20231205,23-00창 비상발전기 및 UPS 설비공사,2023,해군군수사령부,공사,,False,40.0,False,낙찰자선정,등록공고,,Y
20231207,23-동 체력단련장 부유분수 설치공사,2023,국방부 해군제1함대사령부,공사,,False,15.0,False,낙찰자선정,등록공고,,N
20231204,23-동 종교시설 개선 및 신축 석면농도측정,2023,국방부 해군제1함대사령부,기술용역,,False,57.0,False,개찰완료,등록공고,,N
20231215,해사 의무대 및 근지대대 본관 신축 건축감리용역(상주),2023,국방부 해군사관학교,기술용역,,False,31.0,False,낙찰자선정,변경공고,,N
20230322,22-충-육-36B 분전반,2023,육군군수사령부,물품(내자),전기·조명,False,1.0,False,낙찰자선정,등록공고,,N
20230622,22-1함대 해상구조훈련장 및 통합창고 자동제어,2023,국방부 해군제1함대사령부,물품(내자),전기·조명,False,1.0,False,낙찰자선정,등록공고,,N
20230817,육군훈련소 사랑마을 옥상방수공사 아크릴 페인트 구매,2023,육군훈련소,물품(내자),제조부품,False,1.0,False,낙찰자선정,등록공고,,N
20231018,23년 우수상용품 시범사용 품목 구매(에어샤워),2023,육군군수사령부,물품(내자),건축자재,False,1.0,False,낙찰자선정,등록공고,,N
20231109,산업용 고강도 플라스틱 3D 프린터 구매,2023,공군제82항공정비창,물품(내자),산업기계,False,1.0,False,낙찰자선정,등록공고,,N
20231109,호흡연동 전동식 방진마스크 구매,2023,공군제82항공정비창,물품(내자),국방·치안·보안,False,1.0,False,낙찰자선정,등록공고,,N
20231129,파주행복 어린이집 전기공사 관급자재 구매,2023,육군제25보병사단,물품(내자),발전·배전,False,1.0,False,낙찰자선정,등록공고,,N
20231219,(신영-23-5) 11보급 급유시설 신축사업 (CCTV1),2023,육군제7789부대,물품(내자),국방·치안·보안,False,1.0,False,낙찰자선정,등록공고,,N
20230131,23-N-홍보물품 제조,2023,해군본부,물품(내자),사무기기,False,4.0,False,개찰완료,등록공고,,N
20230310,(236002-G) 헬기위치추적체계 HW 도입사업(리스물건),2023,국방부 국군재정관리단,물품(내자),정보통신,False,3.0,False,낙찰자선정,등록공고,,Y
20230323,23-F-네트워크 사이버방호체계 교체(리스물건),2023,국방부 국군재정관리단,물품(내자),정보통신,False,9.0,False,개찰완료,등록공고,,N
20230510,(23F011-G) 23년 LAN 교체사업(리스물건),2023,국방부 국군재정관리단,물품(내자),정보통신,True,6.0,False,유찰,등록공고,,N
20230504,(23F015-G) 기동형 탐지 및 재밍시스템 제조설치사업,2023,국방부 국군재정관리단,물품(내자),실험·측정기기,True,0.0,True,유찰,등록공고,,Y
20230403,23-N-OO사 CBT교실 신규/교체(전산장비),2023,해군교육사령부,물품(내자),정보통신,False,4.0,False,개찰완료,등록공고,,N
20230407,(236023-B) 위국헌신 청춘 감사앨범 제조,2023,국방부 육군본부,물품(내자),악기·교재,False,2.0,False,개찰완료,등록공고,,Y
20230412,(237028-D)의무피복 10종 제조,2023,국방부 국군의무사령부,물품(내자),피복·개인용품,False,5.0,False,낙찰자선정,등록공고,,Y
20230417,23-F-기지 네트워크 개선 사업,2023,국방부 국군재정관리단,물품(내자),정보통신,False,4.0,False,낙찰자선정,등록공고,,Y
20230421,육군 32사단 정비피복 제조·구매,2023,육군 제32보병사단,물품(내자),피복·개인용품,True,2.0,False,유찰,등록공고,,N
20230421,육군 32사단 취사피복 제조·구매,2023,육군 제32보병사단,물품(내자),피복·개인용품,False,2.0,False,개찰완료,등록공고,,N
20230424,(237007-H)HPC 주전산기 교체사업(리스물건),2023,국방부 국군재정관리단,물품(내자),실험·측정기기,False,3.0,False,낙찰자선정,등록공고,,N
20230426,(236106-D)냉각수펌프시험장비 제조 설치,2023,육군종합정비창,물품(내자),차량·수송장비,False,2.0,False,낙찰자선정,등록공고,,Y
20230426,23-N-원격정비지원체계 교체,2023,국방부 국군재정관리단,물품(내자),정보통신,False,2.0,False,낙찰자선정,등록공고,,Y
20230427,육군 32사단 정비피복 제조·구매,2023,육군 제32보병사단,물품(내자),피복·개인용품,False,4.0,False,개찰완료,등록공고,,N
20230508,23-N-해상작전헬기 조종석 절차훈련장비(CPT) 제조,2023,국방부 해군제2함대사령부,물품(내자),악기·교재,False,2.0,False,개찰완료,등록공고,,Y
20230509,육군 39사단 취사 및 정비피복 제조·구매,2023,제39보병사단,물품(내자),피복·개인용품,False,3.0,False,개찰완료,등록공고,,N
20230512,(237008-H)무인고정형 실시간 스펙트럼 탐지체계 구축,2023,국방부 국군재정관리단,물품(내자),실험·측정기기,True,2.0,False,유찰,등록공고,,Y
20230526,(236194-F) 권총조준경 구매사업,2023,육군군수사령부,물품(내자),스포츠·레저,True,2.0,False,유찰,등록공고,,N
20230601,(23F015-G) 기동형 탐지 및 재밍시스템 제조설치사업,2023,국방부 국군재정관리단,물품(내자),실험·측정기기,True,0.0,True,유찰,재공고,,Y
20230601,(236204-F)23년 데스크톱 PC 도입사업(리스물건),2023,육군본부 정보체계관리단,물품(내자),정보통신,False,5.0,False,낙찰자선정,등록공고,,N
20230602,(236192-D)IED 인력운반공구키트 구매사업,2023,육군군수사령부,물품(내자),운반·포장,True,0.0,True,유찰,등록공고,,N
20230607,23-F-JTAC 교육훈련장비 제조 사업,2023,국방부 국군재정관리단,물품(내자),악기·교재,True,0.0,True,유찰,등록공고,,Y
20230608,(236113-E) K-1A용 복합레일 구매,2023,육군군수사령부,물품(내자),국방·치안·보안,True,0.0,True,유찰,등록공고,,N
20230615,(237015-H)사이버 교육용 HW 및 SW 구매,2023,국방부 국군재정관리단,물품(내자),정보통신,False,3.0,False,개찰완료,등록공고,,Y
20230615,23-N-IoT 활용 통신시설(맨홀) 관리시스템 구축,2023,해군작전사령부,물품(내자),정보통신,False,5.0,False,낙찰자선정,등록공고,,N
20230616,23~24-F-스마트 유류고 표준모델 시범구축,2023,국방부 국군재정관리단,물품(내자),정보통신,True,0.0,True,유찰,등록공고,,Y
20230620,(236028-G) 23년 VoIP 교환기 교체사업(리스물건),2023,국방부 국군재정관리단,물품(내자),정보통신,False,2.0,False,낙찰자선정,등록공고,,N
20230619,23년 외주연구용역,2023,국방부 합동참모본부,물품(내자),엔지니어링·연구,True,0.0,True,유찰,등록공고,,Y
20230623,지상전력시험평가과 정책연구용역 계약,2023,국방부 합동참모본부,물품(내자),경영·행정서비스,True,0.0,True,유찰,등록공고,,N
20230623,공중전력시험평가과 정책연구용역 계약,2023,국방부 합동참모본부,물품(내자),경영·행정서비스,True,0.0,True,유찰,등록공고,,N
20230623,해상전력시험평가과 정책연구용역 계약,2023,국방부 합동참모본부,물품(내자),경영·행정서비스,True,0.0,True,유찰,등록공고,,N
20230629,23-F-IoT기반 장비/시설물 원격감시체계 구축사업,2023,국방부 국군재정관리단,물품(내자),정보통신,False,5.0,False,낙찰자선정,등록공고,,Y
20230705,23-N-CBT/SMART 강의실 및 강당 LED Display 구축,2023,국방부 국군재정관리단,물품(내자),정보통신,False,3.0,False,개찰완료,변경공고,,Y
20230703,23-N-00창 CBT교실 교체,2023,해군정비창,물품(내자),정보통신,False,3.0,False,개찰완료,등록공고,,N
20230704,23-N-브리핑/화상회의체계 도입(리스물건),2023,국방부 국군재정관리단,물품(내자),인쇄·영상,False,3.0,False,낙찰자선정,등록공고,,Y
20230710,(236037-G) 23년 사이버침해사고 통합관리체계 도입사업,2023,국방부 국군재정관리단,물품(내자),정보통신,False,2.0,False,낙찰자선정,등록공고,,Y
20230710,공중전력시험평가과 정책연구용역 계약,2023,국방부 합동참모본부,물품(내자),경영·행정서비스,True,0.0,True,유찰,등록공고,,Y
20230710,지상전력시험평가과 정책연구용역 계약,2023,국방부 합동참모본부,물품(내자),경영·행정서비스,True,0.0,True,유찰,등록공고,,Y
20230711,(236096-D)KDS-1 엔진시험기 제조,2023,육군군수사령부,물품(내자),악기·교재,True,0.0,True,유찰,등록공고,Y,Y
20230713,(23F011-G) 23년 LAN 교체사업(리스물건),2023,국방부 국군재정관리단,물품(내자),정보통신,False,6.0,False,낙찰자선정,재공고,,Y
20230714,23-M-CBT교실 신규교체(전산장비),2023,국방부 국군재정관리단,물품(내자),정보통신,True,2.0,False,유찰,변경공고,,Y
20230718,(236194-F) 권총조준경 구매사업,2023,육군군수사령부,물품(내자),스포츠·레저,False,2.0,False,낙찰자선정,재공고,,N
20230719,23-F-지능형 통합감시 기반체계 구축(리스물건),2023,국방부 국군재정관리단,물품(내자),실험·측정기기,False,3.0,False,개찰완료,등록공고,,Y
20230727,23-N-원격통합통신체계 구축(리스물건),2023,국방부 국군재정관리단,물품(내자),정보통신,False,2.0,False,개찰완료,등록공고,,Y
20230727,23년 JADC2 연구용역계약,2023,국방부 합동참모본부,물품(내자),경영·행정서비스,True,0.0,True,유찰,등록공고,,Y
20230731,23-F-브리핑/화상회의시스템 도입사업(리스물건),2023,국방부 국군재정관리단,물품(내자),정보통신,False,3.0,False,낙찰자선정,등록공고,,Y
20230801,23-F-사이버수사체계 구축사업,2023,국방부 국군재정관리단,물품(내자),정보통신,False,2.0,False,낙찰자선정,등록공고,,Y
20230803,(236192-D)IED 인력운반공구키트 구매사업,2023,육군군수사령부,물품(내자),운반·포장,False,2.0,False,낙찰자선정,재공고,,N
20230804,23-N-출입통제체계 구축사업(리스물건),2023,국방부 국군재정관리단,물품(내자),국방·치안·보안,True,4.0,False,유찰,등록공고,,Y
20230809,23-F-생도 학사관리통합체계 서버 교체(리스물건),2023,국방부 국군재정관리단,물품(내자),정보통신,False,3.0,False,개찰완료,등록공고,,Y
20230816,(237031-H)자료관리 자동화체계 구축사업[리스물건],2023,국방부 국군재정관리단,물품(내자),엔지니어링·연구,True,0.0,True,유찰,등록공고,,Y
20230817,군사우주과 연구용역 계약,2023,국방부 합동참모본부,물품(내자),경영·행정서비스,True,0.0,True,유찰,등록공고,,Y
20230818,(236318-F)유압종합시험장비 제조설치,2023,육군종합정비창,물품(내자),실험·측정기기,False,5.0,False,낙찰자선정,등록공고,,N
20230818,"우수근무자 국내연수 용역 계약(2단계경쟁 규격,가격 동시)",2023,국방부 합동참모본부,물품(내자),교육훈련,True,0.0,True,유찰,등록공고,,N
20230818,23년 JADC2 연구용역계약,2023,국방부 합동참모본부,물품(내자),경영·행정서비스,True,0.0,True,유찰,등록공고,,N
20230824,(236045-G) 23년 5군단 영상통합공유체계 도입사업,2023,국방부 국군재정관리단,물품(내자),정보통신,False,6.0,False,개찰완료,등록공고,,Y
20230824,(236324-F) 브레이드 작동시험기 제조설치,2023,국방부 국군재정관리단,물품(내자),실험·측정기기,False,3.0,False,낙찰자선정,등록공고,,N
20230825,(236042-G) 대인지뢰 시험장비세트 제조설치사업,2023,국방부 국군재정관리단,물품(내자),건설·시설서비스,True,0.0,True,유찰,등록공고,,Y
20230829,(236048-G) 23년 2군단 영상통합공유체계 도입사업,2023,국방부 국군재정관리단,물품(내자),정보통신,False,8.0,False,개찰완료,등록공고,,Y
20230829,23-N-00사 학술용 인터넷망 구축사업(리스물건),2023,국방부 국군재정관리단,물품(내자),전기·조명,False,2.0,False,개찰완료,등록공고,,Y
20230829,(236354-B) 23~24년 생도 활동복류 제조,2023,국방부 국군재정관리단,물품(내자),피복·개인용품,False,3.0,False,개찰완료,등록공고,,Y
20230831,(236373-F) 발칸 종합 정비 콘솔 제조설치,2023,육군종합정비창,물품(내자),정보통신,False,2.0,False,개찰완료,등록공고,,N
20230904,JADC2 발전방향 연구용역,2023,국방부 합동참모본부,물품(내자),경영·행정서비스,True,0.0,True,유찰,등록공고,,N
20230904,지형분석과 연구용역,2023,국방부 합동참모본부,물품(내자),경영·행정서비스,True,0.0,True,유찰,등록공고,,N
20230907,23-N-출입통제체계 구축사업(리스물건),2023,국방부 국군재정관리단,물품(내자),국방·치안·보안,False,4.0,False,개찰완료,재공고,,N
20230919,23-N-해상기상관측장비 제조,2023,국방부 국군재정관리단,물품(내자),실험·측정기기,False,2.0,False,개찰완료,등록공고,,Y
20230921,(236381-C) 육군달력 후가공 제조 및 납품,2023,국방부 육군본부,물품(내자),사무기기,False,2.0,False,개찰완료,등록공고,,Y
20231006,23-D-전장이동통제용 드론 제조,2023,국방부 국군재정관리단,물품(내자),차량·수송장비,True,0.0,True,유찰,등록공고,,Y
20231006,(236420-C) 24년 생도피복(체육복류) 제조,2023,국방부 국군재정관리단,물품(내자),피복·개인용품,False,5.0,False,낙찰자선정,등록공고,,Y
20231010,육군 32사단 정비피복 제조 · 구매,2023,육군 제32보병사단,물품(내자),피복·개인용품,True,0.0,True,유찰,등록공고,,N
20231012,(236398-D)소총 탄피받이(멀티형) 제조,2023,육군본부 정보작전참모부,물품(내자),악기·교재,True,0.0,True,유찰,등록공고,,Y
20231012,23-평 사령부 CCTV 3식 구매 설치,2023,국방부 해군제2함대사령부,물품(내자),국방·치안·보안,False,13.0,False,낙찰자선정,등록공고,,N
20231020,(236362-C) 실내방음사격장 사격장비 납품 및 설치,2023,특수전사령부,물품(내자),악기·교재,False,2.0,False,낙찰자선정,등록공고,,Y
20231030,육군 32사단 정비피복 제조 · 구매,2023,육군 제32보병사단,물품(내자),피복·개인용품,True,0.0,True,유찰,재공고,,N
20231109,(236398-D)소총 탄피받이(멀티형) 제조,2023,육군본부 정보작전참모부,물품(내자),악기·교재,False,4.0,False,낙찰자선정,재공고,,Y
20231110,23~24-F-항공교통관제 모의훈련장비 도입,2023,국방부 국군재정관리단,물품(내자),정보통신,False,3.0,False,개찰완료,등록공고,,Y
20231110,(236478-B) 생도 운동화 제조,2023,국방부 육군사관학교,물품(내자),피복·개인용품,False,3.0,False,개찰완료,등록공고,,Y
20231212,23~24-N-항공기용 상용위성통신장비 구매설치,2023,해군군수사령부,물품(내자),정보통신,False,2.0,False,개찰완료,변경공고,N,Y
20231128,24년 전구급 분석모델 지상전 평가 용역,2023,국방부 합동참모본부,물품(내자),엔지니어링·연구,True,0.0,True,유찰,등록공고,,Y
20231129,24년 분석실험실 운용장비 정비 용역,2023,국방부 합동참모본부,물품(내자),엔지니어링·연구,True,0.0,True,유찰,등록공고,,Y
20231129,23-M-통합배선 제조,2023,국방부 국군재정관리단,물품(내자),정보통신,False,157.0,False,낙찰자선정,변경공고,Y,N
20231130,(237490-B) 의무장비(구강스캐너) 구매,2023,국군수도병원,물품(내자),의료장비,False,72.0,False,낙찰자선정,등록공고,,Y
20231205,청테이프 등 11종 구매,2023,국방부 해군제2함대사령부,물품(내자),제조부품,False,14.0,False,낙찰자선정,등록공고,,N
20231207,24-00숙소 블라인드 납품 설치,2023,해군진해기지사령부,물품(내자),가정용품,False,8.0,False,낙찰자선정,등록공고,,N
20231208,"시험장비, 누기용 6EA 구매",2023,해군군수사령부,물품(내자),실험·측정기기,False,250.0,False,낙찰자선정,등록공고,,Y
20231208,주방화재용(K급) 소화기 50EA 제조,2023,해군군수사령부,물품(내자),국방·치안·보안,False,8.0,False,낙찰자선정,등록공고,,Y
20231208,티그용접기 1대 구매,2023,해군군수사령부,물품(내자),산업기계,False,,False,낙찰자선정,등록공고,,Y
20231211,"나, 다OP 병영생활관 신축 CATV 설비계약",2023,육군 제7보병사단,물품(내자),정보통신,False,5.0,False,낙찰자선정,변경공고,Y,Y
20231213,티그용접기 2종 구매,2023,해군군수사령부,물품(내자),산업기계,False,,False,낙찰자선정,등록공고,,N
20231220,신발장 등 4종 구매,2023,해군작전사령부,물품(내자),가구,True,9.0,False,유찰,등록공고,,N
20231226,23-D-컨테이너크레인 제조 설치,2023,국방부 국군재정관리단,물품(내자),운반·포장,False,4.0,False,개찰완료,등록공고,,Y
20231228,(237055-H)23년 의무장비(24시간 원격판독시스템)구매,2023,국방부 국군재정관리단,물품(내자),의료장비,True,0.0,True,유찰,등록공고,,Y
20231228,(236513-B) 영상모의 사격훈련장비 구축,2023,육군군수사령부,물품(내자),악기·교재,True,2.0,False,유찰,등록공고,,N
20230601,국방홍보원 3D 및 모션그래픽 등을 활용한 FX  영상 제작,2023,국방부 국방홍보원,일반용역,,False,1.0,False,낙찰자선정,등록공고,,N
20230404,23년 시설분야 차량임차 용역,2023,육군제25보병사단,일반용역,운송·물류,True,0.0,True,유찰,등록공고,N,N
20230410,23년 비데 임차용역 카탈로그,2023,제5군단사령부,일반용역,산업생산서비스,True,2.0,False,유찰,등록공고,N,Y
20230424,23년 비데 임차용역 카탈로그,2023,제5군단사령부,일반용역,산업생산서비스,False,3.0,False,낙찰자선정,등록공고,N,Y
20230517,계룡스파텔 장기 차량 임차,2023,육군 인사사령부,일반용역,운송·물류,False,2.0,False,낙찰자선정,등록공고,N,N
20231208,육군 복지시설 사업관리용 차량 임차,2023,육군 인사사령부,일반용역,운송·물류,True,0.0,True,유찰,등록공고,N,N
20231214,육군 복지시설 사업관리용 차량 임차,2023,육군 인사사령부,일반용역,운송·물류,True,0.0,True,유찰,등록공고,N,N
20230119,(23F006-I)23년~24년 00 병영시설전문방제용역(00권역),2023,국방부 육군본부,일반용역,,False,6.0,False,낙찰자선정,등록공고,,N
20230119,(23F008-I) 00군 영상콘텐츠제작용역(ROKA 대백과사전),2023,국방부 국군재정관리단,일반용역,,False,7.0,False,낙찰자선정,등록공고,,N
20230120,23F007-A육군영상콘텐츠용역(웹시트콤),2023,국방부 국군재정관리단,일반용역,,False,7.0,False,개찰완료,등록공고,,Y
20230126,23G017-A 정신전력교육 영상교재 제작 용역,2023,국방부 국군재정관리단,일반용역,,False,4.0,False,개찰완료,등록공고,,N
20230131,23F005-A 병영시설 전문방제용역,2023,국방부 국군재정관리단,일반용역,,False,4.0,False,개찰완료,변경공고,,N
20230127,23F018-A  GOP및 소초 찾ㅇ다가는 문화공연,2023,국방부 국군재정관리단,일반용역,,False,3.0,False,개찰완료,등록공고,,N
20230130,23-N-문화공연 대행 용역,2023,해군본부,일반용역,,False,4.0,False,낙찰자선정,등록공고,,Y
20230206,’23년 해군 해상근무자 정신전력 집체교육 용역,2023,국방부 국군재정관리단,일반용역,,False,2.0,False,낙찰자선정,등록공고,,N
20230206,(23F019-I) 제13회 대한민국 호국미술대전 대행 용역,2023,국방부 육군본부,일반용역,,False,2.0,False,개찰완료,등록공고,,N
20230207,23-24-N-분석모델 운영,2023,국방부 국군재정관리단,일반용역,,True,0.0,True,유찰,등록공고,,Y
20230213,(23F026-A) 육군지  편집디자인 용역,2023,국방부 국군재정관리단,일반용역,,False,4.0,False,개찰완료,등록공고,,Y
20230215,(23F003-G) 지능형 스마트부대 확대구축 BPR/ISP,2023,국방부 국군재정관리단,일반용역,,False,4.0,False,개찰완료,등록공고,,Y
20230215,23-M-국제 심포지엄 행사 대행 용역,2023,국방부 국군재정관리단,일반용역,,False,2.0,False,개찰완료,등록공고,,Y
20230216,23F033-A 홍보전략 컨설팅 종합 홍보용역,2023,국방부 국군재정관리단,일반용역,,True,0.0,True,유찰,등록공고,,Y
20230222,23-N-기획영상 제작용역,2023,해군본부,일반용역,,False,4.0,False,개찰완료,등록공고,,Y
20230307,(23F004-G) 23년 행정업무지원체계 유지보수사업,2023,국방부 국군재정관리단,일반용역,,True,0.0,True,유찰,등록공고,,Y
20230223,23-F-전술데이터링크 활용 Live-VC체계 연동방안 연구,2023,국방부 국군재정관리단,일반용역,,False,2.0,False,개찰완료,등록공고,,N
20230224,23-N-00사 교과목형 CBT 콘텐츠 개발,2023,해군교육사령부,일반용역,,False,4.0,False,낙찰자선정,등록공고,,Y
20230328,(23F006-G) 23년 병적관리시스템 고도화 사업,2023,국방부 국군재정관리단,일반용역,,False,2.0,False,낙찰자선정,등록공고,,Y
20230306,(23G051-A) 한국 안보 역사 문화탐방 대행용역,2023,국방부 국군재정관리단,일반용역,,False,4.0,False,개찰완료,등록공고,,Y
20230307,(23F050-I) 문화예술단체 대대급 부대 순회공연,2023,국방부 육군본부,일반용역,,False,8.0,False,개찰완료,등록공고,,N
20230307,23-N-SHAREM 해역 해양 음탐환경 조사 용역,2023,국방부 국군재정관리단,일반용역,,True,0.0,True,유찰,등록공고,,Y
20230309,"(23F030-I)A-정신전력교육 영상(국가관, 안보관) 제작용역",2023,국방부 육군본부,일반용역,,False,2.0,False,개찰완료,등록공고,,Y
20230310,(23F057-A) 모범간부 제주도 견학용역,2023,국방부 국군재정관리단,일반용역,,False,2.0,False,개찰완료,등록공고,,N
20230323,(23F009-G)23년 인공지능 면접평가서비스 제공용역,2023,국방부 국군재정관리단,일반용역,,False,2.0,False,낙찰자선정,등록공고,,Y
20230314,23-F-우주기상 예·경보체계 운영개념 연구 용역,2023,국방부 국군재정관리단,일반용역,,False,2.0,False,낙찰자선정,등록공고,,Y
20230315,23-F-군 공항 이전 연구용역(D011),2023,국방부 국군재정관리단,일반용역,,True,0.0,True,유찰,등록공고,,Y
20230315,23-N-해군 영상 콘텐츠 기획 제작 용역,2023,국방부 국군재정관리단,일반용역,,False,4.0,False,낙찰자선정,등록공고,,Y
20230403,(23F010-G) 스마트 물류센터 정보체계구축 ISP용역,2023,국방부 국군재정관리단,일반용역,,False,3.0,False,낙찰자선정,등록공고,,Y
20230316,23F033-A 홍보전략 컨설팅 종합 홍보용역,2023,국방부 국군재정관리단,일반용역,,False,3.0,False,개찰완료,재공고,,Y
20230316,(23F060-I) 육군 인재선발홍보 영상 콘텐츠 제작 용역,2023,국방부 국군재정관리단,일반용역,,False,4.0,False,개찰완료,등록공고,,Y
20230316,23-F-한미동맹 70주년 추모행사 대행 용역,2023,국방부 국군재정관리단,일반용역,,True,0.0,True,유찰,등록공고,,Y
20230317,23-N-빅데이터 기반 대잠훈련분석체계 구축 ISP,2023,해군작전사령부,일반용역,,False,3.0,False,낙찰자선정,등록공고,,N
20230317,23-N-해상근무자 정신전력 집체교육 용역,2023,국방부 국군재정관리단,일반용역,,True,0.0,True,유찰,등록공고,,Y
20230322,23-N-숲 치유 프로그램 용역,2023,국방부 국군재정관리단,일반용역,,True,0.0,True,유찰,등록공고,,Y
20230322,23-N-정신전력강화 종합프로그램 대행 용역,2023,국방부 국군재정관리단,일반용역,,False,2.0,False,개찰완료,등록공고,,Y
20230322,23-F-기상 학술연구 용역,2023,국방부 국군재정관리단,일반용역,,True,0.0,True,유찰,등록공고,,Y
20230322,23~24-D-부대조달정보체계 유지보수,2023,국방부 국군재정관리단,일반용역,,True,0.0,True,유찰,등록공고,,Y
20230323,23-F-한미동맹 70주년 정기음악회 대행 용역,2023,국방부 국군재정관리단,일반용역,,False,2.0,False,개찰완료,등록공고,,Y
20230323,23-N-창끝부대 안보콘서트 공연 대행 용역,2023,국방부 국군재정관리단,일반용역,,False,4.0,False,개찰완료,등록공고,,Y
20230324,23-F-우주기상 영향 연구,2023,국방부 국군재정관리단,일반용역,,True,0.0,True,유찰,등록공고,,Y
20230324,23-N-잠수함 설계건조 기준 제개정 연구용역,2023,국방부 국군재정관리단,일반용역,,True,0.0,True,유찰,등록공고,,Y
20230324,23-N-AI발전 기반구축을 위한 지능화 요구능력 조사분석 연구,2023,국방부 국군재정관리단,일반용역,,False,3.0,False,낙찰자선정,등록공고,,N
20230327,23-F-연안지역 결빙특성 및 기후변화 영향 연구용역,2023,국방부 국군재정관리단,일반용역,,False,3.0,False,개찰완료,등록공고,,Y
20230328,(23F078-I) 소프트웨어 공급망 공격 軍 대응방안 연구용역,2023,국방부 국군재정관리단,일반용역,,False,2.0,False,개찰완료,등록공고,,N
20230406,(23F013-G) 인사상담용 지능형 콜봇/가이드챗봇 시범구축,2023,국방부 국군재정관리단,일반용역,,False,2.0,False,낙찰자선정,등록공고,,Y
20230419,(23F016-G)메타버스 기반 육군 모집홍보센터 플랫폼 제작용역,2023,국방부 국군재정관리단,일반용역,,False,6.0,False,낙찰자선정,등록공고,,Y
20230329,23-F-전투부대 순회 집중정신전력교육 용역,2023,국방부 국군재정관리단,일반용역,,False,3.0,False,개찰완료,등록공고,,N
20230330,(23F074-A) 미래 과학화훈련장 발전방안 연구용역,2023,국방부 국군재정관리단,일반용역,,False,2.0,False,개찰완료,등록공고,,Y
20230331,23-F-군 공항 이전 연구용역(D011),2023,국방부 국군재정관리단,일반용역,,False,2.0,False,낙찰자선정,재공고,,Y
20230404,(23F067-I) K55A1 자주포 조종시뮬레이터 선행연구 용역,2023,육군본부 전력지원체계사업단,일반용역,,False,2.0,False,개찰완료,등록공고,,Y
20230407,2023년 국방정책 홍보 뉴미디어 동영상 콘텐츠 제작,2023,국방부 국방홍보원,일반용역,,False,3.0,False,낙찰자선정,등록공고,,Y
20230407,23-N-해상근무자 정신전력 집체교육 용역,2023,국방부 국군재정관리단,일반용역,,False,2.0,False,개찰완료,재공고,,Y
20230410,23-N-스마트 항공기지 구축 ISP,2023,해군본부,일반용역,,True,0.0,True,유찰,등록공고,,N
20230411,23-M-서북 서측도서 순회 문화공연 대행 용역,2023,국방부 국군재정관리단,일반용역,,False,3.0,False,낙찰자선정,등록공고,,N
20230411,23-F-AI 기반 비행단 맞춤형 바람예보법 적용 연구,2023,국방부 국군재정관리단,일반용역,,True,2.0,False,유찰,등록공고,,Y
20230411,23-N-VR 기반 해군체험관 콘텐츠 개발 및 운용,2023,해군본부,일반용역,,False,5.0,False,개찰완료,등록공고,,Y
20230412,국방 사이버보안 경진대회 용역,2023,국군제1068부대,일반용역,,True,0.0,True,유찰,등록공고,,N
20230412,23-M-교과목형 CBT 개발,2023,해병대교육훈련단,일반용역,,False,4.0,False,개찰완료,등록공고,,N
20230413,23G080-A 범국민안보의식조사 연구용역,2023,국방부 국군재정관리단,일반용역,,False,3.0,False,개찰완료,등록공고,,N
20230413,23F072-A 군주거시설 개선사업 선행연구 용역,2023,국방부 국군재정관리단,일반용역,,True,0.0,True,유찰,등록공고,,Y
20230414,23-N-Life Raft 자동검사 및 검사결과 자료 분석장치,2023,국방부 국군재정관리단,일반용역,,True,0.0,True,유찰,등록공고,,N
20230417,23-N-잠수함 설계건조 기준 제개정 연구용역,2023,국방부 국군재정관리단,일반용역,,True,0.0,True,유찰,재공고,,Y
20230418,(23F091-I) 23년 부품단종정보 획득 용역,2023,육군군수사령부,일반용역,,False,2.0,False,개찰완료,등록공고,,Y
20230418,23-N-공모전 대행 용역,2023,해군본부,일반용역,,False,2.0,False,개찰완료,등록공고,,Y
20230509,(23F018-G)메타버스 기반 신병 교육훈련체계 개발,2023,국방부 국군재정관리단,일반용역,,False,3.0,False,개찰완료,등록공고,,Y
20230420,23-D-공용 3D 모델 DB 구축,2023,국방출판지원단,일반용역,,False,6.0,False,개찰완료,등록공고,,N
20230515,(23F019-G) MR적용 저격수 실탄사격훈련시스템 시범구축,2023,국방부 국군재정관리단,일반용역,,True,2.0,False,유찰,등록공고,,Y
20230424,23-D-환경 및 사회적요구변화에 따른 시설기준개정 연,2023,국방부 국군재정관리단,일반용역,,False,2.0,False,개찰완료,등록공고,,Y
20230424,23-D-비행장 콘크리트 포장 설계지침 연구용역,2023,국방부 국군재정관리단,일반용역,,False,2.0,False,개찰완료,등록공고,,Y
20230425,23-N-RAM-C 기반 모델링 및 PBL 성과지표 연구 용역,2023,국방부 국군재정관리단,일반용역,,False,3.0,False,개찰완료,등록공고,,Y
20230426,국방홍보원 3D 및 모션그래픽 등을 활용한 FX  영상 제작,2023,국방부 국방홍보원,일반용역,,True,0.0,True,유찰,등록공고,,Y
20230426,(23G00009-H)국방 차세대 B-시스템 구축사업,2023,국방부 국군재정관리단,일반용역,,False,3.0,False,낙찰자선정,등록공고,,Y
20230426,23-N-추진전동기 회전자 축 상태 모니터링시스템 구축,2023,국방부 국군재정관리단,일반용역,,False,2.0,False,개찰완료,등록공고,,Y
20230501,23-N-다국간 해상훈련 참관행사 대행 용역,2023,국방부 국군재정관리단,일반용역,,True,0.0,True,유찰,등록공고,,Y
20230508,23-F-미래항공우주작전데이터센터구축및통합연구용역,2023,국방부 국군재정관리단,일반용역,,True,0.0,True,유찰,등록공고,,Y
20230508,23-N-NCS 기반 직무표준화 교육 용역,2023,국방부 국군재정관리단,일반용역,,True,0.0,True,유찰,등록공고,,N
20230508,23-F-AI 기반 비행단 맞춤형 바람예보법 적용 연구,2023,국방부 국군재정관리단,일반용역,,False,2.0,False,개찰완료,재공고,,N
20230510,23F072-A 군주거시설 개선사업 선행연구 용역,2023,국방부 국군재정관리단,일반용역,,True,2.0,False,유찰,재공고,,Y
20230510,군 전용암호모듈 OS 확장 및 소프트웨어 역설계 방지기술 연구용역,2023,국군제1068부대,일반용역,,True,0.0,True,유찰,등록공고,,N
20230510,암호모듈 안티-템퍼 기술 및 국방 적용방안 연구용역,2023,국군제1068부대,일반용역,,True,0.0,True,유찰,등록공고,,N
20230510,국방 암호체계 양자내성화 추진전략 연구용역,2023,국군제1068부대,일반용역,,True,0.0,True,유찰,등록공고,,N
20230512,(23F105-I) 군단사령부 등 합리적인 부대 이전 및 조성방안 연구용역,2023,국방부 육군본부,일반용역,,False,2.0,False,개찰완료,등록공고,,Y
20230512,23~24-F-GPS 교란신호 분석체계 및 전파체계 유지보수,2023,공군작전사령부근무지원단,일반용역,,True,0.0,True,유찰,등록공고,,N
20230512,23-F-공군 2호기 장기임차 사업,2023,공군본부,일반용역,,True,0.0,True,유찰,등록공고,,Y
20230515,(23G135-A) 정신전력교육 콘텐츠 제작용역,2023,국방부 국군재정관리단,일반용역,,False,3.0,False,개찰완료,등록공고,,N
20230515,(23G012-H)국방사이버훈련장 구축(컨텐츠 개발),2023,국방부 국군재정관리단,일반용역,,True,0.0,True,유찰,등록공고,,Y
20230517,23-F-중대재해 예방을 위한 위험성 평가 용역,2023,국방부 국군재정관리단,일반용역,,False,3.0,False,개찰완료,등록공고,,Y
20230526,(23F025-G)지능형 사이버위협분석 대응체계 ISP,2023,국방부 국군재정관리단,일반용역,,False,2.0,False,낙찰자선정,등록공고,,Y
20230518,(23F114-I) 관사 신축(BTL) 기본조사용역,2023,수도방위사령부,일반용역,,True,0.0,True,유찰,등록공고,,Y
20230519,(23G113-A) 군 건강조사용역,2023,국방부 국군재정관리단,일반용역,,False,3.0,False,개찰완료,등록공고,,N
20230519,(23F110-I) 육군박물관 특별전 전시설치 용역,2023,국방부 국군재정관리단,일반용역,,False,2.0,False,개찰완료,등록공고,,Y
20230522,국방보안 컨퍼런스 행사용역,2023,국군제1068부대,일반용역,,False,2.0,False,낙찰자선정,등록공고,,N
20230522,23-N-VR 기반 심해구조잠수정 조종모의훈련장비 확보,2023,국방부 국군재정관리단,일반용역,,False,5.0,False,개찰완료,등록공고,,Y
20230523,23-N-부품단종정보 획득 용역사업,2023,국방부 국군재정관리단,일반용역,,True,0.0,True,유찰,등록공고,,Y
20230526,국방 암호체계 양자내성화 추진전략 연구용역,2023,국군제1068부대,일반용역,,False,2.0,False,낙찰자선정,재공고,,N
20230530,23-D-군 방호시설 비구조요소 설계기준 연구용역,2023,국방부 국군재정관리단,일반용역,,True,0.0,True,유찰,등록공고,,Y
20230601,23-N-사이버 모의 훈련체계 구축,2023,국방부 국군재정관리단,일반용역,,False,2.0,False,개찰완료,등록공고,,Y
20230601,(23G011-H)23년 OO지역 3차원 디지털 지형정보 구축사업,2023,국방부 국군재정관리단,일반용역,,True,0.0,True,유찰,등록공고,,Y
20230602,00부대 작전지휘시설 신축사업 선행연구용역 계약,2023,국방부 육군 제3139부대,일반용역,,False,2.0,False,낙찰자선정,등록공고,,Y
20230608,23-N-해군 부두 방충재 개선 기본계획 연구 용역,2023,국방부 국군재정관리단,일반용역,,True,0.0,True,유찰,등록공고,,Y
20230609,(23G013-H)23년 군사지도제작 용역사업,2023,국방부 국군재정관리단,일반용역,,True,0.0,True,유찰,등록공고,,Y
20230612,23-F-공군 우수근무자 격려 행사 용역,2023,국방부 국군재정관리단,일반용역,,False,3.0,False,낙찰자선정,등록공고,,N
20230613,23-N-해상근무자 정신전력 집체교육 용역(평),2023,국방부 국군재정관리단,일반용역,,False,2.0,False,개찰완료,등록공고,,Y
20230613,(23G018-H)23년 OO지역 지형정보 제작 사업,2023,국방부 국군재정관리단,일반용역,,True,0.0,True,유찰,등록공고,,Y
20230616,(23G150-I) 신형 수영자이송정(SDV) 선행연구 용역,2023,국방부 국군재정관리단,일반용역,,False,3.0,False,낙찰자선정,등록공고,,Y
20230616,23-D-건군 제75주년 국군의 날 행사대행 용역,2023,국방부 국군재정관리단,일반용역,,False,4.0,False,낙찰자선정,등록공고,,Y
20230619,방산보안기본법 제정 연구용역,2023,국군제1068부대,일반용역,,True,0.0,True,유찰,등록공고,,N
20230619,23F161-A 장병인권교육 교재용역,2023,국방부 국군재정관리단,일반용역,,False,2.0,False,개찰완료,등록공고,,Y
20230619,"(23G024-H)23 화이트햇 콘테스트, ADMM-Plus 문제출제",2023,국방부 국군재정관리단,일반용역,,True,0.0,True,유찰,등록공고,,Y
20230621,1337 신고홍보 영상 제작용역,2023,국군제1068부대,일반용역,,False,11.0,False,낙찰자선정,등록공고,,N
20230626,23-M-제73주년 서울수복 기념행사 대행용역,2023,국방부 국군재정관리단,일반용역,,False,3.0,False,낙찰자선정,등록공고,,Y
20230626,제6회 국방일보 보도사진전 제작 홍보 용역,2023,국방부 국방홍보원,일반용역,,True,0.0,True,유찰,등록공고,,N
20230628,(23F153-A) 창작뮤지컬 제작 공연 용역,2023,국방부 국군재정관리단,일반용역,,False,3.0,False,개찰완료,등록공고,,Y
20230703,(23F038-G)스마트 육군 체력관리시스템 구축사업,2023,국방부 국군재정관리단,일반용역,,True,0.0,True,유찰,등록공고,,Y
20230630,23F193-A 전투기술 통합훈련체계 선행연구 용역,2023,국방부 국군재정관리단,일반용역,,False,4.0,False,개찰완료,등록공고,,N
20230705,(23F179-B) 정신전력 소통형 메타버스 개발 연구용역,2023,육군본부 정훈공보실,일반용역,,False,3.0,False,낙찰자선정,등록공고,,Y
20230707,방산보안기본법 제정 연구용역,2023,국군제1068부대,일반용역,,False,2.0,False,낙찰자선정,재공고,,N
20230707,23-N-해군 부두 방충재 개선 기본계획 연구 용역,2023,국방부 국군재정관리단,일반용역,,True,0.0,True,유찰,재공고,,N
20230710,23F159-A 안전교육 VR 콘텐츠 제작용역,2023,국방부 국군재정관리단,일반용역,,False,4.0,False,개찰완료,등록공고,,N
20230710,"23-D-국방, 군사시설 공사비 기준단가 개정 연구용역",2023,국방부 국군재정관리단,일반용역,,False,2.0,False,개찰완료,등록공고,,Y
20230711,(23G194-I) 외국군 졸업생 홈커밍 행사 용역,2023,국방부 국방대학교,일반용역,,True,0.0,True,유찰,등록공고,,Y
20230713,23-F-서울 ADEX 항공우주전시관 전시 용역,2023,국방부 국군재정관리단,일반용역,,False,3.0,False,개찰완료,등록공고,,Y
20230720,(23F030-G) 군단급 실전적 과학화훈련장시스템 구축사업,2023,국방부 국군재정관리단,일반용역,,True,0.0,True,유찰,등록공고,,Y
20230720,(23F031-G) 사단급 실전적 과학화훈련장시스템 구축사업,2023,국방부 국군재정관리단,일반용역,,True,0.0,True,유찰,등록공고,,Y
20230720,23-N-인천상륙작전 전승행사 대행 용역,2023,국방부 국군재정관리단,일반용역,,False,2.0,False,개찰완료,등록공고,,N
20230727,(23F033-G) 지능형 스마트부대(1-3단계) 시범구축사업,2023,국방부 국군재정관리단,일반용역,,True,0.0,True,유찰,등록공고,,Y
20230727,23-F-NCS 직무표준화 교육 및 컨설팅 위탁용역,2023,국방부 국군재정관리단,일반용역,,True,0.0,True,유찰,등록공고,,Y
20230728,(23F196-B) 23년 지상군페스티벌 전시관 설치 및 철거,2023,국방부 육군본부,일반용역,,False,2.0,False,개찰완료,등록공고,,Y
20230731,(23F204-A) 간부숙소 신축 선행연구 용역,2023,국방부 국군재정관리단,일반용역,,True,0.0,True,유찰,등록공고,,N
20230801,항공우주안전 주요의제 도출 및 발전 방향 연구용역(긴급공고),2023,공군항공우주안전단,일반용역,,False,2.0,False,낙찰자선정,등록공고,,N
20230802,(23F197-I) 2023 육군 안전교육 영상 콘텐츠 제작,2023,국방부 육군본부,일반용역,,False,6.0,False,개찰완료,등록공고,,Y
20230810,23-N-성희롱·성폭력 예방 교육 영상 제작 용역,2023,국방부 국군재정관리단,일반용역,,False,4.0,False,개찰완료,등록공고,,Y
20230811,(236040-G) 23년 과학화출입통제체계 구축사업(리스물,2023,국방부 국군재정관리단,일반용역,,True,0.0,True,유찰,등록공고,,Y
20230822,23-F-간부 모집홍보영상 제작 용역,2023,국방부 국군재정관리단,일반용역,,False,3.0,False,개찰완료,등록공고,,Y
20230825,(23F051-G) 23년 업무자동화체계(RPA) 도입사업,2023,국방부 국군재정관리단,일반용역,,False,5.0,False,낙찰자선정,등록공고,,Y
20230901,(23F050-G) 23년 사이버작전 상황공유체계 구축사업,2023,국방부 국군재정관리단,일반용역,,False,4.0,False,낙찰자선정,등록공고,,Y
20230831,23~24-F-T50 고등비행훈련 CAI/CBT 전면개정,2023,국방부 국군재정관리단,일반용역,,False,2.0,False,개찰완료,등록공고,,Y
20230831,(23F204-A) 간부숙소 신축 선행연구 용역,2023,국방부 국군재정관리단,일반용역,,True,0.0,True,유찰,재공고,,N
20230831,AR / MR기반 교육훈련체계 구축 개발 용역,2023,국방부 국군재정관리단,일반용역,,False,3.0,False,낙찰자선정,등록공고,,Y
20230905,(23G210-I) 2023년 전군 공보정훈장교 워크숍,2023,국방부 국군재정관리단,일반용역,,True,3.0,False,유찰,등록공고,,Y
20230908,(23F030-G) 군단급 실전적 과학화훈련장시스템 구축사업,2023,국방부 국군재정관리단,일반용역,,False,2.0,False,낙찰자선정,재공고,,Y
20230908,(23F031-G) 사단급 실전적 과학화훈련장시스템 구축사업,2023,국방부 국군재정관리단,일반용역,,True,0.0,True,유찰,재공고,,Y
20230912,(23F049G) 지상군 자원소요 분석모델 성능개량사업,2023,국방부 국군재정관리단,일반용역,,True,0.0,True,유찰,등록공고,,N
20230914,(23F058-G) 23년 인터넷 간부피복쇼핑몰 연동개발사업,2023,국방부 국군재정관리단,일반용역,,True,0.0,True,유찰,등록공고,,N
20230914,"(23G221-I)23년 국군 대구,수도병원 리모델링 연구",2023,국방부 국군재정관리단,일반용역,,False,2.0,False,개찰완료,등록공고,,Y
20230914,(23F217-I)육군 복지시설(체육시설) 경영개선 선행연구,2023,육군 인사사령부,일반용역,,True,0.0,True,유찰,등록공고,,Y
20230919,"23-N-무인수상정의 유,무인 복합 작전운영개념 실험",2023,국방부 국군재정관리단,일반용역,,False,2.0,False,개찰완료,등록공고,,Y
20230921,(23F227-I) 24년 예비군 안보교육 영상교재 제작,2023,국방부 국군재정관리단,일반용역,,False,2.0,False,개찰완료,등록공고,,Y
20230921,23-N-대함대잠 정찰용 무인정의 해군작전 수행능력 실험 연구용역,2023,국방부 국군재정관리단,일반용역,,False,2.0,False,개찰완료,등록공고,,Y
20230927,(23F060-G) 고속상황전파체계 기능개선 용역사업,2023,국방부 국군재정관리단,일반용역,,True,0.0,True,유찰,등록공고,,Y
20230927,23-N-MDV 모의운용 훈련체계 성능개선 사업,2023,국방부 국군재정관리단,일반용역,,False,2.0,False,개찰완료,등록공고,,Y
20231019,23~24-N-VR 기반 승조원 교육훈련체계 구축 사업 감리,2023,해군 잠수함사령부,일반용역,,False,2.0,False,개찰완료,등록공고,,Y
20231101,(23F059-G) 24~25년 KCTC 과학화전투훈련체계 유지보수용역,2023,국방부 국군재정관리단,일반용역,,True,0.0,True,유찰,등록공고,,Y
20231101,(23F063-G) 23년 국방 신호 및 주파수 데이터셋 구축,2023,국방부 국군재정관리단,일반용역,,False,3.0,False,낙찰자선정,등록공고,,Y
20231107,(23F061-G) 전술통신체계 교육용 시뮬레이터 구축,2023,국방부 국군재정관리단,일반용역,,True,2.0,False,유찰,등록공고,,Y
20231107,(23F202-A) 소형화기사격장 소음피해 예측 연구용역,2023,국방부 국군재정관리단,일반용역,,False,4.0,False,개찰완료,등록공고,,Y
20231107,스마트물류창고 신축 선행연구용역,2023,육군종합정비창,일반용역,,False,2.0,False,낙찰자선정,등록공고,,Y
20231107,23-D-온실가스 배출 저감 군사시설기준 개정 연구용역,2023,국방부 국군재정관리단,일반용역,,False,4.0,False,개찰완료,등록공고,,Y
20231109,24~26-M-천자봉 모델 SW유지보수 및 성능개선,2023,국방부 국군재정관리단,일반용역,,True,0.0,True,유찰,등록공고,,Y
20231114,(23F064-G) 24~25년 분석용모델 통합유지보수 용역,2023,국방부 국군재정관리단,일반용역,,False,2.0,False,낙찰자선정,등록공고,,Y
20231114,(23F068-G)24년 지상군 자원소요분석모델 유지보수,2023,국방부 국군재정관리단,일반용역,,True,0.0,True,유찰,등록공고,,Y
20231115,(23F065-G)지능화 감시체계 데이터셋 구축사업,2023,국방부 국군재정관리단,일반용역,,False,5.0,False,낙찰자선정,등록공고,,Y
20231206,(23F062-G) 지하침투 감시장비 연구개발사업,2023,국방부 국군재정관리단,일반용역,,False,4.0,False,낙찰자선정,변경공고,,Y
20231120,23~26-N-해양 객체/표적 이미지 데이터 구축,2023,해군본부,일반용역,,False,6.0,False,개찰완료,등록공고,,Y
20231120,2024년 국방TV 프로그램 세트 설치 및 해체,2023,국방부 국방홍보원,일반용역,,True,0.0,True,유찰,등록공고,,Y
20231120,2024년 국방TV 프로그램 분장 및 코디,2023,국방부 국방홍보원,일반용역,,False,4.0,False,낙찰자선정,등록공고,,Y
20231121,(23G043-H)학사관리시스템 유지보수 용역,2023,국방부 국군재정관리단,일반용역,,True,0.0,True,유찰,등록공고,,Y
20231124,(23G246-A) 한미동맹 70년사 영문번역 용역,2023,국방부 국군재정관리단,일반용역,,False,9.0,False,개찰완료,등록공고,,Y
20231128,(23F072-G) 체력단련장 고도화 ISP사업,2023,국방부 국군재정관리단,일반용역,,False,10.0,False,낙찰자선정,등록공고,,Y
20231128,(회계연도 시작 전의 계약) 2024년 국방TV 조명시설장비 정기 유지관리(실적 제한),2023,국방부 국방홍보원,일반용역,,False,79.0,False,낙찰자선정,등록공고,,N
20231201,8사단 유휴시설 철거 건설폐기물 처리,2023,제8기동사단,일반용역,,False,75.0,False,낙찰자선정,등록공고,,N
20231205,23-평 00창 폐수저장시설 개선공사 재해예방기술지도용역,2023,국방부 해군제2함대사령부,일반용역,,False,10.0,False,낙찰자선정,등록공고,,N
20231206,23-해-0함대 경사면 보강공사 건설폐기물처리용역,2023,국방부 해군제1함대사령부,일반용역,,True,0.0,True,유찰,등록공고,,N
20231207,23~26-F-정비창 스마트팩토리체계 구축,2023,국방부 국군재정관리단,일반용역,,False,4.0,False,개찰완료,등록공고,,N
20231208,(23F268-I) 육군 M/S센터 전문분석관 운용용역,2023,국방부 육군본부,일반용역,,True,0.0,True,유찰,등록공고,,Y
20231212,24~25-N-분석모델 통합 유지보수 및 성능개선,2023,국방부 국군재정관리단,일반용역,,False,2.0,False,낙찰자선정,등록공고,,Y
20231214,23-해-0함대 경사면 보강공사 건설폐기물처리용역,2023,국방부 해군제1함대사령부,일반용역,,True,0.0,True,유찰,재공고,,N
20231214,(23F066-G)24~25년 과학화훈련예산 도입장비 유지보수,2023,국방부 국군재정관리단,일반용역,,False,6.0,False,낙찰자선정,등록공고,,Y
20231229,(23F268-I) 육군 M/S센터 전문분석관 운용용역,2023,국방부 육군본부,일반용역,,True,0.0,True,유찰,재공고,,Y
20230309,방위사업청 대전청사 업무시설 구축공사(전기),2023,방위사업청,공사,,False,453.0,False,낙찰자선정,등록공고,,Y
20230309,"방위사업청 대전청사 업무시설 구축공사(건축, 기계)",2023,방위사업청,공사,,False,312.0,False,낙찰자선정,등록공고,,Y
20230315,방위사업청 대전청사 업무시설 구축공사(통신),2023,방위사업청,공사,,False,252.0,False,낙찰자선정,등록공고,,Y
20231219,방위사업청 청사 신축공사(설계·시공 일괄),2023,방위사업청,공사,,False,2.0,False,낙찰자선정,등록공고,,
20230227,25사단 00여단 00대대 개편 등 4건 설계VE용역,2023,국방시설본부,기술용역,,False,14.0,False,낙찰자선정,등록공고,,
20230228,해상감시레이더-Ⅱ 철탑공사(통영) 정보통신 감리용역,2023,방위사업청,기술용역,,False,22.0,False,낙찰자선정,등록공고,,
20230428,성환고가교 정밀안전진단,2023,국방부 국군수송사령부,기술용역,,False,91.0,False,낙찰자선정,등록공고,,
20230428,국방홍보원 정밀안전진단 및 내진성능평가 용역,2023,국방부 국방홍보원,기술용역,,False,39.0,False,낙찰자선정,등록공고,,
20230511,방위사업청 청사 신축사업 타당성 조사 및 기본계획 수립 용역,2023,방위사업청,기술용역,,False,8.0,False,낙찰자선정,등록공고,,
20230517,중요시설경계시스템 4차사업 실시설계용역,2023,방위사업청,기술용역,,False,9.0,False,낙찰자선정,등록공고,,
20230613,미활용 군용지 토양환경평가용역(5사단 보충중대 등 2개부대),2023,국방시설본부,기술용역,,False,11.0,False,낙찰자선정,등록공고,,
20230619,6사단 19연대 1대대 토양환경평가용역,2023,국방시설본부,기술용역,,False,20.0,False,낙찰자선정,등록공고,,
20230619,27사단 77연대본부 등 3개부대 토양환경평가용역,2023,국방시설본부,기술용역,,False,19.0,False,낙찰자선정,등록공고,,
20230619,36사단 108연대 2대대 토양환경평가용역,2023,국방시설본부,기술용역,,False,20.0,False,낙찰자선정,등록공고,,
20230619,39사단 등 2개부대 토양환경평가용역,2023,국방시설본부,기술용역,,False,20.0,False,낙찰자선정,등록공고,,
20230619,39사단 118여단 등 2개부대 토양환경평가용역,2023,국방시설본부,기술용역,,False,19.0,False,낙찰자선정,등록공고,,
20230912,간부숙소 및 행정동 등 8건 설계ve용역,2023,국방시설본부,기술용역,,False,4.0,False,낙찰자선정,등록공고,,
20231017,7사단 간부숙소 신축 등 7건 설계ve용역,2023,국방시설본부,기술용역,,False,4.0,False,낙찰자선정,등록공고,,
20231023,0군지사 0군지여단 등 2개부대 토양환경평가용역,2023,국방시설본부,기술용역,,False,20.0,False,낙찰자선정,등록공고,,
20231102,0군지사 00보급대대 000유류중대 토양환경평가용역,2023,국방시설본부,기술용역,,False,7.0,False,낙찰자선정,등록공고,,
20230418,2023년도 특수작전식량 조달,2023,육군군수사령부,물품(내자),식품,False,1.0,False,낙찰자선정,등록공고,Y,
20230418,23년 육군 방청윤활유(방청유) 조달,2023,육군군수사령부,물품(내자),연료·유류,False,1.0,False,낙찰자선정,등록공고,Y,
20230418,"23년 육군, 해군, 해병 치약 제조",2023,육군군수사령부,물품(내자),피복·개인용품,False,1.0,False,낙찰자선정,등록공고,Y,
20230420,2023년 육군 전투복 수의계약 (GNT부산의용촌),2023,육군군수사령부,물품(내자),피복·개인용품,False,1.0,False,낙찰자선정,등록공고,,
20230420,2023년 해군 전투복 수의계약 (GNT부산의용촌),2023,해군군수사령부,물품(내자),피복·개인용품,False,1.0,False,낙찰자선정,등록공고,,
20230420,2023년 육군 전투복 수의계약 (평화용사촌복지공장),2023,육군군수사령부,물품(내자),피복·개인용품,False,1.0,False,낙찰자선정,등록공고,,
20230420,2023년 해병 전투복 수의계약 (평화용사촌복지공장),2023,해병대 군수단,물품(내자),피복·개인용품,False,1.0,False,낙찰자선정,등록공고,,
20230420,2023년 육군 전투복 수의계약 (대한민국고엽제전우회),2023,육군군수사령부,물품(내자),피복·개인용품,False,1.0,False,낙찰자선정,등록공고,,
20230420,2023년 육군 전투복 수의계약 (동진복지재단),2023,육군군수사령부,물품(내자),피복·개인용품,False,1.0,False,낙찰자선정,등록공고,,
20230420,2023년 공군 전투복 수의계약 (전우),2023,공군군수사령부,물품(내자),피복·개인용품,False,1.0,False,낙찰자선정,등록공고,,
20230420,2023년 공군 전투복 수의계약 (동진복지재단),2023,공군군수사령부,물품(내자),피복·개인용품,False,1.0,False,낙찰자선정,등록공고,,
20230427,23년 윤활유(자동변속기유) 조달,2023,육군군수사령부,물품(내자),연료·유류,False,1.0,False,낙찰자선정,등록공고,Y,
20230502,"2023년 육군, 해군, 공군, 해병 방상외피 수의계약 (GNT부산의용촌)",2023,육군군수사령부,물품(내자),피복·개인용품,False,1.0,False,낙찰자선정,등록공고,,
20230502,"2023년 육군, 해군, 공군, 해병 방상외피 수의계약 (한국척수장애인협회)",2023,육군군수사령부,물품(내자),피복·개인용품,False,1.0,False,낙찰자선정,등록공고,,
20230502,"2023년 육군, 해군, 공군, 해병 방상외피 수의계약 (부산진구장애인협회)",2023,육군군수사령부,물품(내자),피복·개인용품,False,1.0,False,낙찰자선정,등록공고,,
20230505,2023년 육군군수사령부 등 4개 기관 드럼통(신관) 조달,2023,육군군수사령부,물품(내자),운반·포장,True,0.0,True,유찰,등록공고,Y,
20230510,23년 해군 윤활유(내연기관용) 조달,2023,해군군수사령부,물품(내자),연료·유류,False,1.0,False,낙찰자선정,등록공고,Y,
20230512,국방부 수요 자동차용휘발유(탱크주입도) 구매,2023,국방부,물품(내자),연료·유류,False,1.0,False,낙찰자선정,등록공고,N,
20230515,23년 유압작동유 구매,2023,해군군수사령부,물품(내자),연료·유류,False,1.0,False,낙찰자선정,등록공고,Y,
20230519,2023년 육군 방한복 상의 내피 수의계약 (한국신체장애인복지회),2023,육군군수사령부,물품(내자),피복·개인용품,False,1.0,False,낙찰자선정,등록공고,,
20230519,2023년 육군 방한복 상의 내피 수의계약 (518민주화운동부상자회),2023,육군군수사령부,물품(내자),피복·개인용품,False,1.0,False,낙찰자선정,등록공고,,
20230519,2023년 육군 방한복 상의 내피 수의계약 (한국장애인중심기업협회),2023,육군군수사령부,물품(내자),피복·개인용품,False,1.0,False,낙찰자선정,등록공고,,
20230519,2023년 공군 방한복 상의 내피 수의계약 (518민주화운동부상자회),2023,공군군수사령부,물품(내자),피복·개인용품,False,1.0,False,낙찰자선정,등록공고,,
20230519,2023년 공군 방한복 상의 내피 수의계약 (전우),2023,공군군수사령부,물품(내자),피복·개인용품,False,1.0,False,낙찰자선정,등록공고,,
20230519,2023년 해병대 방한복 상의 내피 수의계약 (한국장애인중심기업협회),2023,해병대 군수단,물품(내자),피복·개인용품,False,1.0,False,낙찰자선정,등록공고,,
20230522,2023년 육군군수사령부 등 4개 기관 드럼통(신관) 조달,2023,육군군수사령부,물품(내자),운반·포장,False,1.0,False,낙찰자선정,등록공고,Y,
20230615,23년 윤활유(PL-SP) 조달,2023,육군군수사령부,물품(내자),연료·유류,False,1.0,False,낙찰자선정,등록공고,Y,
20230620,"23년 육군 정복, 근무복 체촌 수의(남군, 초도)",2023,육군군수사령부,물품(내자),피복·개인용품,False,1.0,False,낙찰자선정,등록공고,,
20230621,23년 급식류-설탕(단가계약),2023,육군군수사령부,물품(내자),식품,False,1.0,False,낙찰자선정,등록공고,Y,
20230704,23년 육군 동운동복 수의계약 (GNT부산의용촌),2023,육군군수사령부,물품(내자),피복·개인용품,False,1.0,False,낙찰자선정,등록공고,,
20230704,23년 육군 동운동복 수의계약 ((사)한국신체장애인복지회),2023,육군군수사령부,물품(내자),피복·개인용품,False,1.0,False,낙찰자선정,등록공고,,
20230704,23년 육군 동운동복 수의계약 (사회복지법인동진복지재단),2023,육군군수사령부,물품(내자),피복·개인용품,False,1.0,False,낙찰자선정,등록공고,,
20230704,23년 육군 동운동복 수의계약 (사회복지법인삼덕재단),2023,육군군수사령부,물품(내자),피복·개인용품,False,1.0,False,낙찰자선정,등록공고,,
20230704,23년 육군 동운동복 수의계약 (사회복지법인연광복지재단),2023,육군군수사령부,물품(내자),피복·개인용품,False,1.0,False,낙찰자선정,등록공고,,
20230704,23년 육군 동운동복 수의계약 (사단법인부산광역시남구장애인협회),2023,육군군수사령부,물품(내자),피복·개인용품,False,1.0,False,낙찰자선정,등록공고,,
20230704,23년 육군 동운동복 수의계약 (사단법인한국장애인녹색재단),2023,육군군수사령부,물품(내자),피복·개인용품,False,1.0,False,낙찰자선정,등록공고,,
20230704,23년 육군 동운동복 수의계약 (사단법인누리복지회),2023,육군군수사령부,물품(내자),피복·개인용품,False,1.0,False,낙찰자선정,등록공고,,
20230704,23년 육군 동운동복 수의계약 (사단법인부산광역시부산진구장애인협회),2023,육군군수사령부,물품(내자),피복·개인용품,False,1.0,False,낙찰자선정,등록공고,,
20230705,23년 육군 춘추운동복 수의계약 (평화용사촌복지공장),2023,육군군수사령부,물품(내자),피복·개인용품,False,1.0,False,낙찰자선정,등록공고,,
20230705,23년 육군 춘추운동복 수의계약 (사회복지법인동진복지재단),2023,육군군수사령부,물품(내자),피복·개인용품,False,1.0,False,낙찰자선정,등록공고,,
20230705,23년 육군 춘추운동복 수의계약 ((사)한국장애인중심기업협회),2023,육군군수사령부,물품(내자),피복·개인용품,False,1.0,False,낙찰자선정,등록공고,,
20230705,23년 육군 춘추운동복 수의계약 ((사)한국장애인기업협회),2023,육군군수사령부,물품(내자),피복·개인용품,False,1.0,False,낙찰자선정,등록공고,,
20230705,23년 육군 춘추운동복 수의계약 (사회복지법인연광복지재단),2023,육군군수사령부,물품(내자),피복·개인용품,False,1.0,False,낙찰자선정,등록공고,,
20230705,23년 육군 춘추운동복 수의계약 ((사)한국척수장애인협회),2023,육군군수사령부,물품(내자),피복·개인용품,False,1.0,False,낙찰자선정,등록공고,,
20230705,23년 육군 춘추운동복 수의계약 (사단법인한국장애인녹색재단),2023,육군군수사령부,물품(내자),피복·개인용품,False,1.0,False,낙찰자선정,등록공고,,
20230705,23년 육군 춘추운동복 수의계약 (사단법인부산광역시남구장애인협회),2023,육군군수사령부,물품(내자),피복·개인용품,False,1.0,False,낙찰자선정,등록공고,,
20230705,23년 육군 춘추운동복 수의계약 (사단법인누리복지회),2023,육군군수사령부,물품(내자),피복·개인용품,False,1.0,False,낙찰자선정,등록공고,,
20230705,23년 육군 춘추운동복 수의계약 (사단법인나눔과자람),2023,육군군수사령부,물품(내자),피복·개인용품,False,1.0,False,낙찰자선정,등록공고,,
20230704,23년 육군 하운동복 수의계약 (주식회사전우),2023,육군군수사령부,물품(내자),피복·개인용품,False,1.0,False,낙찰자선정,등록공고,,
20230704,23년 육군 하운동복 수의계약 ((사)한국장애인중심기업협회),2023,육군군수사령부,물품(내자),피복·개인용품,False,1.0,False,낙찰자선정,등록공고,,
20230704,23년 육군 하운동복 수의계약 ((사)한국신체장애인복지회),2023,육군군수사령부,물품(내자),피복·개인용품,False,1.0,False,낙찰자선정,등록공고,,
20230704,23년 육군 하운동복 수의계약 (사회복지법인연광복지재단),2023,육군군수사령부,물품(내자),피복·개인용품,False,1.0,False,낙찰자선정,등록공고,,
20230704,23년 육군 하운동복 수의계약 ((사)한국장애인기업협회),2023,육군군수사령부,물품(내자),피복·개인용품,False,1.0,False,낙찰자선정,등록공고,,
20230704,23년 육군 하운동복 수의계약 (사단법인한국장애인녹색재단),2023,육군군수사령부,물품(내자),피복·개인용품,False,1.0,False,낙찰자선정,등록공고,,
20230704,23년 육군 하운동복 수의계약 ((사)한국척수장애인협회),2023,육군군수사령부,물품(내자),피복·개인용품,False,1.0,False,낙찰자선정,등록공고,,
20230704,23년 육군 하운동복 수의계약 (사단법인부산광역시남구장애인협회),2023,육군군수사령부,물품(내자),피복·개인용품,False,1.0,False,낙찰자선정,등록공고,,
20230704,23년 육군 하운동복 수의계약 (사단법인누리복지회),2023,육군군수사령부,물품(내자),피복·개인용품,False,1.0,False,낙찰자선정,등록공고,,
20230704,23년 육군 하운동복 수의계약 (사단법인한움),2023,육군군수사령부,물품(내자),피복·개인용품,False,1.0,False,낙찰자선정,등록공고,,
20230706,23년 신증후군출혈열 백신,2023,육군군수사령부,물품(내자),기타(51),False,1.0,False,낙찰자선정,등록공고,,
20230718,국방부 수요 혹한기경유(드럼포장) 단가계약,2023,국방부,물품(내자),연료·유류,False,1.0,False,낙찰자선정,등록공고,N,
20230718,국방부 수요 고유황경유 단가계약,2023,국방부,물품(내자),연료·유류,False,1.0,False,낙찰자선정,등록공고,N,
20230810,23년 육군 동내의 수의물량 제조(518),2023,육군군수사령부,물품(내자),피복·개인용품,False,1.0,False,낙찰자선정,등록공고,,
20230811,23년 육군 동내의 수의물량 제조(삼덕),2023,육군군수사령부,물품(내자),피복·개인용품,False,1.0,False,낙찰자선정,등록공고,,
20230911,공군 동운동복(상의/하의) 수의계약(무궁화용사촌),2023,공군군수사령부,물품(내자),피복·개인용품,False,1.0,False,낙찰자선정,등록공고,,
20230911,공군 동운동복(상의/하의) 수의계약(나눔과자람),2023,공군군수사령부,물품(내자),피복·개인용품,False,1.0,False,낙찰자선정,등록공고,,
20230911,공군 동운동복(상의/하의) 수의계약(한움),2023,공군군수사령부,물품(내자),피복·개인용품,False,1.0,False,낙찰자선정,등록공고,,
20230914,23년 육군 손톱깎이 제조,2023,육군군수사령부,물품(내자),피복·개인용품,True,0.0,True,유찰,등록공고,Y,
20230919,2023년 국방부 항공기연료(AV-GAS) 단가계약,2023,육군군수사령부,물품(내자),연료·유류,False,1.0,False,낙찰자선정,등록공고,N,
20230919,2023년 국방부 항공유(JP-8-도서) 단가계약,2023,육군군수사령부,물품(내자),연료·유류,False,1.0,False,낙찰자선정,등록공고,N,
20230919,2023년 국방부 항공유(JP-8)-차량 단가계약,2023,육군군수사령부,물품(내자),연료·유류,False,1.0,False,낙찰자선정,등록공고,N,
20230922,2023년 국방부 항공유(JP-8(차량)-드럼포장도) 단가계약,2023,국방부,물품(내자),연료·유류,False,1.0,False,낙찰자선정,등록공고,N,
20231013,23년 육군 손톱깎이 제조,2023,육군군수사령부,물품(내자),피복·개인용품,False,1.0,False,낙찰자선정,등록공고,Y,
20231129,2023년 국방부 등유(드럼포장도) 단가계약,2023,육군군수사령부,물품(내자),연료·유류,False,1.0,False,낙찰자선정,등록공고,N,
20230303,23년 장티푸스 백신,2023,육군군수사령부,물품(내자),기타(51),False,1.0,False,낙찰자선정,등록공고,,
20230420,2023년도 전투식량 1형(1~3식단) 조달,2023,육군군수사령부,물품(내자),식품,False,1.0,False,낙찰자선정,등록공고,Y,
20230420,2023년도 전투식량 1형(1~3식단) 조달,2023,육군군수사령부,물품(내자),식품,False,1.0,False,낙찰자선정,등록공고,Y,
20230420,2023년도 전투식량 1형(1~3식단) 조달,2023,육군군수사령부,물품(내자),식품,False,1.0,False,낙찰자선정,등록공고,Y,
20230424,"2023년도 전투식량 즉각취식형(1, 2식단) 조달",2023,육군군수사령부,물품(내자),식품,False,1.0,False,낙찰자선정,등록공고,Y,
20230424,"2023년도 전투식량 즉각취식형(1, 2식단) 조달",2023,육군군수사령부,물품(내자),식품,False,1.0,False,낙찰자선정,등록공고,Y,
20230510,2023년 육군군수사령부 고춧가루(조미용) 조달,2023,육군군수사령부,물품(내자),식품,False,1.0,False,낙찰자선정,등록공고,,
20230516,2023년 군 급식 조미김 조달_수의,2023,육군군수사령부,물품(내자),식품,False,1.0,False,낙찰자선정,등록공고,,
20230516,2023년 군 급식 식육가공품(햄슬라이스) 조달_수의,2023,육군군수사령부,물품(내자),식품,False,1.0,False,낙찰자선정,등록공고,,
20230516,2023년 군 급식 식육가공품(치킨너겟) 조달_수의,2023,육군군수사령부,물품(내자),식품,False,1.0,False,낙찰자선정,등록공고,,
20230516,2023년 군 급식 배추김치 조달_수의,2023,육군군수사령부,물품(내자),식품,False,1.0,False,낙찰자선정,등록공고,,
20230516,2023년 군 급식 총각김치 조달_수의,2023,육군군수사령부,물품(내자),식품,False,1.0,False,낙찰자선정,등록공고,,
20230516,2023년 군 급식 파김치 조달_수의,2023,육군군수사령부,물품(내자),식품,False,1.0,False,낙찰자선정,등록공고,,
20230516,2023년 군 급식 열무김치 조달_수의,2023,육군군수사령부,물품(내자),식품,False,1.0,False,낙찰자선정,등록공고,,
20230516,2023년 군 급식 깍두기 조달_수의,2023,육군군수사령부,물품(내자),식품,False,1.0,False,낙찰자선정,등록공고,,
20230516,2023년 군 급식 오이소박이김치 조달_수의,2023,육군군수사령부,물품(내자),식품,False,1.0,False,낙찰자선정,등록공고,,
20230516,2023년 군 급식 백김치 조달_수의,2023,육군군수사령부,물품(내자),식품,False,1.0,False,낙찰자선정,등록공고,,
20230516,2023년 군 급식 갓김치 조달_수의,2023,육군군수사령부,물품(내자),식품,False,1.0,False,낙찰자선정,등록공고,,
20230607,23년 신증후군출혈열 백신,2023,육군군수사령부,물품(내자),기타(51),True,0.0,True,유찰,등록공고,,
20230103,공무원 방독면(K-5) 구매,2023,방위사업청,물품(내자),국방·치안·보안,True,0.0,True,유찰,등록공고,Y,
20230207,2보급단 본부 경계시설 관급자재(투명방음판),2023,육군제7376부대,물품(내자),건축자재,True,0.0,True,유찰,등록공고,,
20230202,15사단 50여단 실내체육관 관급(자동제어),2023,육군 제15보병사단,물품(내자),전기·조명,False,1.0,False,낙찰자선정,등록공고,,
20230216,"노즐, 소방호스용 구매",2023,해군군수사령부,물품(내자),국방·치안·보안,False,1.0,False,낙찰자선정,등록공고,Y,
20230220,2보급단 본부 경계시설 관급자재(투명방음판),2023,육군제7376부대,물품(내자),건축자재,False,1.0,False,낙찰자선정,등록공고,,
20230227,23년 해군 방열복류 제조,2023,해군군수사령부,물품(내자),국방·치안·보안,False,1.0,False,낙찰자선정,등록공고,Y,
20230306,해군 차륜형굴착기(중형) 제조 납품,2023,해군군수사령부,물품(내자),건설장비,False,1.0,False,낙찰자선정,등록공고,Y,
20230306,해군 궤도형굴착기(대형) 제조 납품,2023,해군군수사령부,물품(내자),건설장비,True,0.0,True,유찰,등록공고,Y,
20230309,관물함 구매,2023,육군군수사령부,물품(내자),가구,False,1.0,False,낙찰자선정,등록공고,,
20230309,해군 차륜형로더 제조 납품,2023,해군군수사령부,물품(내자),건설장비,False,1.0,False,낙찰자선정,등록공고,Y,
20230313,중형 유압기중기(60톤) 제조 납품,2023,해군군수사령부,물품(내자),운반·포장,False,1.0,False,낙찰자선정,변경공고,Y,
20230320,해군 궤도형굴착기(소형) 제조 납품,2023,해군군수사령부,물품(내자),건설장비,False,1.0,False,낙찰자선정,등록공고,Y,
20230320,해군 차륜형굴착기(소형) 제조 납품,2023,해군군수사령부,물품(내자),건설장비,False,1.0,False,낙찰자선정,등록공고,Y,
20230321,지게차 11000파운드 제조 납품,2023,공군군수사령부,물품(내자),운반·포장,False,1.0,False,낙찰자선정,등록공고,Y,
20230323,101정보통신단 및 11화생방대대 이전사업 관급(원격검침),2023,육군 제1군단,물품(내자),전기·조명,False,1.0,False,낙찰자선정,등록공고,,
20230404,신교대대 실내체육관 신축 관급자재(자동제어)(1337),2023,육군 제21보병사단,물품(내자),전기·조명,False,1.0,False,낙찰자선정,등록공고,,
20230420,"육군, 해병대 반합 제조 납품",2023,육군군수사령부,물품(내자),스포츠·레저,False,1.0,False,낙찰자선정,등록공고,Y,
20230425,신발장(6인용) 구매,2023,육군군수사령부,물품(내자),가구,False,1.0,False,낙찰자선정,등록공고,,
20230510,23년 육군 유격용 장갑 제조 수의시담,2023,육군군수사령부,물품(내자),피복·개인용품,False,1.0,False,낙찰자선정,등록공고,Y,
20230517,"상판, 식탁용 구매",2023,육군군수사령부,물품(내자),가구,False,1.0,False,낙찰자선정,등록공고,,
20230522,2023년 육군군수사령부 강철대 조달,2023,육군군수사령부,물품(내자),운반·포장,False,1.0,False,낙찰자선정,등록공고,Y,
20230519,해군지게차10톤(20000lb)제조,2023,해군군수사령부,물품(내자),운반·포장,False,1.0,False,낙찰자선정,등록공고,Y,
20230519,해군 지게차 2톤 제조 납품,2023,해군군수사령부,물품(내자),운반·포장,False,1.0,False,낙찰자선정,등록공고,Y,
20230601,육군 전동지게차 4000lb 제조 납품,2023,육군군수사령부,물품(내자),운반·포장,False,1.0,False,낙찰자선정,등록공고,Y,
20230605,해군 지게차 11000lb 제조,2023,해군군수사령부,물품(내자),운반·포장,False,1.0,False,낙찰자선정,등록공고,Y,
20230607,(22-188) 513항공대대 방음벽 설치 관급(방음판),2023,제5군단사령부,물품(내자),건축자재,False,1.0,False,낙찰자선정,등록공고,,
20230607,(22-187) 103항공대대 방음벽 설치 관급(방음판),2023,제5군단사령부,물품(내자),건축자재,False,1.0,False,낙찰자선정,등록공고,,
20230609,23년 해병 60톤 저상형 트레일러 3대 구매,2023,해군군수사령부,물품(내자),차량·수송장비,False,1.0,False,낙찰자선정,등록공고,,
20230627,문서권한관리체계(DRM) 및 복합기 관리시스템 고도화 사업,2023,방위사업청,물품(내자),정보통신,False,1.0,False,낙찰자선정,등록공고,N,
20230613,"해군 고무보트(고속, 7인승) 제조 납품",2023,해군군수사령부,물품(내자),차량·수송장비,False,1.0,False,낙찰자선정,등록공고,Y,
20230613,2023년 육군군수사령부 강철대 조달,2023,육군군수사령부,물품(내자),운반·포장,False,1.0,False,낙찰자선정,등록공고,Y,
20230613,춘천병원 리모델링 관급자재(자동제어) 구매,2023,국방부 국군의무사령부,물품(내자),전기·조명,False,1.0,False,낙찰자선정,등록공고,,
20230613,23년 해군 양압식 공기호흡기 안면부 등 3품목 조달(수의-부속품),2023,해군군수사령부,물품(내자),국방·치안·보안,False,1.0,False,낙찰자선정,등록공고,,
20230615,00부대 활주로 2차 보강사업(관급자재_레미콘),2023,육군항공사령부,물품(내자),건축자재,False,1.0,False,낙찰자선정,등록공고,N,
20230613,00부대 행정동 신축공사 자동제어 제조설치,2023,국방부 육군 제3139부대,물품(내자),전기·조명,False,1.0,False,낙찰자선정,등록공고,,
20230615,2023년 육군군수사령부 3단 야전삽(산업동원용),2023,육군군수사령부,물품(내자),공구,False,1.0,False,낙찰자선정,등록공고,Y,
20230619,육군 23년 마닐라로프 3종 제조,2023,육군군수사령부,물품(내자),제조부품,False,1.0,False,낙찰자선정,등록공고,Y,
20230621,육공군해병대 야영용텐트(일반전투용천막) 제조 납품,2023,육군군수사령부,물품(내자),스포츠·레저,False,1.0,False,낙찰자선정,등록공고,N,
20230621,21-해-1함대 작전지원시설 자동제어,2023,국방부 해군제1함대사령부,물품(내자),전기·조명,False,1.0,False,낙찰자선정,등록공고,,
20230621,21-해-1함대 공병대대 통합본관 자동제어,2023,국방부 해군제1함대사령부,물품(내자),전기·조명,False,1.0,False,낙찰자선정,등록공고,,
20230621,해군 궤도형굴착기(대형) 제조 납품,2023,해군군수사령부,물품(내자),건설장비,False,1.0,False,낙찰자선정,등록공고,Y,
20230626,육군 오더피커 및 리치트럭 제조 납품,2023,육군군수사령부,물품(내자),운반·포장,False,1.0,False,낙찰자선정,등록공고,Y,
20230706,공군 지게차 22000lb 제조 납품,2023,공군군수사령부,물품(내자),운반·포장,False,1.0,False,낙찰자선정,등록공고,Y,
20230717,2023년 육군 오일분광분석기 구매,2023,육군군수사령부,물품(내자),실험·측정기기,False,1.0,False,낙찰자선정,등록공고,,
20230714,23년 저상형트레일러 24대 구매,2023,육군군수사령부,물품(내자),차량·수송장비,False,1.0,False,낙찰자선정,등록공고,,
20230717,23년 육군 사각팬티 수의물량 제조(518),2023,육군군수사령부,물품(내자),피복·개인용품,False,1.0,False,낙찰자선정,등록공고,,
20230803,23년 해군 윤활유급유차 제조,2023,해군군수사령부,물품(내자),차량·수송장비,False,1.0,False,낙찰자선정,재공고,Y,
20230803,"군용하계조종화제조(육군,해군)",2023,육군군수사령부,물품(내자),국방·치안·보안,False,1.0,False,낙찰자선정,등록공고,Y,
20230810,육군 트럭탑재식 120톤 기중기 제조,2023,육군군수사령부,물품(내자),운반·포장,False,1.0,False,낙찰자선정,등록공고,Y,
20230809,23년 육군 공기충전기(60분용) 조달,2023,육군군수사령부,물품(내자),국방·치안·보안,True,0.0,True,유찰,등록공고,Y,
20230828,2023년 육군군수사령부 취사기구소독보관함 수의 조달,2023,육군군수사령부,물품(내자),서비스산업장비,False,1.0,False,낙찰자선정,등록공고,,
20230824,23년 해군 직진식카고크레인 제조,2023,해군군수사령부,물품(내자),차량·수송장비,False,1.0,False,낙찰자선정,등록공고,Y,
20230915,소음진동측정기구매,2023,해군군수사령부,물품(내자),실험·측정기기,False,1.0,False,낙찰자선정,등록공고,,
20230907,해군군수사령부 휴대용 착암기,2023,해군군수사령부,물품(내자),채광·건설기계,True,0.0,True,유찰,등록공고,N,
20230913,23년 공군 트럭장착용 제설기 제조,2023,공군군수사령부,물품(내자),차량·수송장비,False,1.0,False,낙찰자선정,등록공고,Y,
20230915,의학연구소 연구복합시설 신축 관급자재(자동제어) 구매,2023,국방부 국군의무사령부,물품(내자),전기·조명,False,1.0,False,낙찰자선정,등록공고,,
20230918,공군 차륜형굴착기(소형) 제조 납품,2023,공군군수사령부,물품(내자),건설장비,False,1.0,False,낙찰자선정,등록공고,Y,
20230918,공군 차륜형굴착기(중형) 제조 납품,2023,공군군수사령부,물품(내자),건설장비,False,1.0,False,낙찰자선정,등록공고,Y,
20230919,2023년 육군 전투조끼 제조,2023,육군군수사령부,물품(내자),피복·개인용품,False,1.0,False,낙찰자선정,등록공고,Y,
20230920,2023년 공군군수사령부 식관몸통 및 식관뚜껑 조달,2023,공군군수사령부,물품(내자),가정용품,False,1.0,False,낙찰자선정,등록공고,Y,
20231011,과산화수소이온발생기 조달,2023,국방부 국군화생방방호사령부,물품(내자),실험·측정기기,False,1.0,False,낙찰자선정,등록공고,,Y
20231011,해병대 지게차 3종 제조,2023,해군군수사령부,물품(내자),운반·포장,False,1.0,False,낙찰자선정,등록공고,Y,
20231030,국군대전병원 디젤발전기 1000kW 제조,2023,국군대전병원,물품(내자),발전·배전,False,1.0,False,낙찰자선정,등록공고,,
20231020,"23년 육군 수중스쿠터,다이버용(수중추진기) 구매",2023,육군군수사령부,물품(내자),스포츠·레저,True,0.0,True,유찰,등록공고,,
20231025,"23년 육군 수중스쿠터,다이버용(수중추진기) 구매",2023,육군군수사령부,물품(내자),스포츠·레저,True,0.0,True,유찰,재공고,,
20231027,"23년 육군 수중스쿠터,다이버용(수중추진기) 구매",2023,육군군수사령부,물품(내자),스포츠·레저,False,1.0,False,낙찰자선정,재공고,,
20231101,통합형 대공방호장비 도입사업,2023,90정보통신단,물품(내자),기타(99),False,1.0,False,낙찰자선정,등록공고,,
20231120,양압식공기호흡기 예비실린더(일자형) 등 2품목,2023,해군군수사령부,물품(내자),국방·치안·보안,False,1.0,False,낙찰자선정,등록공고,,
20231108,23년 해군 수온음속측정기 조달,2023,해군군수사령부,물품(내자),실험·측정기기,False,1.0,False,낙찰자선정,등록공고,,
20231116,해군 디젤지게차 6000lb 제조,2023,해군군수사령부,물품(내자),운반·포장,False,1.0,False,낙찰자선정,등록공고,Y,
20231130,조달의무장비-자동세척건조기대형,2023,국군대전병원,물품(내자),의료장비,False,1.0,False,낙찰자선정,등록공고,N,
20231206,2023 본조달 의무장비(X선기 병원용 이동식) 구매,2023,국군수도병원,물품(내자),의료장비,False,1.0,False,낙찰자선정,등록공고,N,Y
20231208,대공탐지장비 도입사업,2023,90정보통신단,물품(내자),국방·치안·보안,False,1.0,False,낙찰자선정,등록공고,,
20231206,연구소 기동형방사능측정셋 구매,2023,국방부 국군화생방방호사령부,물품(내자),발전·배전,False,1.0,False,낙찰자선정,등록공고,,Y
20231206,"21-국-00부대 제로에너지시스템 및 빌딩자동제어장치(기계, 전기) 구매 설치",2023,합동군사대학교,물품(내자),전기·조명,False,1.0,False,낙찰자선정,등록공고,,
20231207,감시장비영상개선장비,2023,해군군수사령부,물품(내자),국방·치안·보안,False,1.0,False,낙찰자선정,등록공고,Y,
20231208,25사단 70여단 1대대 취사식당 신축 관급자재(자동제어) 구매,2023,육군제25보병사단,물품(내자),전기·조명,False,1.0,False,낙찰자선정,등록공고,,
20231213,00부대 라돈저감시설 자동제어 구매,2023,수도방위사령부,물품(내자),전기·조명,False,1.0,False,낙찰자선정,등록공고,,
20231219,"23년 [육군, 공군] 로프발사기(투색장치) 조달",2023,육군군수사령부,물품(내자),국방·치안·보안,False,1.0,False,낙찰자선정,등록공고,,
20231221,양압식공기호흡기-2형 계약의뢰,2023,국방부 국군화생방방호사령부,물품(내자),국방·치안·보안,False,1.0,False,낙찰자선정,등록공고,N,Y
20231221,23년 해군 CNC 플라즈마 절단기 제조,2023,해군군수사령부,물품(내자),산업기계,False,1.0,False,낙찰자선정,등록공고,Y,
20230427,"23년 윤활유(LSA, PL-MED) 조달",2023,육군군수사령부,물품(내자),연료·유류,False,2.0,False,낙찰자선정,등록공고,Y,
20230511,23년 공군군수사령부 액체산소 등 5종 구매,2023,공군군수사령부,물품(내자),화학·화공,False,1.0,False,낙찰자선정,등록공고,N,
20230921,2023년 국방부 항공유(JET A-1) 단가계약,2023,공군군수사령부,물품(내자),연료·유류,False,2.0,False,낙찰자선정,등록공고,N,
20230622,2023년 육군군수사령부 국솥류 2종 조달,2023,육군군수사령부,물품(내자),서비스산업장비,False,2.0,False,낙찰자선정,등록공고,Y,
20230711,2023년 해병대 권총집 및 탄입대 제조,2023,해병대 군수단,물품(내자),국방·치안·보안,False,2.0,False,낙찰자선정,등록공고,Y,
20230716,"23년 거품액체 소화용 제조 조달 구매(육군, 해군)",2023,육군군수사령부,물품(내자),국방·치안·보안,False,1.0,False,낙찰자선정,등록공고,Y,
20230801,23년 육군 저상형트레일러 제조,2023,육군군수사령부,물품(내자),차량·수송장비,False,2.0,False,낙찰자선정,등록공고,Y,
20230208,23년 공군 드로즈형 팬티 제조,2023,공군군수사령부,물품(내자),피복·개인용품,False,34.0,False,낙찰자선정,등록공고,Y,
20230222,"2023년 전투복 제조 1차 (육군,공군)",2023,육군군수사령부,물품(내자),피복·개인용품,False,17.0,False,낙찰자선정,등록공고,Y,
20230222,"2023년 전투복 제조 2차 (육군,공군)",2023,육군군수사령부,물품(내자),피복·개인용품,False,17.0,False,낙찰자선정,등록공고,Y,
20230222,2023년 전투복 제조 3차 (육군),2023,육군군수사령부,물품(내자),피복·개인용품,False,17.0,False,낙찰자선정,등록공고,Y,
20230214,23년 해군 백단화 등 3종 구매,2023,해군군수사령부,물품(내자),피복·개인용품,False,10.0,False,낙찰자선정,등록공고,Y,
20230222,23년 육군 방한장갑 제조,2023,육군군수사령부,물품(내자),피복·개인용품,False,8.0,False,낙찰자선정,등록공고,Y,
20230306,2023년 육군 방한복 상의 내피 제조 (체촌 포함),2023,육군군수사령부,물품(내자),피복·개인용품,False,18.0,False,낙찰자선정,등록공고,Y,
20230306,2023년 육군 방한복 상의 외피 제조(1차),2023,육군군수사령부,물품(내자),피복·개인용품,False,16.0,False,낙찰자선정,등록공고,Y,
20230306,2023년 육군 방한복 상의 외피 제조 (2차),2023,육군군수사령부,물품(내자),피복·개인용품,False,17.0,False,낙찰자선정,등록공고,Y,
20230403,23년 육군 무릎덮개(매복용) 제조 구매,2023,육군군수사령부,물품(내자),스포츠·레저,False,25.0,False,낙찰자선정,등록공고,Y,
20230322,23년 공군 태극마크 제조,2023,공군군수사령부,물품(내자),피복·개인용품,False,30.0,False,낙찰자선정,등록공고,Y,
20230323,23년 해군 태극마크 제조,2023,해군군수사령부,물품(내자),피복·개인용품,False,30.0,False,낙찰자선정,등록공고,Y,
20230323,"23년 공군, 해군 세면주머니(바구니형) 제조",2023,공군군수사령부,물품(내자),피복·개인용품,False,7.0,False,낙찰자선정,등록공고,Y,
20230324,23년 육군 태극마크 제조,2023,육군군수사령부,물품(내자),피복·개인용품,False,16.0,False,낙찰자선정,등록공고,Y,
20230330,23년 공군 반코트 제조,2023,공군군수사령부,물품(내자),피복·개인용품,False,24.0,False,낙찰자선정,등록공고,Y,
20230330,"23년 육군, 해군, 해병 치약 제조",2023,육군군수사령부,물품(내자),피복·개인용품,True,0.0,True,유찰,등록공고,Y,
20230405,"23년 세면주머니 제조(육군, 해병대)",2023,육군군수사령부,물품(내자),피복·개인용품,False,37.0,False,낙찰자선정,등록공고,Y,
20230408,"(재공고)23년 육군, 해군, 해병 치약 제조",2023,육군군수사령부,물품(내자),피복·개인용품,True,0.0,True,유찰,재공고,Y,
20230417,"23년 보온대(주머니난로) 제조 (해군, 공군, 해병)",2023,공군군수사령부,물품(내자),피복·개인용품,False,11.0,False,낙찰자선정,등록공고,Y,
20230412,23년 육군 손세정제 제조,2023,육군군수사령부,물품(내자),피복·개인용품,False,14.0,False,낙찰자선정,등록공고,Y,
20230801,"2023년 전투복 체촌 제조 (육군 보충, 공군, 해군, 해병)",2023,육군군수사령부,물품(내자),피복·개인용품,False,6.0,False,낙찰자선정,등록공고,Y,
20230801,2023년 전투복 체촌 제조 (육군 초도),2023,육군군수사령부,물품(내자),피복·개인용품,False,7.0,False,낙찰자선정,등록공고,Y,
20230417,2023년 방상외피 체촌 제조,2023,육군군수사령부,물품(내자),피복·개인용품,False,11.0,False,낙찰자선정,등록공고,Y,
20230418,"23년 공군, 해병 손세정제 제조",2023,공군군수사령부,물품(내자),피복·개인용품,False,19.0,False,낙찰자선정,등록공고,Y,
20230418,"23년 군용 단화 3종 제조(육군, 공군)",2023,육군군수사령부,물품(내자),피복·개인용품,False,8.0,False,낙찰자선정,등록공고,Y,
20230428,23년 군용 안면마스크(두건) 제조 (육군),2023,육군군수사령부,물품(내자),국방·치안·보안,False,17.0,False,낙찰자선정,등록공고,Y,
20230428,[국립서울현충원]2023년도 봉안함 명패 제작 구매,2023,국방부 국립서울현충원,물품(내자),출판물,False,7.0,False,낙찰자선정,등록공고,Y,
20230501,2023년~2024년 비누갑 조달,2023,육군군수사령부,물품(내자),건축자재,False,2.0,False,낙찰자선정,등록공고,Y,
20230501,23년 전군 예비군마크 제조,2023,육군군수사령부,물품(내자),피복·개인용품,False,15.0,False,낙찰자선정,등록공고,Y,
20230501,23년 공군 포제계급장류 제조,2023,공군군수사령부,물품(내자),출판물,False,16.0,False,낙찰자선정,등록공고,Y,
20230504,2023년 전군 인식표 제조,2023,육군군수사령부,물품(내자),출판물,True,0.0,True,유찰,등록공고,Y,
20230509,23년 군용 침낭 제조입찰(1차),2023,육군군수사령부,물품(내자),스포츠·레저,False,23.0,False,낙찰자선정,등록공고,Y,
20230509,23년 군용 침낭 제조입찰(2차),2023,육군군수사령부,물품(내자),스포츠·레저,False,23.0,False,낙찰자선정,등록공고,Y,
20230509,23년 군용 침낭 제조입찰(3차),2023,육군군수사령부,물품(내자),스포츠·레저,False,23.0,False,낙찰자선정,등록공고,Y,
20230515,2023년 전군 인식표 제조,2023,육군군수사령부,물품(내자),출판물,False,2.0,False,낙찰자선정,재공고,Y,
20230517,23년 공군 정비화 제조,2023,공군군수사령부,물품(내자),국방·치안·보안,False,4.0,False,낙찰자선정,등록공고,Y,
20230517,23년 해병 궤도차량 승무원전투화 제조,2023,해병대 군수단,물품(내자),국방·치안·보안,False,2.0,False,낙찰자선정,등록공고,Y,
20230531,23년 육군 면도기 구매,2023,육군군수사령부,물품(내자),피복·개인용품,False,466.0,False,낙찰자선정,등록공고,N,
20230524,23년 육군 숙영용 야전깔개(발포 폴리에틸렌계) 제조,2023,육군군수사령부,물품(내자),스포츠·레저,False,11.0,False,낙찰자선정,등록공고,Y,
20230524,23년 국방부 비행복류 제조,2023,공군군수사령부,물품(내자),피복·개인용품,False,8.0,False,낙찰자선정,등록공고,Y,
20230524,23년 국방부 비행잠바류 제조,2023,공군군수사령부,물품(내자),피복·개인용품,False,11.0,False,낙찰자선정,등록공고,Y,
20230531,"23년 육군, 공군, 해군 귀덮개 제조",2023,육군군수사령부,물품(내자),피복·개인용품,False,32.0,False,낙찰자선정,등록공고,Y,
20230602,"23년 해군 정복, 근무복 체촌",2023,해군군수사령부,물품(내자),피복·개인용품,False,16.0,False,낙찰자선정,등록공고,Y,
20230615,23년 디지털 요대 제조,2023,육군군수사령부,물품(내자),피복·개인용품,False,25.0,False,낙찰자선정,등록공고,Y,
20230615,23년 요대류 제조,2023,해군군수사령부,물품(내자),피복·개인용품,False,23.0,False,낙찰자선정,등록공고,Y,
20230605,(재공고)23년 공군 포제계급장류 제조,2023,공군군수사령부,물품(내자),출판물,False,5.0,False,낙찰자선정,재공고,Y,
20230614,23년 공군 철제계급장류 제조,2023,공군군수사령부,물품(내자),출판물,False,8.0,False,낙찰자선정,등록공고,Y,
20230621,23년 육군 세수비누 제조,2023,육군군수사령부,물품(내자),피복·개인용품,False,3.0,False,낙찰자선정,등록공고,Y,
20230621,23년 해군 세수비누 제조,2023,해군군수사령부,물품(내자),피복·개인용품,False,3.0,False,낙찰자선정,등록공고,Y,
20230621,23년 해병 세수비누 제조,2023,해병대 군수단,물품(내자),피복·개인용품,False,3.0,False,낙찰자선정,등록공고,Y,
20230629,23년 국방부 방한용 스패츠 제조,2023,육군군수사령부,물품(내자),국방·치안·보안,False,21.0,False,낙찰자선정,등록공고,Y,
20230705,"23년 군용 안면마스크(두건) 제조-공군,해군, 해병대",2023,공군군수사령부,물품(내자),국방·치안·보안,False,9.0,False,낙찰자선정,등록공고,Y,
20230705,23년 공군 세수비누 제조,2023,공군군수사령부,물품(내자),피복·개인용품,False,4.0,False,낙찰자선정,등록공고,Y,
20230712,23년 공군 매트리스커버(3형) 제조,2023,공군군수사령부,물품(내자),가정용품,False,31.0,False,낙찰자선정,등록공고,Y,
20230718,"2023년 육군, 해군, 공군 기능성방한복 제조",2023,육군군수사령부,물품(내자),피복·개인용품,False,18.0,False,낙찰자선정,등록공고,Y,
20230718,2023년 육군 기능성방한복 제조 (2차),2023,육군군수사령부,물품(내자),피복·개인용품,False,19.0,False,낙찰자선정,등록공고,Y,
20230713,23년 육군 샤워타월 제조,2023,육군군수사령부,물품(내자),가정용품,False,6.0,False,낙찰자선정,등록공고,Y,
20230714,23년 육군 칫솔케이스 구매,2023,육군군수사령부,물품(내자),피복·개인용품,False,,False,낙찰자선정,등록공고,N,
20230714,23년 육군 칫솔 제조,2023,육군군수사령부,물품(내자),피복·개인용품,False,2.0,False,낙찰자선정,등록공고,Y,
20230725,"군용대테러화제조구매(육군,해병)",2023,육군군수사령부,물품(내자),국방·치안·보안,False,2.0,False,낙찰자선정,등록공고,Y,
20230802,23년 3사 생도피복 제조(체촌),2023,육군군수사령부,물품(내자),피복·개인용품,False,14.0,False,낙찰자선정,등록공고,Y,
20230803,"2023년 육군, 해군 방한복 상의 내피 제조 (추가분)",2023,육군군수사령부,물품(내자),피복·개인용품,False,18.0,False,낙찰자선정,등록공고,Y,
20230803,2023년 육군 기능성방한복 제조 (3차),2023,육군군수사령부,물품(내자),피복·개인용품,False,17.0,False,낙찰자선정,등록공고,Y,
20230816,2023년 육군 특전사 기능성방한복 제조,2023,육군군수사령부,물품(내자),피복·개인용품,False,14.0,False,낙찰자선정,등록공고,Y,
20230803,23년 육사 생도피복 제조(체촌),2023,육군군수사령부,물품(내자),피복·개인용품,False,13.0,False,낙찰자선정,등록공고,Y,
20230810,육공군 야전침대(알루미늄제) 제조 납품,2023,육군군수사령부,물품(내자),스포츠·레저,False,4.0,False,낙찰자선정,등록공고,Y,
20230824,23년 공군 포제계급장류 제조,2023,공군군수사령부,물품(내자),출판물,False,12.0,False,낙찰자선정,등록공고,Y,
20230825,빨간마후라 목티형 8종 구매,2023,공군군수사령부,물품(내자),피복·개인용품,False,17.0,False,낙찰자선정,등록공고,Y,
20230829,23년 육군 손톱깎이 제조,2023,육군군수사령부,물품(내자),피복·개인용품,True,0.0,True,유찰,등록공고,Y,
20230831,23년 육군 학군단복 제조(체촌),2023,육군군수사령부,물품(내자),피복·개인용품,False,18.0,False,낙찰자선정,등록공고,Y,
20230907,(재공고)23년 육군 손톱깎이 제조,2023,육군군수사령부,물품(내자),피복·개인용품,True,0.0,True,유찰,재공고,Y,
20230926,23년 공군 라디오존데 조달,2023,공군군수사령부,물품(내자),실험·측정기기,False,9.0,False,낙찰자선정,등록공고,N,
20230918,2023년 해병대 궤도차량승무원복 제조,2023,해병대 군수단,물품(내자),피복·개인용품,False,29.0,False,낙찰자선정,등록공고,Y,
20230919,23년 육군 손톱깎이 제조,2023,육군군수사령부,물품(내자),피복·개인용품,True,0.0,True,유찰,등록공고,Y,
20230926,23년 공군 철제휘장류 제조,2023,공군군수사령부,물품(내자),피복·개인용품,False,23.0,False,낙찰자선정,등록공고,Y,
20230926,23년 공군 포제휘장류 제조,2023,공군군수사령부,물품(내자),피복·개인용품,False,10.0,False,낙찰자선정,등록공고,Y,
20231005,2023년 육군 궤도차량승무원복(하계) 제조,2023,육군군수사령부,물품(내자),피복·개인용품,False,27.0,False,낙찰자선정,등록공고,Y,
20231005,2023년 육군 대테러복 제조,2023,육군군수사령부,물품(내자),피복·개인용품,False,29.0,False,낙찰자선정,등록공고,Y,
20231005,2023년 육군 특전복 제조 (체촌 포함),2023,육군군수사령부,물품(내자),피복·개인용품,False,20.0,False,낙찰자선정,등록공고,Y,
20230927,2023년 해군 함상방한복 제조,2023,해군군수사령부,물품(내자),피복·개인용품,False,20.0,False,낙찰자선정,등록공고,Y,
20231005,(재공고) 23년 육군 손톱깎이 제조,2023,육군군수사령부,물품(내자),피복·개인용품,True,0.0,True,유찰,재공고,Y,
20231016,23년 육군 간호복 체촌,2023,육군군수사령부,물품(내자),피복·개인용품,False,3.0,False,낙찰자선정,등록공고,Y,
20231025,23년 육군 군의관복류 제조,2023,육군군수사령부,물품(내자),의료장비,False,21.0,False,낙찰자선정,등록공고,Y,
20231025,23년 육군 수영복 제조,2023,육군군수사령부,물품(내자),피복·개인용품,False,6.0,False,낙찰자선정,등록공고,Y,
20231107,23년 육군 후보생 견장류 제조,2023,육군군수사령부,물품(내자),피복·개인용품,False,29.0,False,낙찰자선정,등록공고,Y,
20231107,23년 육군 환자복류 제조,2023,육군군수사령부,물품(내자),의료장비,False,15.0,False,개찰완료,등록공고,Y,
20230209,23년 주공급자의약품 1성분,2023,육군군수사령부,물품(내자),기타(51),False,198.0,False,낙찰자선정,등록공고,N,
20230209,23년 주공급자의약품 2성분,2023,육군군수사령부,물품(내자),기타(51),False,197.0,False,낙찰자선정,등록공고,N,
20230209,23년 주공급자 퇴장방지의약품,2023,육군군수사령부,물품(내자),기타(51),False,11.0,False,낙찰자선정,등록공고,N,
20230221,23년 육군 미용티슈 제조 조달,2023,육군군수사령부,물품(내자),종이류,False,8.0,False,낙찰자선정,등록공고,Y,
20230227,육군 23년 액상형 세탁세제(중성) 제조,2023,육군군수사령부,물품(내자),청소장비,False,15.0,False,낙찰자선정,등록공고,Y,
20230308,23년 Td 백신,2023,육군군수사령부,물품(내자),기타(51),False,2.0,False,낙찰자선정,등록공고,N,
20230321,육군 23년 구두솔 제조,2023,육군군수사령부,물품(내자),청소장비,True,0.0,True,유찰,등록공고,Y,
20230322,23년 Td 백신,2023,육군군수사령부,물품(내자),기타(51),True,0.0,True,유찰,재공고,N,
20230328,23년 육군 방청윤활유(방청유) 조달,2023,육군군수사령부,물품(내자),연료·유류,True,0.0,True,유찰,등록공고,Y,
20230330,23년 엔진용윤활유(자동차용) 조달,2023,육군군수사령부,물품(내자),연료·유류,False,3.0,False,낙찰자선정,등록공고,Y,
20230330,육군 23년 구두솔 제조,2023,육군군수사령부,물품(내자),청소장비,True,0.0,True,유찰,재공고,Y,
20230403,"23년 윤활유(LSA, PL-MED) 조달",2023,육군군수사령부,물품(내자),연료·유류,True,0.0,True,유찰,등록공고,Y,
20230403,23년 윤활유(자동변속기유) 조달,2023,육군군수사령부,물품(내자),연료·유류,True,0.0,True,유찰,등록공고,Y,
20230403,"23년 윤활유(그리스 고성능, 자동차용 및 포병용) 조달",2023,육군군수사령부,물품(내자),연료·유류,False,3.0,False,낙찰자선정,등록공고,Y,
20230406,2023년도 특수작전식량 조달,2023,육군군수사령부,물품(내자),식품,True,0.0,True,유찰,등록공고,Y,
20230415,2023년 육군군수사령부 등 4개 기관 드럼통(신관) 조달,2023,육군군수사령부,물품(내자),운반·포장,True,2.0,False,유찰,등록공고,,
20230407,23년 공군군수사령부 액체산소 등 5종 구매,2023,공군군수사령부,물품(내자),화학·화공,True,3.0,False,유찰,등록공고,N,
20230410,국방부 수요 자동차용휘발유(탱크주입도) 구매,2023,국방부,물품(내자),연료·유류,True,0.0,True,유찰,등록공고,N,
20230410,2023년도 전투식량 1형(1~3식단) 조달,2023,육군군수사령부,물품(내자),식품,True,0.0,True,유찰,등록공고,Y,
20230410,2023년도 전투식량 1형(1~3식단) 조달,2023,육군군수사령부,물품(내자),식품,True,0.0,True,유찰,등록공고,Y,
20230410,2023년도 전투식량 1형(1~3식단) 조달,2023,육군군수사령부,물품(내자),식품,True,0.0,True,유찰,등록공고,Y,
20230410,2023년 육군군수사령부 등 3개 기관 세탁망 조달,2023,육군군수사령부,물품(내자),운반·포장,False,16.0,False,낙찰자선정,등록공고,Y,
20230411,23년 육군 방청윤활유(방청유) 조달,2023,육군군수사령부,물품(내자),연료·유류,True,0.0,True,유찰,재공고,Y,
20230413,"2023년도 전투식량 즉각취식형(1, 2식단) 조달",2023,육군군수사령부,물품(내자),식품,True,0.0,True,유찰,등록공고,Y,
20230413,"2023년도 전투식량 즉각취식형(1, 2식단) 조달",2023,육군군수사령부,물품(내자),식품,True,0.0,True,유찰,등록공고,Y,
20230412,23년 해군 윤활유(증기터빈용) 조달,2023,해군군수사령부,물품(내자),연료·유류,False,2.0,False,낙찰자선정,등록공고,Y,
20230417,23년 윤활유(기어용) 조달,2023,육군군수사령부,물품(내자),연료·유류,False,2.0,False,낙찰자선정,등록공고,Y,
20230418,23년 해군 윤활유(내연기관용) 조달,2023,해군군수사령부,물품(내자),연료·유류,True,0.0,True,유찰,등록공고,Y,
20230418,"23년 윤활유(LSA, PL-MED) 조달",2023,육군군수사령부,물품(내자),연료·유류,True,0.0,True,유찰,재공고,Y,
20230418,23년 윤활유(자동변속기유) 조달,2023,육군군수사령부,물품(내자),연료·유류,True,0.0,True,유찰,재공고,Y,
20230420,23년 유압작동유 구매,2023,해군군수사령부,물품(내자),연료·유류,True,0.0,True,유찰,등록공고,Y,
20230420,23년 공군군수사령부 액체산소 등 5종 구매,2023,공군군수사령부,물품(내자),화학·화공,True,0.0,True,유찰,재공고,N,
20230425,23년 MMR 백신,2023,육군군수사령부,물품(내자),기타(51),False,59.0,False,낙찰자선정,등록공고,N,
20230425,23년 A형간염 백신,2023,육군군수사령부,물품(내자),기타(51),False,176.0,False,낙찰자선정,등록공고,N,
20230425,23년 수막구균 백신,2023,육군군수사령부,물품(내자),기타(51),False,85.0,False,낙찰자선정,등록공고,N,
20230425,23년 Tdap 백신,2023,육군군수사령부,물품(내자),기타(51),False,88.0,False,낙찰자선정,등록공고,N,
20230425,2023년 육군군수사령부 등 4개 기관 드럼통(신관) 조달,2023,육군군수사령부,물품(내자),운반·포장,True,0.0,True,유찰,재공고,Y,
20230504,국방부 수요 자동차용 휘발유(드럼포장) 구매,2023,국방부,물품(내자),연료·유류,True,0.0,True,유찰,등록공고,N,
20230501,2023년도 전투식량 2형(1~3식단) 조달,2023,육군군수사령부,물품(내자),식품,True,0.0,True,유찰,등록공고,Y,
20230501,2023년도 전투식량 2형(1~3식단) 조달,2023,육군군수사령부,물품(내자),식품,True,0.0,True,유찰,등록공고,Y,
20230501,2023년도 전투식량 2형(1~3식단) 조달,2023,육군군수사령부,물품(내자),식품,True,0.0,True,유찰,등록공고,Y,
20230501,23년 윤활유(PL-SP) 조달,2023,육군군수사령부,물품(내자),연료·유류,True,0.0,True,유찰,등록공고,Y,
20230502,23년 해군 윤활유(내연기관용) 조달,2023,해군군수사령부,물품(내자),연료·유류,True,0.0,True,유찰,재공고,Y,
20230502,23년 강중유 조달,2023,육군군수사령부,물품(내자),연료·유류,False,48.0,False,낙찰자선정,등록공고,N,
20230503,"23년 윤활유(그리스 고성능, 자동차용 및 포병용) 조달",2023,육군군수사령부,물품(내자),연료·유류,False,3.0,False,낙찰자선정,재공고,Y,
20230504,23년 유압작동유 구매,2023,해군군수사령부,물품(내자),연료·유류,True,0.0,True,유찰,재공고,Y,
20230504,국방부 수요 자동차용휘발유(탱크주입도) 구매,2023,국방부,물품(내자),연료·유류,True,0.0,True,유찰,재공고,N,
20230510,2023년 육군군수사령부 등 4개 기관 드럼통(신관) 조달,2023,육군군수사령부,물품(내자),운반·포장,True,0.0,True,유찰,등록공고,Y,
20230510,국방부 수요 등유(드럼포장) 구매,2023,국방부,물품(내자),연료·유류,True,0.0,True,유찰,등록공고,N,
20230524,국방부 수요 저유황경유 단가계약,2023,국방부,물품(내자),연료·유류,False,3.0,False,낙찰자선정,등록공고,N,
20230516,23년 윤활유(PL-SP) 조달,2023,육군군수사령부,물품(내자),연료·유류,True,0.0,True,유찰,등록공고,Y,
20230519,국방부 수요 자동차용 휘발유(드럼포장) 구매,2023,국방부,물품(내자),연료·유류,True,0.0,True,유찰,재공고,N,
20230523,23년 윤활유(브레이크용) 구매,2023,육군군수사령부,물품(내자),연료·유류,False,4.0,False,낙찰자선정,등록공고,Y,
20230608,국방부 수요 고유황경유 단가계약,2023,국방부,물품(내자),연료·유류,True,0.0,True,유찰,등록공고,N,
20230525,23년 윤활유(PL-SP) 조달,2023,육군군수사령부,물품(내자),연료·유류,True,0.0,True,유찰,등록공고,Y,
20230530,국방부 수요 등유(드럼포장) 구매,2023,국방부,물품(내자),연료·유류,True,0.0,True,유찰,등록공고,N,
20230526,23년 MMR 백신,2023,육군군수사령부,물품(내자),기타(51),False,6.0,False,낙찰자선정,재공고,N,
20230530,23년 급식류-설탕(단가계약),2023,육군군수사령부,물품(내자),식품,True,0.0,True,유찰,등록공고,Y,
20230530,염화나트륨 주사액 구매,2023,육군군수사령부,물품(내자),기타(51),True,0.0,True,유찰,등록공고,N,
20230608,국방부 수요 혹한기경유(드럼포장) 단가계약,2023,육군군수사령부,물품(내자),연료·유류,True,0.0,True,유찰,등록공고,N,
20230608,23년 윤활유(PL-SP) 조달,2023,육군군수사령부,물품(내자),연료·유류,True,0.0,True,유찰,재공고,Y,
20230614,23년 급식류-설탕(단가계약),2023,육군군수사령부,물품(내자),식품,True,0.0,True,유찰,재공고,Y,
20230614,염화나트륨 주사액 구매,2023,육군군수사령부,물품(내자),기타(51),True,0.0,True,유찰,등록공고,N,
20230616,2023년도 전투식량 2형(1~3식단) 조달,2023,육군군수사령부,물품(내자),식품,True,0.0,True,유찰,등록공고,Y,
20230616,2023년도 전투식량 2형(1~3식단) 조달,2023,육군군수사령부,물품(내자),식품,True,0.0,True,유찰,등록공고,Y,
20230616,2023년도 전투식량 2형(1~3식단) 조달,2023,육군군수사령부,물품(내자),식품,True,0.0,True,유찰,등록공고,Y,
20230622,염화나트륨 주사액 구매,2023,육군군수사령부,물품(내자),기타(51),True,0.0,True,유찰,등록공고,N,
20230706,23년 MMR 백신,2023,육군군수사령부,물품(내자),기타(51),False,5.0,False,낙찰자선정,등록공고,N,
20230707,국방부 수요 고유황경유 단가계약,2023,국방부,물품(내자),연료·유류,True,0.0,True,유찰,재공고,N,
20230707,국방부 수요 혹한기경유(드럼포장) 단가계약,2023,국방부,물품(내자),연료·유류,True,0.0,True,유찰,재공고,N,
20230802,23년 MMR 백신,2023,육군군수사령부,물품(내자),기타(51),False,4.0,False,낙찰자선정,재공고,N,
20230824,2023년 국방부 저장용 유류(혹한기경유-경기외) 단가계약,2023,육군군수사령부,물품(내자),연료·유류,True,0.0,True,유찰,등록공고,N,
20230824,2023년 국방부 항공기연료(AV-GAS) 단가계약,2023,육군군수사령부,물품(내자),연료·유류,True,0.0,True,유찰,등록공고,N,
20230824,2023년 국방부 항공유(JP-8-도서) 단가계약,2023,육군군수사령부,물품(내자),연료·유류,True,0.0,True,유찰,등록공고,N,
20230824,2023년 국방부 항공유(JET A-1) 단가계약,2023,공군군수사령부,물품(내자),연료·유류,True,0.0,True,유찰,등록공고,N,
20230824,2023년 국방부 저장용 유류(등유) 단가계약(탱크주입도),2023,육군군수사령부,물품(내자),연료·유류,True,0.0,True,유찰,등록공고,N,
20230824,2023년 국방부 저장용 유류(혹한기경유-경기지역) 단가계약,2023,육군군수사령부,물품(내자),연료·유류,False,2.0,False,낙찰자선정,등록공고,N,
20230824,2023년 국방부 항공유(JP-8)-차량 단가계약,2023,육군군수사령부,물품(내자),연료·유류,True,0.0,True,유찰,등록공고,N,
20230825,2023년 국방부 항공유(JP-8(차량)-드럼포장도) 단가계약,2023,육군군수사령부,물품(내자),연료·유류,True,0.0,True,유찰,등록공고,N,
20230828,23년 MMR 백신,2023,육군군수사령부,물품(내자),기타(51),False,5.0,False,낙찰자선정,등록공고,N,
20230907,2023년 국방부 항공유(JET A-1) 단가계약,2023,공군군수사령부,물품(내자),연료·유류,True,0.0,True,유찰,재공고,N,
20230907,2023년 국방부 항공기연료(AV-GAS) 단가계약,2023,육군군수사령부,물품(내자),연료·유류,True,0.0,True,유찰,재공고,N,
20230907,2023년 국방부 항공유(JP-8-도서) 단가계약,2023,육군군수사령부,물품(내자),연료·유류,True,0.0,True,유찰,재공고,N,
20230908,2023년 국방부 저장용 유류(등유) 단가계약(탱크주입도),2023,육군군수사령부,물품(내자),연료·유류,True,0.0,True,유찰,재공고,N,
20230908,2023년 국방부 항공유(JP-8)-차량 단가계약,2023,육군군수사령부,물품(내자),연료·유류,True,0.0,True,유찰,재공고,N,
20230908,2023년 국방부 저장용 유류(혹한기경유-경기외) 단가계약,2023,육군군수사령부,물품(내자),연료·유류,False,2.0,False,낙찰자선정,재공고,N,
20230913,2023년 국방부 항공유(JP-8(차량)-드럼포장도) 단가계약,2023,국방부,물품(내자),연료·유류,True,0.0,True,유찰,재공고,N,
20231114,2023년 국방부 등유(드럼포장도) 단가계약,2023,육군군수사령부,물품(내자),연료·유류,True,0.0,True,유찰,등록공고,N,
20231122,2023년 국방부 등유(드럼포장도) 단가계약,2023,육군군수사령부,물품(내자),연료·유류,True,0.0,True,유찰,재공고,N,
20231205,전투식량 특전-22형(1-10식단) 조달,2023,육군군수사령부,물품(내자),식품,True,0.0,True,유찰,등록공고,Y,
20231205,전투식량 특전-22형(1-10식단) 조달,2023,육군군수사령부,물품(내자),식품,True,0.0,True,유찰,등록공고,Y,
20231205,전투식량 특전-22형(1-10식단) 조달,2023,육군군수사령부,물품(내자),식품,True,0.0,True,유찰,등록공고,Y,
20231205,전투식량 특전-22형(1-10식단) 조달,2023,육군군수사령부,물품(내자),식품,True,0.0,True,유찰,등록공고,Y,
20231205,전투식량 특전-22형(1-10식단) 조달,2023,육군군수사령부,물품(내자),식품,True,0.0,True,유찰,등록공고,Y,
20231205,전투식량 특전-22형(1-10식단) 조달,2023,육군군수사령부,물품(내자),식품,True,0.0,True,유찰,등록공고,Y,
20231205,전투식량 특전-22형(1-10식단) 조달,2023,육군군수사령부,물품(내자),식품,True,0.0,True,유찰,등록공고,Y,
20231205,전투식량 특전-22형(1-10식단) 조달,2023,육군군수사령부,물품(내자),식품,True,0.0,True,유찰,등록공고,Y,
20231205,전투식량 특전-22형(1-10식단) 조달,2023,육군군수사령부,물품(내자),식품,True,0.0,True,유찰,등록공고,Y,
20231205,전투식량 특전-22형(1-10식단) 조달,2023,육군군수사령부,물품(내자),식품,True,0.0,True,유찰,등록공고,Y,
20231208,전투식량 발열-22형(1-12식단) 조달,2023,육군군수사령부,물품(내자),식품,True,0.0,True,유찰,등록공고,Y,
20231208,전투식량 발열-22형(1-12식단) 조달,2023,육군군수사령부,물품(내자),식품,True,0.0,True,유찰,등록공고,Y,
20231208,전투식량 발열-22형(1-12식단) 조달,2023,육군군수사령부,물품(내자),식품,True,0.0,True,유찰,등록공고,Y,
20231208,전투식량 발열-22형(1-12식단) 조달,2023,육군군수사령부,물품(내자),식품,True,0.0,True,유찰,등록공고,Y,
20231208,전투식량 발열-22형(1-12식단) 조달,2023,육군군수사령부,물품(내자),식품,True,0.0,True,유찰,등록공고,Y,
20231208,전투식량 발열-22형(1-12식단) 조달,2023,육군군수사령부,물품(내자),식품,True,0.0,True,유찰,등록공고,Y,
20231208,전투식량 발열-22형(1-12식단) 조달,2023,육군군수사령부,물품(내자),식품,True,0.0,True,유찰,등록공고,Y,
20231208,전투식량 발열-22형(1-12식단) 조달,2023,육군군수사령부,물품(내자),식품,True,0.0,True,유찰,등록공고,Y,
20231208,전투식량 발열-22형(1-12식단) 조달,2023,육군군수사령부,물품(내자),식품,True,0.0,True,유찰,등록공고,Y,
20231208,전투식량 발열-22형(1-12식단) 조달,2023,육군군수사령부,물품(내자),식품,True,0.0,True,유찰,등록공고,Y,
20231208,전투식량 발열-22형(1-12식단) 조달,2023,육군군수사령부,물품(내자),식품,True,0.0,True,유찰,등록공고,Y,
20231208,전투식량 발열-22형(1-12식단) 조달,2023,육군군수사령부,물품(내자),식품,True,0.0,True,유찰,등록공고,Y,
20230104,염산시프로폴록사신정 250mg 구매,2023,육군군수사령부,물품(내자),기타(51),False,100.0,False,낙찰자선정,등록공고,N,
20230109,"인산프리마퀸정(26.3mg,100정), 황산 하이드록시클로로퀸정(400mg, 50정) 구매",2023,육군군수사령부,물품(내자),기타(51),True,2.0,False,유찰,등록공고,N,
20230109,인산 오셀타미비르 75mg 10캡슐 구매,2023,육군군수사령부,물품(내자),기타(51),False,43.0,False,낙찰자선정,등록공고,N,
20230116,살리실산메칠에어파스 구매,2023,육군군수사령부,물품(내자),기타(51),False,12.0,False,낙찰자선정,등록공고,N,
20230116,"팩, 한방 카타플라스마 구매",2023,육군군수사령부,물품(내자),기타(51),False,15.0,False,낙찰자선정,등록공고,N,
20230120,"해군 호흡조정기, 잠수장갑, 잠수신발 등 6품목 구매",2023,해군군수사령부,물품(내자),스포츠·레저,False,,False,낙찰자선정,등록공고,N,
20230126,"노즐, 소방호스용 구매",2023,해군군수사령부,물품(내자),국방·치안·보안,True,0.0,True,유찰,등록공고,Y,
20230126,"인산프리마퀸정(26.3mg,100정), 황산 하이드록시클로로퀸정(400mg, 50정) 구매",2023,육군군수사령부,물품(내자),기타(51),False,2.0,False,개찰완료,재공고,N,
20230127,"책상 평면형 2호, 3호 구매",2023,육군군수사령부,물품(내자),가구,False,22.0,False,낙찰자선정,등록공고,Y,
20230203,2023년 육군 및 해병대 황산(전해질용) 조달,2023,육군군수사령부,물품(내자),화학·화공,False,18.0,False,낙찰자선정,등록공고,N,
20230207,2023년 육군군수사령부 요소수 조달,2023,육군군수사령부,물품(내자),고무·플라스틱,False,11.0,False,낙찰자선정,등록공고,Y,
20230202,히클산독시시클린캡슐 구매,2023,육군군수사령부,물품(내자),기타(51),True,0.0,True,유찰,등록공고,N,
20230202,프레가발린캡슐 75mg 구매,2023,육군군수사령부,물품(내자),기타(51),False,178.0,False,낙찰자선정,등록공고,N,
20230205,"23년 육군군수사령부 [패드, 매트리스용 90*201호] 구매",2023,육군군수사령부,물품(내자),가구,False,7.0,False,낙찰자선정,등록공고,Y,
20230208,23년 의무장비(주변시야계) 구매,2023,국군수도병원,물품(내자),의료장비,False,860.0,False,낙찰자선정,등록공고,N,
20230208,23년 의무장비(장기지속형 체외순환막 심폐보조장치) 구매,2023,국군수도병원,물품(내자),의료장비,False,113.0,False,낙찰자선정,등록공고,N,
20230208,23년 의무장비(자동흉부압박기) 구매,2023,국방부 국군의무사령부,물품(내자),의료장비,False,,False,낙찰자선정,등록공고,N,
20230208,23년 의무장비(심장세동제거기) 구매,2023,국군수도병원,물품(내자),의료장비,False,,False,낙찰자선정,등록공고,N,
20230216,23년 의무장비(뇌간유발반응청력검사기) 구매,2023,국군수도병원,물품(내자),의료장비,False,134.0,False,낙찰자선정,등록공고,N,
20230208,23년 의무장비(미세수술드릴 이비인후과용) 구매,2023,국군수도병원,물품(내자),의료장비,False,101.0,False,낙찰자선정,등록공고,N,
20230208,23년 의무장비(초음파진단기 고급형) 구매,2023,국방부 국군의무사령부,물품(내자),의료장비,False,2.0,False,낙찰자선정,등록공고,N,Y
20230208,23년 의무장비(X-선기 수술용 C-ARM)) 구매,2023,국방부 국군의무사령부,물품(내자),의료장비,False,2.0,False,낙찰자선정,등록공고,N,Y
20230209,2023년 현충일 대비 무궁화 조화 구매,2023,국방부 국립서울현충원,물품(내자),가구,False,,False,낙찰자선정,등록공고,N,
20230209,"노즐, 소방호스용 구매",2023,해군군수사령부,물품(내자),국방·치안·보안,True,0.0,True,유찰,재공고,Y,
20230216,지게차 55000파운드 제조 납품,2023,해군군수사령부,물품(내자),운반·포장,False,2.0,False,낙찰자선정,등록공고,Y,
20230210,침대 및 침대조립체 구매,2023,육군군수사령부,물품(내자),가구,False,21.0,False,낙찰자선정,등록공고,Y,
20230214,아세트아미노펜 650mg 서방정 500정,2023,육군군수사령부,물품(내자),기타(51),False,16.0,False,낙찰자선정,등록공고,N,
20230214,점안액(염산올로파타딘 및 오플록사신) 구매,2023,육군군수사령부,물품(내자),기타(51),False,15.0,False,낙찰자선정,등록공고,N,
20230215,23년 의무장비(무산동 안저카메라) 구매,2023,국방부 국군의무사령부,물품(내자),의료장비,False,887.0,False,낙찰자선정,등록공고,N,
20230216,2023년 본조달 의무장비 레이져수술기 색소치료용 구매,2023,국군수도병원,물품(내자),의료장비,False,96.0,False,낙찰자선정,등록공고,N,
20230216,23년 해군 방열복류 제조,2023,해군군수사령부,물품(내자),국방·치안·보안,True,0.0,True,유찰,등록공고,Y,
20230216,23년 해군 방화장갑(증기차단장갑) 구매,2023,해군군수사령부,물품(내자),국방·치안·보안,False,,False,낙찰자선정,등록공고,N,
20230216,23년 해군 방염복 제조,2023,해군군수사령부,물품(내자),국방·치안·보안,False,26.0,False,낙찰자선정,등록공고,Y,
20230222,23년 해군 소형유조차 제조,2023,해군군수사령부,물품(내자),차량·수송장비,True,0.0,True,유찰,등록공고,Y,
20230216,23년 의무장비(바이오필름 형광검사기) 구매,2023,국방부 국군의무사령부,물품(내자),실험·측정기기,False,90.0,False,낙찰자선정,등록공고,N,
20230216,23년 의무장비(수술드릴 및 쏘셋 밧데리식) 구매 공고,2023,국군수도병원,물품(내자),의료장비,False,435.0,False,낙찰자선정,등록공고,N,
20230217,해군 부력조절기 등 3품목 구매,2023,해군군수사령부,물품(내자),스포츠·레저,False,,False,낙찰자선정,등록공고,N,
20230216,23년 육군 생물학보호의 LEVEL C 구매,2023,육군군수사령부,물품(내자),국방·치안·보안,False,,False,낙찰자선정,등록공고,N,
20230216,히클산독시시클린캡슐 구매,2023,육군군수사령부,물품(내자),기타(51),True,0.0,True,유찰,재공고,N,
20230216,23년 육군 생물학보호의 LEVEL A 구매,2023,육군군수사령부,물품(내자),국방·치안·보안,False,585.0,False,낙찰자선정,등록공고,N,
20230220,2023 본조달 의무장비 조직처리기 구매,2023,국군수도병원,물품(내자),실험·측정기기,False,107.0,False,낙찰자선정,등록공고,N,
20230220,2023년도 유골함(충혼당용) 제조 구매,2023,국방부 국립서울현충원,물품(내자),서비스산업장비,False,2.0,False,낙찰자선정,등록공고,Y,
20230221,"국군수도병원 수액조절기(1ch, 3ch) 구매",2023,국군수도병원,물품(내자),의료장비,False,450.0,False,낙찰자선정,등록공고,N,
20230220,국군수도병원 안과세극등 구매,2023,국군수도병원,물품(내자),의료장비,False,88.0,False,낙찰자선정,등록공고,N,
20230224,2023년 활성탄 조달,2023,육군군수사령부,물품(내자),광물·원자재,False,3.0,False,낙찰자선정,등록공고,Y,
20230306,해군 23년 초고분자량 폴리에틸렌 로프 8품목 제조,2023,해군군수사령부,물품(내자),제조부품,False,4.0,False,낙찰자선정,등록공고,Y,
20230309,23년 해군 일반우의 제조,2023,해군군수사령부,물품(내자),국방·치안·보안,False,15.0,False,낙찰자선정,등록공고,Y,
20230222,23년 공군 취사복 및 물류복 제조,2023,공군군수사령부,물품(내자),피복·개인용품,False,12.0,False,낙찰자선정,등록공고,Y,
20230222,23년 육군 근무복 잠바 제조,2023,육군군수사령부,물품(내자),피복·개인용품,False,13.0,False,낙찰자선정,등록공고,Y,
20230222,해군 진동식롤러 구매,2023,해군군수사령부,물품(내자),건설장비,False,90.0,False,낙찰자선정,등록공고,N,
20230222,23년 육군 방화장갑 구매,2023,육군군수사령부,물품(내자),국방·치안·보안,False,,False,낙찰자선정,등록공고,N,
20230222,23년 공군 쿨토시 제조,2023,공군군수사령부,물품(내자),국방·치안·보안,False,72.0,False,낙찰자선정,등록공고,Y,
20230223,23년 육군 EOD 작전차량 제조,2023,육군군수사령부,물품(내자),차량·수송장비,False,5.0,False,낙찰자선정,등록공고,Y,
20230222,해군 궤도형굴착기(소형) 제조 납품,2023,해군군수사령부,물품(내자),건설장비,True,0.0,True,유찰,등록공고,Y,
20230223,23년 육군 CRRT 작전밴 제조,2023,육군군수사령부,물품(내자),차량·수송장비,False,5.0,False,낙찰자선정,등록공고,Y,
20230222,23년 공군 유류작업복 제조,2023,공군군수사령부,물품(내자),피복·개인용품,False,32.0,False,낙찰자선정,등록공고,Y,
20230222,해군 차륜형굴착기(소형) 제조 납품,2023,해군군수사령부,물품(내자),건설장비,True,0.0,True,유찰,등록공고,Y,
20230222,해군 궤도형굴착기(대형) 제조 납품,2023,해군군수사령부,물품(내자),건설장비,True,0.0,True,유찰,등록공고,Y,
20230222,해군 차륜형굴착기(중형) 제조 납품,2023,해군군수사령부,물품(내자),건설장비,True,0.0,True,유찰,등록공고,Y,
20230224,"해군 실린더조립체(공기식, 잠수장비용) 2종 구매",2023,해군군수사령부,물품(내자),스포츠·레저,False,,False,낙찰자선정,등록공고,N,
20230224,"해군 공기실린더(다이버용, 비상용) 구매",2023,해군군수사령부,물품(내자),스포츠·레저,False,,False,낙찰자선정,등록공고,N,
20230223,해군 잠수용마스크 및 방향수심압력계 구매,2023,해군군수사령부,물품(내자),스포츠·레저,False,,False,낙찰자선정,등록공고,N,
20230228,중형 유압기중기(60톤) 제조 납품,2023,해군군수사령부,물품(내자),운반·포장,True,0.0,True,유찰,등록공고,Y,
20230302,2023년 교판(장간조립교 목재류 5종) 조달,2023,육군군수사령부,물품(내자),건축자재,False,2.0,False,낙찰자선정,등록공고,Y,
20230228,밀폐고정형납축전지 제조 납품,2023,해군군수사령부,물품(내자),발전·배전,False,3.0,False,낙찰자선정,등록공고,Y,
20230227,2023년 해군군수사령부 휴대용등(충전식 랜턴) 조달,2023,해군군수사령부,물품(내자),전기·조명,False,2.0,False,낙찰자선정,등록공고,Y,
20230227,"2023년 해군군수사령부 제빙기, 상업용냉동고 조달",2023,해군군수사령부,물품(내자),운반·포장,False,,False,낙찰자선정,등록공고,N,
20230227,해군 차륜형로더 제조 납품,2023,해군군수사령부,물품(내자),건설장비,True,0.0,True,유찰,등록공고,Y,
20230228,2023 본조달 의무장비 부비동내시경 구매,2023,국군수도병원,물품(내자),의료장비,False,127.0,False,낙찰자선정,등록공고,N,
20230228,23년 해군 고소작업차 제조,2023,해군군수사령부,물품(내자),차량·수송장비,True,0.0,True,유찰,등록공고,Y,
20230302,23년 육군 방사선보호복 제조,2023,육군군수사령부,물품(내자),국방·치안·보안,False,28.0,False,낙찰자선정,등록공고,Y,
20230302,23년 육군 항공장갑 제조,2023,육군군수사령부,물품(내자),피복·개인용품,False,2.0,False,낙찰자선정,등록공고,Y,
20230228,23년 육군 아이젠(짚신형) 구매,2023,육군군수사령부,물품(내자),스포츠·레저,False,,False,낙찰자선정,등록공고,N,
20230302,23년 해병대 판초우의 제조,2023,해병대 군수단,물품(내자),국방·치안·보안,True,10.0,False,유찰,등록공고,Y,
20230302,23년 공군 일반우의 및 군사경찰 우의 제조,2023,공군군수사령부,물품(내자),국방·치안·보안,False,14.0,False,낙찰자선정,등록공고,Y,
20230302,"23~24년 공군 정비복(동, 하) 제조",2023,공군군수사령부,물품(내자),피복·개인용품,False,29.0,False,낙찰자선정,등록공고,Y,
20230307,2023년 해군군수사령부 스패너용 렌치 등 4품목 조달,2023,해군군수사령부,물품(내자),공구,False,,False,낙찰자선정,등록공고,N,
20230309,육군 23년 식기세척기용 세제 3종 제조(정정),2023,육군군수사령부,물품(내자),청소장비,False,6.0,False,낙찰자선정,변경공고,Y,
20230323,해군 23년 스푼세트 구매,2023,해군군수사령부,물품(내자),가정용품,False,,False,낙찰자선정,등록공고,N,
20230323,해군 23년 냉면스텐그릇 구매,2023,해군군수사령부,물품(내자),가정용품,False,,False,낙찰자선정,등록공고,N,
20230303,해군 궤도형굴착기(소형) 제조 납품,2023,해군군수사령부,물품(내자),건설장비,True,0.0,True,유찰,재공고,Y,
20230303,해군 차륜형굴착기(소형) 제조 납품,2023,해군군수사령부,물품(내자),건설장비,True,0.0,True,유찰,재공고,Y,
20230306,23년 아크릴우레탄 헤지 등 3종 제조 조달,2023,해군군수사령부,물품(내자),제조부품,False,9.0,False,낙찰자선정,등록공고,Y,
20230307,23년 저시력자 안경테(K5 방독면용) 제조,2023,육군군수사령부,물품(내자),의료장비,False,7.0,False,낙찰자선정,등록공고,Y,
20230308,2023년 육군군수사령부 유류탱크 조달,2023,육군군수사령부,물품(내자),운반·포장,True,2.0,False,유찰,등록공고,Y,
20230307,에폭시페인트 등 4종 제조 조달,2023,해군군수사령부,물품(내자),제조부품,False,8.0,False,낙찰자선정,등록공고,Y,
20230306,23년 국군의무사령부 의무장비(지혈대 자동식) 구매,2023,국방부 국군의무사령부,물품(내자),의료장비,False,916.0,False,개찰완료,등록공고,N,
20230307,23년 육군 수사지휘감식차 제조,2023,육군군수사령부,물품(내자),차량·수송장비,False,4.0,False,낙찰자선정,등록공고,Y,
20230307,해군지게차10톤(20000lb)제조,2023,해군군수사령부,물품(내자),운반·포장,True,0.0,True,유찰,등록공고,Y,
20230307,23년 해군 소형유조차 제조,2023,해군군수사령부,물품(내자),차량·수송장비,False,2.0,False,낙찰자선정,재공고,Y,
20230307,2023년 육군군수사령부 등 보온식관(분소대용) 조달,2023,육군군수사령부,물품(내자),서비스산업장비,False,2.0,False,낙찰자선정,등록공고,Y,
20230308,23년 육군 표백제 구매,2023,육군군수사령부,물품(내자),청소장비,False,,False,낙찰자선정,등록공고,N,
20230308,2023년 육군군수사령부 플라스틱팰릿 조달,2023,육군군수사령부,물품(내자),운반·포장,False,10.0,False,낙찰자선정,등록공고,Y,
20230308,2023년 해군군수사령부 게이트밸브 및 볼밸브 조달,2023,해군군수사령부,물품(내자),배관·공조,False,575.0,False,낙찰자선정,등록공고,N,
20230308,2023년 육군군수사령부 골판지상자 조달,2023,육군군수사령부,물품(내자),운반·포장,False,4.0,False,낙찰자선정,등록공고,Y,
20230309,23년 공군 유조형 급수차 제조,2023,공군군수사령부,물품(내자),차량·수송장비,False,4.0,False,낙찰자선정,등록공고,Y,
20230308,2023년 해군군수사령부 버터플라이 밸브 조달,2023,해군군수사령부,물품(내자),배관·공조,False,6.0,False,낙찰자선정,등록공고,Y,
20230309,"23년 의무장비(EO가스 소독기, 저온멸균형) 구매",2023,해군군수사령부,물품(내자),의료장비,False,,False,낙찰자선정,등록공고,N,
20230310,경계용CCTV,2023,해군군수사령부,물품(내자),국방·치안·보안,False,319.0,False,낙찰자선정,등록공고,Y,
20230309,23년 해군 유류작업복 제조,2023,해군군수사령부,물품(내자),피복·개인용품,False,17.0,False,낙찰자선정,등록공고,Y,
20230309,23년 해군 고소작업차 제조,2023,해군군수사령부,물품(내자),차량·수송장비,True,0.0,True,유찰,재공고,Y,
20230309,해군 차륜형굴착기(소형) 제조 납품,2023,해군군수사령부,물품(내자),건설장비,True,0.0,True,유찰,등록공고,Y,
20230403,23년 공군 BAT/F.O 차량 제조,2023,공군군수사령부,물품(내자),차량·수송장비,False,7.0,False,낙찰자선정,등록공고,Y,
20230309,해군 궤도형굴착기(소형) 제조 납품,2023,해군군수사령부,물품(내자),건설장비,True,0.0,True,유찰,등록공고,Y,
20230317,23년 공군 항공기 유도차 제조,2023,공군군수사령부,물품(내자),차량·수송장비,False,7.0,False,낙찰자선정,등록공고,Y,
20230310,해군 진동식롤러 구매,2023,해군군수사령부,물품(내자),건설장비,False,19.0,False,낙찰자선정,재공고,N,
20230313,지게차 11000파운드 제조 납품,2023,공군군수사령부,물품(내자),운반·포장,True,0.0,True,유찰,등록공고,Y,
20230313,23년 육군트럭용타이어(상용 )구매,2023,육군군수사령부,물품(내자),차량·수송장비,False,131.0,False,낙찰자선정,등록공고,N,
20230321,해군 23년 폴리프로필렌 로프 섬유로프조립체 4품목 제조,2023,해군군수사령부,물품(내자),제조부품,False,5.0,False,낙찰자선정,등록공고,Y,
20230310,이부프로펜정 및 나프록센정 구매,2023,육군군수사령부,물품(내자),기타(51),False,12.0,False,낙찰자선정,등록공고,N,
20230310,"세프라딘,세파클러캡슐 및 염산 시프로플록사신 주사 구매",2023,육군군수사령부,물품(내자),기타(51),False,93.0,False,낙찰자선정,등록공고,N,
20230310,정비부대 사용 작업대 구매,2023,해군군수사령부,물품(내자),가구,False,10.0,False,낙찰자선정,등록공고,Y,
20230310,23년 해병대 판초우의 제조(재공고),2023,해병대 군수단,물품(내자),국방·치안·보안,False,11.0,False,낙찰자선정,재공고,Y,
20230310,23년 의무장비(장기지속형 체외순환막 심폐보조장치) 구매 재공고,2023,국군수도병원,물품(내자),의료장비,False,12.0,False,낙찰자선정,재공고,N,
20230313,"해군 고무보트(고속, 7인승) 제조 납품",2023,해군군수사령부,물품(내자),차량·수송장비,True,0.0,True,유찰,등록공고,Y,
20230316,23년 해군 폭발물 처리용 상용지프 제조,2023,해군군수사령부,물품(내자),차량·수송장비,False,6.0,False,낙찰자선정,등록공고,Y,
20230314,2023년 육군군수사령부 플라스틱상자 조달,2023,육군군수사령부,물품(내자),운반·포장,True,0.0,True,유찰,등록공고,Y,
20230322,2023 본조달 의무장비 초음파수술흡인기 구매,2023,국군수도병원,물품(내자),의료장비,False,90.0,False,낙찰자선정,등록공고,N,
20230322,2023 본조달 의무장비 전자망막측정기 구매,2023,국군수도병원,물품(내자),의료장비,False,85.0,False,낙찰자선정,등록공고,N,
20230314,2023년 육군군수사령부 작업등(다목적 이동형 등세트) 조달,2023,육군군수사령부,물품(내자),전기·조명,False,4.0,False,낙찰자선정,등록공고,Y,
20230327,23년 의무장비(내시경 비인후두용) 구매,2023,국방부 국군의무사령부,물품(내자),의료장비,False,613.0,False,낙찰자선정,등록공고,N,
20230313,해군 W/T중계기(이동형),2023,해군군수사령부,물품(내자),정보통신,False,506.0,False,낙찰자선정,등록공고,N,
20230314,해군 23년 락스 조달,2023,해군군수사령부,물품(내자),청소장비,False,,False,낙찰자선정,등록공고,N,
20230327,23년 의무장비-엑스선기 600mA 디지털 TFT식 구매,2023,해군군수사령부,물품(내자),의료장비,True,3.0,False,유찰,등록공고,Y,
20230314,2023년 해군군수사령부 스텐평식기 등 3종 조달,2023,해군군수사령부,물품(내자),서비스산업장비,False,,False,낙찰자선정,등록공고,N,
20230314,2023년 해병대군수단 컨베이어 토스터 조달,2023,해병대 군수단,물품(내자),서비스산업장비,False,,False,낙찰자선정,등록공고,N,
20230314,해군지게차10톤(20000lb)제조,2023,해군군수사령부,물품(내자),운반·포장,True,0.0,True,유찰,재공고,Y,
20230317,육군 알카라인 전지 5종 구매,2023,육군군수사령부,물품(내자),발전·배전,False,,False,낙찰자선정,변경공고,N,
20230314,해군 헬멧(수난구조용) 구매,2023,해군군수사령부,물품(내자),국방·치안·보안,False,580.0,False,낙찰자선정,등록공고,N,
20230314,해군 헬멧(안전용) 구매,2023,해군군수사령부,물품(내자),국방·치안·보안,False,,False,낙찰자선정,등록공고,N,
20230315,국군수도병원 안과세극등 구매,2023,국군수도병원,물품(내자),의료장비,False,27.0,False,개찰완료,재공고,N,
20230315,육군 망간건전지 구매,2023,육군군수사령부,물품(내자),발전·배전,False,592.0,False,낙찰자선정,등록공고,N,
20230315,유충구제제(1KG) 구매,2023,육군군수사령부,물품(내자),기타(51),False,331.0,False,낙찰자선정,등록공고,N,
20230316,2023년 육군군수사령부 등 다목적 송풍기(낙엽 청소기)조달,2023,육군군수사령부,물품(내자),공구,False,4.0,False,낙찰자선정,등록공고,Y,
20230317,23년 육군 이동감호차 제조,2023,육군군수사령부,물품(내자),차량·수송장비,False,6.0,False,낙찰자선정,등록공고,Y,
20230316,23년 비닐아크릴해치 등 5종 제조 조달,2023,해군군수사령부,물품(내자),제조부품,False,9.0,False,낙찰자선정,등록공고,Y,
20230316,2023년 주유소용(자동) 자동차 연료 주유펌트 조달,2023,육군군수사령부,물품(내자),공구,True,0.0,True,유찰,등록공고,Y,
20230317,육군 리튬전지 구매,2023,육군군수사령부,물품(내자),발전·배전,False,,False,낙찰자선정,변경공고,N,
20230316,"23년 말라리아 예방약 2종(프리마퀸,클로로퀸) 구매",2023,육군군수사령부,물품(내자),기타(51),False,7.0,False,낙찰자선정,등록공고,N,
20230321,해군 위성통신장비 제조 납품(2.4M),2023,해군군수사령부,물품(내자),정보통신,False,12.0,False,낙찰자선정,등록공고,Y,
20230417,공군 23년 종이걸레 2종 구매,2023,공군군수사령부,물품(내자),청소장비,False,,False,낙찰자선정,등록공고,N,
20230317,23년 국군수도병원 의무장비(심부저체온유도장치) 구매,2023,국군수도병원,물품(내자),의료장비,False,84.0,False,낙찰자선정,등록공고,N,
20230317,23년 국군의무사령부 의무장비(지혈대 자동식) 구매,2023,국방부 국군의무사령부,물품(내자),의료장비,False,539.0,False,낙찰자선정,등록공고,N,
20230317,2023년 교판(장간조립교 목재류 5종) 조달,2023,육군군수사령부,물품(내자),건축자재,False,2.0,False,낙찰자선정,재공고,Y,
20230417,23년 공군 다목적 폭발물 처리차량 제조,2023,공군군수사령부,물품(내자),차량·수송장비,False,7.0,False,낙찰자선정,등록공고,Y,
20230327,2023년 백색방수 캔바스 등 2품목 조달,2023,해군군수사령부,물품(내자),광물·원자재,False,,False,낙찰자선정,등록공고,N,
20230320,점안액(염산올로파타딘 및 오플록사신) 구매,2023,육군군수사령부,물품(내자),기타(51),False,2.0,False,낙찰자선정,재공고,N,
20230320,"총기보관함 5인용, 10인용 구매",2023,공군군수사령부,물품(내자),가구,False,9.0,False,낙찰자선정,등록공고,Y,
20230320,세파졸린나트륨 등 3종 구매,2023,육군군수사령부,물품(내자),기타(51),False,4.0,False,낙찰자선정,등록공고,N,
20230321,의약품 598종 구매,2023,국방부 국군의무사령부,물품(내자),기타(51),False,198.0,False,낙찰자선정,등록공고,N,
20230323,2023년 비선택성제초제 조달,2023,육군군수사령부,물품(내자),농축수산,False,48.0,False,낙찰자선정,변경공고,N,
20230322,23년 육군 철제계급장류 제조,2023,육군군수사령부,물품(내자),출판물,False,8.0,False,낙찰자선정,등록공고,Y,
20230322,2023년 육군군수사령부 냉장고 조달,2023,육군군수사령부,물품(내자),운반·포장,False,409.0,False,낙찰자선정,등록공고,N,
20230322,2023년 해병대군수단 스텐평식기 등 2종 조달,2023,해병대 군수단,물품(내자),서비스산업장비,False,,False,낙찰자선정,등록공고,N,
20230322,해군 위성통신장비 제조 납품(0.85M),2023,해군군수사령부,물품(내자),정보통신,False,13.0,False,낙찰자선정,등록공고,Y,
20230322,육군 방사능물질폐기함 제조 납품,2023,육군군수사령부,물품(내자),발전·배전,True,0.0,True,유찰,등록공고,Y,
20230322,23년 공군 트럭트랙터 제조,2023,공군군수사령부,물품(내자),차량·수송장비,False,2.0,False,낙찰자선정,등록공고,Y,
20230613,23년 공군 항공기 사고구조용 비상출동차량 제조,2023,공군군수사령부,물품(내자),차량·수송장비,False,7.0,False,낙찰자선정,등록공고,Y,
20230323,"해군 23년 보온물통 등 5품목(보온물통, 도마대, 도마대 상판 등 5종)",2023,해군군수사령부,물품(내자),가정용품,False,385.0,False,낙찰자선정,등록공고,N,
20230323,해군 수중용시계 구매,2023,해군군수사령부,물품(내자),기타(54),False,,False,낙찰자선정,등록공고,N,
20230323,23년 의무장비(장기지속형 체외순환막 심폐보조장치) 구매 재공고,2023,국군수도병원,물품(내자),의료장비,False,7.0,False,개찰완료,재공고,N,
20230323,23년 해군 유류작업복 제조 재공고,2023,해군군수사령부,물품(내자),피복·개인용품,False,10.0,False,낙찰자선정,재공고,Y,
20230327,2023년 공군 넥타이핀 제조,2023,공군군수사령부,물품(내자),기타(54),False,17.0,False,낙찰자선정,등록공고,Y,
20230324,2023년 주유소용(자동) 자동차 연료 주유펌트 조달,2023,육군군수사령부,물품(내자),공구,False,2.0,False,낙찰자선정,재공고,Y,
20230328,"솔, 페인트용 등 5종 구매",2023,해군군수사령부,물품(내자),제조부품,False,,False,낙찰자선정,등록공고,N,
20230330,해군 23년 와이퍼울라이트 구매,2023,해군군수사령부,물품(내자),청소장비,False,,False,낙찰자선정,등록공고,N,
20230330,23년 해군 정비파카 제조,2023,해군군수사령부,물품(내자),피복·개인용품,False,40.0,False,낙찰자선정,등록공고,Y,
20230330,23년 해군 사병외투 및 내피 제조,2023,해군군수사령부,물품(내자),피복·개인용품,False,27.0,False,낙찰자선정,등록공고,Y,
20230328,23년 해군 이동용 케이스 등 2종 구매,2023,해군군수사령부,물품(내자),스포츠·레저,False,,False,낙찰자선정,등록공고,N,
20230330,해군 23년 폴리에틸렌로프 섬유제 3품목 제조,2023,해군군수사령부,물품(내자),제조부품,False,4.0,False,낙찰자선정,등록공고,Y,
20230329,공군 차륜형굴착기(소형) 제조 납품,2023,공군군수사령부,물품(내자),건설장비,True,0.0,True,유찰,등록공고,Y,
20230329,공군 차륜형굴착기(중형) 제조 납품,2023,공군군수사령부,물품(내자),건설장비,True,0.0,True,유찰,등록공고,Y,
20230329,2023년 육군군수사령부 플라스틱상자 조달,2023,육군군수사령부,물품(내자),운반·포장,True,0.0,True,유찰,재공고,Y,
20230330,침대 등 3종 구매,2023,공군군수사령부,물품(내자),가구,False,26.0,False,낙찰자선정,등록공고,Y,
20230330,23년 분말소화기 7종 구매,2023,해군군수사령부,물품(내자),국방·치안·보안,False,4.0,False,낙찰자선정,등록공고,Y,
20230331,23년 육군 근무복 잠바 제조 재공고,2023,육군군수사령부,물품(내자),피복·개인용품,False,7.0,False,낙찰자선정,재공고,Y,Y
20230331,2023년 해병대군수단 등 온장고 조달,2023,해병대 군수단,물품(내자),서비스산업장비,False,,False,낙찰자선정,등록공고,N,
20230331,2023년 해군군수사령부 황삭엔드밀 등 6종 조달,2023,해군군수사령부,물품(내자),배관·공조,False,,False,낙찰자선정,등록공고,N,
20230403,23년 치과유니트(육군) 구매,2023,육군군수사령부,물품(내자),의료장비,False,112.0,False,낙찰자선정,등록공고,N,
20230407,2023년 육군군수사령부 유류탱크 조달,2023,육군군수사령부,물품(내자),운반·포장,False,2.0,False,낙찰자선정,등록공고,Y,
20230331,"휠, 연마용 2종",2023,해군군수사령부,물품(내자),제조부품,False,,False,낙찰자선정,등록공고,N,
20230404,냉동기용 신냉매 2종,2023,해군군수사령부,물품(내자),화학·화공,False,17.0,False,낙찰자선정,등록공고,N,
20230403,"포비돈 스틱스왑, 50s 구매",2023,육군군수사령부,물품(내자),기타(51),False,12.0,False,낙찰자선정,등록공고,N,
20230403,육군 방사능물질폐기함 제조 납품,2023,육군군수사령부,물품(내자),발전·배전,True,0.0,True,유찰,재공고,Y,
20230403,2023년 방송제작 장비 구매,2023,국방부 국방홍보원,물품(내자),정보통신,False,2.0,False,낙찰자선정,등록공고,N,
20230403,23년 공군 2.5톤 이동배식차 제조,2023,공군군수사령부,물품(내자),차량·수송장비,False,7.0,False,낙찰자선정,등록공고,Y,
20230404,해군 오리발 및 스피이더 구매,2023,해군군수사령부,물품(내자),스포츠·레저,False,,False,낙찰자선정,등록공고,N,
20230404,2023년 해군 선박도료용 희석제 등 3종 조달(제조),2023,해군군수사령부,물품(내자),제조부품,False,3.0,False,낙찰자선정,등록공고,Y,
20230404,이부프로펜정 및 나프록센정 구매,2023,육군군수사령부,물품(내자),기타(51),True,0.0,True,유찰,재공고,N,
20230405,세파졸린나트륨 등 3종 구매,2023,육군군수사령부,물품(내자),기타(51),True,0.0,True,유찰,재공고,N,
20230405,TV 받침대 구매,2023,육군군수사령부,물품(내자),가구,False,9.0,False,낙찰자선정,등록공고,Y,
20230405,침대 및 침대조립체 구매,2023,육군군수사령부,물품(내자),가구,False,28.0,False,낙찰자선정,등록공고,Y,
20230405,23년 의무장비-엑스선기 600mA 디지털 TFT식 구매,2023,해군군수사령부,물품(내자),의료장비,False,3.0,False,낙찰자선정,재공고,Y,
20230406,2023년 해군군수사령부 방부제(디젤연료용) 조달 의뢰,2023,해군군수사령부,물품(내자),화학·화공,False,298.0,False,낙찰자선정,등록공고,N,
20230405,"비문보관함(1호,2호) 구매",2023,육군군수사령부,물품(내자),가구,False,20.0,False,낙찰자선정,등록공고,Y,
20230405,"서류함(3호,4호,5호) 구매",2023,육군군수사령부,물품(내자),가구,False,21.0,False,낙찰자선정,등록공고,Y,
20230405,방위사업청 대전청사 네트워크장비 납품/설치,2023,방위사업청,물품(내자),정보통신,False,2.0,False,낙찰자선정,등록공고,N,Y
20230405,23년 육군 포제계급장류 제조,2023,육군군수사령부,물품(내자),피복·개인용품,False,9.0,False,낙찰자선정,등록공고,Y,
20230504,레이저 가공기(레이저절단기) 제조 납품,2023,해군군수사령부,물품(내자),산업기계,False,4.0,False,낙찰자선정,등록공고,Y,
20230406,23년 공군 비행장갑 제조,2023,공군군수사령부,물품(내자),피복·개인용품,False,2.0,False,낙찰자선정,등록공고,Y,
20230406,23년 육군 비행복(통작업복) 제조,2023,육군군수사령부,물품(내자),피복·개인용품,False,12.0,False,낙찰자선정,등록공고,Y,
20230406,"육군, 해병대 반합 제조 납품",2023,육군군수사령부,물품(내자),스포츠·레저,True,0.0,True,유찰,등록공고,Y,
20230407,2023년 육군군수사령부 등 2개 기관 폴리프로필렌포대(모래주머니) 조달,2023,육군군수사령부,물품(내자),운반·포장,False,7.0,False,낙찰자선정,등록공고,Y,
20230417,해병 23년 미용티슈 제조,2023,해병대 군수단,물품(내자),종이류,False,9.0,False,낙찰자선정,등록공고,Y,
20230407,2023년 해군군수사령부 호흡용기체3종 조달,2023,해군군수사령부,물품(내자),화학·화공,False,3.0,False,개찰완료,등록공고,N,
20230414,2023년 육군군수사령부 플라스틱골판지(피피상자) 조달,2023,육군군수사령부,물품(내자),운반·포장,False,4.0,False,낙찰자선정,등록공고,Y,
20230407,공군 차륜형굴착기(소형) 제조 납품,2023,공군군수사령부,물품(내자),건설장비,True,0.0,True,유찰,재공고,Y,
20230407,공군 차륜형굴착기(중형) 제조 납품,2023,공군군수사령부,물품(내자),건설장비,True,0.0,True,유찰,재공고,Y,
20230503,해군 23년 미용티슈 제조,2023,해군군수사령부,물품(내자),종이류,False,9.0,False,낙찰자선정,등록공고,Y,
20230410,공군 4.5톤 카고크레인 제조 납품,2023,공군군수사령부,물품(내자),운반·포장,True,0.0,True,유찰,등록공고,Y,
20230420,해군 소둔열처리기 구매,2023,해군군수사령부,물품(내자),산업기계,False,311.0,False,낙찰자선정,등록공고,N,
20230411,방위사업청 대전청사 AV설비(영상정보시스템) 납품/설치,2023,방위사업청,물품(내자),인쇄·영상,False,2.0,False,낙찰자선정,등록공고,N,Y
20230519,해군 탑재용 초단파 송수신기 제조 납품,2023,해군군수사령부,물품(내자),정보통신,False,5.0,False,낙찰자선정,등록공고,Y,
20230411,"접근통제시스템, 생물측정용 1종",2023,해군군수사령부,물품(내자),국방·치안·보안,False,54.0,False,낙찰자선정,등록공고,Y,
20230412,23년 해군 수조용 소방차 제조,2023,해군군수사령부,물품(내자),차량·수송장비,False,5.0,False,낙찰자선정,등록공고,Y,
20230428,23년 해군 항공기 구조용 소방차 제조,2023,해군군수사령부,물품(내자),차량·수송장비,False,2.0,False,낙찰자선정,등록공고,Y,
20230412,23년 공군 폭발물처리차(4WD) 제조,2023,공군군수사령부,물품(내자),차량·수송장비,False,6.0,False,낙찰자선정,등록공고,Y,
20230412,23년 육군트럭용타이어(상용 )구매,2023,육군군수사령부,물품(내자),차량·수송장비,False,32.0,False,낙찰자선정,재공고,N,
20230413,2023년 코비닐에나멜(녹색) 등 3종 제조 구매,2023,해군군수사령부,물품(내자),제조부품,False,5.0,False,낙찰자선정,등록공고,Y,
20230412,해군 작전통신망 녹음장비(자동안내장치) 제조 설치,2023,해군군수사령부,물품(내자),정보통신,False,5.0,False,낙찰자선정,등록공고,Y,
20230412,육해공군해병대 수통케이스 제조 납품,2023,육군군수사령부,물품(내자),가정용품,False,14.0,False,낙찰자선정,등록공고,Y,
20230415,2023년 육군군수사령부 세탁물건조기 조달,2023,육군군수사령부,물품(내자),청소장비,False,7.0,False,낙찰자선정,등록공고,Y,
20230413,(육군) 23년야전전투용앰프 제조구매,2023,육군군수사령부,물품(내자),가정용품,False,23.0,False,낙찰자선정,등록공고,Y,
20230413,공군 무한궤도형로더 구매,2023,공군군수사령부,물품(내자),건설장비,False,84.0,False,낙찰자선정,등록공고,N,
20230413,해군 스키드스티어로더 구매,2023,해군군수사령부,물품(내자),건설장비,False,100.0,False,낙찰자선정,등록공고,N,
20230417,23년 공군 넥타이 제조,2023,공군군수사령부,물품(내자),피복·개인용품,False,27.0,False,낙찰자선정,등록공고,Y,
20230426,2023년 해군군수사령부 절단기 (종이재단기용) 조달,2023,해군군수사령부,물품(내자),인쇄·영상,False,2.0,False,낙찰자선정,등록공고,Y,
20230414,"육군, 해병대 반합 제조 납품",2023,육군군수사령부,물품(내자),스포츠·레저,True,0.0,True,유찰,재공고,Y,
20230417,23년 공군 순찰승용차 제조,2023,공군군수사령부,물품(내자),차량·수송장비,False,2.0,False,낙찰자선정,등록공고,Y,
20230417,23년 해군 굴절사다리소방차 제조,2023,해군군수사령부,물품(내자),차량·수송장비,True,0.0,True,유찰,등록공고,Y,
20230417,23년 해군 소방펌프차 제조,2023,해군군수사령부,물품(내자),차량·수송장비,False,4.0,False,낙찰자선정,등록공고,Y,
20230417,23년 인플루엔자 백신,2023,육군군수사령부,물품(내자),기타(51),False,33.0,False,낙찰자선정,등록공고,N,
20230417,"해병 잠수장갑, 잠수신발, LED수심게이지 구매",2023,해병대 군수단,물품(내자),스포츠·레저,False,,False,낙찰자선정,등록공고,N,
20230424,23년 이산화탄소소화기 3종 제조 구매,2023,해군군수사령부,물품(내자),국방·치안·보안,True,0.0,True,유찰,등록공고,Y,
20230418,차세대 지능형 SDDC기반 DIDC 구축사업 관련 공유볼륨 SW 직접구매 및 설치사업,2023,국방통합데이터센터,물품(내자),정보통신,False,19.0,False,낙찰자선정,등록공고,,Y
20230419,해병 취사화 제조,2023,해병대 군수단,물품(내자),피복·개인용품,False,2.0,False,낙찰자선정,등록공고,Y,
20230419,육군 진동식롤러 구매,2023,육군군수사령부,물품(내자),건설장비,False,19.0,False,낙찰자선정,등록공고,N,
20230419,육군 차륜형굴착기(소형) 제조 납품,2023,육군군수사령부,물품(내자),건설장비,False,2.0,False,낙찰자선정,등록공고,Y,
20230419,육군 차륜형굴착기(중형) 제조 납품,2023,육군군수사령부,물품(내자),건설장비,False,2.0,False,낙찰자선정,등록공고,Y,
20230420,일회용 알코올솜 구매,2023,육군군수사령부,물품(내자),기타(51),True,0.0,True,유찰,등록공고,N,
20230419,육군 궤도형굴착기(소형) 제조 납품,2023,육군군수사령부,물품(내자),건설장비,False,2.0,False,낙찰자선정,등록공고,Y,
20230419,육군 궤도형굴착기(중형) 제조 납품,2023,육군군수사령부,물품(내자),건설장비,False,2.0,False,낙찰자선정,등록공고,Y,
20230424,23년 동작감지 경보기 구매,2023,해군군수사령부,물품(내자),국방·치안·보안,False,,False,낙찰자선정,등록공고,N,
20230419,23년 육군 근무복 잠바 제조 재공고,2023,육군군수사령부,물품(내자),피복·개인용품,False,4.0,False,낙찰자선정,재공고,Y,Y
20230419,23년 공군 비행장갑 재공고,2023,공군군수사령부,물품(내자),피복·개인용품,False,2.0,False,낙찰자선정,재공고,Y,
20230421,해군 23년 액상세제 제조,2023,해군군수사령부,물품(내자),청소장비,False,18.0,False,낙찰자선정,등록공고,Y,
20230419,23년 해군 목재절단기 등 3종 구매,2023,해군군수사령부,물품(내자),산업기계,False,408.0,False,낙찰자선정,등록공고,N,
20230419,(육군) 23년 전기물끓이기(온수제조기 40리터),2023,육군군수사령부,물품(내자),서비스산업장비,False,,False,낙찰자선정,등록공고,N,
20230420,"세레콕시브캡슐 200mg, 100캅셀 구매",2023,육군군수사령부,물품(내자),기타(51),False,142.0,False,낙찰자선정,등록공고,,
20230420,"2023년 육군군수사령부 업소용세탁기, 세탁물건조기 조달",2023,육군군수사령부,물품(내자),청소장비,False,9.0,False,낙찰자선정,등록공고,Y,
20230420,23년 해병 하계T셔츠(정비/조리용) 제조,2023,해병대 군수단,물품(내자),피복·개인용품,False,46.0,False,낙찰자선정,등록공고,Y,
20230420,23년 육군 유격용 장갑 제조,2023,육군군수사령부,물품(내자),피복·개인용품,True,0.0,True,유찰,등록공고,Y,
20230421,"육군 디지털진단용엑스선촬영장치(600mA, 1000mA) 구매",2023,육군군수사령부,물품(내자),의료장비,False,7.0,False,낙찰자선정,등록공고,N,
20230421,외용진통소염제 3종 구매,2023,육군군수사령부,물품(내자),기타(51),False,9.0,False,낙찰자선정,등록공고,N,
20230421,공군 4.5톤 카고크레인 제조 납품,2023,공군군수사령부,물품(내자),운반·포장,True,0.0,True,유찰,재공고,Y,
20230424,해군 지게차 2톤 제조 납품,2023,해군군수사령부,물품(내자),운반·포장,True,0.0,True,유찰,등록공고,Y,
20230424,회의용 탁자 5인용 및 4호 구매,2023,육군군수사령부,물품(내자),가구,False,41.0,False,낙찰자선정,등록공고,Y,
20230424,23년 군종도서(기독교) 제작,2023,국방부,물품(내자),출판물,False,8.0,False,낙찰자선정,등록공고,N,
20230502,육군 그레이더 구매,2023,육군군수사령부,물품(내자),건설장비,False,29.0,False,낙찰자선정,등록공고,N,
20230504,23년 육군 소방펌프차 제조,2023,육군군수사령부,물품(내자),차량·수송장비,False,3.0,False,낙찰자선정,등록공고,Y,
20230502,해군 그레이더 구매,2023,해군군수사령부,물품(내자),건설장비,False,199.0,False,낙찰자선정,등록공고,N,
20230502,공군 그레이더 구매,2023,공군군수사령부,물품(내자),건설장비,False,77.0,False,낙찰자선정,등록공고,N,
20230504,23년 공군 인명구조소방차 제조,2023,공군군수사령부,물품(내자),차량·수송장비,False,2.0,False,낙찰자선정,등록공고,Y,
20230424,해군지게차10톤(20000lb)제조,2023,해군군수사령부,물품(내자),운반·포장,True,0.0,True,유찰,등록공고,Y,
20230425,국군수도병원 안과세극등 구매,2023,국군수도병원,물품(내자),의료장비,False,162.0,False,낙찰자선정,등록공고,N,
20230425,아세클로페낙 구매,2023,육군군수사령부,물품(내자),기타(51),False,10.0,False,낙찰자선정,등록공고,N,
20230425,아목시실린 및 포타슘클라불네이트 구매,2023,육군군수사령부,물품(내자),기타(51),False,17.0,False,낙찰자선정,등록공고,N,
20230425,아토바스타틴정 20mg 구매,2023,육군군수사령부,물품(내자),기타(51),False,66.0,False,낙찰자선정,등록공고,N,
20230502,2023년 해군 냉장고(500리터) 구매,2023,해군군수사령부,물품(내자),운반·포장,False,352.0,False,낙찰자선정,등록공고,N,
20230501,육군 디젤지게차 6000lb 제조 납품,2023,육군군수사령부,물품(내자),운반·포장,True,0.0,True,유찰,등록공고,Y,
20230503,해군 23년 세탁기 구매,2023,해군군수사령부,물품(내자),가정용품,False,,False,낙찰자선정,등록공고,N,
20230428,문서권한관리체계(DRM) 및 복합기 관리시스템 고도화 사업,2023,방위사업청,물품(내자),정보통신,True,0.0,True,유찰,등록공고,N,
20230426,육해공군해병대 물통(수통) 제조 납품,2023,육군군수사령부,물품(내자),스포츠·레저,False,3.0,False,낙찰자선정,등록공고,Y,
20230501,23년 공군 취사용장화 제조,2023,공군군수사령부,물품(내자),피복·개인용품,True,2.0,False,유찰,등록공고,Y,
20230629,23년 공군 전용승용차 제조,2023,공군군수사령부,물품(내자),차량·수송장비,True,0.0,True,유찰,등록공고,Y,
20230501,23년 해군 소방화 구매,2023,해군군수사령부,물품(내자),국방·치안·보안,False,489.0,False,낙찰자선정,등록공고,N,
20230428,23년 육군 유격용 장갑 제조 재공고,2023,육군군수사령부,물품(내자),피복·개인용품,True,0.0,True,유찰,재공고,Y,
20230428,23년 해군 굴절사다리소방차 제조,2023,해군군수사령부,물품(내자),차량·수송장비,True,0.0,True,유찰,재공고,Y,
20230501,2023년 해군군수사령부 렌치류 등 27품목 조달,2023,해군군수사령부,물품(내자),공구,False,,False,낙찰자선정,등록공고,N,
20230504,자기공명촬영기기본형(MRI),2023,해군군수사령부,물품(내자),의료장비,False,4.0,False,낙찰자선정,등록공고,N,
20230503,23년 공군 1톤 냉동부식차 제조,2023,공군군수사령부,물품(내자),차량·수송장비,False,4.0,False,낙찰자선정,등록공고,Y,
20230501,23년 해군 엔드밀 등 12종 구매,2023,해군군수사령부,물품(내자),산업기계,False,,False,낙찰자선정,등록공고,N,
20230503,23년 공군 소형유조차 제조,2023,공군군수사령부,물품(내자),차량·수송장비,False,3.0,False,낙찰자선정,등록공고,Y,
20230503,23년 육군 상용품목 블랙박스 제조,2023,육군군수사령부,물품(내자),차량·수송장비,False,3.0,False,낙찰자선정,등록공고,Y,
20230502,일회용 알코올솜 구매,2023,육군군수사령부,물품(내자),기타(51),False,2.0,False,개찰완료,재공고,N,
20230503,육군 차륜형로더 제조 납품,2023,육군군수사령부,물품(내자),건설장비,False,2.0,False,낙찰자선정,등록공고,Y,
20230503,육군 무한궤도형로더 구매,2023,육군군수사령부,물품(내자),건설장비,False,111.0,False,낙찰자선정,등록공고,N,
20230503,23년 공군 비행장갑 제조,2023,공군군수사령부,물품(내자),피복·개인용품,False,4.0,False,낙찰자선정,등록공고,Y,
20230504,해군 지게차 2톤 제조 납품,2023,해군군수사령부,물품(내자),운반·포장,True,0.0,True,유찰,재공고,Y,
20230504,해군지게차10톤(20000lb)제조,2023,해군군수사령부,물품(내자),운반·포장,True,0.0,True,유찰,재공고,Y,
20230504,23년 육군 핸드팰릿트럭 구매입찰,2023,육군군수사령부,물품(내자),운반·포장,False,,False,낙찰자선정,등록공고,N,
20230526,육군 전투복하의용 고무줄 구매,2023,육군군수사령부,물품(내자),사무기기,False,,False,낙찰자선정,등록공고,N,
20230504,육군 진동식롤러 구매,2023,육군군수사령부,물품(내자),건설장비,False,7.0,False,낙찰자선정,재공고,N,
20230509,에어컨(스탠드) 구매 조달,2023,해군군수사령부,물품(내자),배관·공조,False,,False,낙찰자선정,등록공고,N,
20230504,2023년 해군군수사령부 오일펜스 조달,2023,해군군수사령부,물품(내자),배관·공조,False,,False,낙찰자선정,등록공고,N,
20230504,2023년 육군군수사령부 등 스텐평식기 조달,2023,육군군수사령부,물품(내자),서비스산업장비,False,,False,낙찰자선정,등록공고,N,
20230504,육군 디젤발전기 300kW 제조 납품,2023,육군군수사령부,물품(내자),발전·배전,False,7.0,False,낙찰자선정,등록공고,Y,
20230525,2023년 육군군수사령부 동력절단기(휴대용 가솔린엔진식 원형톱),2023,육군군수사령부,물품(내자),공구,False,,False,낙찰자선정,등록공고,N,
20230525,2023년 해군군수사령부 동력체인톱,2023,해군군수사령부,물품(내자),공구,False,,False,낙찰자선정,등록공고,N,
20230510,2023년 육군군수사령부 강철대 조달,2023,육군군수사령부,물품(내자),운반·포장,True,0.0,True,유찰,등록공고,Y,
20230510,2023년 육군군수사령부 고압세척기 조달,2023,육군군수사령부,물품(내자),청소장비,False,237.0,False,낙찰자선정,등록공고,N,
20230515,2023년 육군군수사령부 플라스틱상자 조달,2023,육군군수사령부,물품(내자),운반·포장,False,4.0,False,낙찰자선정,변경공고,Y,
20230508,점안액(염산올로파타딘 및 오플록사신) 구매,2023,육군군수사령부,물품(내자),기타(51),False,2.0,False,낙찰자선정,등록공고,N,
20230512,2023년 해군군수사령부 마이크로필름 장비(현상기 등),2023,해군군수사령부,물품(내자),인쇄·영상,False,439.0,False,낙찰자선정,등록공고,N,
20230508,해군 호흡조정기 및 옥토퍼스 구매,2023,해군군수사령부,물품(내자),스포츠·레저,False,740.0,False,낙찰자선정,등록공고,,
20230515,23년 해군 탄약크레인 제조,2023,해군군수사령부,물품(내자),차량·수송장비,False,2.0,False,낙찰자선정,등록공고,Y,
20230511,23년 의무장비(의료용 냉장고 2종) 구매,2023,육군군수사령부,물품(내자),의료장비,False,4.0,False,낙찰자선정,등록공고,Y,
20230511,육군 디젤지게차 6000lb 제조 납품,2023,육군군수사령부,물품(내자),운반·포장,True,0.0,True,유찰,재공고,Y,
20230510,해군지게차10톤(20000lb)제조,2023,해군군수사령부,물품(내자),운반·포장,True,0.0,True,유찰,등록공고,Y,
20230510,23년 공군 취사용장화 제조(재공고),2023,공군군수사령부,물품(내자),피복·개인용품,False,2.0,False,낙찰자선정,재공고,Y,
20230516,23년 공군 소방펌프차 제조,2023,공군군수사령부,물품(내자),차량·수송장비,False,3.0,False,낙찰자선정,등록공고,Y,
20230511,해군 지게차 2톤 제조 납품,2023,해군군수사령부,물품(내자),운반·포장,True,0.0,True,유찰,등록공고,Y,
20230525,23년 공군 항공기구조소방차 제조,2023,공군군수사령부,물품(내자),차량·수송장비,False,3.0,False,낙찰자선정,등록공고,Y,
20230510,23년 육군 근무복 잠바 제조 재공고,2023,육군군수사령부,물품(내자),피복·개인용품,False,6.0,False,낙찰자선정,재공고,Y,Y
20230511,2023년 육군군수사령부 액체연료 주입구(플라스틱),2023,육군군수사령부,물품(내자),공구,True,3.0,False,유찰,등록공고,Y,
20230522,23년 전투용안경 안경테 제조 구매,2023,육군군수사령부,물품(내자),의료장비,False,7.0,False,낙찰자선정,변경공고,Y,
20230511,2023년 육군군수사령부 국그릇 조달,2023,육군군수사령부,물품(내자),서비스산업장비,False,,False,낙찰자선정,등록공고,N,
20230511,2023년 군용 전투용응급처치키트 구매(1권역),2023,육군군수사령부,물품(내자),의료장비,False,109.0,False,낙찰자선정,등록공고,N,
20230511,2023년 군용 전투용응급처치키트 구매(2권역),2023,육군군수사령부,물품(내자),의료장비,False,108.0,False,낙찰자선정,등록공고,N,
20230512,육군 23년 코드 나일론 2종 제조,2023,육군군수사령부,물품(내자),제조부품,False,3.0,False,낙찰자선정,등록공고,Y,
20230511,23년 이산화탄소소화기 3종 제조 구매,2023,해군군수사령부,물품(내자),국방·치안·보안,False,2.0,False,낙찰자선정,재공고,Y,
20230511,2023년 군용 전투용응급처치키트 구매(3권역),2023,육군군수사령부,물품(내자),의료장비,False,107.0,False,낙찰자선정,등록공고,N,
20230511,2023년 해군군수사령부 글로브밸브 조달,2023,해군군수사령부,물품(내자),배관·공조,False,,False,낙찰자선정,등록공고,N,
20230511,2023년 군용 전투용응급처치키트 구매(5권역),2023,해군군수사령부,물품(내자),의료장비,False,103.0,False,낙찰자선정,등록공고,N,
20230513,육군 23년 마닐라로프 3종 제조,2023,육군군수사령부,물품(내자),제조부품,True,2.0,False,유찰,등록공고,Y,
20230512,육군 트럭탑재식 기중기(120톤) 제조,2023,육군군수사령부,물품(내자),운반·포장,True,0.0,True,유찰,등록공고,Y,
20230512,2023년 군용 전투용응급처치키트 및 구성품 구매(4권역),2023,육군군수사령부,물품(내자),의료장비,False,91.0,False,낙찰자선정,등록공고,N,Y
20230515,"해군 코드, 섬유제 등 10품목 제조",2023,해군군수사령부,물품(내자),제조부품,False,4.0,False,낙찰자선정,등록공고,Y,
20230515,개선식탁(6인용) 구매,2023,공군군수사령부,물품(내자),가구,False,35.0,False,낙찰자선정,등록공고,Y,
20230515,외용진통소염제 3종 구매,2023,육군군수사령부,물품(내자),기타(51),False,4.0,False,낙찰자선정,재공고,N,
20230516,23년 해군 소방화 구매,2023,해군군수사령부,물품(내자),국방·치안·보안,True,0.0,True,유찰,등록공고,Y,
20230516,해군 W/T중계기(고정형) 구매,2023,해군군수사령부,물품(내자),정보통신,False,326.0,False,낙찰자선정,등록공고,N,
20230517,23년 해군 고소작업차 제조,2023,해군군수사령부,물품(내자),차량·수송장비,False,2.0,False,낙찰자선정,등록공고,Y,
20230517,해군 궤도형도저(19톤급) 구매,2023,해군군수사령부,물품(내자),건설장비,False,78.0,False,낙찰자선정,등록공고,N,
20230517,해군 궤도형도저(25톤급) 구매,2023,해군군수사령부,물품(내자),건설장비,False,79.0,False,낙찰자선정,등록공고,N,
20230517,육공군해병대 야영용텐트(분대용천막) 제조 납품,2023,육군군수사령부,물품(내자),스포츠·레저,False,17.0,False,낙찰자선정,등록공고,,
20230517,육군 궤도형도저(8톤급) 구매,2023,육군군수사령부,물품(내자),건설장비,False,11.0,False,낙찰자선정,등록공고,N,
20230517,육군 전동지게차 4000lb 제조 납품,2023,육군군수사령부,물품(내자),운반·포장,True,0.0,True,유찰,등록공고,Y,
20230517,육군 전동지게차 6000lb 제조 납품,2023,육군군수사령부,물품(내자),운반·포장,False,2.0,False,낙찰자선정,등록공고,Y,
20230518,2023년 육군군수사령부 3단 야전삽,2023,육군군수사령부,물품(내자),공구,False,3.0,False,낙찰자선정,등록공고,Y,
20230517,매트리스 패드(195호),2023,육군군수사령부,물품(내자),가구,False,6.0,False,낙찰자선정,등록공고,Y,
20230518,2023년 해군군수사령부 채크밸브 조달,2023,해군군수사령부,물품(내자),배관·공조,False,4.0,False,낙찰자선정,등록공고,Y,
20230627,2023년 해군군수사령부 선박용 스크레이퍼,2023,해군군수사령부,물품(내자),공구,False,180.0,False,낙찰자선정,등록공고,N,
20230519,"23년 해군, 해병 포제계급장류 제조",2023,해군군수사령부,물품(내자),피복·개인용품,False,11.0,False,개찰완료,등록공고,Y,
20230519,"육군디젤발전기 제조(30kW,60kW,100kW)",2023,육군군수사령부,물품(내자),발전·배전,False,7.0,False,낙찰자선정,등록공고,Y,
20230518,2023년 해군군수사령부 볼형밸브 등 3종 조달,2023,해군군수사령부,물품(내자),배관·공조,False,,False,낙찰자선정,등록공고,N,
20230518,"육군 가솔린선외모터(15마력, 40마력) 구매",2023,육군군수사령부,물품(내자),발전·배전,False,509.0,False,낙찰자선정,등록공고,N,
20230518,육군 자동차리프트 제조 납품,2023,육군군수사령부,물품(내자),운반·포장,False,12.0,False,낙찰자선정,등록공고,Y,
20230519,육군 디젤발전기 10kW 제조,2023,육군군수사령부,물품(내자),발전·배전,False,6.0,False,낙찰자선정,등록공고,Y,
20230519,2023년 육군군수사령부 액체연료 주입구(플라스틱),2023,육군군수사령부,물품(내자),공구,False,3.0,False,낙찰자선정,재공고,Y,
20230519,육군 디젤발전기 15kW 제조,2023,육군군수사령부,물품(내자),발전·배전,False,6.0,False,낙찰자선정,등록공고,Y,
20230522,(육군)23년종이테이프 등 10종구매,2023,육군군수사령부,물품(내자),제조부품,False,204.0,False,낙찰자선정,등록공고,N,
20230523,공군 UPS축전지 구매,2023,공군군수사령부,물품(내자),발전·배전,False,727.0,False,낙찰자선정,등록공고,N,
20230523,2023년 육군군수사령부 가스자동취반기 조달,2023,육군군수사령부,물품(내자),서비스산업장비,False,3.0,False,낙찰자선정,등록공고,Y,
20230523,육군 야영용텐트(개인전투용천막) 제조 납품,2023,육군군수사령부,물품(내자),스포츠·레저,False,21.0,False,낙찰자선정,등록공고,,
20230523,2023년 육군군수사령부 가스레인지 조달,2023,육군군수사령부,물품(내자),서비스산업장비,False,2.0,False,낙찰자선정,등록공고,Y,
20230523,2023년 육군군수사령부 국솥류 2종 조달,2023,육군군수사령부,물품(내자),서비스산업장비,True,0.0,True,유찰,등록공고,Y,
20230523,23년 해군 유압식잭(45톤) 구매,2023,해군군수사령부,물품(내자),운반·포장,False,,False,낙찰자선정,등록공고,N,
20230526,2023년 해병대 권총집 및 탄입대 제조,2023,해병대 군수단,물품(내자),국방·치안·보안,False,4.0,False,낙찰자선정,등록공고,Y,
20230523,육해군해병대 야영용텐트(개인전투용천막) 제조 납품,2023,육군군수사령부,물품(내자),스포츠·레저,False,21.0,False,낙찰자선정,등록공고,,
20230523,에어컨(벽걸이) 구매 조달,2023,해군군수사령부,물품(내자),배관·공조,False,517.0,False,낙찰자선정,등록공고,N,
20230523,23년 육군 군사경찰용 오토바이(645cc),2023,육군군수사령부,물품(내자),차량·수송장비,False,7.0,False,낙찰자선정,등록공고,N,
20230523,육군 트럭탑재식 기중기(120톤) 제조,2023,육군군수사령부,물품(내자),운반·포장,True,0.0,True,유찰,재공고,Y,
20230523,2023년 육군 상업용냉동고(300리터 이상) 조달,2023,육군군수사령부,물품(내자),운반·포장,False,,False,낙찰자선정,등록공고,N,
20230525,2023년 해병대 군수단 동력체인톱,2023,해병대 군수단,물품(내자),공구,False,,False,낙찰자선정,등록공고,N,
20230524,아목시실린 및 포타슘클라불네이트 구매,2023,육군군수사령부,물품(내자),기타(51),True,0.0,True,유찰,재공고,N,
20230524,23년 육군 내비게이션 구매,2023,육군군수사령부,물품(내자),차량·수송장비,False,949.0,False,낙찰자선정,등록공고,N,
20230524,23년 해군 소방화 구매(재공고),2023,해군군수사령부,물품(내자),국방·치안·보안,False,48.0,False,낙찰자선정,재공고,N,
20230524,23년 육군 군사경찰용 오토바이 구매,2023,육군군수사령부,물품(내자),차량·수송장비,False,13.0,False,낙찰자선정,등록공고,N,
20230524,2023년 해군군수사령부 해수감압변 조달,2023,해군군수사령부,물품(내자),배관·공조,False,251.0,False,낙찰자선정,등록공고,N,
20230525,육군 무한궤도형로더 구매,2023,육군군수사령부,물품(내자),건설장비,False,91.0,False,낙찰자선정,재공고,N,
20230525,세파졸린나트륨 등 3종 구매,2023,육군군수사령부,물품(내자),기타(51),False,6.0,False,낙찰자선정,등록공고,N,
20230525,해군 지게차 11000lb 제조,2023,해군군수사령부,물품(내자),운반·포장,True,0.0,True,유찰,등록공고,Y,
20230525,2023년 육군군수사령부 오일펜스 조달,2023,육군군수사령부,물품(내자),배관·공조,False,451.0,False,낙찰자선정,등록공고,N,
20230525,23년 육군 근무복 잠바 제조,2023,육군군수사령부,물품(내자),피복·개인용품,False,9.0,False,낙찰자선정,등록공고,Y,
20230613,육군 25톤 유압기중기 구매,2023,육군군수사령부,물품(내자),운반·포장,False,83.0,False,낙찰자선정,등록공고,N,
20230526,00부대 활주로 2차 보강사업(관급자재_레미콘),2023,육군항공사령부,물품(내자),건축자재,True,0.0,True,유찰,등록공고,N,
20230526,육군 전동지게차 4000lb 제조 납품,2023,육군군수사령부,물품(내자),운반·포장,True,0.0,True,유찰,재공고,Y,
20230602,(육군) 이동식 공기압축기(회전식) 제조납품,2023,육군군수사령부,물품(내자),배관·공조,False,10.0,False,낙찰자선정,등록공고,Y,
20230526,육군 23년 마닐라로프 3종 제조,2023,육군군수사령부,물품(내자),제조부품,True,0.0,True,유찰,재공고,Y,
20230530,23년 해군 함정용 매트리스 제조,2023,해군군수사령부,물품(내자),가구,False,17.0,False,낙찰자선정,등록공고,Y,
20230530,육군궤도형도저(20톤)구매,2023,육군군수사령부,물품(내자),건설장비,False,24.0,False,낙찰자선정,등록공고,N,
20230530,23년 공군 저상형 트레일러 제조,2023,공군군수사령부,물품(내자),차량·수송장비,False,9.0,False,낙찰자선정,등록공고,Y,
20230530,육군 제독용탱크장치(포말제독기) 구매,2023,육군군수사령부,물품(내자),국방·치안·보안,True,2.0,False,유찰,등록공고,N,
20230531,2023년 육군군수사령부 국솥류 2종 조달,2023,육군군수사령부,물품(내자),서비스산업장비,True,0.0,True,유찰,재공고,Y,
20230601,2023년 육군군수사령부 3단 야전삽(산업동원용),2023,육군군수사령부,물품(내자),공구,True,0.0,True,유찰,등록공고,Y,
20230601,"23년 해군, 해병 포제계급장류 제조",2023,해군군수사령부,물품(내자),피복·개인용품,False,17.0,False,낙찰자선정,등록공고,,
20230601,23년 진중문고 전자책ㆍ오디오북 구매,2023,국방부,물품(내자),정보통신,False,164.0,False,낙찰자선정,등록공고,,
20230614,23년 육군 K2전차 전용 부동액 구매,2023,육군군수사령부,물품(내자),차량·수송장비,False,,False,낙찰자선정,등록공고,N,
20230602,23년 해병 전차병 잠바 제조,2023,해병대 군수단,물품(내자),피복·개인용품,False,7.0,False,낙찰자선정,등록공고,Y,
20230605,육군 휴대용 위성전화기세트 구매 설치,2023,육군군수사령부,물품(내자),정보통신,False,3.0,False,낙찰자선정,등록공고,N,
20230605,공군 4.5톤 카고크레인 구매,2023,공군군수사령부,물품(내자),운반·포장,False,98.0,False,낙찰자선정,등록공고,N,
20230602,23년 육군 F.O.D 건식바닥청소기 구매,2023,육군군수사령부,물품(내자),청소장비,False,419.0,False,낙찰자선정,등록공고,N,
20230615,자분탐상기 제조구매 설치,2023,해군군수사령부,물품(내자),실험·측정기기,False,2.0,False,낙찰자선정,등록공고,Y,
20230609,23년 육군 군사경찰 경호용 승용차 제조,2023,육군군수사령부,물품(내자),차량·수송장비,False,4.0,False,낙찰자선정,등록공고,Y,
20230605,"23년 육군 탐지기, 가스용(화학작용제탐지기) 조달",2023,육군군수사령부,물품(내자),국방·치안·보안,False,434.0,False,낙찰자선정,등록공고,N,
20230605,2023년 육군군수사령부 강철대 조달,2023,육군군수사령부,물품(내자),운반·포장,True,0.0,True,유찰,등록공고,Y,
20230605,23년 육군 분말소화기 4종 조달,2023,육군군수사령부,물품(내자),국방·치안·보안,False,6.0,False,낙찰자선정,등록공고,Y,
20230607,공군 2톤 지게차(전지포크) 제조 납품,2023,공군군수사령부,물품(내자),운반·포장,True,0.0,True,유찰,등록공고,Y,
20230607,육군 가솔린발전기 5kW 제조 납품,2023,육군군수사령부,물품(내자),발전·배전,False,6.0,False,낙찰자선정,등록공고,Y,
20230607,육군 가솔린발전기 1.5kW 제조 납품,2023,육군군수사령부,물품(내자),발전·배전,False,4.0,False,낙찰자선정,등록공고,Y,
20230608,공군 진동식롤러 구매,2023,공군군수사령부,물품(내자),건설장비,False,99.0,False,낙찰자선정,등록공고,N,
20230608,해군/해병대 지게차 4종 제조 납품,2023,해군군수사령부,물품(내자),운반·포장,True,0.0,True,유찰,등록공고,Y,
20230609,23년 육군 총기케이스 조달 요청,2023,육군군수사령부,물품(내자),국방·치안·보안,False,8.0,False,낙찰자선정,등록공고,Y,
20230608,23년 공군 대테러물자적재차량 제조,2023,공군군수사령부,물품(내자),차량·수송장비,False,5.0,False,낙찰자선정,등록공고,Y,
20230608,해군 궤도형굴착기(대형) 제조 납품,2023,해군군수사령부,물품(내자),건설장비,True,0.0,True,유찰,등록공고,Y,
20230612,VHF 무선송수신기 제조 납품,2023,해군군수사령부,물품(내자),정보통신,False,2.0,False,낙찰자선정,등록공고,Y,
20230613,육군 무한궤도형로더 구매,2023,육군군수사령부,물품(내자),건설장비,False,22.0,False,낙찰자선정,등록공고,N,
20230612,(해군)23년 강철조각 구매,2023,해군군수사령부,물품(내자),제조부품,False,500.0,False,낙찰자선정,등록공고,N,
20230613,인장시험기,2023,해군군수사령부,물품(내자),실험·측정기기,False,171.0,False,낙찰자선정,등록공고,N,
20230704,전산화단층촬영기(Computerized Tomography) 구매,2023,국방부 국군의무사령부,물품(내자),의료장비,False,2.0,False,낙찰자선정,등록공고,N,Y
20230609,공군 지게차 22000lb 제조 납품,2023,공군군수사령부,물품(내자),운반·포장,True,0.0,True,유찰,등록공고,Y,
20230609,2023년 육군군수사령부 3단 야전삽(산업동원용),2023,육군군수사령부,물품(내자),공구,True,2.0,False,유찰,재공고,Y,
20230630,의료영상전달체계(PACS) 350병상 구매 설치,2023,해군군수사령부,물품(내자),의료장비,False,2.0,False,낙찰자선정,등록공고,N,
20230613,"23년 육군 인명구출 및 해난구조키트,유압식 조달",2023,육군군수사령부,물품(내자),국방·치안·보안,False,71.0,False,낙찰자선정,등록공고,N,
20230616,2023년 육군 가솔린통(합성수지제통) 조달,2023,육군군수사령부,물품(내자),운반·포장,False,3.0,False,낙찰자선정,등록공고,Y,
20230613,(해병) 23년 세탁기 구매,2023,해병대 군수단,물품(내자),가정용품,False,,False,낙찰자선정,등록공고,N,
20230613,23년 육군 근무복 잠바 제조 재공고,2023,육군군수사령부,물품(내자),피복·개인용품,False,7.0,False,낙찰자선정,재공고,Y,
20230613,해군 조난자무선식별장치(RFID) 제조,2023,해군군수사령부,물품(내자),정보통신,False,17.0,False,낙찰자선정,등록공고,Y,
20230613,IC검사기,2023,해군군수사령부,물품(내자),실험·측정기기,False,88.0,False,낙찰자선정,등록공고,N,
20230613,23년 해군 일반형 양압식공기호흡기세트 조달 제조 구매,2023,해군군수사령부,물품(내자),국방·치안·보안,False,3.0,False,낙찰자선정,등록공고,Y,
20230613,23년 해군 통신가능형 양압식공기호흡기세트 제조 조달 요청,2023,해군군수사령부,물품(내자),국방·치안·보안,False,3.0,False,낙찰자선정,등록공고,Y,
20230614,23년 육군 기초수영구명조끼 조달 구매,2023,육군군수사령부,물품(내자),국방·치안·보안,False,5.0,False,낙찰자선정,등록공고,Y,
20230614,(육군) 이동식 공기압축기(왕복식) 제조 조달,2023,육군군수사령부,물품(내자),배관·공조,False,13.0,False,낙찰자선정,등록공고,Y,
20230615,육군 오더피커 및 리치트럭 제조 납품,2023,육군군수사령부,물품(내자),운반·포장,True,0.0,True,유찰,등록공고,Y,
20230622,"23년 거품액체 소화용 제조 조달 구매(육군, 해군)",2023,육군군수사령부,물품(내자),국방·치안·보안,True,0.0,True,유찰,등록공고,Y,
20230615,공군 2톤 지게차(전지포크) 제조 납품,2023,공군군수사령부,물품(내자),운반·포장,True,0.0,True,유찰,재공고,Y,
20230616,공군 23년 가정용세탁기 구매,2023,공군군수사령부,물품(내자),가정용품,False,,False,낙찰자선정,등록공고,N,
20230622,IP 교환기 교체사업(리스물건),2023,국군제9965부대,물품(내자),정보통신,False,2.0,False,낙찰자선정,등록공고,N,Y
20230616,해군/해병대 지게차 4종 제조 납품,2023,해군군수사령부,물품(내자),운반·포장,True,0.0,True,유찰,재공고,Y,
20230616,2023년 육군 벌크컨테이너백(A-22백) 조달 요청,2023,육군군수사령부,물품(내자),운반·포장,False,2.0,False,낙찰자선정,등록공고,Y,
20230619,일회용 알콜솜(200S 2.5CM) 구매,2023,육군군수사령부,물품(내자),기타(51),False,5.0,False,낙찰자선정,등록공고,N,
20230619,핫파프 구매,2023,육군군수사령부,물품(내자),기타(51),False,4.0,False,낙찰자선정,등록공고,N,
20230621,23년 육군 중장비 수송용(60톤) 트랙터 제조,2023,육군군수사령부,물품(내자),차량·수송장비,False,2.0,False,낙찰자선정,등록공고,Y,
20230620,해병대 차륜형로더 제조 납품,2023,해군군수사령부,물품(내자),건설장비,True,0.0,True,유찰,등록공고,Y,
20230621,23년 육군 저상형트레일러 제조,2023,육군군수사령부,물품(내자),차량·수송장비,False,3.0,False,낙찰자선정,등록공고,Y,
20230621,2023년 해병대 권총집 및 탄입대 제조,2023,해병대 군수단,물품(내자),국방·치안·보안,False,2.0,False,낙찰자선정,재공고,Y,
20230621,23년 해병 정복근무복 제조(체촌),2023,해병대 군수단,물품(내자),피복·개인용품,False,14.0,False,낙찰자선정,등록공고,Y,
20230621,공군 지게차 22000lb 제조 납품,2023,공군군수사령부,물품(내자),운반·포장,True,0.0,True,유찰,재공고,Y,
20230621,"23년 해군 동, 춘추잠바 제조",2023,해군군수사령부,물품(내자),피복·개인용품,False,25.0,False,낙찰자선정,등록공고,Y,
20230622,공군 2톤 지게차(전지포크) 제조 납품,2023,공군군수사령부,물품(내자),운반·포장,False,2.0,False,낙찰자선정,등록공고,Y,
20230621,23년 육군 45분용 공기호흡기세트 조달구매,2023,육군군수사령부,물품(내자),국방·치안·보안,False,3.0,False,낙찰자선정,등록공고,Y,
20230622,육군 제독용탱크장치(포말제독기) 구매,2023,육군군수사령부,물품(내자),국방·치안·보안,False,3.0,False,낙찰자선정,재공고,N,
20230622,23년 해군 조끼형 구명구 제조 조달 구매,2023,해군군수사령부,물품(내자),국방·치안·보안,True,2.0,False,유찰,등록공고,Y,
20230622,2023년 육군군수사령부 식기소독보관함(분소대용) 조달,2023,육군군수사령부,물품(내자),서비스산업장비,False,4.0,False,개찰완료,등록공고,Y,
20230623,23년 해군 유압식 전단기 제조,2023,해군군수사령부,물품(내자),산업기계,False,5.0,False,낙찰자선정,등록공고,Y,
20230627,해병 부력조정기(더블) 구매,2023,해병대 군수단,물품(내자),스포츠·레저,False,,False,낙찰자선정,등록공고,N,
20230628,공군 지게차 22000lb 제조 납품,2023,공군군수사령부,물품(내자),운반·포장,True,0.0,True,유찰,등록공고,Y,
20230628,공군 UPS축전지 구매,2023,공군군수사령부,물품(내자),발전·배전,False,422.0,False,낙찰자선정,등록공고,N,
20230628,2023년 육군군수사령부 포장용 랩 조달,2023,육군군수사령부,물품(내자),서비스산업장비,False,279.0,False,낙찰자선정,등록공고,N,
20230628,2023년 육군군수사령부 양념분쇄기 조달,2023,육군군수사령부,물품(내자),서비스산업장비,False,306.0,False,낙찰자선정,등록공고,N,
20230629,해병 23년 액상세제 제조,2023,해병대 군수단,물품(내자),청소장비,False,13.0,False,낙찰자선정,등록공고,Y,
20230629,해병대 차륜형로더 제조 납품,2023,해군군수사령부,물품(내자),건설장비,True,0.0,True,유찰,재공고,Y,
20230629,23년 해병 전차병 잠바 제조 재공고,2023,해병대 군수단,물품(내자),피복·개인용품,False,9.0,False,낙찰자선정,재공고,Y,
20230629,육군 지게차 55000lb 제조,2023,육군군수사령부,물품(내자),운반·포장,False,2.0,False,낙찰자선정,등록공고,Y,
20230630,인산 오셀타미비르 구매,2023,육군군수사령부,물품(내자),기타(51),False,66.0,False,낙찰자선정,등록공고,N,
20230630,23년 해군 조끼형 구명구 제조 조달 구매,2023,해군군수사령부,물품(내자),국방·치안·보안,False,3.0,False,낙찰자선정,재공고,Y,
20230704,(해군) 23년 비닐도료 희석제 구매(제조),2023,해군군수사령부,물품(내자),제조부품,False,2.0,False,낙찰자선정,등록공고,Y,
20230704,23년 육군 작업용 장갑 제조,2023,육군군수사령부,물품(내자),피복·개인용품,False,4.0,False,낙찰자선정,등록공고,Y,
20230704,2023년 육군군수사령부 취사장용 선반 조달,2023,육군군수사령부,물품(내자),서비스산업장비,False,22.0,False,낙찰자선정,등록공고,Y,
20230711,"공군 버클, 가죽벨트용(20개선)",2023,공군군수사령부,물품(내자),피복·개인용품,False,12.0,False,낙찰자선정,등록공고,Y,
20230706,23년 소독기 저온 멸균형 대형(E/O Gas) 구매,2023,국방부 국군의무사령부,물품(내자),의료장비,False,363.0,False,낙찰자선정,등록공고,N,
20230710,"의무사령부 디젤발전기 제조(500kW 1EA, 550kW 3EA)",2023,국방부 국군의무사령부,물품(내자),발전·배전,False,10.0,False,낙찰자선정,등록공고,Y,
20230706,"23년 거품액체 소화용 제조 조달 구매(육군, 해군)",2023,육군군수사령부,물품(내자),국방·치안·보안,True,0.0,True,유찰,재공고,Y,
20230707,23년 공군 전용승용차 제조,2023,공군군수사령부,물품(내자),차량·수송장비,True,0.0,True,유찰,재공고,Y,
20230711,23년 공군 화물용트럭(RPT 트럭) 제조,2023,공군군수사령부,물품(내자),차량·수송장비,True,0.0,True,유찰,등록공고,Y,
20230816,2023년 본조달 의무장비(혈액가온장치 응급의학과) 구매,2023,국군수도병원,물품(내자),의료장비,False,91.0,False,낙찰자선정,등록공고,N,
20230710,23년 의무장비(효소면역 측정기 중형) 구매,2023,국방부 국군의무사령부,물품(내자),실험·측정기기,False,258.0,False,낙찰자선정,등록공고,,
20230828,23년 의무장비 (안과세극등) 구매,2023,국방부 국군의무사령부,물품(내자),의료장비,False,145.0,False,낙찰자선정,등록공고,N,
20230710,2023 국군수도병원 근전도기 구매,2023,국군수도병원,물품(내자),의료장비,False,130.0,False,낙찰자선정,등록공고,N,
20230710,2023 국군수도병원 본조달 의무장비(수정체용해및주입기) 구매,2023,국군수도병원,물품(내자),의료장비,False,97.0,False,낙찰자선정,등록공고,N,
20230710,23년 의무장비(사체냉동기 2구용 감염방지용) 구매,2023,국방부 국군의무사령부,물품(내자),의료장비,False,128.0,False,낙찰자선정,등록공고,N,
20230710,23년 의무장비(사체냉동기 2구용 일반용) 구매,2023,국방부 국군의무사령부,물품(내자),의료장비,False,239.0,False,낙찰자선정,등록공고,N,
20230727,2023년 해군군수사령부 로프프로텍터(홋줄보호대) 조달,2023,해군군수사령부,물품(내자),운반·포장,False,4.0,False,낙찰자선정,등록공고,Y,
20230811,2023년 해군군수사령부 신호변환기 조달,2023,해군군수사령부,물품(내자),전기·조명,False,149.0,False,낙찰자선정,등록공고,N,
20230727,2023년 육군군수사령부 국기함 조달,2023,육군군수사령부,물품(내자),운반·포장,False,,False,낙찰자선정,등록공고,N,
20230710,2023년 육군 벌크컨테이너백(A-22백) 조달 요청,2023,육군군수사령부,물품(내자),운반·포장,True,0.0,True,유찰,재공고,Y,
20230731,23년 의무장비(심장세동제거기 병원용) 구매,2023,국방부 국군의무사령부,물품(내자),의료장비,False,983.0,False,낙찰자선정,등록공고,N,
20230710,23년 의무장비(치과용 레이져) 구매,2023,국방부 국군의무사령부,물품(내자),의료장비,False,105.0,False,낙찰자선정,등록공고,N,
20230710,23년 의무장비(전기소작기 병원용) 구매,2023,국방부 국군의무사령부,물품(내자),의료장비,False,107.0,False,낙찰자선정,등록공고,N,
20230710,2023년 본조달 의무장비(전기수술기 미세수술용) 구매,2023,국군수도병원,물품(내자),의료장비,False,269.0,False,낙찰자선정,등록공고,N,
20230712,23년 의무장비(디지털교합분석장치) 구매,2023,국방부 국군의무사령부,물품(내자),의료장비,False,82.0,False,낙찰자선정,등록공고,N,
20230726,2023 본조달 의무장비 미생물질량분석기 설치납품,2023,국군수도병원,물품(내자),실험·측정기기,True,0.0,True,유찰,등록공고,N,
20230712,공군 디젤발전기 150kW 제조,2023,공군군수사령부,물품(내자),발전·배전,False,8.0,False,낙찰자선정,등록공고,Y,
20230712,23년 육군 저상형트레일러 제조,2023,육군군수사령부,물품(내자),차량·수송장비,False,2.0,False,낙찰자선정,재공고,Y,
20230712,"해군) 23년 화장실용 화장지(3겹,35m) 조달",2023,해군군수사령부,물품(내자),종이류,False,11.0,False,낙찰자선정,등록공고,Y,
20230712,2023년 해군군수사령부 해수감압변 조달,2023,해군군수사령부,물품(내자),배관·공조,False,,False,낙찰자선정,등록공고,N,
20230712,생화학자동분석기 구매(육군),2023,육군군수사령부,물품(내자),실험·측정기기,False,,False,낙찰자선정,등록공고,N,
20230713,육군 디젤지게차 6000lb 제조 납품,2023,육군군수사령부,물품(내자),운반·포장,False,2.0,False,낙찰자선정,등록공고,Y,
20230717,2023년 본조달 의무장비(비디오안진검사기) 구매,2023,국군수도병원,물품(내자),의료장비,False,89.0,False,낙찰자선정,등록공고,N,
20230713,케토프로펜 린트형 펙 6S 30mg 구매,2023,육군군수사령부,물품(내자),기타(51),True,0.0,True,유찰,등록공고,N,
20230713,육군 UTP케이블 구매,2023,육군군수사령부,물품(내자),발전·배전,False,950.0,False,낙찰자선정,등록공고,N,
20230713,X-선기 이동식 디지털 구매,2023,해군군수사령부,물품(내자),의료장비,True,2.0,False,유찰,등록공고,N,Y
20230718,23년 플라즈마 질량분석기 구매(육군),2023,육군군수사령부,물품(내자),실험·측정기기,False,149.0,False,낙찰자선정,등록공고,N,
20230713,(해군) 23년 비닐도료 희석제 구매(제조),2023,해군군수사령부,물품(내자),제조부품,False,2.0,False,낙찰자선정,재공고,Y,
20230714,23년 육군 포제부대표지 제조,2023,육군군수사령부,물품(내자),피복·개인용품,False,11.0,False,낙찰자선정,등록공고,Y,
20230718,23년 이온크로마토그래피 구매(육군),2023,육군군수사령부,물품(내자),실험·측정기기,False,407.0,False,낙찰자선정,등록공고,N,
20230721,23년 공군 탄압대 조달요청,2023,공군군수사령부,물품(내자),국방·치안·보안,False,5.0,False,낙찰자선정,등록공고,Y,
20230714,아목시실린 및 포타슘크라불라네이트 구매,2023,육군군수사령부,물품(내자),기타(51),False,4.0,False,낙찰자선정,등록공고,N,
20230714,공군 지게차 6000lb 제조,2023,공군군수사령부,물품(내자),운반·포장,False,3.0,False,낙찰자선정,등록공고,Y,
20230714,탄력붕대 3종,2023,육군군수사령부,물품(내자),의료장비,False,791.0,False,낙찰자선정,등록공고,,Y
20230718,23년 의무장비(인공호흡기 이동식) 구매,2023,국방부 국군의무사령부,물품(내자),의료장비,False,121.0,False,낙찰자선정,등록공고,N,
20230714,23년 해군 칫솔 제조,2023,해군군수사령부,물품(내자),피복·개인용품,False,2.0,False,낙찰자선정,등록공고,Y,
20230717,공군 디젤발전기 200kW 제조,2023,공군군수사령부,물품(내자),발전·배전,False,9.0,False,낙찰자선정,등록공고,Y,
20230717,공군 디젤발전기 300kW 제조,2023,공군군수사령부,물품(내자),발전·배전,False,6.0,False,낙찰자선정,등록공고,Y,
20230717,23년 공군 공병장비 이동정비 출동차량 제조,2023,공군군수사령부,물품(내자),차량·수송장비,False,7.0,False,낙찰자선정,등록공고,Y,
20230828,23년 해군 전동차 A형 제조,2023,해군군수사령부,물품(내자),차량·수송장비,False,4.0,False,낙찰자선정,등록공고,Y,
20230717,23년 의무장비 (치과유니트 및 의자) 구매,2023,국방부 국군의무사령부,물품(내자),의료장비,False,114.0,False,낙찰자선정,등록공고,N,
20230717,23년 해군 윤활유급유차 제조,2023,해군군수사령부,물품(내자),차량·수송장비,True,0.0,True,유찰,등록공고,Y,
20230717,"군용하계조종화제조(육군,해군)",2023,육군군수사령부,물품(내자),국방·치안·보안,True,0.0,True,유찰,등록공고,Y,
20230718,23년 공군 2.9톤 트럭크레인 제조,2023,공군군수사령부,물품(내자),차량·수송장비,False,3.0,False,낙찰자선정,등록공고,Y,
20230719,육군 거즈스펀지 3종 납품,2023,육군군수사령부,물품(내자),의료장비,False,,False,낙찰자선정,등록공고,N,
20230718,23년 공군 면도기 구매,2023,공군군수사령부,물품(내자),피복·개인용품,False,,False,낙찰자선정,등록공고,N,
20230718,"붕대(부목),외과용,스프린트 등 3품목",2023,육군군수사령부,물품(내자),의료장비,False,180.0,False,낙찰자선정,등록공고,N,
20230719,2023년 육군 완장류 제조,2023,육군군수사령부,물품(내자),출판물,False,16.0,False,낙찰자선정,등록공고,Y,
20230718,폴리우레탄드레싱폼 등 3품목,2023,육군군수사령부,물품(내자),의료장비,False,514.0,False,낙찰자선정,등록공고,N,
20230720,23년 해군 자동선반 구매,2023,해군군수사령부,물품(내자),산업기계,False,4.0,False,낙찰자선정,등록공고,N,
20230721,23년 육군 공기충전기(60분용) 조달,2023,육군군수사령부,물품(내자),국방·치안·보안,True,0.0,True,유찰,등록공고,Y,
20230719,관절보호대(무릎용),2023,육군군수사령부,물품(내자),의료장비,False,882.0,False,낙찰자선정,등록공고,N,
20230719,2023년 공군 가죽벨트(20개선) 조달,2023,공군군수사령부,물품(내자),피복·개인용품,False,17.0,False,낙찰자선정,등록공고,Y,
20230719,23년 공군 화물용트럭(RPT 트럭) 제조,2023,공군군수사령부,물품(내자),차량·수송장비,True,0.0,True,유찰,재공고,Y,
20230719,23년 육군 근무복 잠바(체촌) 제조,2023,육군군수사령부,물품(내자),피복·개인용품,False,12.0,False,낙찰자선정,등록공고,Y,
20230719,23년 해병 춘추잠바 제조,2023,해병대 군수단,물품(내자),피복·개인용품,False,8.0,False,낙찰자선정,등록공고,Y,
20230720,2023년 육군 서류가방 조달,2023,육군군수사령부,물품(내자),피복·개인용품,False,13.0,False,낙찰자선정,등록공고,Y,
20230724,"23년 수질분석 시험키트, 염소(잔류염소측정기) 조달",2023,육군군수사령부,물품(내자),실험·측정기기,False,,False,낙찰자선정,등록공고,N,
20230724,휴대용 화학탐지기 구매,2023,국방부 국군화생방방호사령부,물품(내자),국방·치안·보안,False,547.0,False,낙찰자선정,등록공고,N,Y
20230720,X-선기 치과용 디지털 구매,2023,육군군수사령부,물품(내자),의료장비,False,3.0,False,낙찰자선정,등록공고,N,Y
20230821,과산화수소이온발생기 조달,2023,국방부 국군화생방방호사령부,물품(내자),실험·측정기기,True,0.0,True,유찰,등록공고,N,Y
20230720,"육군 야영용텐트(특수천막, 특전사용) 제조 납품",2023,육군군수사령부,물품(내자),스포츠·레저,False,10.0,False,낙찰자선정,등록공고,Y,
20230720,자동혈구계산기,2023,육군군수사령부,물품(내자),의료장비,False,943.0,False,낙찰자선정,등록공고,N,Y
20230721,23년 노후 네트워크 장비 교체 사업,2023,국방부 국방전산정보원,물품(내자),정보통신,False,4.0,False,낙찰자선정,등록공고,N,Y
20230721,23년 의무장비(자동적혈구 침강속도 측정기) 구매,2023,국방부 국군의무사령부,물품(내자),실험·측정기기,False,791.0,False,낙찰자선정,등록공고,N,
20230721,IC검사기,2023,해군군수사령부,물품(내자),실험·측정기기,False,30.0,False,개찰완료,재공고,N,
20230724,2023년 육군군수사령부 스크루드라이버 등 17품목,2023,육군군수사령부,물품(내자),공구,False,336.0,False,낙찰자선정,등록공고,,
20230724,육군 방사능물질폐기함 구매,2023,육군군수사령부,물품(내자),발전·배전,False,197.0,False,낙찰자선정,등록공고,N,
20230725,X-선기 이동식 디지털 구매,2023,해군군수사령부,물품(내자),의료장비,False,6.0,False,낙찰자선정,재공고,N,Y
20230731,육군 전투용 탄약 운반장구 제조 납품,2023,육군군수사령부,물품(내자),농업기계,False,2.0,False,낙찰자선정,등록공고,Y,
20230725,23년 해군 면도기 등 2종 구매,2023,해군군수사령부,물품(내자),피복·개인용품,False,697.0,False,낙찰자선정,등록공고,N,
20230727,2023년 해군군수사령부 이동식조명대(투광조명등조립체) 조달,2023,해군군수사령부,물품(내자),전기·조명,False,,False,낙찰자선정,등록공고,N,
20230727,2023년 해군군수사령부 이동식조명대(투광조명등세트) 조달,2023,해군군수사령부,물품(내자),전기·조명,False,687.0,False,낙찰자선정,등록공고,N,
20230726,23년 해군 온열조끼 구매,2023,해군군수사령부,물품(내자),피복·개인용품,False,,False,낙찰자선정,등록공고,N,
20230728,육군 트럭탑재식 120톤 기중기 제조,2023,육군군수사령부,물품(내자),운반·포장,True,0.0,True,유찰,등록공고,Y,
20230731,23년 해군 전동차 B형 구매,2023,해군군수사령부,물품(내자),차량·수송장비,False,208.0,False,낙찰자선정,등록공고,N,
20230726,23년 해군 야전앰프 제조,2023,해군군수사령부,물품(내자),가정용품,False,15.0,False,낙찰자선정,등록공고,Y,
20230727,23년 해병 비상탈출용 호흡기 조달 요청,2023,해병대 군수단,물품(내자),스포츠·레저,False,,False,낙찰자선정,등록공고,N,
20230727,23년 육군 8자 하강기 및 안전고리(스냅훅) 제조 구매,2023,육군군수사령부,물품(내자),국방·치안·보안,True,0.0,True,유찰,등록공고,Y,
20230727,정맥주사세트 등 3품목 구매,2023,육군군수사령부,물품(내자),의료장비,False,121.0,False,낙찰자선정,등록공고,N,
20230727,케토프로펜 린트형 펙 6S 30mg 구매,2023,육군군수사령부,물품(내자),기타(51),True,0.0,True,유찰,재공고,N,
20230727,ㅇㅇㅇㅇ실 전시체계 노후 교체사업,2023,육군본부 정보작전참모부,물품(내자),정보통신,False,4.0,False,낙찰자선정,등록공고,N,Y
20230731,23년 육군군수사령부 다용도 릴호스 조달,2023,육군군수사령부,물품(내자),배관·공조,False,763.0,False,낙찰자선정,등록공고,N,
20230728,해군 발생기 신호용(20GHz),2023,해군군수사령부,물품(내자),실험·측정기기,False,564.0,False,낙찰자선정,등록공고,N,
20230731,"23년 해군 초음파진단기, 일반용(사단용) 조달",2023,해군군수사령부,물품(내자),의료장비,False,877.0,False,낙찰자선정,등록공고,N,
20230728,해군 플러그인장치 및 파형발생기,2023,해군군수사령부,물품(내자),실험·측정기기,False,300.0,False,낙찰자선정,등록공고,N,
20230728,"군용하계조종화제조(육군,해군)",2023,육군군수사령부,물품(내자),국방·치안·보안,True,0.0,True,유찰,재공고,Y,
20230731,23년 의무장비(두부진찰등 이동식) 구매,2023,국방부 국군의무사령부,물품(내자),의료장비,False,101.0,False,낙찰자선정,등록공고,N,
20230731,약품포장기 자동식 구매,2023,해군군수사령부,물품(내자),의료장비,False,663.0,False,낙찰자선정,등록공고,N,
20230731,2023년 육군 인식표용튜브 및 고무링 조달,2023,육군군수사령부,물품(내자),제조부품,False,,False,낙찰자선정,등록공고,N,
20230731,23년 해군 야전전기용접기 구매,2023,해군군수사령부,물품(내자),산업기계,False,690.0,False,낙찰자선정,등록공고,N,
20230731,23년 의무장비(전치아동시촬영기) 구매,2023,육군군수사령부,물품(내자),의료장비,True,0.0,True,유찰,등록공고,N,
20230801,2023년 해군본부 히터(이동식 가열기) 조달,2023,해군군수사령부,물품(내자),배관·공조,False,385.0,False,낙찰자선정,등록공고,N,
20230731,2023 국군수도병원 초음파진단기 일반용 구매,2023,국군수도병원,물품(내자),의료장비,False,2.0,False,낙찰자선정,등록공고,N,
20230802,해군 회로시험기,2023,해군군수사령부,물품(내자),실험·측정기기,False,,False,낙찰자선정,등록공고,N,
20230801,23년 육군 공기충전기(60분용) 조달,2023,육군군수사령부,물품(내자),국방·치안·보안,True,0.0,True,유찰,재공고,Y,
20230802,23년 육군 귀마개 구매,2023,육군군수사령부,물품(내자),국방·치안·보안,False,,False,낙찰자선정,등록공고,N,
20230802,23년 해군 작전장갑 제조,2023,해군군수사령부,물품(내자),피복·개인용품,False,6.0,False,낙찰자선정,등록공고,Y,
20230802,23년 의무장비(자동분석기 생화학용 중형) 구매,2023,국방부 국군의무사령부,물품(내자),실험·측정기기,False,959.0,False,낙찰자선정,등록공고,N,Y
20230808,제75주년 국군의날 행사 각종 기념품 구매,2023,국방부,물품(내자),스포츠·레저,False,,False,낙찰자선정,등록공고,N,Y
20230803,2023년 해병대사령부 이동식공기압축기(250CFM) 조달,2023,해군군수사령부,물품(내자),배관·공조,False,10.0,False,낙찰자선정,등록공고,Y,
20230803,23년 의무장비(X-선기 병원용 디지털) 구매,2023,국방부 국군의무사령부,물품(내자),의료장비,False,3.0,False,낙찰자선정,등록공고,N,Y
20230803,23년 의무장비(X-선기 검진용 디지털) 구매,2023,국방부 국군의무사령부,물품(내자),의료장비,False,3.0,False,낙찰자선정,등록공고,N,Y
20230803,23년 육군 분광광도계(DNA 정량분석기) 조달,2023,육군군수사령부,물품(내자),실험·측정기기,False,231.0,False,낙찰자선정,등록공고,N,
20230803,23년 해군 버클 제조 조달,2023,해군군수사령부,물품(내자),피복·개인용품,False,14.0,False,개찰완료,등록공고,Y,
20230803,2023년 해군군수사령부 선박용 스크레이퍼,2023,해군군수사령부,물품(내자),공구,False,,False,낙찰자선정,재공고,N,
20230803,2023년 해군본부 이동식공기압축기(15CFM),2023,해군본부,물품(내자),배관·공조,False,8.0,False,낙찰자선정,등록공고,Y,
20230803,컨테이너 2종,2023,공군군수사령부,물품(내자),건축자재,False,39.0,False,낙찰자선정,등록공고,Y,
20230803,2023년 해병대사령부 이동식공기압축기(15CFM) 조달,2023,해군군수사령부,물품(내자),배관·공조,False,9.0,False,낙찰자선정,등록공고,Y,
20230817,23년 육군 전차병 잠바 제조,2023,육군군수사령부,물품(내자),피복·개인용품,False,22.0,False,낙찰자선정,등록공고,Y,
20230809,육군 침낭(동계 다용도침낭) 제조 납품,2023,육군군수사령부,물품(내자),스포츠·레저,False,7.0,False,낙찰자선정,등록공고,Y,
20230807,해병대 지게차 3종 제조 납품,2023,해군군수사령부,물품(내자),운반·포장,True,0.0,True,유찰,등록공고,Y,
20230807,23년 육군 잔류농약속성검사기 조달,2023,육군군수사령부,물품(내자),실험·측정기기,False,265.0,False,낙찰자선정,등록공고,N,
20230807,23년 해군 재료분석기(진공발광분석기) 구매,2023,해군군수사령부,물품(내자),실험·측정기기,False,212.0,False,낙찰자선정,등록공고,N,
20230807,23년 해군 오실로스코프 조달,2023,해군군수사령부,물품(내자),실험·측정기기,False,,False,낙찰자선정,등록공고,N,
20230808,23년 해군 보조선용표면레이더 10대 조달 구매,2023,해군군수사령부,물품(내자),국방·치안·보안,False,108.0,False,낙찰자선정,등록공고,N,
20230808,2023년 해군 호흡용기체 3종 조달 재요청,2023,해군군수사령부,물품(내자),화학·화공,False,3.0,False,낙찰자선정,등록공고,N,
20230809,23년 육군 고성능액체크로마토그래피 조달,2023,육군군수사령부,물품(내자),실험·측정기기,False,290.0,False,낙찰자선정,등록공고,N,
20230808,23년 육군 가죽벨트 제조,2023,육군군수사령부,물품(내자),피복·개인용품,False,28.0,False,낙찰자선정,등록공고,Y,
20230808,"23년 해군 로프,폴리프로필렌, 24mm(30m) 등 2품목 제조",2023,해군군수사령부,물품(내자),제조부품,False,7.0,False,낙찰자선정,등록공고,Y,
20230808,육군 오리발 구매,2023,육군군수사령부,물품(내자),스포츠·레저,False,,False,낙찰자선정,등록공고,N,
20230808,23년 해군 포제휘장류 제조,2023,해군군수사령부,물품(내자),피복·개인용품,False,14.0,False,낙찰자선정,등록공고,Y,
20230808,2023 국군수도병원 본조달 의무장비(수정체용해및주입기) 구매,2023,국군수도병원,물품(내자),의료장비,False,45.0,False,낙찰자선정,재공고,N,
20230811,2023년 해군본부 중앙공급식 공기압축기(DMCM-600) 조달,2023,해군군수사령부,물품(내자),배관·공조,True,0.0,True,유찰,등록공고,Y,
20230809,23년 의무장비(멸균소독기 중형 전기식) 구매,2023,국방부 국군의무사령부,물품(내자),의료장비,False,504.0,False,낙찰자선정,등록공고,N,
20230811,2023년 육군군수사령부 플라스틱상자 조달,2023,육군군수사령부,물품(내자),운반·포장,False,5.0,False,낙찰자선정,등록공고,Y,
20230814,"2023년 육군군수사령부 공구상자, 도구보관캐비닛 조달",2023,육군군수사령부,물품(내자),운반·포장,False,,False,낙찰자선정,등록공고,N,
20230810,시력측정기 구매,2023,공군군수사령부,물품(내자),의료장비,False,475.0,False,낙찰자선정,등록공고,N,
20230809,"육군 수영물자 2종(수영모, 물안경) 구매",2023,육군군수사령부,물품(내자),스포츠·레저,False,,False,낙찰자선정,등록공고,N,
20230911,2023년 육군군수사령부 식기소독보관함(분소대용) 조달,2023,육군군수사령부,물품(내자),서비스산업장비,False,2.0,False,낙찰자선정,등록공고,Y,
20230824,2023년 육군군수사령부 솥걸이조립체(야전취사용) 조달,2023,육군군수사령부,물품(내자),서비스산업장비,False,3.0,False,낙찰자선정,등록공고,Y,
20230811,23년 육군 제2879부대 페인트 박리제 구매,2023,육군종합정비창,물품(내자),화학·화공,False,2.0,False,낙찰자선정,등록공고,Y,
20230811,23년 의무장비(심전도계 병원용) 구매,2023,국방부 국군의무사령부,물품(내자),의료장비,False,455.0,False,낙찰자선정,등록공고,N,
20230811,육군) 23년 식관 몸통 및 뚜껑 제조,2023,육군군수사령부,물품(내자),가정용품,False,2.0,False,낙찰자선정,등록공고,Y,
20230817,2023년 의무장비 X선기 수술용 C-arm 구매,2023,국군수도병원,물품(내자),의료장비,True,0.0,True,유찰,등록공고,N,Y
20230811,23년 육군 원심분리기 소형 조달,2023,육군군수사령부,물품(내자),실험·측정기기,False,294.0,False,낙찰자선정,등록공고,N,
20230816,23년 의무장비(디지털교합분석장치) 구매,2023,국방부 국군의무사령부,물품(내자),의료장비,False,55.0,False,낙찰자선정,재공고,N,
20230817,23년 해병 면도기 등 2종 구매,2023,해병대 군수단,물품(내자),피복·개인용품,False,703.0,False,낙찰자선정,등록공고,N,
20230816,23년 의무장비(주변시야계) 구매,2023,국방부 국군의무사령부,물품(내자),의료장비,False,227.0,False,낙찰자선정,등록공고,N,
20230816,23년 의무장비(전치아동시촬영기) 구매,2023,육군군수사령부,물품(내자),의료장비,True,0.0,True,유찰,재공고,N,
20230811,23년 해군 직진식카고크레인 제조,2023,해군군수사령부,물품(내자),차량·수송장비,True,0.0,True,유찰,등록공고,Y,
20230816,"23년 육군 전자저울(150kg, 30kg) 구매",2023,육군군수사령부,물품(내자),실험·측정기기,False,,False,낙찰자선정,등록공고,N,
20230816,정화통 시험셋 구매,2023,국방부 국군화생방방호사령부,물품(내자),국방·치안·보안,False,2.0,False,낙찰자선정,등록공고,N,Y
20230816,23년 해군 폭발물 처리장비 이송차량 제조,2023,해군군수사령부,물품(내자),차량·수송장비,False,8.0,False,낙찰자선정,등록공고,Y,
20230822,2023년 흑복야상 제조,2023,육군군수사령부,물품(내자),피복·개인용품,False,3.0,False,낙찰자선정,등록공고,Y,
20230816,23년 의무장비(혈액응고 측정기) 구매,2023,국방부 국군의무사령부,물품(내자),실험·측정기기,False,942.0,False,낙찰자선정,등록공고,N,
20230817,공군)23년 화장실용 화장지 구매,2023,공군군수사령부,물품(내자),종이류,False,10.0,False,낙찰자선정,등록공고,Y,
20230817,23년 해군 절곡기 제조,2023,해군군수사령부,물품(내자),산업기계,False,3.0,False,낙찰자선정,등록공고,Y,
20230817,해병대 지게차 3종 제조 납품,2023,해군군수사령부,물품(내자),운반·포장,True,0.0,True,유찰,재공고,Y,
20230817,2023년 공군 화생방 보호의 가방 제조,2023,공군군수사령부,물품(내자),피복·개인용품,False,40.0,False,낙찰자선정,등록공고,Y,
20230817,2023 본조달 의무장비 미생물질량분석기 설치납품,2023,국군수도병원,물품(내자),실험·측정기기,False,4.0,False,낙찰자선정,재공고,N,
20230818,2023 의무장비(전자내시경 위대장용) 구매,2023,국군수도병원,물품(내자),의료장비,False,2.0,False,낙찰자선정,등록공고,N,
20230817,2023년 본조달 의무장비(수술드릴 및 쏘셋 전기식)구매,2023,국군수도병원,물품(내자),의료장비,False,978.0,False,낙찰자선정,등록공고,,
20230817,2023년 해군군수사령부 공기여과기(헤파필터 등 2종) 조달,2023,해군군수사령부,물품(내자),배관·공조,False,33.0,False,낙찰자선정,등록공고,Y,
20230817,국군대전병원 흉복강경 구매,2023,국군대전병원,물품(내자),의료장비,False,100.0,False,낙찰자선정,등록공고,N,
20230817,23년 의무장비(내시경 관절용) 구매,2023,국방부 국군의무사령부,물품(내자),의료장비,False,943.0,False,낙찰자선정,등록공고,N,
20230817,관절내시경 구매,2023,국군수도병원,물품(내자),의료장비,False,941.0,False,낙찰자선정,등록공고,N,
20230817,2023 의무장비 초음파진단기 고급형 구매,2023,국군수도병원,물품(내자),의료장비,True,0.0,True,유찰,등록공고,N,
20230818,초음파진단기 일반용 구매,2023,국군대전병원,물품(내자),의료장비,False,2.0,False,낙찰자선정,등록공고,N,Y
20230818,휴대용 화학탐지기 구매,2023,국방부 국군화생방방호사령부,물품(내자),국방·치안·보안,False,101.0,False,낙찰자선정,재공고,N,Y
20230818,23년 육군 서류가방(학군단) 제조,2023,육군군수사령부,물품(내자),피복·개인용품,False,24.0,False,낙찰자선정,등록공고,Y,
20230818,23년 육군 휴대용화학탐지장비 구매,2023,육군군수사령부,물품(내자),실험·측정기기,False,465.0,False,낙찰자선정,등록공고,N,
20230821,00 브리핑시스템 노후교체 3차사업,2023,국방부 국군지휘통신사령부,물품(내자),정보통신,False,4.0,False,낙찰자선정,등록공고,N,Y
20230822,2023년 고기능성전투복 제조,2023,공군군수사령부,물품(내자),피복·개인용품,False,13.0,False,낙찰자선정,등록공고,Y,
20230821,23년 육군 포제휘장류 제조,2023,육군군수사령부,물품(내자),피복·개인용품,False,21.0,False,낙찰자선정,등록공고,Y,
20230822,해군 선박자동식별장치,2023,해군군수사령부,물품(내자),실험·측정기기,True,4.0,False,유찰,등록공고,Y,
20230828,전투피복체계(군용방한복 등 4종) 품질개선사업,2023,육군군수사령부,물품(내자),피복·개인용품,False,3.0,False,낙찰자선정,등록공고,,
20230825,23년 육군 양면형 구명조끼 제조 조달 요청,2023,육군군수사령부,물품(내자),국방·치안·보안,False,2.0,False,낙찰자선정,등록공고,Y,
20230822,해군 MF/HF 조난통신기 제조,2023,해군군수사령부,물품(내자),정보통신,False,2.0,False,낙찰자선정,등록공고,Y,
20230822,2023년 해군본부 중앙공급식 공기압축기(DMCM-600) 조달,2023,해군군수사령부,물품(내자),배관·공조,True,0.0,True,유찰,재공고,Y,
20230825,지향성 음파송신기(구내방송장치),2023,해군군수사령부,물품(내자),인쇄·영상,False,189.0,False,낙찰자선정,등록공고,Y,
20230825,2023년 국방홍보원 정보시스템 도입 사업,2023,국방부 국방홍보원,물품(내자),정보통신,False,3.0,False,낙찰자선정,등록공고,,Y
20230823,2023년 의무장비(C-ARM) 구매,2023,국군의학연구소,물품(내자),의료장비,False,2.0,False,낙찰자선정,등록공고,N,
20230823,23년 공군 전용승용차 2.0 제조,2023,공군군수사령부,물품(내자),차량·수송장비,True,0.0,True,유찰,등록공고,Y,
20230823,육군 천막용방수포 제조 납품,2023,육군군수사령부,물품(내자),스포츠·레저,False,10.0,False,낙찰자선정,등록공고,Y,
20230824,"23년 해군 테오도라이트, 측량용(측량기구셋, 토탈스테이션) 조달",2023,해군군수사령부,물품(내자),실험·측정기기,False,151.0,False,낙찰자선정,등록공고,N,
20230824,심장세동제거기 구매,2023,육군군수사령부,물품(내자),의료장비,False,573.0,False,낙찰자선정,등록공고,N,
20230901,23년 해군 휴대형 전파환경측정장비 조달,2023,해군군수사령부,물품(내자),실험·측정기기,False,445.0,False,낙찰자선정,변경공고,N,
20230828,"23년 해군, 해병대 철제계급장류 제조",2023,해군군수사령부,물품(내자),출판물,False,14.0,False,낙찰자선정,등록공고,Y,
20230824,"23년 육군 시트,침대용(환자용) 조달",2023,육군군수사령부,물품(내자),가정용품,False,32.0,False,낙찰자선정,등록공고,Y,
20230825,23년 해군 오실로스코프(500MHz) 조달,2023,해군군수사령부,물품(내자),실험·측정기기,False,,False,낙찰자선정,등록공고,N,
20230825,엑스선기 600mA 디지털 제조 납품(공군),2023,공군군수사령부,물품(내자),의료장비,False,3.0,False,낙찰자선정,등록공고,Y,
20230825,23년 의무장비(전치아동시촬영기) 구매,2023,육군군수사령부,물품(내자),의료장비,False,2.0,False,낙찰자선정,등록공고,N,
20230828,케토프로펜 린트형 펙 6S 30mg 구매,2023,육군군수사령부,물품(내자),기타(51),False,8.0,False,낙찰자선정,등록공고,N,
20230828,23년 공군 트럭장착용 제설기 제조,2023,공군군수사령부,물품(내자),차량·수송장비,True,0.0,True,유찰,등록공고,Y,
20230829,2023년 공군 치과유니트 및 의자 구매,2023,공군군수사령부,물품(내자),의료장비,False,172.0,False,낙찰자선정,등록공고,N,
20230829,(훈련피복) 고기능성 전투화 구매,2023,공군군수사령부,물품(내자),국방·치안·보안,False,70.0,False,낙찰자선정,등록공고,N,
20230829,23년 공군 전역차륜차량(4륜구동 오토바이) 구매,2023,공군군수사령부,물품(내자),차량·수송장비,False,352.0,False,낙찰자선정,등록공고,N,
20230829,2023년 육군 심전도계 구매,2023,육군군수사령부,물품(내자),의료장비,False,841.0,False,낙찰자선정,등록공고,N,
20230829,2023년 육군 흡인기 외과용 구매,2023,육군군수사령부,물품(내자),의료장비,False,907.0,False,낙찰자선정,등록공고,N,
20230829,2023년 육군 이비인후과유니트 구매,2023,육군군수사령부,물품(내자),의료장비,False,148.0,False,낙찰자선정,등록공고,N,
20230830,23년 육군 10톤 트랙터 제조,2023,육군군수사령부,물품(내자),차량·수송장비,False,2.0,False,낙찰자선정,등록공고,Y,
20230830,육군 23년 전기밥솥(20인용) 구매조달,2023,육군군수사령부,물품(내자),가정용품,False,519.0,False,낙찰자선정,등록공고,N,
20230831,23년 해군 엔진밸브연마기 구매,2023,해군군수사령부,물품(내자),차량·수송장비,False,440.0,False,낙찰자선정,등록공고,N,
20230831,2023년 해군군수사령부 상업용냉동고 조달,2023,해군군수사령부,물품(내자),운반·포장,False,393.0,False,낙찰자선정,등록공고,N,
20230831,2023년 해군군수사령부 고압가스용기 조달,2023,해군군수사령부,물품(내자),운반·포장,False,227.0,False,낙찰자선정,등록공고,N,
20230830,23년 해군 탈자기 구매,2023,해군군수사령부,물품(내자),산업기계,False,489.0,False,낙찰자선정,등록공고,N,
20230830,23년 의무장비(인공호흡기 이동식) 구매,2023,국방부 국군의무사령부,물품(내자),의료장비,False,118.0,False,낙찰자선정,재공고,N,
20230830,2023 본조달 의무장비(X선기 병원용 이동식) 구매,2023,국군수도병원,물품(내자),의료장비,True,0.0,True,유찰,등록공고,N,Y
20230905,2023년 육군 넥타이 제조,2023,육군군수사령부,물품(내자),피복·개인용품,False,24.0,False,낙찰자선정,변경공고,Y,
20230830,해군 조종 및 통제장비세트 제조 납품,2023,해군군수사령부,물품(내자),전기·조명,False,23.0,False,낙찰자선정,등록공고,Y,
20230831,육군 지게차 15000lb 제조,2023,육군군수사령부,물품(내자),운반·포장,False,2.0,False,낙찰자선정,등록공고,Y,
20230831,2023년 해군본부 중앙공급식 공기압축기(DMCM-600) 조달,2023,해군군수사령부,물품(내자),배관·공조,True,0.0,True,유찰,재공고,Y,
20230901,상무대 도시가스 인입 시설공사 - PE가스관,2023,육군상무대근무지원단,물품(내자),배관·공조,False,7.0,False,낙찰자선정,등록공고,Y,
20230901,"산소공급기, 산소소생기, 자동식 구매",2023,육군군수사령부,물품(내자),의료장비,False,,False,낙찰자선정,등록공고,N,
20230901,2023년 의무장비 X선기 수술용 C-arm 구매,2023,국군수도병원,물품(내자),의료장비,True,0.0,True,유찰,재공고,N,Y
20230901,2023 의무장비 초음파진단기 고급형 구매,2023,국군수도병원,물품(내자),의료장비,True,0.0,True,유찰,재공고,N,
20230905,23년 공군 1톤 화물차(4WD) 제조,2023,공군군수사령부,물품(내자),차량·수송장비,False,4.0,False,낙찰자선정,등록공고,Y,
20230905,23년 공군 1톤 화물차(2WD) 제조,2023,공군군수사령부,물품(내자),차량·수송장비,False,4.0,False,낙찰자선정,등록공고,Y,
20230921,23년 해병 정비플랫폼(고소작업트럭) 제조,2023,해군군수사령부,물품(내자),차량·수송장비,False,2.0,False,낙찰자선정,등록공고,Y,
20230911,23년 의무장비(수술등 야전용) 구매,2023,육군군수사령부,물품(내자),의료장비,False,218.0,False,낙찰자선정,등록공고,N,
20230904,해군 선박자동식별장치,2023,해군군수사령부,물품(내자),실험·측정기기,False,5.0,False,낙찰자선정,재공고,Y,
20230905,2023년 해군군수사령부 식품보존용기 조달,2023,해군군수사령부,물품(내자),가정용품,False,,False,낙찰자선정,등록공고,N,
20230906,2023년 육군 작전조끼(대테러) 제조,2023,육군군수사령부,물품(내자),피복·개인용품,False,19.0,False,낙찰자선정,등록공고,Y,
20230905,2023년 정보자원 교체 및 개선사업,2023,방위사업청,물품(내자),정보통신,False,2.0,False,낙찰자선정,등록공고,,Y
20230911,2023년 육군군수사령부  레이디얼 드릴링머신,2023,육군군수사령부,물품(내자),산업기계,False,425.0,False,낙찰자선정,등록공고,N,
20230905,독시사이클린수화물정 100mg 구매,2023,육군군수사령부,물품(내자),기타(51),False,10.0,False,낙찰자선정,등록공고,N,
20230905,과산화수소이온발생기 조달,2023,국방부 국군화생방방호사령부,물품(내자),실험·측정기기,True,0.0,True,유찰,재공고,N,Y
20230906,육해공군해병대 위장포(신형방탄헬멧용) 제조 납품,2023,육군군수사령부,물품(내자),스포츠·레저,False,10.0,False,낙찰자선정,등록공고,Y,
20230906,해안 및 항포구 통제용 경고방송장비,2023,해군군수사령부,물품(내자),국방·치안·보안,False,176.0,False,낙찰자선정,등록공고,Y,
20231024,23년 군종문고 구매,2023,국방부,물품(내자),출판물,False,,False,낙찰자선정,등록공고,N,
20230906,2023 국군수도병원 본조달 의무장비(수정체용해및주입기) 구매,2023,국군수도병원,물품(내자),의료장비,False,104.0,False,개찰완료,등록공고,N,
20230906,육군 위장포(KBH III형용) 제조 납품,2023,육군군수사령부,물품(내자),스포츠·레저,False,10.0,False,낙찰자선정,등록공고,Y,
20230907,2023년 육군군수사령부 기타미분류가구(총기보관함) 조달,2023,육군군수사령부,물품(내자),가구,False,14.0,False,낙찰자선정,등록공고,Y,
20230906,2023년 응급처치배낭 제조,2023,육군군수사령부,물품(내자),의료장비,False,11.0,False,낙찰자선정,등록공고,Y,
20230908,국군의무사령부 의료용가스공급장치 제조 납품,2023,국방부 국군의무사령부,물품(내자),의료장비,True,2.0,False,유찰,등록공고,Y,
20230907,해군 진동식롤러 구매,2023,해군군수사령부,물품(내자),건설장비,False,70.0,False,낙찰자선정,등록공고,N,
20230911,"23년 해병 구명구, 멍에/요크형 조달요청",2023,해병대 군수단,물품(내자),국방·치안·보안,False,2.0,False,낙찰자선정,등록공고,Y,
20230907,공군 차륜형굴착기(소형) 제조 납품,2023,공군군수사령부,물품(내자),건설장비,True,0.0,True,유찰,등록공고,Y,
20230907,공군 차륜형굴착기(중형) 제조 납품,2023,공군군수사령부,물품(내자),건설장비,True,0.0,True,유찰,등록공고,Y,
20230907,2023년 육군 수중시계 구매 조달,2023,육군군수사령부,물품(내자),기타(54),False,,False,낙찰자선정,등록공고,N,
20230908,2023년 공군군수사령부 식관몸통 및 식관뚜껑 조달,2023,공군군수사령부,물품(내자),가정용품,True,0.0,True,유찰,등록공고,Y,
20230911,23년 의무장비(광간섭촬영기) 구매,2023,국방부 국군의무사령부,물품(내자),의료장비,False,77.0,False,낙찰자선정,등록공고,N,
20230911,23년 육군 철제휘장류 제조,2023,육군군수사령부,물품(내자),피복·개인용품,False,28.0,False,낙찰자선정,등록공고,Y,
20230911,23년 공군 전용승용차 2.0 제조,2023,공군군수사령부,물품(내자),차량·수송장비,False,2.0,False,낙찰자선정,재공고,Y,
20230911,해군 로프발사총 조달,2023,해군군수사령부,물품(내자),국방·치안·보안,False,289.0,False,낙찰자선정,등록공고,N,
20230911,차세대 지능형 SDDC기반 국방통합데이터센터 구축사업 관련 추가 구축 사업,2023,국방통합데이터센터,물품(내자),정보통신,False,60.0,False,낙찰자선정,등록공고,N,Y
20230912,23년 사무용 데스크톱컴퓨터 도입사업,2023,국방부 국방전산정보원,물품(내자),정보통신,False,5.0,False,낙찰자선정,등록공고,Y,Y
20230913,23년 해군 카본헬멧 조달,2023,해군군수사령부,물품(내자),국방·치안·보안,False,823.0,False,낙찰자선정,등록공고,N,
20230912,2023년 공군군수사령부 종이타올(세척재료) 구매,2023,공군군수사령부,물품(내자),종이류,False,505.0,False,낙찰자선정,등록공고,N,
20230912,23년 국군서울지구병원 VoIP 교환기 교체사업,2023,국방부 국군의무사령부,물품(내자),정보통신,False,232.0,False,낙찰자선정,등록공고,N,
20230912,"해병대 고무보트(7인승, 고속) 제조 납품",2023,해군군수사령부,물품(내자),차량·수송장비,True,0.0,True,유찰,등록공고,Y,
20230913,23년 해군 철제휘장류 제조,2023,해군군수사령부,물품(내자),피복·개인용품,False,16.0,False,낙찰자선정,등록공고,Y,
20230913,23년)공군 인식표용 튜브 및 고무링 구매 조달,2023,공군군수사령부,물품(내자),제조부품,False,,False,낙찰자선정,등록공고,N,
20230914,23년 육군 철제부대표지 제조,2023,육군군수사령부,물품(내자),출판물,False,22.0,False,낙찰자선정,등록공고,Y,
20230913,2023년 육군군수사령부 벌크컨테이너백(A-22형) 조달,2023,육군군수사령부,물품(내자),운반·포장,True,2.0,False,유찰,등록공고,Y,
20230919,23년 의무장비(수술대 정형외과용) 구매,2023,국방부 국군의무사령부,물품(내자),의료장비,False,144.0,False,낙찰자선정,변경공고,N,
20230913,(훈련피복) 고기능성 전투화 구매,2023,공군군수사령부,물품(내자),국방·치안·보안,False,16.0,False,낙찰자선정,재공고,N,
20230919,23년 조달의무장비 - 구강스캐너 구매,2023,국군대전병원,물품(내자),의료장비,False,138.0,False,낙찰자선정,등록공고,N,
20230914,자동혈구계산기,2023,육군군수사령부,물품(내자),의료장비,False,,False,낙찰자선정,등록공고,N,
20230914,생화학분석기,2023,육군군수사령부,물품(내자),실험·측정기기,False,,False,낙찰자선정,등록공고,N,
20230914,2023년 육군(특전사) 디지털 요대 제조,2023,육군군수사령부,물품(내자),피복·개인용품,False,12.0,False,낙찰자선정,등록공고,Y,
20230915,"23년 (해군, 육군) 소방헬멧 조달",2023,육군군수사령부,물품(내자),국방·치안·보안,False,425.0,False,낙찰자선정,등록공고,N,
20230914,해병대 디젤발전기 30kW 제조,2023,해군군수사령부,물품(내자),발전·배전,False,6.0,False,낙찰자선정,등록공고,Y,
20231005,2023년 국군의무사령부 의무장비(환자관찰장치 이동형) 조달,2023,국방부 국군의무사령부,물품(내자),의료장비,True,0.0,True,유찰,등록공고,Y,
20231012,23년 육군 안전벨트 제조,2023,육군군수사령부,물품(내자),국방·치안·보안,False,2.0,False,낙찰자선정,등록공고,Y,
20230918,23년 해군 목재선반 구매,2023,해군군수사령부,물품(내자),산업기계,False,,False,낙찰자선정,등록공고,N,
20230915,2023년 본조달 의무장비(미생물 자동동정기) 구매,2023,국군수도병원,물품(내자),실험·측정기기,False,961.0,False,낙찰자선정,등록공고,N,Y
20230915,23년 육군 휴대용핵종분석기 조달 구매,2023,육군군수사령부,물품(내자),발전·배전,False,,False,낙찰자선정,등록공고,N,
20230915,23년 해군 내화비밀보관함 구매,2023,해군군수사령부,물품(내자),국방·치안·보안,False,,False,낙찰자선정,등록공고,N,
20230915,23년 육군 BC구명의(잠수용부력조절기) 구매 요청,2023,육군군수사령부,물품(내자),스포츠·레저,False,821.0,False,낙찰자선정,등록공고,N,
20230918,2023년 해병대 수색대 혹한복 제조,2023,해병대 군수단,물품(내자),피복·개인용품,False,8.0,False,낙찰자선정,등록공고,Y,
20230918,23년 해군 목재대패기 구매,2023,해군군수사령부,물품(내자),산업기계,False,,False,낙찰자선정,등록공고,N,
20230919,육군 취사용 수레(원통형) 구매,2023,육군군수사령부,물품(내자),운반·포장,False,342.0,False,낙찰자선정,등록공고,N,
20230919,국군의무사령부 멸균소독기 소형(육군 등) 구매,2023,국방부 국군의무사령부,물품(내자),의료장비,False,438.0,False,낙찰자선정,등록공고,N,
20230919,국군의무사령부 멸균소독기 소형(해군 등) 구매,2023,국방부 국군의무사령부,물품(내자),의료장비,False,575.0,False,낙찰자선정,등록공고,N,
20230919,"23년 육군, 해군 무릎/팔꿈치 보호대 제조",2023,육군군수사령부,물품(내자),국방·치안·보안,False,11.0,False,낙찰자선정,등록공고,Y,
20230919,2023년 본조달 의무장비(환자체온조절기 자동식 물타입) 구매,2023,국군수도병원,물품(내자),의료장비,False,141.0,False,낙찰자선정,등록공고,N,
20230919,2023년 본조달 의무장비(혈액가온장치 응급의학과) 구매,2023,국군수도병원,물품(내자),의료장비,False,32.0,False,개찰완료,재공고,N,Y
20230919,23년 해병대 3톤 구난트럭 제조,2023,해군군수사령부,물품(내자),차량·수송장비,False,4.0,False,낙찰자선정,등록공고,Y,
20230919,국군의무사령부 의료용가스공급장치 제조 납품,2023,국방부 국군의무사령부,물품(내자),의료장비,False,4.0,False,낙찰자선정,재공고,Y,
20230925,해병대 지게차 3종 제조,2023,해군군수사령부,물품(내자),운반·포장,True,0.0,True,유찰,등록공고,Y,
20230920,23년 의무장비(X-선기 검진용 디지털) 구매,2023,국방부 국군의무사령부,물품(내자),의료장비,False,2.0,False,낙찰자선정,재공고,N,Y
20231004,2023년 해군군수사령부 이동식공기압축기(250CFM) 조달,2023,해군군수사령부,물품(내자),배관·공조,False,14.0,False,낙찰자선정,등록공고,Y,
20230922,2023년 의무장비(환자관찰장치 중앙 및 침상용) 조달,2023,국방부 국군의무사령부,물품(내자),의료장비,False,981.0,False,낙찰자선정,등록공고,N,
20230926,2023년 육군군수사령부 벌크컨테이너백(A-22형) 조달,2023,육군군수사령부,물품(내자),운반·포장,False,3.0,False,낙찰자선정,등록공고,Y,
20230921,"육군,공군,해병) 23년 군용 인식표줄 조달(제조)",2023,육군군수사령부,물품(내자),제조부품,False,3.0,False,낙찰자선정,등록공고,Y,
20231006,2023년 국군수도병원 의무장비(환자관찰장치 이동형) 조달,2023,국군수도병원,물품(내자),의료장비,True,0.0,True,유찰,등록공고,Y,
20230922,23년 의무장비(주변시야계) 구매,2023,국방부 국군의무사령부,물품(내자),의료장비,False,87.0,False,낙찰자선정,등록공고,N,
20230925,"23년 [육군, 공군] 로프발사기(투색장치) 조달",2023,육군군수사령부,물품(내자),국방·치안·보안,True,0.0,True,유찰,등록공고,N,
20230925,2023년 특전사 전투조끼 제조,2023,육군군수사령부,물품(내자),피복·개인용품,False,24.0,False,낙찰자선정,등록공고,Y,
20230925,해군 지게차 6000lb 제조,2023,해군군수사령부,물품(내자),운반·포장,True,0.0,True,유찰,등록공고,Y,
20230926,23년 육군 포제흉장류 제조,2023,육군군수사령부,물품(내자),피복·개인용품,False,14.0,False,낙찰자선정,등록공고,Y,
20230926,해군 위성항법장치,2023,해군군수사령부,물품(내자),실험·측정기기,False,193.0,False,낙찰자선정,등록공고,N,
20230926,23년 공군 런닝셔츠(백색 T형) 제조,2023,공군군수사령부,물품(내자),피복·개인용품,False,20.0,False,낙찰자선정,등록공고,Y,
20230927,23년 해군 중소형함용 측심기 조달,2023,해군군수사령부,물품(내자),실험·측정기기,False,278.0,False,낙찰자선정,등록공고,N,
20230927,2023 본조달 의무장비(X선기 병원용 이동식) 구매,2023,국군수도병원,물품(내자),의료장비,True,0.0,True,유찰,등록공고,N,Y
20230927,엑스선기 병원용 디지털 구매,2023,국군대전병원,물품(내자),의료장비,False,2.0,False,낙찰자선정,등록공고,N,Y
20231004,23년 해병대 철제휘장 제조,2023,해병대 군수단,물품(내자),피복·개인용품,False,18.0,False,낙찰자선정,등록공고,Y,
20231004,국군의무사령부 공압식지혈대(지혈대 자동식) 구매,2023,국방부 국군의무사령부,물품(내자),의료장비,False,152.0,False,낙찰자선정,등록공고,N,
20231005,23년 육군 전투복하의용 고무줄 구매(간부/현역),2023,육군군수사령부,물품(내자),사무기기,False,,False,낙찰자선정,등록공고,N,
20231006,2023년 해군 인식표용 튜브 및 고무링 구매,2023,해군군수사령부,물품(내자),제조부품,False,,False,낙찰자선정,등록공고,N,
20231012,해군 지게차 6000lb 제조,2023,해군군수사령부,물품(내자),운반·포장,True,0.0,True,유찰,재공고,Y,
20231013,2023년 국군의무사령부 의무장비(환자관찰장치 이동형) 조달,2023,국방부 국군의무사령부,물품(내자),의료장비,True,2.0,False,유찰,재공고,Y,
20231013,2023 본조달 의무장비(X선기 병원용 이동식) 구매,2023,국군수도병원,물품(내자),의료장비,True,0.0,True,유찰,등록공고,N,Y
20231016,23년 해군군수사령부 폴리프로필렌로프 32mm(40m)등 2품목,2023,해군군수사령부,물품(내자),제조부품,False,7.0,False,낙찰자선정,등록공고,Y,
20231018,23년 해군 분말소화기 2종 구매,2023,해군군수사령부,물품(내자),국방·치안·보안,False,4.0,False,낙찰자선정,등록공고,Y,
20231017,2023년 국군수도병원 의무장비(환자관찰장치 이동형) 조달,2023,국군수도병원,물품(내자),의료장비,True,0.0,True,유찰,재공고,Y,
20231017,23년 해군 머시닝센터(대형) 구매,2023,해군군수사령부,물품(내자),산업기계,False,6.0,False,개찰완료,등록공고,N,
20231017,23년 해군 머시닝센터(중형) 구매,2023,해군군수사령부,물품(내자),산업기계,False,4.0,False,개찰완료,등록공고,N,
20231017,23년 해군 금속재절단기 구매,2023,해군군수사령부,물품(내자),산업기계,False,352.0,False,낙찰자선정,등록공고,N,
20231017,23년 해군 수온음속측정기 조달,2023,해군군수사령부,물품(내자),실험·측정기기,True,0.0,True,유찰,등록공고,Y,
20231017,23년 육군 자동선반 구매,2023,육군군수사령부,물품(내자),산업기계,False,,False,낙찰자선정,등록공고,N,
20231017,조달의무장비-초음파진단기 산부인과용,2023,국군대전병원,물품(내자),의료장비,True,0.0,True,유찰,등록공고,N,Y
20231023,23년 해군군수사령부 야전앰프 조달,2023,해군군수사령부,물품(내자),가정용품,False,970.0,False,낙찰자선정,등록공고,N,
20231018,양압식공기호흡기-2형 계약의뢰,2023,국방부 국군화생방방호사령부,물품(내자),국방·치안·보안,True,0.0,True,유찰,등록공고,N,Y
20231018,23년 의무장비(전자동 정제분류포장기) 구매,2023,국방부 국군의무사령부,물품(내자),의료장비,False,,False,낙찰자선정,등록공고,N,
20231018,자동혈구계산기(동물용),2023,육군군수사령부,물품(내자),의료장비,False,9.0,False,낙찰자선정,등록공고,,
20231024,조달의무장비-자동세척건조기대형,2023,국군대전병원,물품(내자),의료장비,True,0.0,True,유찰,등록공고,N,
20231110,23년 해군군수사령부 인식표줄 조달(제조),2023,해군군수사령부,물품(내자),제조부품,False,3.0,False,낙찰자선정,등록공고,Y,
20231020,"23년 육군 분광계, 회절격자용 원거리영상화학탐지장비세트) 구매",2023,육군군수사령부,물품(내자),정보통신,True,0.0,True,유찰,등록공고,N,Y
20231020,23년 의무장비(수술대 정형외과용) 구매,2023,국방부 국군의무사령부,물품(내자),의료장비,False,242.0,False,낙찰자선정,재공고,N,
20231024,2023년 국군의무사령부 의무장비(환자관찰장치 이동형) 조달,2023,국방부 국군의무사령부,물품(내자),의료장비,False,2.0,False,낙찰자선정,등록공고,Y,
20231025,2023 본조달 의무장비(X선기 병원용 이동식) 구매,2023,국군수도병원,물품(내자),의료장비,True,0.0,True,유찰,등록공고,N,Y
20231025,23년 해군 소형선반 구매,2023,해군군수사령부,물품(내자),산업기계,False,460.0,False,낙찰자선정,등록공고,N,
20231026,23년 육군 철제계급장류(추가) 제조,2023,육군군수사령부,물품(내자),출판물,False,12.0,False,낙찰자선정,등록공고,Y,
20231026,23년 해군 수온음속측정기 조달,2023,해군군수사령부,물품(내자),실험·측정기기,True,0.0,True,유찰,재공고,Y,
20231026,23년 육군 포제계급장류(추가) 제조,2023,육군군수사령부,물품(내자),피복·개인용품,False,19.0,False,낙찰자선정,등록공고,Y,
20231027,"23년 (해군, 육군) 소방헬멧 조달",2023,육군군수사령부,물품(내자),국방·치안·보안,False,324.0,False,낙찰자선정,등록공고,N,
20231101,2023년육군 보존식 용기(용기세트) 구매 조달,2023,육군군수사령부,물품(내자),가정용품,False,,False,낙찰자선정,등록공고,N,
20231031,연구소 기동형방사능측정셋 구매,2023,국방부 국군화생방방호사령부,물품(내자),발전·배전,True,0.0,True,유찰,등록공고,N,Y
20231109,"23년 [육군, 공군] 로프발사기(투색장치) 조달",2023,육군군수사령부,물품(내자),국방·치안·보안,True,0.0,True,유찰,재공고,N,
20231031,23년 육군 방풍안경 조달,2023,육군군수사령부,물품(내자),국방·치안·보안,False,4.0,False,낙찰자선정,등록공고,Y,
20231102,23년 해군 철판원형가공기 구매,2023,해군군수사령부,물품(내자),산업기계,False,480.0,False,낙찰자선정,등록공고,N,
20231101,양압식공기호흡기-2형 계약의뢰,2023,국방부 국군화생방방호사령부,물품(내자),국방·치안·보안,True,0.0,True,유찰,재공고,N,Y
20231031,"23년 공군 덮개,침구용(여름이불) 조달",2023,공군군수사령부,물품(내자),가정용품,False,26.0,False,낙찰자선정,등록공고,Y,
20231031,조달의무장비-초음파진단기 산부인과용,2023,국군대전병원,물품(내자),의료장비,False,2.0,False,낙찰자선정,재공고,N,Y
20231101,차세대 지능형 SDDC기반 DIDC 구축 사업 관련 네트워크 장비 추가 도입 사업,2023,국방통합데이터센터,물품(내자),정보통신,False,108.0,False,낙찰자선정,등록공고,N,Y
20231102,2023년도 방송제작시스템 교체 사업,2023,국방부 국방홍보원,물품(내자),정보통신,False,2.0,False,낙찰자선정,등록공고,N,Y
20231101,해군 디젤지게차 6000lb 제조,2023,해군군수사령부,물품(내자),운반·포장,True,0.0,True,유찰,등록공고,Y,
20231108,23년 공군 학군단 외투 제조(체촌) 정정공고,2023,공군군수사령부,물품(내자),피복·개인용품,False,21.0,False,낙찰자선정,변경공고,Y,
20231102,23년 해군 컴퓨터레이저조각기 제조,2023,해군군수사령부,물품(내자),산업기계,False,2.0,False,낙찰자선정,등록공고,Y,
20231102,"23년 (육군, 해병대) 난연 안면두건 조달",2023,육군군수사령부,물품(내자),국방·치안·보안,False,12.0,False,낙찰자선정,등록공고,Y,
20231106,23년 공군 런닝셔츠(백색 T형) 제조,2023,공군군수사령부,물품(내자),피복·개인용품,False,15.0,False,낙찰자선정,재공고,Y,
20231107,23년 육군 저상형트레일러 제조,2023,육군군수사령부,물품(내자),차량·수송장비,False,2.0,False,낙찰자선정,등록공고,Y,
20231109,23년 해군 구명조끼용 덮개 1품목 제조 구매,2023,해군군수사령부,물품(내자),국방·치안·보안,False,2.0,False,낙찰자선정,등록공고,Y,
20231108,23년 해군 와이어압착기 구매,2023,해군군수사령부,물품(내자),산업기계,False,505.0,False,낙찰자선정,등록공고,N,
20231110,양압식공기호흡기-2형 계약의뢰,2023,국방부 국군화생방방호사령부,물품(내자),국방·치안·보안,True,0.0,True,유찰,등록공고,N,Y
20231115,23년 진중문고 오디오북 구매(2차) 사업,2023,국방부,물품(내자),정보통신,False,135.0,False,낙찰자선정,등록공고,N,
20231110,조달의무장비 - 초음파진단기심장용,2023,국군대전병원,물품(내자),의료장비,False,3.0,False,낙찰자선정,등록공고,N,Y
20231110,해군 디젤지게차 6000lb 제조,2023,해군군수사령부,물품(내자),운반·포장,True,0.0,True,유찰,재공고,Y,
20231109,23년 해군 비금속(목재용) 절단기 제조,2023,해군군수사령부,물품(내자),산업기계,False,3.0,False,낙찰자선정,등록공고,Y,
20231110,의무장비(수술대-정형외과용) 구매,2023,국군대전병원,물품(내자),의료장비,False,160.0,False,낙찰자선정,등록공고,N,
20231121,감시장비영상개선장비,2023,해군군수사령부,물품(내자),국방·치안·보안,True,0.0,True,유찰,변경공고,Y,
20231114,"육군 야전삽피(다기능,디지털무늬,특전사용)",2023,육군군수사령부,물품(내자),가정용품,False,12.0,False,낙찰자선정,등록공고,Y,
20231115,연구소 기동형방사능측정셋 구매,2023,국방부 국군화생방방호사령부,물품(내자),발전·배전,True,0.0,True,유찰,재공고,N,Y
20231117,2023년 육군 외상환자 마네킹 등 4품목  구매,2023,육군군수사령부,물품(내자),의료장비,False,181.0,False,낙찰자선정,등록공고,N,
20231117,23년 해군 머시닝센터(대형) 구매,2023,해군군수사령부,물품(내자),산업기계,False,5.0,False,낙찰자선정,등록공고,N,Y
20231117,23년 해군 머시닝센터(중형) 구매,2023,해군군수사령부,물품(내자),산업기계,False,4.0,False,낙찰자선정,등록공고,N,
20231120,23년 의무장비(수술대 신경외과용) 구매,2023,국방부 국군의무사령부,물품(내자),의료장비,False,119.0,False,낙찰자선정,등록공고,N,
20231120,23년 의무장비(수술대 정형외과용) 구매,2023,국방부 국군의무사령부,물품(내자),의료장비,False,61.0,False,낙찰자선정,등록공고,N,
20231122,공군 세탁용 액상세제 2종(제조),2023,공군군수사령부,물품(내자),청소장비,False,14.0,False,낙찰자선정,등록공고,Y,
20231120,23년 육군 개인장구류 명찰세트 제조,2023,육군군수사령부,물품(내자),출판물,False,12.0,False,낙찰자선정,등록공고,Y,
20231121,23년 해군 절곡기(추가) 제조,2023,해군군수사령부,물품(내자),산업기계,False,4.0,False,낙찰자선정,등록공고,Y,
20231128,23년 해군 CNC 플라즈마 절단기 제조,2023,해군군수사령부,물품(내자),산업기계,True,0.0,True,유찰,등록공고,Y,
20231123,23년 해군군수사령부 인식표줄 조달(제조),2023,해군군수사령부,물품(내자),제조부품,False,3.0,False,낙찰자선정,재공고,Y,
20231124,"23년 육군 분광계, 회절격자용 원거리영상화학탐지장비세트) 구매",2023,육군군수사령부,물품(내자),정보통신,True,0.0,True,유찰,재공고,N,Y
20231127,23년 해병 트랙터 제조,2023,해군군수사령부,물품(내자),차량·수송장비,False,2.0,False,낙찰자선정,등록공고,Y,
20231127,국방통합원가시스템 DBMS 이중화 SW 구매(리스조건부),2023,방위사업청,물품(내자),정보통신,False,25.0,False,낙찰자선정,등록공고,N,Y
20231129,양압식공기호흡기-2형 계약의뢰,2023,국방부 국군화생방방호사령부,물품(내자),국방·치안·보안,True,0.0,True,유찰,재공고,N,Y
20231128,국군화생방방호사령부 디젤발전기 10kW 제조,2023,국방부 국군화생방방호사령부,물품(내자),발전·배전,False,7.0,False,낙찰자선정,등록공고,Y,
20231205,23년 육군 비금속 3D프린터 제조,2023,육군군수사령부,물품(내자),산업기계,False,7.0,False,낙찰자선정,등록공고,Y,
20231129,감시장비영상개선장비,2023,해군군수사령부,물품(내자),국방·치안·보안,True,0.0,True,유찰,재공고,Y,
20231206,해군 구두약(흑색용) 구매,2023,해군군수사령부,물품(내자),청소장비,False,248.0,False,낙찰자선정,등록공고,N,
20231206,(재공고)23년 해군 CNC 플라즈마 절단기 제조,2023,해군군수사령부,물품(내자),산업기계,True,0.0,True,유찰,재공고,Y,
20231208,"육군 나일론로프, 등반용(50m)",2023,육군군수사령부,물품(내자),제조부품,True,0.0,True,유찰,등록공고,Y,
20231211,공군 구두약(흑색용) 구매,2023,공군군수사령부,물품(내자),청소장비,False,160.0,False,낙찰자선정,등록공고,N,
20231214,2023년 육군 물백 제조 조달,2023,육군군수사령부,물품(내자),피복·개인용품,False,21.0,False,낙찰자선정,등록공고,Y,
20231214,(재공고)23년 해군 CNC 플라즈마 절단기 제조,2023,해군군수사령부,물품(내자),산업기계,True,0.0,True,유찰,재공고,Y,
20230102,23년 민군작전모의모델 유지관리 용역사업,2023,국방부 합동참모본부,일반용역,엔지니어링·연구,False,1.0,False,낙찰자선정,등록공고,,Y
20230108,23년 예비군 웹사이트 휴대폰 본인확인 서비스 운영,2023,국방부,일반용역,경영·행정서비스,False,1.0,False,낙찰자선정,등록공고,,Y
20230118,2023년 국방홍보원 홈페이지(모바일 포함) 통합운영유지 및 개선사업,2023,국방부 국방홍보원,일반용역,엔지니어링·연구,False,1.0,False,낙찰자선정,등록공고,,
20230119,분석실험실 운용장비 정비용역 계약,2023,국방부 합동참모본부,일반용역,엔지니어링·연구,False,1.0,False,낙찰자선정,등록공고,,Y
20230126,2023년 위문열차 공연 진행/분장/의자설치 등,2023,국방부 국방홍보원,일반용역,경영·행정서비스,False,1.0,False,낙찰자선정,등록공고,,
20230126,23년 국방획득정보체계 전담기관 유지보수 사업,2023,국방부 국방전산정보원,일반용역,엔지니어링·연구,False,1.0,False,낙찰자선정,등록공고,,
20230207,2023년 군사정보체계 유지보수,2023,국방부 국방정보본부,일반용역,엔지니어링·연구,False,1.0,False,낙찰자선정,등록공고,,
20230216,23년 연합연습정보체계(CEIS-K),2023,국방부 합동참모본부,일반용역,엔지니어링·연구,False,1.0,False,낙찰자선정,등록공고,,
20230220,23년 국방정보기술표준(DITA) 현행화 사업,2023,합동상호운용성기술센터,일반용역,경영·행정서비스,False,1.0,False,낙찰자선정,등록공고,,
20230221,23년 예비군 안보교육 전문강사 교육단체 선정,2023,국방부,일반용역,경영·행정서비스,False,1.0,False,낙찰자선정,등록공고,,Y
20230222,2023년 나라사랑 체험학습 교육 프로그램 용역,2023,국방부 국립서울현충원,일반용역,교육훈련,False,1.0,False,낙찰자선정,등록공고,,
20230224,국방데이터 관리활용 통합지원 사업,2023,국방부,일반용역,경영·행정서비스,False,1.0,False,낙찰자선정,등록공고,,
20230227,우수 상용품 시범사용 연구 및 위탁운영,2023,국방부,일반용역,경영·행정서비스,False,1.0,False,낙찰자선정,등록공고,,Y
20230307,합동작전분석모델 2 유지관리 용역사업,2023,국방부 합동참모본부,일반용역,엔지니어링·연구,False,1.0,False,낙찰자선정,등록공고,,Y
20230309,차세대 지능형 SDDC기반 DIDC 구축 사업 관련 가상화 SW 직접구매 및 설치,2023,국방통합데이터센터,일반용역,엔지니어링·연구,True,0.0,True,유찰,등록공고,,
20230322,차세대 지능형 SDDC기반 DIDC 구축 사업 관련 가상화 SW 직접구매 및 설치,2023,국방통합데이터센터,일반용역,엔지니어링·연구,False,1.0,False,낙찰자선정,등록공고,,
20230328,23년 국방실험사업 지원 용역사업,2023,국방부,일반용역,경영·행정서비스,False,1.0,False,낙찰자선정,등록공고,,
20230323,23년 군수경영혁신사업 용역,2023,국방부,일반용역,경영·행정서비스,False,1.0,False,낙찰자선정,등록공고,,Y
20230411,SW Diffing/Comparing 자동화체계 ISP 사업,2023,4284부대,일반용역,경영·행정서비스,False,1.0,False,낙찰자선정,등록공고,,
20230411,국방 무인체계 표준화 방안 및 추진계획 연구 사업,2023,합동상호운용성기술센터,일반용역,경영·행정서비스,False,1.0,False,낙찰자선정,등록공고,,
20230413,23년 빅데이터분석체계 고도화,2023,국군제9965부대,일반용역,엔지니어링·연구,False,1.0,False,낙찰자선정,등록공고,,
20230420,2023년 호국전몰용사 공훈록 작성 용역,2023,국방부 국방부군사편찬연구소,일반용역,경영·행정서비스,False,1.0,False,낙찰자선정,등록공고,,
20230421,국방 온나라 2.0 전환 선행(1단계) 및 국방부 기술자격검정(CBT) 구축 PMO 사업,2023,국방부 국방전산정보원,일반용역,경영·행정서비스,False,1.0,False,낙찰자선정,등록공고,,Y
20230424,23년 행정정보통합지원체계 성능개선 사업,2023,국방부 국방전산정보원,일반용역,엔지니어링·연구,False,1.0,False,낙찰자선정,등록공고,,Y
20230427,23년 국방인사정보체계 유지보수 사업,2023,국방부 국방전산정보원,일반용역,엔지니어링·연구,False,1.0,False,낙찰자선정,등록공고,,Y
20230428,장병 체감형 원스톱 서비스 플랫폼 구축 ISP 수립 위탁,2023,국방부,일반용역,경영·행정서비스,False,1.0,False,낙찰자선정,등록공고,,
20230516,교육정보통합시스템 유지보수,2023,국군간호사관학교,일반용역,엔지니어링·연구,False,1.0,False,낙찰자선정,등록공고,,
20230522,23년 군 온라인 문화예술 체험형 강의콘텐츠 임차 및 위탁운영,2023,국방부,일반용역,교육훈련,False,1.0,False,낙찰자선정,등록공고,,Y
20230608,23년 정보보안 수준강화 컨설팅,2023,국방부,일반용역,경영·행정서비스,False,1.0,False,낙찰자선정,등록공고,,
20230625,국군장병 국내 항공권 발권/정산 운영 대행사 선정,2023,국방부 국군수송사령부,일반용역,경영·행정서비스,False,1.0,False,낙찰자선정,등록공고,,
20230626,차세대 지능형 SDDC 기반 DIDC 구축사업 관련 국방 클라우드 추가 증설 구축사업,2023,국방통합데이터센터,일반용역,엔지니어링·연구,False,1.0,False,낙찰자선정,등록공고,,Y
20230629,국방 증명서 통합발급체계 구축사업,2023,국방부 국방전산정보원,일반용역,엔지니어링·연구,False,1.0,False,낙찰자선정,등록공고,,
20230710,23~24년 간부 휴대전화 보안통제체계 유지보수 사업,2023,국방부 국방전산정보원,일반용역,엔지니어링·연구,False,1.0,False,낙찰자선정,등록공고,,Y
20230726,2023년 제19회 국방일보 전우마라톤 대회 운영 대행사 선정,2023,국방부 국방홍보원,일반용역,경영·행정서비스,False,1.0,False,낙찰자선정,등록공고,,
20230801,2023년 암호장비 유지보수 용역사업,2023,해군본부,일반용역,엔지니어링·연구,False,1.0,False,낙찰자선정,등록공고,,Y
20230802,23년 공군 암호장비 유지보수 용역계약,2023,공군제7항공통신전대,일반용역,엔지니어링·연구,False,1.0,False,낙찰자선정,등록공고,,Y
20230824,차세대 국방통합급여 데이터관리용 SW 직접구매 및 설치 사업,2023,국방통합데이터센터,일반용역,엔지니어링·연구,False,1.0,False,낙찰자선정,등록공고,,
20230915,23-M-해병대 암호장비 유지보수 용역,2023,해병 제9691부대,일반용역,엔지니어링·연구,False,1.0,False,낙찰자선정,등록공고,,
20231020,000시스템 유지보수 용역,2023,국군제9965부대,일반용역,엔지니어링·연구,False,1.0,False,낙찰자선정,등록공고,,Y
20231103,24~25년 국방건축행정시스템 유지관리 사업,2023,국방시설본부,일반용역,엔지니어링·연구,False,1.0,False,낙찰자선정,등록공고,,
20231109,24년 합동작전분석모델Ⅱ 유지관리 용역사업,2023,국방부 합동참모본부,일반용역,엔지니어링·연구,False,1.0,False,낙찰자선정,등록공고,,Y
20231110,2024년 국방홍보원 정보시스템 유지보수 사업,2023,국방부 국방홍보원,일반용역,엔지니어링·연구,False,1.0,False,낙찰자선정,등록공고,,Y
20231114,23년 육군경비정 추진기 교체사업,2023,육군군수사령부,일반용역,산업생산서비스,False,1.0,False,낙찰자선정,등록공고,,
20231122,24년 분석기술 용역,2023,국방부 합동참모본부,일반용역,경영·행정서비스,False,1.0,False,낙찰자선정,등록공고,,
20231122,2024년 국방홍보원 홈페이지(모바일 포함) 통합운영유지 및 개선사업,2023,국방부 국방홍보원,일반용역,엔지니어링·연구,False,1.0,False,낙찰자선정,등록공고,,Y
20231123,차세대 군사법정보시스템 구축사업,2023,국방부 국방전산정보원,일반용역,엔지니어링·연구,False,1.0,False,낙찰자선정,등록공고,,
20231124,24년 국방자원관리정보체계 전담기관 통합유지보수사업,2023,국방부 국방전산정보원,일반용역,엔지니어링·연구,False,1.0,False,낙찰자선정,등록공고,,
20231127,24년 국내개발 무기효과자료 구축 연구사업,2023,국방부 합동참모본부,일반용역,경영·행정서비스,False,1.0,False,낙찰자선정,등록공고,,Y
20231127,24년 C4ISR분석모델 유지관리 용역,2023,국방부 합동참모본부,일반용역,엔지니어링·연구,False,1.0,False,낙찰자선정,등록공고,,
20231129,합동지속지원모의모델 유지관리 용역,2023,국방부 합동참모본부,일반용역,엔지니어링·연구,False,1.0,False,낙찰자선정,등록공고,,
20231130,24~25년 육군 암호장비 유지보수 용역사업,2023,육군본부 정보작전참모부,일반용역,엔지니어링·연구,False,1.0,False,낙찰자선정,등록공고,,Y
20231206,2024년도 국방일보 인쇄 및 배달 용역사업,2023,국방부 국방홍보원,일반용역,편집·디자인,False,1.0,False,낙찰자선정,등록공고,,Y
20231204,2024년 합동정보모의모델 유지관리 용역,2023,국방부 합동참모본부,일반용역,엔지니어링·연구,False,1.0,False,낙찰자선정,등록공고,,
20231208,24년 대화력전모의모델 유지관리사업,2023,국방부 합동참모본부,일반용역,엔지니어링·연구,False,1.0,False,낙찰자선정,등록공고,,
20231206,24년 국방통계정보체계 전담기관 유지보수사업,2023,국방부 국방전산정보원,일반용역,엔지니어링·연구,False,1.0,False,낙찰자선정,등록공고,,
20231207,2024년 국방일보 조판시스템 유지보수 사업,2023,국방부 국방홍보원,일반용역,엔지니어링·연구,False,1.0,False,낙찰자선정,등록공고,,Y
20231207,24년 지상무기효과분석모델 유지관리 용역,2023,국방부 합동참모본부,일반용역,엔지니어링·연구,False,1.0,False,낙찰자선정,등록공고,,Y
20231208,24년 국방연동관리체계(DIMS) 유지보수 사업,2023,국방부 국방전산정보원,일반용역,엔지니어링·연구,False,1.0,False,낙찰자선정,등록공고,,
20231212,24년 장병자기개발 학습콘텐츠 지원사업,2023,국방부,일반용역,경영·행정서비스,False,1.0,False,낙찰자선정,등록공고,,
20231212,2024년도 간부 e-지식복지사업,2023,국방부,일반용역,경영·행정서비스,False,1.0,False,낙찰자선정,등록공고,,
20231212,24년 민군작전모의모델 유지관리 용역,2023,국방부 합동참모본부,일반용역,엔지니어링·연구,False,1.0,False,낙찰자선정,등록공고,,
20231212,24-25 상호운용성지원시스템 통합유지보수사업,2023,합동상호운용성기술센터,일반용역,엔지니어링·연구,False,1.0,False,낙찰자선정,등록공고,,
20231213,24~26년 ms-grps 유지보수 용역 계약 추진계획,2023,국군제9965부대,일반용역,엔지니어링·연구,False,1.0,False,낙찰자선정,등록공고,,Y
20231219,2024년 귀환포로 정착지원사업,2023,국방부,일반용역,경영·행정서비스,False,1.0,False,낙찰자선정,등록공고,,
20231227,2024년 국방실험사업 지원 용역사업,2023,국방부,일반용역,경영·행정서비스,False,1.0,False,낙찰자선정,등록공고,,
20231227,24년 정보화교육 위탁사업,2023,국방부 국방전산정보원,일반용역,경영·행정서비스,False,1.0,False,낙찰자선정,등록공고,,
20230103,23년 연합연습정보체계(CEIS-K),2023,국방부 합동참모본부,일반용역,엔지니어링·연구,True,0.0,True,유찰,등록공고,,Y
20230111,23년 국방부 온라인 종합홍보 용역,2023,국방부,일반용역,경영·행정서비스,False,4.0,False,낙찰자선정,등록공고,,Y
20230111,23년 예비군 안보교육 전문강사 교육단체 선정,2023,국방부,일반용역,경영·행정서비스,True,0.0,True,유찰,등록공고,,Y
20230202,23~24년 자원체계 통합 유지보수 용역,2023,국방부 국군지휘통신사령부,일반용역,엔지니어링·연구,False,2.0,False,낙찰자선정,등록공고,,Y
20230127,2023년 나라사랑 체험학습 교육 프로그램 용역,2023,국방부 국립서울현충원,일반용역,교육훈련,True,0.0,True,유찰,등록공고,,
20230203,23년 통합홍보용역,2023,국방부 국방부유해발굴감식단,일반용역,경영·행정서비스,False,2.0,False,낙찰자선정,등록공고,,Y
20230131,23년 국방부 영상 콘텐츠 기획.제작 용역,2023,국방부,일반용역,편집·디자인,False,6.0,False,낙찰자선정,등록공고,,Y
20230203,합동작전분석모델 2 유지관리 용역사업,2023,국방부 합동참모본부,일반용역,엔지니어링·연구,True,0.0,True,유찰,등록공고,,Y
20230203,우수 상용품 시범사용 연구 및 위탁운영,2023,국방부,일반용역,경영·행정서비스,True,0.0,True,유찰,등록공고,,Y
20230207,유사통신망(비밀망) 네트워크 통합 ISP 용역연구사업,2023,국방부 합동참모본부,일반용역,경영·행정서비스,False,3.0,False,낙찰자선정,등록공고,,Y
20230208,비전21모델 성능개량 체계개발 감리용역사업,2023,방위사업청,일반용역,경영·행정서비스,False,3.0,False,낙찰자선정,등록공고,,Y
20230209,예비군훈련 소집통지서 모바일송달(2차발송) 서비스,2023,국방부,일반용역,경영·행정서비스,False,3.0,False,낙찰자선정,등록공고,,
20230213,23년 군수경영혁신사업 용역,2023,국방부,일반용역,경영·행정서비스,True,0.0,True,유찰,등록공고,,Y
20230210,예비군훈련 소집통지서 모바일 송달(1차발송) 서비스,2023,국방부,일반용역,경영·행정서비스,False,3.0,False,낙찰자선정,등록공고,,Y
20230213,23년 예비군 훈련 소집통지서 모바일송달 서비스 3차,2023,국방부,일반용역,경영·행정서비스,False,4.0,False,낙찰자선정,등록공고,,
20230214,유무인 복합전투체계 획득 기반조성 방안 연구,2023,국방부,일반용역,경영·행정서비스,False,2.0,False,낙찰자선정,등록공고,,
20230217,23년 군 성폭력 실태조사,2023,국방부,일반용역,경영·행정서비스,False,3.0,False,낙찰자선정,등록공고,,
20230223,국방 우주운영체계 발전방향 연구 용역,2023,국방부,일반용역,경영·행정서비스,False,4.0,False,낙찰자선정,등록공고,,Y
20230302,2023년 호국전몰용사 공훈록 작성 용역,2023,국방부 국방부군사편찬연구소,일반용역,경영·행정서비스,True,0.0,True,유찰,등록공고,,
20230308,국방 온나라 2.0 전환 선행(1단계) 및 국방부 기술자격검정(CBT) 체계 구축 사업,2023,국방부 국방전산정보원,일반용역,엔지니어링·연구,False,3.0,False,낙찰자선정,등록공고,,Y
20230310,2023년 C그룹 민간전문강사 초빙 교육,2023,국방부,일반용역,교육훈련,False,7.0,False,낙찰자선정,등록공고,,Y
20230313,2023년 A그룹 북한이탈주민 초빙 교육,2023,국방부,일반용역,경영·행정서비스,False,6.0,False,낙찰자선정,등록공고,,Y
20230316,23년 행정정보통합지원체계 성능개선 사업,2023,국방부 국방전산정보원,일반용역,엔지니어링·연구,True,0.0,True,유찰,등록공고,,Y
20230317,국방 온나라 2.0 전환 선행(1단계) 및 국방부 기술자격검정(CBT) 구축 PMO 사업,2023,국방부 국방전산정보원,일반용역,경영·행정서비스,True,0.0,True,유찰,등록공고,,Y
20230315,2023년 C그룹 북한이탈주민 초빙 교육,2023,국방부,일반용역,교육훈련,False,6.0,False,낙찰자선정,등록공고,,Y
20230313,2023년 B그룹 북한이탈주민 초빙 교육,2023,국방부,일반용역,경영·행정서비스,False,6.0,False,낙찰자선정,등록공고,,Y
20230313,23년 빅데이터분석체계 고도화,2023,국군제9965부대,일반용역,엔지니어링·연구,True,0.0,True,유찰,등록공고,,
20230316,2023년 B그룹 민간전문강사 초빙 교육,2023,국방부,일반용역,경영·행정서비스,False,7.0,False,낙찰자선정,등록공고,,Y
20230315,교육정보통합시스템 유지보수,2023,국군간호사관학교,일반용역,엔지니어링·연구,True,0.0,True,유찰,등록공고,,Y
20230320,사이버 정보 획득 연구,2023,4284부대,일반용역,경영·행정서비스,False,2.0,False,낙찰자선정,등록공고,,
20230315,2023년 A그룹 민간전문강사 초빙 교육,2023,국방부,일반용역,교육훈련,False,7.0,False,낙찰자선정,등록공고,,Y
20230317,SW Diffing/Comparing 자동화체계 ISP 사업,2023,4284부대,일반용역,경영·행정서비스,True,0.0,True,유찰,등록공고,,
20230320,2023년 1그룹 병 집중인성교육 용역,2023,국방부,일반용역,교육훈련,False,9.0,False,낙찰자선정,등록공고,,Y
20230320,23년 국군복지단 동여주 체력단련장 코스관리인력 부분용역,2023,국군복지단,일반용역,건설·시설서비스,False,890.0,False,낙찰자선정,등록공고,,
20230321,2023년 2그룹 병 집중인성교육 용역,2023,국방부,일반용역,교육훈련,False,9.0,False,낙찰자선정,등록공고,,Y
20230323,23년 3그룹 병 집중인성교육 위탁 운영,2023,국방부,일반용역,교육훈련,False,10.0,False,낙찰자선정,등록공고,,Y
20230324,23년 국방인사정보체계 유지보수 사업,2023,국방부 국방전산정보원,일반용역,엔지니어링·연구,True,0.0,True,유찰,등록공고,,Y
20230323,2023년 4그룹 병 집중인성교육 용역,2023,국방부,일반용역,교육훈련,False,10.0,False,낙찰자선정,등록공고,,Y
20230324,23년 국군복지단 처인체력단련장 코스관리인력 부분용역 계약의뢰,2023,국군복지단,일반용역,건설·시설서비스,False,784.0,False,낙찰자선정,등록공고,,
20230327,2023년 5그룹 병 집중인성교육 용역,2023,국방부,일반용역,교육훈련,False,9.0,False,낙찰자선정,등록공고,,Y
20230327,2023년 호국전몰용사 공훈록 작성 용역,2023,국방부 국방부군사편찬연구소,일반용역,경영·행정서비스,True,0.0,True,유찰,재공고,,
20230327,23~24년 국직부대 암호장비 유지보수 용역,2023,국방부 국군지휘통신사령부,일반용역,엔지니어링·연구,False,2.0,False,낙찰자선정,등록공고,,Y
20230327,방산업무전용 자료교환체계 구축사업 감리용역,2023,방위사업청,일반용역,경영·행정서비스,False,2.0,False,낙찰자선정,등록공고,,Y
20230329,23년 군 온라인 문화예술 체험형 강의콘텐츠 임차 및 위탁운영,2023,국방부,일반용역,교육훈련,True,0.0,True,유찰,등록공고,,Y
20230407,의료종합상황센터 통합관제시스템 PMO 사업,2023,국방부 국군의무사령부,일반용역,경영·행정서비스,True,0.0,True,유찰,등록공고,,Y
20230405,차세대 지능형 SDDC 기반 DIDC 구축사업 관련 국방 클라우드 추가 증설 구축사업,2023,국방통합데이터센터,일반용역,엔지니어링·연구,True,0.0,True,유찰,등록공고,,Y
20230405,23년 국방핵심역량강화교육 운영 위탁용역,2023,국방부,일반용역,교육훈련,True,2.0,False,유찰,등록공고,,Y
20230407,차세대 군사법정보시스템 구축사업,2023,국방부 국방전산정보원,일반용역,엔지니어링·연구,True,0.0,True,유찰,등록공고,,
20230411,2023년 중요기록물 DB구축 및 기록물 이관·정리 사업,2023,방위사업청,일반용역,엔지니어링·연구,False,2.0,False,낙찰자선정,등록공고,,Y
20230410,국방전자조달시스템 고도화 정보화전략계획(ISP) 수립,2023,방위사업청,일반용역,경영·행정서비스,False,6.0,False,낙찰자선정,등록공고,,
20230410,방위사업청 공용차량 임차,2023,방위사업청,일반용역,운송·물류,False,2.0,False,낙찰자선정,등록공고,,
20230410,교육정보통합시스템 유지보수,2023,국군간호사관학교,일반용역,엔지니어링·연구,True,0.0,True,유찰,재공고,,
20230413,23년 육군 암호장비 유지보수 용역,2023,육군본부 정보작전참모부,일반용역,엔지니어링·연구,False,2.0,False,낙찰자선정,등록공고,,Y
20230418,차세대 지능형 SDDC 기반 DIDC 구축사업 관련 데이터 관리용 SW 직접구매 및 설치 사업,2023,국방통합데이터센터,일반용역,엔지니어링·연구,False,2.0,False,낙찰자선정,등록공고,,Y
20230425,23~24년 간부 휴대전화 보안통제체계 유지보수 사업,2023,국방부 국방전산정보원,일반용역,엔지니어링·연구,True,0.0,True,유찰,등록공고,,Y
20230420,차세대 지능형 SDDC 기반 DIDC 구축사업 관련 미들웨어 SW 직접구매 및 설치 사업,2023,국방통합데이터센터,일반용역,엔지니어링·연구,False,3.0,False,낙찰자선정,등록공고,,Y
20230421,의료종합상황센터 통합관제시스템 PMO 사업,2023,국방부 국군의무사령부,일반용역,경영·행정서비스,False,2.0,False,낙찰자선정,재공고,,
20230425,사이버 최고전문가 교육과정,2023,4284부대,일반용역,교육훈련,False,2.0,False,낙찰자선정,등록공고,,Y
20230426,[한미공동연구] 자율살상무기(LAWS) 규범ㆍ통제 논의 현황과 선제적 대응전략,2023,국방부,일반용역,경영·행정서비스,True,0.0,True,유찰,등록공고,,
20230426,23년 정보보안 수준강화 컨설팅,2023,국방부,일반용역,경영·행정서비스,True,0.0,True,유찰,등록공고,,
20230508,23년 노후 LAN 교체 사업,2023,국군간호사관학교,일반용역,엔지니어링·연구,False,2.0,False,낙찰자선정,변경공고,,
20230428,2023년 장애인 예술단체 부대 방문공연,2023,국방부,일반용역,경영·행정서비스,True,2.0,False,유찰,등록공고,,Y
20230512,국군장병 국내 항공권 발권/정산 운영 대행사 선정,2023,국방부 국군수송사령부,일반용역,경영·행정서비스,True,0.0,True,유찰,등록공고,,Y
20230503,"방위사업청 대전 임시청사 시설보안(경비, 안내) 인력 용역",2023,방위사업청,일반용역,국방·보안서비스,False,,False,낙찰자선정,등록공고,,
20230503,한국형 DIU 설립 방안에 관한 연구,2023,국방부,일반용역,경영·행정서비스,False,4.0,False,낙찰자선정,등록공고,,Y
20230503,방위사업청 대전청사 부분이전 이사용역,2023,방위사업청,일반용역,운송·물류,False,9.0,False,낙찰자선정,등록공고,,
20230508,지능형 탄약관리체계 구축 ISP 사업,2023,육군탄약지원사령부,일반용역,경영·행정서비스,False,5.0,False,낙찰자선정,등록공고,,Y
20230512,23~24년 간부 휴대전화 보안통제체계 유지보수 사업,2023,국방부 국방전산정보원,일반용역,엔지니어링·연구,True,0.0,True,유찰,재공고,,Y
20230515,2023년 장애인 예술단체 부대 방문공연,2023,국방부,일반용역,경영·행정서비스,False,4.0,False,낙찰자선정,재공고,,Y
20230515,23년 정보보안 수준강화 컨설팅,2023,국방부,일반용역,경영·행정서비스,True,0.0,True,유찰,재공고,,
20230516,23년 맞춤형 성인지 감수성 컨설팅,2023,국방부,일반용역,경영·행정서비스,True,0.0,True,유찰,등록공고,,
20230530,국방 증명서 통합발급체계 구축사업,2023,국방부 국방전산정보원,일반용역,엔지니어링·연구,True,0.0,True,유찰,등록공고,,
20230516,[한미공동연구] 자율살상무기(LAWS) 규범ㆍ통제 논의 현황과 선제적 대응전략,2023,국방부,일반용역,경영·행정서비스,False,2.0,False,낙찰자선정,재공고,,
20230522,차세대 군사법정보시스템 구축사업,2023,국방부 국방전산정보원,일반용역,엔지니어링·연구,True,0.0,True,유찰,재공고,,
20230522,2023년도 방위사업청 수도권 통근버스 임차용역,2023,방위사업청,일반용역,운송·물류,False,2.0,False,낙찰자선정,등록공고,,Y
20230523,2023년 제12회 서울안보대화 행사용역,2023,국방부,일반용역,경영·행정서비스,False,2.0,False,낙찰자선정,등록공고,,Y
20230525,23~25년 상용정보통신장비 통합유지보수(2지역),2023,육군본부 정보체계관리단,일반용역,엔지니어링·연구,False,5.0,False,낙찰자선정,등록공고,,
20230526,2023년 국방핵심역량강화교육 운영 위탁용역,2023,국방부,일반용역,경영·행정서비스,False,2.0,False,낙찰자선정,등록공고,,Y
20230530,국군장병 국내 항공권 발권/정산 운영 대행사 선정,2023,국방부 국군수송사령부,일반용역,경영·행정서비스,True,0.0,True,유찰,재공고,,
20230602,국방 성폭력예방대응정보시스템(PSVIS) 구축 사업,2023,국방부 국방전산정보원,일반용역,엔지니어링·연구,False,2.0,False,낙찰자선정,등록공고,,Y
20230601,23~25년 상용정보통신장비 통합유지보수(1지역),2023,육군본부 정보체계관리단,일반용역,엔지니어링·연구,False,10.0,False,낙찰자선정,등록공고,,
20230531,2024년 성인지 원격교육 콘텐츠 개발,2023,국방부,일반용역,교육훈련,False,3.0,False,낙찰자선정,등록공고,,
20230607,2023년 공드럼 정비용역(2지역),2023,육군군수사령부,일반용역,산업생산서비스,False,5.0,False,낙찰자선정,등록공고,,
20230609,국방 온나라 2.0 전환 선행(1단계) 및 국방부 기술자격검정(CBT) 체계 구축 사업 감리용역,2023,국방부 국방전산정보원,일반용역,경영·행정서비스,False,3.0,False,낙찰자선정,등록공고,,Y
20230602,23~25년 상용정보통신장비 통합유지보수(3지역),2023,육군본부 정보체계관리단,일반용역,엔지니어링·연구,False,4.0,False,낙찰자선정,등록공고,,
20230601,23년 맞춤형 성인지 감수성 컨설팅,2023,국방부,일반용역,경영·행정서비스,True,2.0,False,유찰,재공고,,
20230602,차세대 국방통합급여 데이터관리용 SW 직접구매 및 설치 사업,2023,국방통합데이터센터,일반용역,엔지니어링·연구,True,0.0,True,유찰,등록공고,,
20230607,2023년 공드럼 정비용역(3지역),2023,육군군수사령부,일반용역,산업생산서비스,False,5.0,False,낙찰자선정,등록공고,,
20230607,23년 육군 공드럼정비(4지역),2023,육군군수사령부,일반용역,산업생산서비스,False,4.0,False,낙찰자선정,등록공고,,
20230607,23년 육군 공드럼정비(1지역),2023,육군군수사령부,일반용역,산업생산서비스,False,4.0,False,낙찰자선정,등록공고,,
20230608,차세대 국방통합급여 및 군사법 정보시스템 기반운영환경 구축사업,2023,국방통합데이터센터,일반용역,엔지니어링·연구,False,2.0,False,낙찰자선정,등록공고,,Y
20230613,23~24년 간부 휴대전화 보안통제체계 유지보수 사업,2023,국방부 국방전산정보원,일반용역,엔지니어링·연구,True,0.0,True,유찰,등록공고,,Y
20230614,23년 맞춤형 성인지 감수성 컨설팅,2023,국방부,일반용역,경영·행정서비스,True,0.0,True,유찰,재공고,,
20230622,첨단 ICT 기반 스마트 의료시스템 시범도입,2023,국방부 국군의무사령부,일반용역,엔지니어링·연구,False,2.0,False,낙찰자선정,등록공고,,Y
20230622,2023년 암호장비 유지보수 용역사업,2023,해군본부,일반용역,엔지니어링·연구,True,0.0,True,유찰,등록공고,,Y
20230622,2023년 제19회 국방일보 전우마라톤 대회 운영 대행사 선정,2023,국방부 국방홍보원,일반용역,경영·행정서비스,True,0.0,True,유찰,등록공고,,
20230629,2023년 000체계 성능개선,2023,국방부 국방정보본부,일반용역,엔지니어링·연구,True,2.0,False,유찰,등록공고,,Y
20230627,23년 맞춤형 성인지 감수성 컨설팅,2023,국방부,일반용역,경영·행정서비스,False,2.0,False,낙찰자선정,재공고,,
20230628,23년 공군 암호장비 유지보수 용역계약,2023,공군제7항공통신전대,일반용역,엔지니어링·연구,True,0.0,True,유찰,등록공고,,Y
20230628,23년 실감형 디지털 정신전력교육 콘텐츠 제작,2023,국방부,일반용역,교육훈련,False,2.0,False,낙찰자선정,등록공고,,Y
20230710,제75주년 국군의 날 행사장병 급식지원 케이터링 서비스 용역사업,2023,국방부,일반용역,여행·숙박,False,3.0,False,낙찰자선정,등록공고,,Y
20230717,의무종합훈련센터 내 효육적 교육 시스템 구축(수정),2023,국군의무학교,일반용역,엔지니어링·연구,False,3.0,False,낙찰자선정,등록공고,,Y
20230721,000시스템 유지보수 용역,2023,국군제9965부대,일반용역,엔지니어링·연구,True,0.0,True,유찰,등록공고,,Y
20230724,"국군의날 행사장병 수송버스 임차(서울,경기)",2023,국방부,일반용역,운송·물류,True,0.0,True,유찰,등록공고,,
20230727,23-M-해병대 암호장비 유지보수 용역,2023,해병 제9691부대,일반용역,엔지니어링·연구,True,0.0,True,유찰,등록공고,,Y
20230803,23년 제4회 국제군인요리대회 행사 용역,2023,국방부,일반용역,경영·행정서비스,False,3.0,False,낙찰자선정,등록공고,,Y
20230801,스마트 인재관리시스템 개인정보 영향평가 용역,2023,육군 인사사령부,일반용역,경영·행정서비스,False,2.0,False,낙찰자선정,등록공고,,Y
20230802,"국군의날 행사장병 수송버스 임차(서울,경기)",2023,국방부,일반용역,운송·물류,True,2.0,False,유찰,재공고,,
20230811,000시스템 유지보수 용역,2023,국군제9965부대,일반용역,엔지니어링·연구,True,0.0,True,유찰,재공고,,Y
20230901,노후 LAN 교체사업,2023,국군제9965부대,일반용역,엔지니어링·연구,False,5.0,False,낙찰자선정,등록공고,,Y
20230905,24~25년 국방건축행정시스템 유지관리 사업,2023,국방시설본부,일반용역,엔지니어링·연구,True,0.0,True,유찰,등록공고,,
20230905,23-25년 공군 전산장비 통합 유지보수 용역,2023,공군군수사령부,일반용역,엔지니어링·연구,False,5.0,False,낙찰자선정,변경공고,,Y
20230912,차세대 군사법정보시스템 구축사업,2023,국방부 국방전산정보원,일반용역,엔지니어링·연구,True,0.0,True,유찰,등록공고,,
20230908,한-유엔사회원국 국방장관회의 행사용역,2023,국방부,일반용역,경영·행정서비스,False,3.0,False,낙찰자선정,등록공고,,Y
20230912,000시스템 유지보수 용역,2023,국군제9965부대,일반용역,엔지니어링·연구,True,0.0,True,유찰,등록공고,,Y
20230921,육군항공전술훈련 시뮬레이터 성능개량 체계개발 PMO 사업,2023,방위사업청,일반용역,경영·행정서비스,False,2.0,False,낙찰자선정,등록공고,,Y
20230921,24~25년 국방건축행정시스템 유지관리 사업,2023,국방시설본부,일반용역,엔지니어링·연구,True,0.0,True,유찰,재공고,,
20231004,2024년 국방TV 외주제작(강군365) 사업자 선정,2023,국방부 국방홍보원,일반용역,편집·디자인,False,2.0,False,낙찰자선정,등록공고,,Y
20231006,2024년 국방TV 외주제작(군 체험현장) 사업자 선정,2023,국방부 국방홍보원,일반용역,편집·디자인,False,7.0,False,낙찰자선정,등록공고,,Y
20231006,2024년 국방TV 외주제작(전군 노래자랑) 사업자 선정,2023,국방부 국방홍보원,일반용역,편집·디자인,False,7.0,False,낙찰자선정,등록공고,,
20231017,사이버전장관리체계 탐색개발사업 감리용역,2023,방위사업청,일반용역,경영·행정서비스,False,2.0,False,낙찰자선정,등록공고,,Y
20231011,2024년 국방TV 송출대행사 선정,2023,국방부 국방홍보원,일반용역,경영·행정서비스,False,2.0,False,낙찰자선정,등록공고,,Y
20231011,2024년 국방홍보원 정보시스템 유지보수 사업,2023,국방부 국방홍보원,일반용역,엔지니어링·연구,True,0.0,True,유찰,등록공고,,Y
20231012,24년 국방연동관리체계(DIMS) 유지보수 사업,2023,국방부 국방전산정보원,일반용역,엔지니어링·연구,True,0.0,True,유찰,등록공고,,
20231013,24~25년 육군 암호장비 유지보수 용역사업,2023,육군본부 정보작전참모부,일반용역,엔지니어링·연구,True,0.0,True,유찰,등록공고,,Y
20231013,24년 국내개발 무기효과자료 구축 연구사업,2023,국방부 합동참모본부,일반용역,경영·행정서비스,True,0.0,True,유찰,등록공고,,Y
20231018,24년 합동작전분석모델Ⅱ 유지관리 용역사업,2023,국방부 합동참모본부,일반용역,엔지니어링·연구,True,0.0,True,유찰,등록공고,,Y
20231016,24년 지상무기효과분석모델 유지관리 용역,2023,국방부 합동참모본부,일반용역,엔지니어링·연구,True,0.0,True,유찰,등록공고,,Y
20231020,24년 대화력전모의모델 유지관리사업,2023,국방부 합동참모본부,일반용역,엔지니어링·연구,True,0.0,True,유찰,등록공고,,
20231019,24년 분석기술 용역,2023,국방부 합동참모본부,일반용역,경영·행정서비스,True,0.0,True,유찰,등록공고,,Y
20231023,24~26년 ms-grps 유지보수 용역 계약 추진계획,2023,국군제9965부대,일반용역,엔지니어링·연구,True,0.0,True,유찰,등록공고,,Y
20231023,24년 C4ISR분석모델 유지관리 용역,2023,국방부 합동참모본부,일반용역,엔지니어링·연구,True,0.0,True,유찰,등록공고,,
20231023,합동지속지원모의모델 유지관리 용역,2023,국방부 합동참모본부,일반용역,엔지니어링·연구,True,0.0,True,유찰,등록공고,,
20231026,2024년 합동정보모의모델 유지관리 용역,2023,국방부 합동참모본부,일반용역,엔지니어링·연구,True,0.0,True,유찰,등록공고,,Y
20231026,2024년도 국방일보 인쇄 및 배달 용역사업,2023,국방부 국방홍보원,일반용역,편집·디자인,True,0.0,True,유찰,등록공고,,Y
20231027,2024년 국방홍보원 홈페이지(모바일 포함) 통합운영유지 및 개선사업,2023,국방부 국방홍보원,일반용역,엔지니어링·연구,True,0.0,True,유찰,등록공고,,Y
20231030,2024년도 국방TV NPS시스템 정기유지관리 사업,2023,국방부 국방홍보원,일반용역,엔지니어링·연구,False,2.0,False,낙찰자선정,등록공고,,Y
20231103,24년 민군작전모의모델 유지관리 용역,2023,국방부 합동참모본부,일반용역,엔지니어링·연구,True,0.0,True,유찰,등록공고,,
20231106,2024년 국방일보 조판시스템 유지보수 사업,2023,국방부 국방홍보원,일반용역,엔지니어링·연구,True,0.0,True,유찰,등록공고,,Y
20231107,24년 지상무기효과분석모델 유지관리 용역,2023,국방부 합동참모본부,일반용역,엔지니어링·연구,True,0.0,True,유찰,재공고,,Y
20231108,2024년도 간부 e-지식복지사업,2023,국방부,일반용역,경영·행정서비스,True,0.0,True,유찰,등록공고,,Y
20231108,오정동 군부대 이전사업 감정평가용역,2023,국방시설본부,일반용역,경영·행정서비스,False,24.0,False,낙찰자선정,등록공고,,Y
20231110,2024년 국방일보 모바일 뉴스레터 발행 및 뉴미디어 홍보 용역,2023,국방부 국방홍보원,일반용역,경영·행정서비스,False,4.0,False,낙찰자선정,등록공고,,Y
20231110,2024년 귀환포로 정착지원사업,2023,국방부,일반용역,경영·행정서비스,True,0.0,True,유찰,등록공고,,Y
20231113,24-25 상호운용성지원시스템 통합유지보수사업,2023,합동상호운용성기술센터,일반용역,엔지니어링·연구,True,0.0,True,유찰,등록공고,,Y
20231116,군 책임운영기관 2023년 업무성과 평가,2023,국방부,일반용역,경영·행정서비스,False,3.0,False,낙찰자선정,등록공고,,
20231115,24년 장병자기개발 학습콘텐츠 지원사업,2023,국방부,일반용역,경영·행정서비스,True,0.0,True,유찰,등록공고,,Y
20231115,24년 통합유지보수,2023,4284부대,일반용역,엔지니어링·연구,False,4.0,False,낙찰자선정,등록공고,,Y
20231115,2024년 합동정보모의모델 유지관리 용역,2023,국방부 합동참모본부,일반용역,엔지니어링·연구,True,0.0,True,유찰,재공고,,
20231116,의료종합상황센터 통합관제시스템 구축 감리사업,2023,국방부 국군의무사령부,일반용역,경영·행정서비스,False,2.0,False,낙찰자선정,등록공고,,Y
20231120,2024년 국방부 종합홍보용역,2023,국방부,일반용역,경영·행정서비스,False,5.0,False,낙찰자선정,변경공고,,Y
20231120,24년 예비군 안보교육 전문강사 교육단체 선정,2023,국방부,일반용역,경영·행정서비스,False,2.0,False,낙찰자선정,등록공고,,
20231121,24~25년 국방인사정보체계 유지보수 사업,2023,국방부 국방전산정보원,일반용역,엔지니어링·연구,False,2.0,False,낙찰자선정,등록공고,,Y
20231127,2024년 국방홍보원 중계방송 운영,2023,국방부 국방홍보원,일반용역,경영·행정서비스,False,2.0,False,낙찰자선정,등록공고,,Y
20231128,24년 정보화교육 위탁사업,2023,국방부 국방전산정보원,일반용역,경영·행정서비스,True,0.0,True,유찰,등록공고,,
20231205,의료종합상황센터 통합관제시스템 구축 사업,2023,국방부 국군의무사령부,일반용역,엔지니어링·연구,False,3.0,False,낙찰자선정,등록공고,,Y
20231208,2024년 국방부 온라인 종합홍보 용역,2023,국방부,일반용역,경영·행정서비스,False,9.0,False,낙찰자선정,등록공고,,Y
20231212,방위사업청 수도권 통근버스 임차용역,2023,방위사업청,일반용역,운송·물류,False,5.0,False,낙찰자선정,등록공고,,Y
20231222,2024년 위문열차 공연 음향장비 설치,2023,국방부 국방홍보원,일반용역,경영·행정서비스,False,2.0,False,낙찰자선정,등록공고,,Y
20231226,2024년 위문열차 공연 HD중계장비 임대설치,2023,국방부 국방홍보원,일반용역,경영·행정서비스,True,0.0,True,유찰,등록공고,,Y
20231215,AI 효율적 적용 및 활용을 위한 국방획득체계 발전방안,2023,국방부,일반용역,경영·행정서비스,True,3.0,False,유찰,등록공고,,
20231219,육군항공전술훈련시뮬레이터 성능개량 체계개발 감리용역사업,2023,방위사업청,일반용역,경영·행정서비스,False,3.0,False,낙찰자선정,등록공고,,Y
20231222,24년 연합연습정보체계(CEIS-K) 정비용역사업,2023,국방부 합동참모본부,일반용역,엔지니어링·연구,True,0.0,True,유찰,등록공고,,Y
20231222,예비군훈련 소집통지서 모바일송달 서비스(1차),2023,국방부,일반용역,경영·행정서비스,False,3.0,False,낙찰자선정,등록공고,,
20231221,차세대 군사법정보시스템 구축사업 감리 용역,2023,국방부 국방전산정보원,일반용역,경영·행정서비스,False,5.0,False,낙찰자선정,등록공고,,
20231222,예비군훈련 소집통지서 모바일송달 서비스(3차),2023,국방부,일반용역,경영·행정서비스,True,0.0,True,유찰,등록공고,,
20231226,24-M-암호장비 유지보수 용역,2023,해병 제9691부대,일반용역,엔지니어링·연구,True,0.0,True,유찰,등록공고,,Y
20220404,육군 32사단 정비피복 제조·구매,2022,육군 제32보병사단,물품(내자),피복·개인용품,False,6.0,False,낙찰자선정,변경공고,,N
20220425,2022년 춘/하계 피복 제조 구매,2022,국군제3707부대,물품(내자),피복·개인용품,True,0.0,True,유찰,변경공고,,N
20220511,(227016-H)ATCIS 2차 성능개량 테스트베드구축(리스물건),2022,국방부 국군지휘통신사령부,물품(내자),정보통신,True,0.0,True,유찰,등록공고,,Y
20220607,22-공-주파수 교란기 제조,2022,국방부 국군재정관리단,물품(내자),정보통신,False,2.0,False,낙찰자선정,변경공고,,Y
20220519,2022년 정비피복 제조,2022,제5군수지원사령부,물품(내자),피복·개인용품,False,5.0,False,개찰완료,등록공고,,N
20220610,문화상품권 구매(2022년 국방부 정신전력교육 영상콘텐츠 프로그램 모니터요원 지급용),2022,국방부 국방홍보원,물품(내자),종이류,False,3.0,False,낙찰자선정,등록공고,N,N
20220614,22-해-00단련장 피복 제조,2022,국방부 국군재정관리단,물품(내자),피복·개인용품,True,0.0,True,유찰,등록공고,,N
20220701,22-해-이충무공 및 해군관련 중요유물 정밀복제,2022,국방부 해군사관학교,물품(내자),편집·디자인,False,2.0,False,낙찰자선정,변경공고,,Y
20220705,22년 공군 IoT 장비 사이버방호 및  원격감시체계 구축사업,2022,국방부 국군재정관리단,물품(내자),엔지니어링·연구,False,4.0,False,개찰완료,등록공고,,Y
20220708,22년 해군 사무자동화(데스크톱) 제조 설치(리스물건),2022,국방부 국군재정관리단,물품(내자),정보통신,False,4.0,False,낙찰자선정,등록공고,,Y
20220712,(226254-F)IED 인력운반공구키트 구매 제안사업,2022,육군본부 전력지원체계사업단,물품(내자),운반·포장,False,3.0,False,낙찰자선정,등록공고,,N
20220714,(226048-D)대테러물자(출입문개척세트) 구매 제안사업,2022,육군군수사령부,물품(내자),산업기계,True,5.0,False,유찰,등록공고,,N
20220725,(226043-G) 스마트 훈련병관리체계 확대 구축사업,2022,국방부 국군재정관리단,물품(내자),정보통신,False,3.0,False,낙찰자선정,등록공고,,Y
20220725,22-공-항공방제 소형급 무인항공기 제조설치,2022,국방부 국군재정관리단,물품(내자),차량·수송장비,False,4.0,False,개찰완료,등록공고,,Y
20220726,22-평 PKM 등 CCTV 구매 설치,2022,국방부 해군제2함대사령부,물품(내자),국방·치안·보안,False,8.0,False,낙찰자선정,등록공고,,N
20220729,22-해-00단련장 캐디 피복 제조,2022,국방부 국군재정관리단,물품(내자),피복·개인용품,True,0.0,True,유찰,변경공고,,N
20220802,22-해-OO망 트래픽분석체계 구축,2022,해군작전사령부,물품(내자),정보통신,False,3.0,False,낙찰자선정,등록공고,,N
20220808,22-해-근거리전산망(LAN) 도입사업(리스물건),2022,해군본부,물품(내자),정보통신,False,4.0,False,개찰완료,등록공고,,Y
20220808,22-해-원격레이더 통합전시체계 구축,2022,해군제3함대사령부,물품(내자),정보통신,True,0.0,True,유찰,등록공고,,N
20220809,22-공-2차 브리핑시스템 도입사업(리스물건),2022,국방부 국군재정관리단,물품(내자),정보통신,False,4.0,False,개찰완료,등록공고,,N
20220817,(226301-B) 23년 생도 활동복 제조,2022,국방부 국군재정관리단,물품(내자),광물·원자재,False,3.0,False,낙찰자선정,등록공고,,Y
20220812,22-해병-다기능 영상감시장비 제조 및 설치,2022,국방부 국군재정관리단,물품(내자),국방·치안·보안,False,4.0,False,개찰완료,등록공고,N,Y
20220818,22-공-조류퇴치용 소형 무인항공기 제조,2022,국방부 국군재정관리단,물품(내자),차량·수송장비,False,5.0,False,낙찰자선정,등록공고,,N
20220818,22-국-드론(4EA) 제조,2022,국방부 국군재정관리단,물품(내자),차량·수송장비,True,0.0,True,유찰,등록공고,,N
20220819,22-공-통합보안관제시스템 서버 등 6종 구매,2022,국방부 국군재정관리단,물품(내자),정보통신,False,2.0,False,낙찰자선정,등록공고,,Y
20220819,방한복 내피 구매,2022,해군작전사령부,물품(내자),피복·개인용품,False,2.0,False,낙찰자선정,등록공고,,N
20220822,"(226269-E) 소총 탄피받이(통합형, K-3) 구매 제안사업",2022,국방부 국군재정관리단,물품(내자),악기·교재,False,2.0,False,낙찰자선정,등록공고,,Y
20220823,(227032-H)재난안전통신망 시스템관리기 구매.설치,2022,국방부 국군지휘통신사령부,물품(내자),정보통신,True,2.0,False,유찰,등록공고,,Y
20220826,22-해-원격통합통신체계 구축 사업(리스물건),2022,국방부 국군재정관리단,물품(내자),엔지니어링·연구,False,3.0,False,개찰완료,등록공고,,Y
20220919,(226302-C) 육사교 생도 가방 제조,2022,국방부 국군재정관리단,물품(내자),피복·개인용품,False,4.0,False,낙찰자선정,변경공고,,Y
20220906,(226059-G) 22년 항공화력유도 시뮬레이터 모의장비 구매 및 구축,2022,국방부 국군재정관리단,물품(내자),국방·치안·보안,True,0.0,True,유찰,등록공고,,Y
20220928,(22F022-G) 22년 특전교 강하훈련 VR 시뮬레이터 구축사업,2022,국방부 국군재정관리단,물품(내자),국방·치안·보안,False,3.0,False,낙찰자선정,변경공고,,Y
20220913,(227037-H)영상자동화처리 체계 HW(노후교체) 구매,2022,국방부 국군재정관리단,물품(내자),정보통신,True,2.0,False,유찰,등록공고,,Y
20220913,(227233-F)대강당 비디오월 구축사업,2022,국방부 국군재정관리단,물품(내자),인쇄·영상,True,2.0,False,유찰,등록공고,,Y
20220916,(226057-G) 22년 이동형 지휘통신체계 제조구매(리스물건),2022,국방부 국군재정관리단,물품(내자),정보통신,True,0.0,True,유찰,등록공고,,Y
20220916,22-해병-과학화 전투사격장 시스템 구축사업,2022,국방부 국군재정관리단,물품(내자),악기·교재,False,3.0,False,개찰완료,등록공고,,N
20220921,22-공-교정자동화체계(공통) 구축,2022,국방부 국군재정관리단,물품(내자),엔지니어링·연구,True,0.0,True,유찰,등록공고,,N
20220923,22-2차 공군 PC 등 3품목 도입,2022,국방부 국군재정관리단,물품(내자),정보통신,False,2.0,False,개찰완료,등록공고,,Y
20220927,22-평 자율조리형 CCTV 5식 구매 설치,2022,국방부 해군제2함대사령부,물품(내자),국방·치안·보안,False,5.0,False,낙찰자선정,등록공고,,N
20220928,(226056-G) 민통선 출입통제 과학화체계 구축(리스물건),2022,국방부 국군재정관리단,물품(내자),운반·포장,True,0.0,True,유찰,등록공고,,Y
20220929,(226059-G) 22년 항공화력유도 시뮬레이터 모의장비 구매 및 구축,2022,국방부 국군재정관리단,물품(내자),국방·치안·보안,True,0.0,True,유찰,재공고,,Y
20221108,22-공-기상 수치예보시스템 교체사업(리스물건),2022,국방부 국군재정관리단,물품(내자),정보통신,False,6.0,False,낙찰자선정,변경공고,,N
20221004,22-해-소형함정(PKM 등) 감시카메라(CCTV) 구매/설치(17식),2022,국방부 해군제1함대사령부,물품(내자),국방·치안·보안,False,3.0,False,낙찰자선정,등록공고,,N
20221004,22-해-함내·외 및 인원관리용 CCTV 구매(설치),2022,국방부 해군제1함대사령부,물품(내자),국방·치안·보안,False,3.0,False,낙찰자선정,변경공고,,N
20221021,22-해-가상현실(VR) 기반 승조원 교육훈련체계 구축,2022,해군 잠수함사령부,물품(내자),악기·교재,False,3.0,False,개찰완료,변경공고,,Y
20221005,(226376-E) 23년 육군달력 후가공 제조납품,2022,국방부 국군재정관리단,물품(내자),사무기기,True,0.0,True,유찰,등록공고,,Y
20221007,22-공-지능정보체계 개발/운영 기반체계 구축,2022,국방부 국군재정관리단,물품(내자),정보통신,False,2.0,False,개찰완료,등록공고,,Y
20221011,22-공-기지경계용 무인항공기 제조설치,2022,국방부 국군재정관리단,물품(내자),차량·수송장비,False,6.0,False,개찰완료,등록공고,,N
20221021,(226056-G) 민통선 출입통제 과학화체계 구축(리스물건),2022,국방부 국군재정관리단,물품(내자),운반·포장,True,0.0,True,유찰,재공고,,Y
20221101,(226402-C) 육사교 운동복 제조 납품,2022,국방부 국군재정관리단,물품(내자),피복·개인용품,False,5.0,False,낙찰자선정,등록공고,,N
20221102,22년 CBT 교실 교체 사업,2022,국방부 국군재정관리단,물품(내자),정보통신,False,2.0,False,낙찰자선정,등록공고,,Y
20221107,(226421-F)생도피복(체육복류) 제조납품,2022,육군3사관학교,물품(내자),피복·개인용품,False,8.0,False,낙찰자선정,등록공고,,Y
20221108,22-공-교정자동화체계(공통) 구축,2022,국방부 국군재정관리단,물품(내자),엔지니어링·연구,True,0.0,True,유찰,재공고,,N
20221125,독립대대급 부대 지능형 지휘통제 기반체계 시범 구축,2022,국방부 국군재정관리단,물품(내자),정보통신,True,0.0,True,유찰,변경공고,,Y
20221123,(226442-D)22-25년 예비군 영상모의 사격장비 도입사업,2022,육군본부 전력지원체계사업단,물품(내자),악기·교재,False,3.0,False,낙찰자선정,등록공고,,Y
20221124,(226448-F)과학화 예비군훈련 관리체계 설치사업,2022,육군본부 전력지원체계사업단,물품(내자),정보통신,False,5.0,False,낙찰자선정,등록공고,,Y
20220104,2022년 국방TV NPS시스템 정기 유지관리 사업,2022,국방부 국방홍보원,일반용역,,True,0.0,True,유찰,등록공고,,Y
20220106,2022년도 온라인 중계방송(소셜라이브) 운영(22년 1개월분),2022,국방부 국방홍보원,일반용역,,False,41.0,False,낙찰자선정,등록공고,,N
20220503,(22F096-I) 사단급 부대안전진단 민간용역사업 발전방안 학술연구용역,2022,국방부 국군재정관리단,일반용역,,True,0.0,True,유찰,등록공고,,N
20220503,22년 해병대 홍보영상 제작 용역,2022,국방부 국군재정관리단,일반용역,,False,7.0,False,낙찰자선정,등록공고,,N
20220503,22-공-우주기상 영향연구 용역,2022,국방부 국군재정관리단,일반용역,,True,0.0,True,유찰,등록공고,,N
20220506,22-24년 해군 컴퓨터체계 통합유지보수,2022,국방부 국군재정관리단,일반용역,,False,5.0,False,낙찰자선정,등록공고,,Y
20220525,22-공-우주기상 영향연구 용역,2022,국방부 국군재정관리단,일반용역,,True,0.0,True,유찰,재공고,,N
20220615,22-공군 기후변화 시나리오 생산 연구(22J050-H),2022,국방부 국군재정관리단,일반용역,,True,0.0,True,유찰,등록공고,,Y
20220616,(22F036-G)통합홈페이지 운영관리솔루션(CMS) 교체사업,2022,육군본부 정보체계관리단,일반용역,,True,0.0,True,유찰,등록공고,,N
20220704,22-공군 우수근무자 위로행사 용역(22J051-H),2022,국방부 국군재정관리단,일반용역,,True,0.0,True,유찰,등록공고,,N
20220706,2022 사천에어쇼 항공우주전시관 전시 용역,2022,국방부 국군재정관리단,일반용역,,False,2.0,False,낙찰자선정,등록공고,,N
20220708,22-공군-항공영상수집자산 가시선 분석 SW 도입사업,2022,국방부 국군재정관리단,일반용역,,True,0.0,True,유찰,등록공고,,Y
20220708,22-공군 기후변화 시나리오 생산 연구(22J050-H),2022,국방부 국군재정관리단,일반용역,,True,0.0,True,유찰,재공고,,Y
20220711,22-공-지능형 RPA체계 구축사업,2022,국방부 국군재정관리단,일반용역,,False,5.0,False,낙찰자선정,변경공고,,Y
20220713,22-해성-1 원격측정장치 연구개발 사업,2022,국방부 국군재정관리단,일반용역,,True,0.0,True,유찰,등록공고,,Y
20220714,(22F038-G) 자동화창고 설비제어시스템(RCP) 개선 및 장비교체사업,2022,육군종합보급창,일반용역,,True,0.0,True,유찰,등록공고,,N
20220714,(22F042-G) OO지역 GOP 과학화경계시스템 SW 기능개선,2022,1군사령부 3군단사령부,일반용역,,True,0.0,True,유찰,등록공고,,Y
20220718,(22F041-G) 영상통합정보체계 도입사업,2022,국방부 국군재정관리단,일반용역,,False,2.0,False,낙찰자선정,등록공고,,Y
20220718,(22F151-A) 22년 세계 군문화엑스포 전시관 설치 및 철거용역,2022,국방부 육군본부,일반용역,,False,3.0,False,낙찰자선정,등록공고,,N
20220720,2022년 국방일보 보도사진전 제작 홍보 용역,2022,국방부 국방홍보원,일반용역,,True,0.0,True,유찰,등록공고,,N
20220720,22년 해군 함정 사이버방호 원격 관제체계 시범 구축 사업,2022,국방부 국군재정관리단,일반용역,,False,3.0,False,개찰완료,등록공고,,Y
20220722,22-해-빅데이터 기반 작전상황관리 및 분석체계 구축,2022,해군본부,일반용역,,True,0.0,True,유찰,등록공고,,N
20220725,2022년 국방FM 청취형태 조사,2022,국방부 국방홍보원,일반용역,,True,0.0,True,유찰,등록공고,,Y
20220727,22-해-레이더신호 빅데이터 통합관리체계 구축 사업,2022,해군본부,일반용역,,True,0.0,True,유찰,등록공고,,N
20220728,제74주년 국군의 날 행사대행 용역,2022,국방부 국군재정관리단,일반용역,,False,2.0,False,개찰완료,등록공고,,Y
20220811,22-해병-교과목형 CBT컨텐츠 개발 용역,2022,해병대교육훈련단,일반용역,,True,0.0,True,유찰,변경공고,,Y
20220801,(22F028-G) 자율주행 시험평가 시뮬레이터 개발,2022,국방부 국군재정관리단,일반용역,,True,0.0,True,유찰,등록공고,,Y
20220801,2022년 국방일보 보도사진전 제작 홍보 용역,2022,국방부 국방홍보원,일반용역,,False,2.0,False,낙찰자선정,재공고,,Y
20220803,(22G158-A) 한미동맹 강화 콘서트 대행 용역,2022,국방부 한미연합군사령부,일반용역,,False,2.0,False,낙찰자선정,등록공고,,Y
20220803,22-24 해군 교육사령부 CBT 유지보수 용역,2022,국방부 국군재정관리단,일반용역,,False,6.0,False,낙찰자선정,등록공고,,Y
20220804,(22F050-G) 한빛부대 스마트캠프구축 정보화전략계획(ISP) 수립사업,2022,국방부 국군재정관리단,일반용역,,False,2.0,False,낙찰자선정,등록공고,,N
20220823,(22F037-G) 스마트 인재관리시스템 구축용역,2022,국방부 국군재정관리단,일반용역,,True,0.0,True,유찰,등록공고,,N
20220826,백두산 재현모형 제작 전시방안 연구 용역,2022,해군본부,일반용역,,True,0.0,True,유찰,등록공고,,Y
20220829,8. (22F049-G) 22년 과학화 출입통제체계 개량 및 구축사업(리스물건),2022,국방부 국군재정관리단,일반용역,,False,2.0,False,낙찰자선정,등록공고,,Y
20220830,(22F061-G) KCTC훈련 빅데이터 융합분석모형 연구사업,2022,국방부 국군재정관리단,일반용역,,True,0.0,True,유찰,등록공고,,Y
20220831,장보고-Ⅰ 성능개량함 전술훈련장비 구축 사업,2022,국방부 국군재정관리단,일반용역,,True,0.0,True,유찰,등록공고,,N
20220901,디지털 국방일보 발전 전략 수립 연구용역,2022,국방부 국방홍보원,일반용역,,False,2.0,False,낙찰자선정,등록공고,,Y
20220906,22-해-빅데이터 기반 작전상황관리 및 분석체계 구축,2022,해군본부,일반용역,,True,0.0,True,유찰,재공고,,N
20220913,22-공-지능형 공대지사격 분석체계 구축사업,2022,국방부 국군재정관리단,일반용역,,False,2.0,False,개찰완료,등록공고,,Y
20220914,(22F168-A) 장병인권교육 영상교재 제작및 납품용역,2022,국방부 국군재정관리단,일반용역,,False,6.0,False,개찰완료,등록공고,,Y
20220915,백두산 재현모형 제작 전시방안 연구 용역,2022,해군본부,일반용역,,False,2.0,False,낙찰자선정,재공고,,Y
20220930,(226060-G) AI 학습용 적 통신 DB 구축사업,2022,국방부 국군재정관리단,일반용역,,True,0.0,True,유찰,등록공고,,N
20220930,22-연평도 포격전 12주기 전투영웅 추모 및 전승기념행사,2022,국방부 국군재정관리단,일반용역,,False,2.0,False,낙찰자선정,등록공고,,Y
20221005,(22G045-H)보안 방첩 정보관리시스템 고도화 ISP사업,2022,국방부 국군재정관리단,일반용역,,False,4.0,False,낙찰자선정,등록공고,,N
20221006,대형 선체 구조물 운반의 안전성 등에 관한 연구 용역,2022,국방부 국군재정관리단,일반용역,,True,0.0,True,유찰,등록공고,,Y
20221007,(22F178-D)AI기반 정신전력교육 4단계 플랫폼 구축 연구용역,2022,국방부 국군재정관리단,일반용역,,True,0.0,True,유찰,등록공고,,Y
20221012,(22F066-G)인터넷 모바일 간부피복쇼핑몰 개발사업,2022,국방부 국군재정관리단,일반용역,,False,2.0,False,낙찰자선정,등록공고,,Y
20221013,(22F175-D)저장군수품 자산운용체계 개선 정책 연구용역,2022,국방부 국군재정관리단,일반용역,,True,2.0,False,유찰,등록공고,,Y
20221014,장보고-Ⅰ 성능개량함 전술훈련장비 구축 사업,2022,국방부 국군재정관리단,일반용역,,True,0.0,True,유찰,재공고,,N
20221018,(22G048-H)정보체계 클라우드 컴퓨팅시스템 ISP 사업,2022,국방부 국군재정관리단,일반용역,,False,3.0,False,낙찰자선정,등록공고,,Y
20221020,(22G039-H)Geo-ICT 융합 스마트 가시화체계 시범구축,2022,국방부 국군재정관리단,일반용역,,True,0.0,True,유찰,등록공고,,Y
20221026,22F181-A 예비군 안보교육 영상교재 용역,2022,국방부 국군재정관리단,일반용역,,False,5.0,False,낙찰자선정,등록공고,,Y
20221027,(22F037-G) 스마트 인재관리시스템 구축용역,2022,국방부 국군재정관리단,일반용역,,True,0.0,True,유찰,재공고,,Y
20221101,(22F165-A) 군 급식류 구매요구서 연구용역,2022,국방부 국군재정관리단,일반용역,,True,0.0,True,유찰,등록공고,,N
20221104,(22F065-G) 스마트폰 기반 장병 질의응답 챗봇 구축사업,2022,국방부 국군재정관리단,일반용역,,True,0.0,True,유찰,등록공고,,Y
20221108,2023년도 월간 국방저널 E-BOOK 편집 용역,2022,국방부 국방홍보원,일반용역,,True,0.0,True,유찰,등록공고,,Y
20221109,(22F175-D)저장군수품 자산운용체계 개선 정책 연구용역,2022,국방부 국군재정관리단,일반용역,,False,2.0,False,낙찰자선정,재공고,,N
20221115,00부대 소개 영상 제작 용역,2022,국군제1068부대,일반용역,,False,7.0,False,낙찰자선정,변경공고,,N
20221207,(22G049-H)MW통신체계 성능개선 실시설계 용역,2022,국방부 국군재정관리단,일반용역,,False,2.0,False,낙찰자선정,변경공고,,Y
20221123,2023년 국방TV 프로그램 분장 및 코디 용역,2022,국방부 국방홍보원,일반용역,,False,2.0,False,낙찰자선정,등록공고,,Y
20221123,2023년 국방TV 프로그램 세트 설치 및 해체 용역,2022,국방부 국방홍보원,일반용역,,True,0.0,True,유찰,등록공고,,Y
20221124,22-공-성인지교육 프로그램 개발용역,2022,공군본부,일반용역,,True,0.0,True,유찰,등록공고,,N
20221124,2023년도 월간 국방저널 E-BOOK 편집 용역,2022,국방부 국방홍보원,일반용역,,False,4.0,False,낙찰자선정,재공고,,Y
20221128,(회계연도 시작 전 계약)2023년 국방TV 조명시설 장비 정기 유지관리(실적제한),2022,국방부 국방홍보원,일반용역,,False,28.0,False,낙찰자선정,등록공고,,N
20221130,(22F072-G)장비판독 AI모델 SW개발사업,2022,국방부 국군재정관리단,일반용역,,False,2.0,False,낙찰자선정,등록공고,,Y
20221202,(22F069-G) 23년 지상군 자원소요분석모델 유지보수용역,2022,국방부 국군재정관리단,일반용역,,True,0.0,True,유찰,등록공고,,Y
20221202,(22F078-G) 23~24년 한미지상전연동모델 유지보수용역,2022,국방부 국군재정관리단,일반용역,,True,0.0,True,유찰,등록공고,,Y
20221201,(22F203-I)위해도기반사격장중금속오염관리연구용역,2022,국방부 육군본부,일반용역,,False,4.0,False,낙찰자선정,등록공고,,Y
20221202,(22F077-G) 23~24년 전투21모델 유지보수 용역,2022,국방부 국군재정관리단,일반용역,,True,0.0,True,유찰,등록공고,,Y
20221202,(22F076-G)23~24년 연합연습전투근무지원모델유지보수,2022,국방부 국군재정관리단,일반용역,,True,0.0,True,유찰,등록공고,,Y
20221202,(22F071-G)23~24년 전투지휘훈련모델 통합유지보수,2022,국방부 국군재정관리단,일반용역,,True,0.0,True,유찰,등록공고,,Y
20221205,(22F080-G) 통신 교신 데이터 구축 모델 개발사업,2022,국방부 국군재정관리단,일반용역,,False,2.0,False,낙찰자선정,등록공고,,Y
20221205,(22G052-H)23~24년 군위성망 국제등록및 조정기술용역,2022,국방부 국군재정관리단,일반용역,,True,0.0,True,유찰,등록공고,,Y
20221209,(22F197-I) 2022년 육군 VR 안전교육 콘텐츠 제작,2022,국방부 국군재정관리단,일반용역,,True,0.0,True,유찰,등록공고,,N
20221216,23년 블랙이글스 호주 에어쇼 참가지원 용역(긴급),2022,국방부 국군재정관리단,일반용역,,False,2.0,False,개찰완료,등록공고,,Y
20220808,미활용 군용지 휀스 설치공사,2022,국방시설본부,공사,,False,121.0,False,낙찰자선정,등록공고,,
20220328,5사단 직할대 및 866포병 개편 등 지반조사용역,2022,국방시설본부,기술용역,,False,78.0,False,낙찰자선정,등록공고,,
20220328,7공병여단 자주도하장비 패키지 시설사업 지반조사용역 계약,2022,국방시설본부,기술용역,,False,79.0,False,낙찰자선정,등록공고,,
20220329,6군단 5사단 아파트 관사 신축 재해영향평가용역,2022,국방시설본부,기술용역,,False,13.0,False,낙찰자선정,등록공고,,
20220405,해상감시레이더-II 철탑공사 정보통신 감리용역,2022,방위사업청,기술용역,,False,17.0,False,낙찰자선정,등록공고,,
20220412,해상감시레이더-II 철탑공사(양양) 정보통신 감리용역,2022,방위사업청,기술용역,,False,18.0,False,낙찰자선정,등록공고,,
20220413,국립서울현충원 상수도관 교체공사 설계용역,2022,국방부 국립서울현충원,기술용역,,False,9.0,False,낙찰자선정,등록공고,,
20220426,반환미군기지 불스아이훈련장 토양환경평가용역,2022,국방시설본부,기술용역,,False,8.0,False,낙찰자선정,등록공고,,
20220622,31사단 예비군훈련대 개편 등 4건 재해영향평가용역 긴급계약,2022,국방시설본부,기술용역,,False,19.0,False,낙찰자선정,등록공고,,
20220630,9사단 30여단 군수지원대대 개편 등 3건 소규모환경영향평가용역,2022,국방시설본부,기술용역,,False,8.0,False,낙찰자선정,등록공고,,
20220628,9사단 28여단 군수지원대대 개편 등 3건 소규모재해영향평가용역,2022,국방시설본부,기술용역,,False,3.0,False,낙찰자선정,등록공고,,
20220705,31사단 예비군훈련대 개편 등 4건 소규모 환경영향평가,2022,국방시설본부,기술용역,,False,8.0,False,낙찰자선정,등록공고,,
20220704,해상감시레이더-II 철탑공사(울릉) 정보통신 감리용역,2022,방위사업청,기술용역,,False,18.0,False,낙찰자선정,등록공고,,
20220706,"53사단 126여단 3,5대대 개편 소규모재해영향평가용역",2022,국방시설본부,기술용역,,False,3.0,False,낙찰자선정,등록공고,,
20220712,15사단 직할대대 개편 등 2건 소규모재해영향평가용역,2022,국방시설본부,기술용역,,False,3.0,False,낙찰자선정,등록공고,,
20220712,해상감시레이더-II 철탑공사(인천2) 정보통신 감리용역,2022,방위사업청,기술용역,,False,20.0,False,낙찰자선정,등록공고,,
20220804,5군지여단 251보급중대 토양환경평가용역,2022,국방시설본부,기술용역,,False,8.0,False,낙찰자선정,등록공고,,
20220818,51사단 168-3대대 토양환경평가용역,2022,국방시설본부,기술용역,,False,15.0,False,낙찰자선정,등록공고,,
20220818,21사단 정비대대 등 3개부대 토양환경평가용역,2022,국방시설본부,기술용역,,False,14.0,False,낙찰자선정,등록공고,,
20220818,강원철원 지역 00부대 등 3개부대 토양환경평가용역,2022,국방시설본부,기술용역,,False,15.0,False,낙찰자선정,등록공고,,
20220818,12사단 화생방지원대 등2개부대 토양환경평가용역,2022,국방시설본부,기술용역,,False,15.0,False,낙찰자선정,등록공고,,
20220818,3군단 303경비연대 등 2개부대 토양환경평가용역,2022,국방시설본부,기술용역,,False,14.0,False,낙찰자선정,등록공고,,
20220914,구) 00공병단 토양환경평가용역,2022,국방시설본부,기술용역,,False,9.0,False,개찰완료,등록공고,,
20220919,3군단 303경비연대 등 2개부대 토양환경평가용역,2022,국방시설본부,기술용역,,False,13.0,False,낙찰자선정,재공고,,
20220921,강원철원 지역 00부대 등 3개부대 토양환경평가용역,2022,국방시설본부,기술용역,,False,13.0,False,낙찰자선정,재공고,,
20221007,구) 00공병단 토양환경평가용역,2022,국방시설본부,기술용역,,False,10.0,False,낙찰자선정,등록공고,,
20221014,6사단 유격장(율리지구) 토양환경평가용역,2022,국방시설본부,기술용역,,False,9.0,False,낙찰자선정,등록공고,,
20221028,1사단 대능리 간부숙소 신축 등 5개소 재해영향평가용역,2022,국방시설본부,기술용역,,False,2.0,False,낙찰자선정,등록공고,,
20221104,수도군단 00포병여단 간부숙소 신축 등 5건 설계VE용역,2022,국방시설본부,기술용역,,False,11.0,False,낙찰자선정,등록공고,,
20221103,2군단7사단00보병여단00대대신병교육대대교육생생활관 개수 등 6건설계VE용역,2022,국방시설본부,기술용역,,False,10.0,False,낙찰자선정,등록공고,,
20221103,동전사 60사단 간부숙소 신축 등 5건 설계VE용역,2022,국방시설본부,기술용역,,False,13.0,False,낙찰자선정,등록공고,,
20221103,1군단  작전시설(k55 유개화포상) 신축 등 4건 설계VE용역,2022,국방시설본부,기술용역,,False,12.0,False,낙찰자선정,등록공고,,
20221215,51사단 직할 신교대 생활관 증개축 사업 등 4건 설계VE용역,2022,국방시설본부,기술용역,,False,16.0,False,낙찰자선정,등록공고,,
20220526,2022년도 특수작전식량 조달,2022,육군군수사령부,물품(내자),식품,False,1.0,False,낙찰자선정,등록공고,Y,
20220527,22년 해군 윤활유(내연기관용) 조달,2022,해군군수사령부,물품(내자),연료·유류,False,1.0,False,낙찰자선정,등록공고,Y,
20220530,22년도 전투식량 즉각취식형(1식단) 조달,2022,육군군수사령부,물품(내자),식품,False,1.0,False,낙찰자선정,등록공고,Y,
20220530,2022년도 전투식량 즉각취식형(2식단) 조달,2022,육군군수사령부,물품(내자),식품,False,1.0,False,낙찰자선정,등록공고,Y,
20220610,2022년 공드럼 신관 제조 단가계약,2022,국방부,물품(내자),운반·포장,True,0.0,True,유찰,등록공고,Y,
20220620,2022년 군급식 식용유(콩기름 또는 옥수수기름) 789 조달,2022,육군군수사령부,물품(내자),식품,True,0.0,True,유찰,등록공고,Y,
20220706,2022년 공드럼 신관 제조 단가계약,2022,국방부,물품(내자),운반·포장,False,1.0,False,낙찰자선정,재공고,Y,
20220720,2022년 국방부 저장용 유류(혹한기경유-드럼포장) 단가계약,2022,국방부,물품(내자),연료·유류,False,1.0,False,낙찰자선정,등록공고,N,
20220804,2022년 군급식 식용유(콩기름 또는 옥수수기름) 8월 조달,2022,육군군수사령부,물품(내자),식품,False,1.0,False,개찰완료,등록공고,Y,
20220804,2022년 군급식 식용유(콩기름 또는 옥수수기름) 8월 조달,2022,육군군수사령부,물품(내자),식품,False,1.0,False,낙찰자선정,등록공고,Y,
20220816,22년 윤활유(기어용) 조달,2022,육군군수사령부,물품(내자),연료·유류,False,1.0,False,낙찰자선정,등록공고,Y,
20220826,2022년 국방부 저장용 유류(혹한기경유-경기지역) 단가계약,2022,국방부,물품(내자),연료·유류,False,1.0,False,낙찰자선정,등록공고,N,
20220830,2022년 육군 전투복 수의계약 (GNT부산의용촌),2022,육군군수사령부,물품(내자),피복·개인용품,False,1.0,False,낙찰자선정,등록공고,,
20220830,2022년 육군 전투복 수의계약 (전우),2022,육군군수사령부,물품(내자),피복·개인용품,False,1.0,False,낙찰자선정,등록공고,,
20220830,2022년 육군 전투복 수의계약 (평화용사촌복지공장),2022,육군군수사령부,물품(내자),피복·개인용품,False,1.0,False,낙찰자선정,등록공고,,
20220830,2022년 육군 전투복 수의계약 (동진복지재단),2022,육군군수사령부,물품(내자),피복·개인용품,False,1.0,False,낙찰자선정,등록공고,,
20220830,2022년 육군 전투복 수의계약 (대한민국고엽제전우회),2022,육군군수사령부,물품(내자),피복·개인용품,False,1.0,False,낙찰자선정,등록공고,,
20220902,2022년 국방부 저장용 유류(등유) 단가계약,2022,육군군수사령부,물품(내자),연료·유류,True,0.0,True,유찰,등록공고,N,
20220915,2022년 해군 방상외피 수의계약 (GNT부산의용촌),2022,해군군수사령부,물품(내자),피복·개인용품,False,1.0,False,낙찰자선정,등록공고,,
20220915,2022년 해병대 방상외피 수의계약 (GNT부산의용촌),2022,해병대 군수단,물품(내자),피복·개인용품,False,1.0,False,낙찰자선정,등록공고,,
20220915,2022년 육군 방상외피 수의계약 (GNT부산의용촌),2022,육군군수사령부,물품(내자),피복·개인용품,False,1.0,False,낙찰자선정,등록공고,,
20220915,2022년 공군 방상외피 수의계약 (GNT부산의용촌),2022,공군군수사령부,물품(내자),피복·개인용품,False,1.0,False,낙찰자선정,등록공고,,
20220915,2022년 육군 방상외피 수의계약(한국척수장애인협회),2022,육군군수사령부,물품(내자),피복·개인용품,False,1.0,False,낙찰자선정,등록공고,,
20220907,22년 윤활유(유압작동유) 조달,2022,육군군수사령부,물품(내자),연료·유류,False,1.0,False,낙찰자선정,등록공고,Y,
20220907,22년 윤활유 일반용(PL-SP) 조달,2022,육군군수사령부,물품(내자),연료·유류,False,1.0,False,낙찰자선정,등록공고,Y,
20220919,22년 윤활유(자동변속기유) 조달,2022,육군군수사령부,물품(내자),연료·유류,False,1.0,False,낙찰자선정,등록공고,Y,
20220916,2022년 해병대 방상내피 수의계약 (한국신체장애인복지회),2022,해병대 군수단,물품(내자),피복·개인용품,False,1.0,False,낙찰자선정,등록공고,,
20220916,2022년 해군 방상내피 수의계약 (518민주화운동부상자회),2022,해군군수사령부,물품(내자),피복·개인용품,False,1.0,False,낙찰자선정,등록공고,,
20220916,2022년 공군 방상내피 수의계약 (나눔복지재단),2022,공군군수사령부,물품(내자),피복·개인용품,False,1.0,False,낙찰자선정,등록공고,,
20220916,2022년 공군 방상내피 수의계약 (한국신체장애인복지회),2022,공군군수사령부,물품(내자),피복·개인용품,False,1.0,False,낙찰자선정,등록공고,,
20220916,2022년 육군 방상내피 수의계약 (한국장애인중심기업협회),2022,육군군수사령부,물품(내자),피복·개인용품,False,1.0,False,낙찰자선정,등록공고,,
20220916,2022년 육군 방상내피 수의계약 (한국신체장애인복지회),2022,육군군수사령부,물품(내자),피복·개인용품,False,1.0,False,낙찰자선정,등록공고,,
20220916,2022년 육군 방상내피 수의계약(518민주화운동부상자회),2022,육군군수사령부,물품(내자),피복·개인용품,False,1.0,False,낙찰자선정,등록공고,,
20220919,2022년~2025년(3년) 국방부 항공유(JP-8(송유관)) 단가계약,2022,국방부,물품(내자),연료·유류,False,1.0,False,낙찰자선정,등록공고,N,
20220919,2022년~2025년(3년) 국방부 항공유(JP-8(화차)) 단가계약,2022,국방부,물품(내자),연료·유류,False,1.0,False,낙찰자선정,등록공고,N,
20220921,2022년 육군 하운동복 수의계약(한움),2022,육군군수사령부,물품(내자),피복·개인용품,False,1.0,False,낙찰자선정,등록공고,,
20220921,2022년 육군 하운동복 수의계약 (누리복지회),2022,육군군수사령부,물품(내자),피복·개인용품,False,1.0,False,낙찰자선정,등록공고,,
20220921,2022년 육군 하운동복 수의계약 (한국기능장애인협회),2022,육군군수사령부,물품(내자),피복·개인용품,False,1.0,False,낙찰자선정,등록공고,,
20220921,2022년 육군 하운동복 수의계약 (부산시남구장애인협회),2022,육군군수사령부,물품(내자),피복·개인용품,False,1.0,False,낙찰자선정,등록공고,,
20220921,2022년 육군 하운동복 수의계약 (한국척수장애인협회),2022,육군군수사령부,물품(내자),피복·개인용품,False,1.0,False,낙찰자선정,등록공고,,
20220921,2022년 육군 하운동복 수의계약 (나눔복지재단),2022,육군군수사령부,물품(내자),피복·개인용품,False,1.0,False,낙찰자선정,등록공고,,
20220921,2022년 육군 하운동복 수의계약 (한국장애인녹색재단),2022,육군군수사령부,물품(내자),피복·개인용품,False,1.0,False,낙찰자선정,등록공고,,
20220921,2022년 육군 하운동복 수의계약 (한국장애인기업협회),2022,육군군수사령부,물품(내자),피복·개인용품,False,1.0,False,낙찰자선정,등록공고,,
20220921,2022년 육군 하운동복 수의계약 (연광복지재단),2022,육군군수사령부,물품(내자),피복·개인용품,False,1.0,False,낙찰자선정,등록공고,,
20220921,2022년 육군 하운동복 수의계약 (한국신체장애인복지회),2022,육군군수사령부,물품(내자),피복·개인용품,False,1.0,False,낙찰자선정,등록공고,,
20220921,2022년 육군 하운동복 수의계약 (한국장애인중심기업협회),2022,육군군수사령부,물품(내자),피복·개인용품,False,1.0,False,낙찰자선정,등록공고,,
20220921,2022년 육군 하운동복 수의계약 (전우),2022,육군군수사령부,물품(내자),피복·개인용품,False,1.0,False,개찰완료,등록공고,,
20220921,2022년 육군 춘추운동복 수의계약 (나눔과자람),2022,육군군수사령부,물품(내자),피복·개인용품,False,1.0,False,낙찰자선정,등록공고,,
20220921,2022년 육군 춘추운동복 수의계약 (누리복지회),2022,육군군수사령부,물품(내자),피복·개인용품,False,1.0,False,낙찰자선정,등록공고,,
20220921,2022년 육군 춘추운동복 수의계약 (부산시남구장애인협회),2022,육군군수사령부,물품(내자),피복·개인용품,False,1.0,False,낙찰자선정,등록공고,,
20220921,2022년 육군 춘추운동복 수의계약 (한국장애인녹색재단),2022,육군군수사령부,물품(내자),피복·개인용품,False,1.0,False,낙찰자선정,등록공고,,
20220921,2022년 육군 춘추운동복 수의계약 (한국기능장애인협회),2022,육군군수사령부,물품(내자),피복·개인용품,False,1.0,False,낙찰자선정,등록공고,,
20220921,2022년 육군 춘추운동복 수의계약 (한국척수장애인협회),2022,육군군수사령부,물품(내자),피복·개인용품,False,1.0,False,낙찰자선정,등록공고,,
20220921,2022년 육군 춘추운동복 수의계약 (연광복지재단),2022,육군군수사령부,물품(내자),피복·개인용품,False,1.0,False,낙찰자선정,등록공고,,
20220921,2022년 육군 춘추운동복 수의계약 (한국장애인기업협회),2022,육군군수사령부,물품(내자),피복·개인용품,False,1.0,False,낙찰자선정,등록공고,,
20220921,2022년 육군 춘추운동복 수의계약 (한국장애인중심기업협회),2022,육군군수사령부,물품(내자),피복·개인용품,False,1.0,False,낙찰자선정,등록공고,,
20220921,2022년 육군 춘추운동복 수의계약 (동진복지재단),2022,육군군수사령부,물품(내자),피복·개인용품,False,1.0,False,낙찰자선정,등록공고,,
20220921,2022년 육군 춘추운동복 수의계약 (평화용사촌복지공장),2022,육군군수사령부,물품(내자),피복·개인용품,False,1.0,False,낙찰자선정,등록공고,,
20220921,2022년 육군 동운동복 수의계약 (부산진구장애인협회),2022,육군군수사령부,물품(내자),피복·개인용품,False,1.0,False,낙찰자선정,등록공고,,
20220921,2022년 육군 동운동복 수의계약 (한국기능장애인협회),2022,육군군수사령부,물품(내자),피복·개인용품,False,1.0,False,낙찰자선정,등록공고,,
20220921,2022년 육군 동운동복 수의계약 (누리복지회),2022,육군군수사령부,물품(내자),피복·개인용품,False,1.0,False,낙찰자선정,등록공고,,
20220921,2022년 육군 동운동복 수의계약 (한국장애인녹색재단),2022,육군군수사령부,물품(내자),피복·개인용품,False,1.0,False,낙찰자선정,등록공고,,
20220921,2022년 육군 동운동복  수의계약 (부산시남구장애인협회),2022,육군군수사령부,물품(내자),피복·개인용품,False,1.0,False,낙찰자선정,등록공고,,
20220921,2022년 육군 동운동복 수의계약 (연광복지재단),2022,육군군수사령부,물품(내자),피복·개인용품,False,1.0,False,낙찰자선정,등록공고,,
20220921,2022년 육군 동운동복 수의계약 (나눔복지재단),2022,육군군수사령부,물품(내자),피복·개인용품,False,1.0,False,낙찰자선정,등록공고,,
20220921,2022년 육군 동운동복 수의계약 (삼덕재단),2022,육군군수사령부,물품(내자),피복·개인용품,False,1.0,False,낙찰자선정,등록공고,,
20220921,2022년 육군 동운동복 수의계약 (동진복지재단),2022,육군군수사령부,물품(내자),피복·개인용품,False,1.0,False,낙찰자선정,등록공고,,
20220921,2022년 육군 동운동복 수의계약 (한국신체장애인복지회),2022,육군군수사령부,물품(내자),피복·개인용품,False,1.0,False,낙찰자선정,등록공고,,
20220921,2022년 육군 동운동복 수의계약 (GNT부산의용촌),2022,육군군수사령부,물품(내자),피복·개인용품,False,1.0,False,낙찰자선정,등록공고,,
20220921,2022년 공군 동운동복 수의계약 (무궁화용사촌),2022,공군군수사령부,물품(내자),피복·개인용품,False,1.0,False,낙찰자선정,등록공고,,
20220927,22년 육군 사각팬티 수의물량 제조(518),2022,육군군수사령부,물품(내자),피복·개인용품,False,1.0,False,낙찰자선정,등록공고,,
20220929,22년 동내의 수의물량 제조(삼덕재단),2022,육군군수사령부,물품(내자),피복·개인용품,False,1.0,False,낙찰자선정,등록공고,,
20220929,22년 동내의 수의물량 제조(518),2022,육군군수사령부,물품(내자),피복·개인용품,False,1.0,False,낙찰자선정,등록공고,,
20221007,22년 육군 면양말 수의물량 제조(해오름),2022,육군군수사령부,물품(내자),피복·개인용품,False,1.0,False,낙찰자선정,등록공고,,
20221012,"22년 화장실용화장지(3겹,35m) 수의(상이군경회)",2022,육군군수사령부,물품(내자),종이류,False,1.0,False,낙찰자선정,등록공고,,
20221019,"육군 22년 화장실용화장지(3겹,35m) 수의(한마음장애인복지회)",2022,육군군수사령부,물품(내자),종이류,False,1.0,False,낙찰자선정,등록공고,,
20221024,"육군 22년 화장실용화장지(3겹,35m) 수의(우선구매사업단)",2022,육군군수사령부,물품(내자),종이류,False,1.0,False,낙찰자선정,등록공고,,
20221017,22년 육군 칫솔 제조,2022,육군군수사령부,물품(내자),피복·개인용품,False,1.0,False,낙찰자선정,등록공고,Y,
20221026,"22년 윤활유(LSA, PL-MED) 구매",2022,육군군수사령부,물품(내자),연료·유류,False,1.0,False,낙찰자선정,등록공고,Y,
20221109,22년 육군 손톱깎이 제조,2022,육군군수사령부,물품(내자),피복·개인용품,False,1.0,False,낙찰자선정,등록공고,Y,
20221116,"22년 육군 정복, 근무복 체촌 수의(초도, 남군)",2022,육군군수사령부,물품(내자),피복·개인용품,False,1.0,False,낙찰자선정,등록공고,,
20221124,윤활유(아웃보드모터오일) 구매,2022,육군군수사령부,물품(내자),연료·유류,False,1.0,False,낙찰자선정,등록공고,Y,
20220214,22년 장티푸스 백신,2022,육군군수사령부,물품(내자),기타(51),False,1.0,False,낙찰자선정,등록공고,,
20220428,2022년 두부류 조달,2022,육군군수사령부,물품(내자),식품,False,1.0,False,낙찰자선정,등록공고,Y,
20220428,2022년 두부류 조달,2022,육군군수사령부,물품(내자),식품,False,1.0,False,낙찰자선정,등록공고,Y,
20220428,2022년 두부류 조달,2022,육군군수사령부,물품(내자),식품,False,1.0,False,낙찰자선정,등록공고,Y,
20220428,2022년 두부류 조달,2022,육군군수사령부,물품(내자),식품,False,1.0,False,낙찰자선정,등록공고,Y,
20220511,22년 고춧가루 (조미용) 조달,2022,육군군수사령부,물품(내자),식품,False,1.0,False,낙찰자선정,등록공고,,
20220523,2022년 군 급식 상온해조류(조미김) 조달_수의,2022,육군군수사령부,물품(내자),식품,False,1.0,False,낙찰자선정,등록공고,,
20220523,2022년 군 급식 식육가공품(치킨너겟) 조달_수의,2022,육군군수사령부,물품(내자),식품,False,1.0,False,낙찰자선정,등록공고,,
20220523,2022년 군 급식 식육가공품(햄슬라이스) 조달_수의,2022,육군군수사령부,물품(내자),식품,False,1.0,False,낙찰자선정,등록공고,,
20220521,2022년도 전투식량 1형 조달,2022,육군군수사령부,물품(내자),식품,False,1.0,False,낙찰자선정,등록공고,Y,
20220521,2022년도 전투식량 1형 조달,2022,육군군수사령부,물품(내자),식품,False,1.0,False,낙찰자선정,등록공고,Y,
20220521,2022년도 전투식량 1형 조달,2022,육군군수사령부,물품(내자),식품,False,1.0,False,낙찰자선정,등록공고,Y,
20220610,2022년 군 급식 배추김치 조달_수의,2022,육군군수사령부,물품(내자),식품,False,1.0,False,낙찰자선정,등록공고,,
20220610,2022년 군 급식 깍두기 조달_수의,2022,육군군수사령부,물품(내자),식품,False,1.0,False,낙찰자선정,등록공고,,
20220610,2022년 군 급식 열무김치 조달_수의,2022,육군군수사령부,물품(내자),식품,False,1.0,False,낙찰자선정,등록공고,,
20220610,2022년 군 급식 총각김치 조달_수의,2022,육군군수사령부,물품(내자),식품,False,1.0,False,낙찰자선정,등록공고,,
20220610,2022년 군 급식 파김치 조달_수의,2022,육군군수사령부,물품(내자),식품,False,1.0,False,낙찰자선정,등록공고,,
20220610,2022년 군 급식 갓김치 조달_수의,2022,육군군수사령부,물품(내자),식품,False,1.0,False,낙찰자선정,등록공고,,
20220610,2022년 군 급식 오이소박이김치 조달_수의,2022,육군군수사령부,물품(내자),식품,False,1.0,False,낙찰자선정,등록공고,,
20220610,2022년 군 급식 백김치 조달_수의,2022,육군군수사령부,물품(내자),식품,False,1.0,False,낙찰자선정,등록공고,,
20220107,정밀측정시험소(자동제어),2022,해군정비창,물품(내자),전기·조명,False,1.0,False,낙찰자선정,등록공고,Y,
20220107,21-해병-병영생활관 신축 관급(자동제어),2022,해병대제9196부대,물품(내자),전기·조명,False,1.0,False,낙찰자선정,등록공고,,
20220125,공군사관학교 교회 신축 관급자재_자동제어,2022,공군사관학교,물품(내자),전기·조명,False,1.0,False,낙찰자선정,등록공고,Y,
20220211,"1포병여단 정비근무대, A/B포병대대 부대개편 관급 자동제어",2022,육군 제1군단,물품(내자),전기·조명,False,1.0,False,낙찰자선정,등록공고,,
20220218,"성당 자동제어,원격검침 및 교회 원격검침",2022,공군사관학교,물품(내자),전기·조명,False,1.0,False,낙찰자선정,등록공고,Y,
20220215,"공군사관학교 교회 신축 관급자재_무대장치, 무대조명",2022,공군사관학교,물품(내자),건축자재,False,1.0,False,낙찰자선정,등록공고,,
20220329,스피드블럭메탈,2022,해군정비창,물품(내자),건축자재,False,1.0,False,낙찰자선정,변경공고,,
20220303,하강고리 등 2품목 조달,2022,육군군수사령부,물품(내자),국방·치안·보안,False,1.0,False,낙찰자선정,등록공고,Y,
20220308,개선 식탁(6인용),2022,공군군수사령부,물품(내자),가구,False,1.0,False,낙찰자선정,등록공고,,
20220316,양압식 공기호흡기 안면부 등 3품목 조달(수의-부속품),2022,해군군수사령부,물품(내자),국방·치안·보안,False,1.0,False,낙찰자선정,등록공고,,
20220316,5기갑여단 간부숙소 신축 관급 자동제어,2022,제6군단사령부,물품(내자),전기·조명,False,1.0,False,낙찰자선정,등록공고,,
20220407,"군용사물함(관물함, 침대용)",2022,육군군수사령부,물품(내자),가구,False,1.0,False,낙찰자선정,등록공고,,
20220407,"신발장, 생활관용, 6인용",2022,육군군수사령부,물품(내자),가구,False,1.0,False,낙찰자선정,등록공고,,
20220408,"거품액체, 소화용(3%) 조달",2022,해군군수사령부,물품(내자),국방·치안·보안,False,1.0,False,낙찰자선정,등록공고,Y,
20220418,"(육, 해병) 22년 분,소대용 보온식관 제조(재공고)",2022,육군군수사령부,물품(내자),서비스산업장비,False,1.0,False,낙찰자선정,등록공고,Y,
20220414,해군 궤도형굴착기 제조 납품,2022,해군군수사령부,물품(내자),건설장비,False,1.0,False,낙찰자선정,등록공고,Y,
20220419,"노즐, 소방장비용 조달",2022,해군군수사령부,물품(내자),국방·치안·보안,False,1.0,False,낙찰자선정,등록공고,Y,
20220420,38전차대대 행정시설 신축 관급자재(자동제어),2022,제6군단사령부,물품(내자),전기·조명,False,1.0,False,낙찰자선정,등록공고,,
20220422,(육군) 마닐라로프 등 3종 제조(재공고),2022,육군군수사령부,물품(내자),제조부품,False,1.0,False,낙찰자선정,등록공고,Y,
20220425,공군 차륜형로더(스쿠프형) 제조 납품,2022,공군군수사령부,물품(내자),건설장비,False,1.0,False,낙찰자선정,등록공고,Y,
20220516,육군 수소버스 제조,2022,육군군수사령부,물품(내자),차량·수송장비,False,1.0,False,낙찰자선정,등록공고,,
20220517,"회의용탁자 4호, 5인용",2022,육군군수사령부,물품(내자),가구,False,1.0,False,낙찰자선정,등록공고,Y,
20220613,22년 해병 저상형트레일러 구매,2022,해군군수사령부,물품(내자),차량·수송장비,False,1.0,False,낙찰자선정,등록공고,,
20220527,2022년 해군군수사령부 이동식조명대(투광조명등세트) 조달,2022,해군군수사령부,물품(내자),전기·조명,False,1.0,False,낙찰자선정,등록공고,Y,
20220607,2022년 해군 방열복류 제조,2022,해군군수사령부,물품(내자),국방·치안·보안,False,1.0,False,낙찰자선정,등록공고,Y,
20220609,잔반탈수기 세트 제조 납품,2022,공군군수사령부,물품(내자),산업기계,False,1.0,False,낙찰자선정,등록공고,Y,
20220621,22년 화물용트럭 제조,2022,공군군수사령부,물품(내자),차량·수송장비,False,1.0,False,낙찰자선정,등록공고,Y,
20220615,60톤 유압기중기 제조 납품,2022,해군군수사령부,물품(내자),운반·포장,False,1.0,False,낙찰자선정,등록공고,Y,
20220615,100톤 유압기중기 제조 납품,2022,해군군수사령부,물품(내자),운반·포장,False,1.0,False,낙찰자선정,등록공고,Y,
20220615,22년 의무장비(X-선기 수술용(C-arm)) 구매(수의시담),2022,국방부 국군의무사령부,물품(내자),의료장비,False,1.0,False,낙찰자선정,등록공고,N,
20220621,공군 항공기구조소방차 제조,2022,공군군수사령부,물품(내자),차량·수송장비,False,1.0,False,낙찰자선정,등록공고,Y,
20220621,공병교 본청 기계실 빌딩자동제어장치 설치납품,2022,육군상무대근무지원단,물품(내자),전기·조명,False,1.0,False,낙찰자선정,등록공고,,
20220623,(육군) 22년 구두약(흑색용) 제조(재공고),2022,육군군수사령부,물품(내자),청소장비,False,1.0,False,낙찰자선정,등록공고,Y,
20220628,해군 차륜형굴착기 2종 제조 납품,2022,해군군수사령부,물품(내자),건설장비,False,1.0,False,낙찰자선정,등록공고,Y,
20220629,지게차 6000파운드 제조 납품,2022,육군군수사령부,물품(내자),운반·포장,False,1.0,False,낙찰자선정,등록공고,Y,
20220707,22년 해병 이동전개형 의무시설셋(천막형) 제작 구매,2022,해군군수사령부,물품(내자),차량·수송장비,False,1.0,False,낙찰자선정,등록공고,N,
20220707,해군 차륜형로더 제조 납품,2022,해군군수사령부,물품(내자),건설장비,False,1.0,False,낙찰자선정,등록공고,Y,
20220713,탄력붕대 제조 납품,2022,육군군수사령부,물품(내자),의료장비,False,1.0,False,낙찰자선정,재공고,Y,
20220718,"식탁, 부대식당, 6인용",2022,육군군수사령부,물품(내자),가구,False,1.0,False,낙찰자선정,등록공고,,
20220720,22년 해병 트랙터 제조,2022,해군군수사령부,물품(내자),차량·수송장비,False,1.0,False,낙찰자선정,등록공고,Y,
20220801,인공호흡기 구매,2022,해군군수사령부,물품(내자),의료장비,False,1.0,False,낙찰자선정,등록공고,,
20220727,2022년 인식표용 튜브 및 고무링 조달,2022,육군군수사령부,물품(내자),제조부품,False,1.0,False,낙찰자선정,재공고,Y,
20220801,22년 해군 정복(수의계약),2022,해군군수사령부,물품(내자),피복·개인용품,False,1.0,False,낙찰자선정,등록공고,,
20220802,2022년 노후 LAN 교체사업,2022,국방부 국군의무사령부,물품(내자),정보통신,False,1.0,False,낙찰자선정,등록공고,N,Y
20220816,해군 굴절소방차 제조,2022,해군군수사령부,물품(내자),차량·수송장비,False,1.0,False,낙찰자선정,등록공고,Y,
20220816,수직천공기 제조 납품,2022,해군군수사령부,물품(내자),산업기계,False,1.0,False,낙찰자선정,등록공고,Y,
20220825,OO영상판독체계 노후교체 사업(리스 물건),2022,국군제9965부대,물품(내자),정보통신,False,1.0,False,낙찰자선정,등록공고,N,Y
20220825,22년 군용 반합 제조,2022,육군군수사령부,물품(내자),스포츠·레저,False,1.0,False,낙찰자선정,등록공고,Y,
20220829,거즈류 제조 납품,2022,육군군수사령부,물품(내자),의료장비,False,1.0,False,낙찰자선정,등록공고,,
20220831,해군 직진식카고크레인 제조,2022,해군군수사령부,물품(내자),차량·수송장비,False,1.0,False,낙찰자선정,등록공고,Y,
20220901,육군 자동차용납축전지(MF) 제조 납품,2022,육군군수사령부,물품(내자),발전·배전,True,0.0,True,유찰,등록공고,Y,
20220902,8자 하강기 및 안전고리(스냅훅) 구매,2022,육군군수사령부,물품(내자),국방·치안·보안,False,1.0,False,낙찰자선정,등록공고,Y,
20220906,00사 급배기 자동제어설비 개선공사 관급자재,2022,공군작전사령부근무지원단,물품(내자),전기·조명,False,1.0,False,낙찰자선정,등록공고,,
20220915,22년 육군 산악로프(나일론 50m) 제조,2022,육군군수사령부,물품(내자),제조부품,False,1.0,False,낙찰자선정,등록공고,Y,
20220907,학생군사학교 대형전광판 설치납품,2022,육군학생군사학교,물품(내자),출판물,False,1.0,False,낙찰자선정,등록공고,,
20220908,2022년 정보자원 교체 및 개선사업,2022,방위사업청,물품(내자),정보통신,False,1.0,False,낙찰자선정,등록공고,N,Y
20220921,취사기구소독보관함 2종 수의 조달,2022,육군군수사령부,물품(내자),서비스산업장비,False,1.0,False,낙찰자선정,등록공고,,
20220922,22년조달청내자품목(공보정훈물자)계약요청,2022,해군군수사령부,물품(내자),가정용품,False,1.0,False,낙찰자선정,등록공고,,
20220922,503여단 1대대 병영생활관 신축 관급 자동제어 원격검침,2022,제31보병사단,물품(내자),전기·조명,False,1.0,False,낙찰자선정,등록공고,,
20220928,2022년 공군 늄침대 제조,2022,공군군수사령부,물품(내자),스포츠·레저,False,1.0,False,낙찰자선정,등록공고,Y,Y
20220927,육공군 위장포 제조 납품,2022,육군군수사령부,물품(내자),스포츠·레저,False,1.0,False,낙찰자선정,등록공고,Y,
20220929,22년 부동액(K-9자주포용) 제조,2022,육군군수사령부,물품(내자),차량·수송장비,True,0.0,True,유찰,등록공고,,
20220929,"8톤, 10톤 지게차",2022,방위사업청,물품(내자),운반·포장,True,0.0,True,유찰,등록공고,,
20220929,육군 궤도형굴착기(중형) 제조 납품,2022,육군군수사령부,물품(내자),건설장비,False,1.0,False,낙찰자선정,등록공고,Y,
20221004,공군 전용승용차 제조,2022,공군군수사령부,물품(내자),차량·수송장비,False,1.0,False,낙찰자선정,등록공고,Y,
20221012,육군 차륜형굴착기(소형) 제조 납품,2022,육군군수사령부,물품(내자),건설장비,False,1.0,False,낙찰자선정,등록공고,Y,
20221014,22년 수중추진기 조달요청,2022,육군군수사령부,물품(내자),스포츠·레저,False,1.0,False,낙찰자선정,등록공고,,
20221013,6포병여단 999대대 병영생활관 신축 관급자재(자동제어),2022,제6군단사령부,물품(내자),전기·조명,False,1.0,False,낙찰자선정,등록공고,,
20221013,6포병여단 866대대 병영생활관 신축 관급자재(자동제어),2022,제6군단사령부,물품(내자),전기·조명,False,1.0,False,낙찰자선정,등록공고,,
20221013,6포병여단 822대대 행정시설 신축 관급자재(자동제어),2022,제6군단사령부,물품(내자),전기·조명,False,1.0,False,낙찰자선정,등록공고,,
20221014,포장용 랩 제조 조달,2022,육군군수사령부,물품(내자),서비스산업장비,False,1.0,False,낙찰자선정,등록공고,Y,
20221020,22년 주거시설 배수체계 개선공사 펌프,2022,공군제5공중기동비행단,물품(내자),배관·공조,False,1.0,False,낙찰자선정,등록공고,,
20221018,22년 부동액(K-9자주포용) 제조,2022,육군군수사령부,물품(내자),차량·수송장비,True,0.0,True,유찰,재공고,,
20221019,22년 해군 및 해병 항공피복 제조 수의시담,2022,해군군수사령부,물품(내자),피복·개인용품,False,1.0,False,낙찰자선정,등록공고,Y,
20221020,해군 22년 천연방충탈취제 조달,2022,해군군수사령부,물품(내자),청소장비,False,1.0,False,낙찰자선정,등록공고,Y,
20221020,2022년 육군 안전벨트 제조,2022,육군군수사령부,물품(내자),국방·치안·보안,False,1.0,False,낙찰자선정,등록공고,Y,Y
20221020,"2022년 육군, 해병대 하계조종화 제조",2022,육군군수사령부,물품(내자),국방·치안·보안,False,1.0,False,낙찰자선정,등록공고,Y,Y
20221020,22년 공군 개선 비행가죽잠바(측신) 제조 수의시담,2022,공군군수사령부,물품(내자),피복·개인용품,False,1.0,False,낙찰자선정,등록공고,Y,
20221022,폭약성분 분석기 6set 구매,2022,해군군수사령부,물품(내자),국방·치안·보안,False,1.0,False,낙찰자선정,등록공고,,
20221024,해군 윤활유급유차 제조,2022,해군군수사령부,물품(내자),차량·수송장비,False,1.0,False,낙찰자선정,등록공고,Y,
20221026,경계용CCTV,2022,해군군수사령부,물품(내자),국방·치안·보안,False,1.0,False,낙찰자선정,등록공고,,
20221031,2022년 육군 오일분광분석기 구매,2022,육군군수사령부,물품(내자),실험·측정기기,False,1.0,False,낙찰자선정,등록공고,,
20221102,"21년 해병대 덮개,천막용(방폭텐트) 구매",2022,해병대 군수단,물품(내자),국방·치안·보안,False,1.0,False,낙찰자선정,등록공고,N,
20221107,공군사관학교 교회 신축 관급자재_AV설비,2022,공군사관학교,물품(내자),인쇄·영상,False,1.0,False,낙찰자선정,등록공고,,
20221111,해군 고소작업차 제조,2022,해군군수사령부,물품(내자),차량·수송장비,False,1.0,False,낙찰자선정,등록공고,Y,
20221111,과산화수소이온발생기 구매,2022,국방부 국군화생방방호사령부,물품(내자),실험·측정기기,False,1.0,False,낙찰자선정,등록공고,,
20221114,휴대용 영상전송 장비,2022,해군군수사령부,물품(내자),정보통신,False,1.0,False,낙찰자선정,등록공고,,
20221115,육군 차륜형로더 제조 납품,2022,육군군수사령부,물품(내자),건설장비,False,1.0,False,낙찰자선정,등록공고,Y,
20221115,8톤 지게차,2022,방위사업청,물품(내자),운반·포장,False,1.0,False,낙찰자선정,등록공고,,
20221115,10톤 지게차,2022,방위사업청,물품(내자),운반·포장,False,1.0,False,낙찰자선정,등록공고,,
20221122,육군 22년 식관(국통) 제조조달,2022,육군군수사령부,물품(내자),가정용품,False,1.0,False,낙찰자선정,등록공고,Y,
20221123,국군화생방방호사령부 이동식별종합분석셋 제조,2022,국방부 국군화생방방호사령부,물품(내자),차량·수송장비,False,1.0,False,낙찰자선정,등록공고,Y,Y
20221130,2022년 해군 소방화(고무제 방화신발) 구매,2022,해군군수사령부,물품(내자),국방·치안·보안,False,1.0,False,낙찰자선정,등록공고,N,Y
20221130,22년 해병 고무보트(고속) 제조,2022,해군군수사령부,물품(내자),차량·수송장비,False,1.0,False,낙찰자선정,등록공고,Y,Y
20221201,다락대훈련장 지원시설 관급자재(자동제어),2022,제6군단사령부,물품(내자),전기·조명,False,1.0,False,낙찰자선정,등록공고,,
20221205,양압식 공기호흡기 예비실린더 구매,2022,해군군수사령부,물품(내자),국방·치안·보안,False,1.0,False,낙찰자선정,등록공고,,
20221208,12사단 51여단 실내체육관 신축 관급자재 - 자동제어장치,2022,육군제1862부대,물품(내자),전기·조명,False,1.0,False,낙찰자선정,등록공고,,
20221208,지게차 11000파운드 제조 납품,2022,육군군수사령부,물품(내자),운반·포장,False,1.0,False,낙찰자선정,등록공고,Y,
20221209,자기공명촬영장치(MRI) 고급형 설치납품,2022,국군수도병원,물품(내자),의료장비,False,1.0,False,낙찰자선정,등록공고,N,Y
20221212,"22년 해군 7인승 고무보트 2종(고속, 저속) 제조",2022,해군군수사령부,물품(내자),차량·수송장비,False,1.0,False,낙찰자선정,등록공고,Y,Y
20221216,e시스템 노후 암호장비 교체사업,2022,국방부 국방전산정보원,물품(내자),정보통신,False,1.0,False,낙찰자선정,등록공고,,
20221220,93여단 예비군훈련대 부대개편 관급 자동제어,2022,제31보병사단,물품(내자),전기·조명,False,1.0,False,낙찰자선정,등록공고,,
20221221,레이저 도청방지장비 교체 및 설치,2022,국방부,물품(내자),정보통신,False,1.0,False,낙찰자선정,등록공고,,
20221226,광범위 방사능물질 탐지/추적시스템,2022,국방부 국군화생방방호사령부,물품(내자),발전·배전,False,1.0,False,낙찰자선정,등록공고,N,Y
20220427,2022년 군급식 식용유(콩기름 또는 옥수수기름) 조달,2022,육군군수사령부,물품(내자),식품,True,1.0,False,유찰,등록공고,Y,
20220512,22년 급식류-설탕(단가계약),2022,육군군수사령부,물품(내자),식품,False,1.0,False,낙찰자선정,등록공고,Y,
20220513,2022년 군급식 식용유(콩기름 또는 옥수수기름) 조달,2022,육군군수사령부,물품(내자),식품,True,0.0,True,유찰,등록공고,Y,
20220627,2022년 국방부 항공기연료(AV-GAS) 단가계약,2022,육군군수사령부,물품(내자),연료·유류,False,1.0,False,낙찰자선정,등록공고,N,Y
20220729,2022년 국방부 저장용 유류(고유황경유) 단가계약(재공고),2022,국방부,물품(내자),연료·유류,False,2.0,False,낙찰자선정,등록공고,N,
20220826,2022년 국방부 저장용 유류(혹한기경유-경기외) 단가계약,2022,국방부,물품(내자),연료·유류,False,2.0,False,낙찰자선정,등록공고,N,
20220919,2022년 국방부 항공유(JP-8)-차량(탱크주입도) 단가계약,2022,국방부,물품(내자),연료·유류,False,1.0,False,낙찰자선정,등록공고,N,
20220322,22년 육군 방청윤활유(방청유) 조달,2022,육군군수사령부,물품(내자),연료·유류,False,1.0,False,낙찰자선정,등록공고,Y,
20220418,"제빙기, 조각형(소형제빙기) 조달",2022,육군군수사령부,물품(내자),운반·포장,False,1.0,False,개찰완료,등록공고,Y,
20220526,2022년 유골함(충혼당 및 묘역용) 제조 구매,2022,국방부 국립서울현충원,물품(내자),서비스산업장비,False,3.0,False,낙찰자선정,등록공고,Y,
20220707,22년 해군 트랙터 제조,2022,해군군수사령부,물품(내자),차량·수송장비,False,2.0,False,낙찰자선정,등록공고,Y,
20220707,해군 궤도형도저(저속형) 구매,2022,해군군수사령부,물품(내자),건설장비,True,0.0,True,유찰,등록공고,N,
20220725,CO2 소화기 2종 조달,2022,해군군수사령부,물품(내자),국방·치안·보안,True,1.0,False,유찰,등록공고,Y,
20220808,CO2 소화기 2종 조달,2022,해군군수사령부,물품(내자),국방·치안·보안,False,1.0,False,낙찰자선정,등록공고,Y,
20220901,저압공기압축기 제조 조달,2022,해군군수사령부,물품(내자),배관·공조,False,2.0,False,낙찰자선정,등록공고,Y,
20220906,군용 수통 제조,2022,육군군수사령부,물품(내자),스포츠·레저,False,1.0,False,낙찰자선정,등록공고,Y,
20220907,식기보관함(200명분) 제조 조달,2022,육군군수사령부,물품(내자),서비스산업장비,False,2.0,False,낙찰자선정,등록공고,Y,
20221014,22년 양념분쇄기 제조 조달,2022,육군군수사령부,물품(내자),서비스산업장비,False,1.0,False,낙찰자선정,등록공고,Y,
20221101,22년 공군 평판형 트레일러 제조,2022,공군군수사령부,물품(내자),차량·수송장비,False,2.0,False,낙찰자선정,등록공고,Y,
20221103,솥걸이조립체 제조 조달,2022,육군군수사령부,물품(내자),서비스산업장비,False,1.0,False,낙찰자선정,등록공고,Y,
20221110,육군 위장포(방탄헬멧 KBH III형용) 제조 납품,2022,육군군수사령부,물품(내자),스포츠·레저,False,1.0,False,낙찰자선정,재공고,Y,
20220110,해군 백단화 등 3종(주문제작) 구매,2022,해군군수사령부,물품(내자),피복·개인용품,False,5.0,False,낙찰자선정,등록공고,Y,
20220209,[국립서울현충원] 2022년 봉안함 명패 제작 구매,2022,국방부 국립서울현충원,물품(내자),출판물,False,9.0,False,낙찰자선정,등록공고,Y,
20220210,22년 육군 가죽요대 제조,2022,육군군수사령부,물품(내자),피복·개인용품,False,29.0,False,낙찰자선정,등록공고,Y,
20220420,2022년 국방부 저장용 유류(휘발유-탱크주입도) 단가계약,2022,육군군수사령부,물품(내자),연료·유류,False,3.0,False,낙찰자선정,등록공고,N,
20220420,2022년 국방부 저장용 유류(휘발유-드럼포장) 단가계약,2022,국방부,물품(내자),연료·유류,True,0.0,True,유찰,등록공고,N,
20220504,2022년 국방부 저장용 유류(휘발유-드럼포장) 단가계약,2022,국방부,물품(내자),연료·유류,True,0.0,True,유찰,재공고,N,
20220512,2022년 국방부 저장용 유류(휘발유-드럼포장) 단가계약,2022,국방부,물품(내자),연료·유류,True,0.0,True,유찰,재공고,N,
20220520,2022년 국방부 저장용 유류(저유황경유) 단가계약,2022,국방부,물품(내자),연료·유류,False,2.0,False,낙찰자선정,등록공고,N,
20220518,(육군) 22년 구두솔 제조,2022,육군군수사령부,물품(내자),청소장비,True,2.0,False,유찰,등록공고,Y,
20220523,2022년 공드럼 신관 제조 단가계약,2022,육군군수사령부,물품(내자),운반·포장,True,0.0,True,유찰,등록공고,Y,
20220603,2022년 공드럼 신관 제조 단가계약,2022,육군군수사령부,물품(내자),운반·포장,True,0.0,True,유찰,재공고,Y,
20220615,2022년 공드럼 신관 제조 단가계약,2022,국방부,물품(내자),운반·포장,True,0.0,True,유찰,등록공고,Y,
20220622,2022년 육군 비누갑 조달(제조),2022,육군군수사령부,물품(내자),건축자재,False,3.0,False,낙찰자선정,등록공고,Y,
20220628,2022년 공드럼 신관 제조 단가계약,2022,국방부,물품(내자),운반·포장,True,0.0,True,유찰,재공고,Y,
20220804,"2022년 육군 사계절전투복(남군,여군) 제조",2022,육군군수사령부,물품(내자),피복·개인용품,False,19.0,False,낙찰자선정,등록공고,Y,
20220804,"2022년 육군 하계절전투복(남군,여군) 제조",2022,육군군수사령부,물품(내자),피복·개인용품,False,19.0,False,낙찰자선정,등록공고,Y,
20220811,2022년 방상외피 체촌,2022,해병대 군수단,물품(내자),피복·개인용품,False,8.0,False,낙찰자선정,등록공고,Y,
20220811,2022 전투복 체촌 제조,2022,해병대 군수단,물품(내자),피복·개인용품,False,7.0,False,낙찰자선정,등록공고,Y,
20220816,2022년 육군 방상외피 제조,2022,육군군수사령부,물품(내자),피복·개인용품,False,16.0,False,낙찰자선정,등록공고,Y,Y
20220816,2022년 육군 방상내피 제조(체촌 포함),2022,육군군수사령부,물품(내자),피복·개인용품,False,14.0,False,낙찰자선정,등록공고,Y,Y
20220819,2022년 군급식 식물성기름(식용유 3종) 구매,2022,육군군수사령부,물품(내자),식품,True,3.0,False,유찰,등록공고,Y,
20220819,2022년 군급식 식물성기름(식용유 3종) 구매,2022,육군군수사령부,물품(내자),식품,False,3.0,False,낙찰자선정,등록공고,Y,
20220819,2022년 군급식 식물성기름(식용유 3종) 구매,2022,육군군수사령부,물품(내자),식품,False,3.0,False,낙찰자선정,등록공고,Y,
20220822,"22년 보온대(주머니난로) 제조(해군, 공군, 해병)",2022,공군군수사령부,물품(내자),피복·개인용품,False,9.0,False,낙찰자선정,등록공고,Y,
20220916,2022년 공군 여군 단화류 제조,2022,공군군수사령부,물품(내자),피복·개인용품,True,4.0,False,유찰,등록공고,Y,
20220919,22년 육군 손톱깎이 제조,2022,육군군수사령부,물품(내자),피복·개인용품,True,0.0,True,유찰,등록공고,Y,
20220919,2022년 공군 태극마크 제조,2022,공군군수사령부,물품(내자),피복·개인용품,False,22.0,False,낙찰자선정,등록공고,Y,
20220919,"2022년 해군, 공군, 해병대 예비군마크 제조",2022,해군군수사령부,물품(내자),피복·개인용품,False,12.0,False,낙찰자선정,등록공고,Y,
20220921,2022년 공군 정비화 제조,2022,공군군수사령부,물품(내자),국방·치안·보안,False,2.0,False,낙찰자선정,등록공고,Y,Y
20220921,2022년 육군 생도용견장류 제조,2022,육군군수사령부,물품(내자),피복·개인용품,False,23.0,False,낙찰자선정,등록공고,Y,Y
20220921,2022년 공군 포제휘장류 제조,2022,공군군수사령부,물품(내자),피복·개인용품,False,18.0,False,낙찰자선정,등록공고,Y,Y
20220923,2022년 공군 포제계급장류 제조,2022,공군군수사령부,물품(내자),피복·개인용품,False,19.0,False,낙찰자선정,등록공고,Y,Y
20220922,22년 해군공군 손세정제(액상비누) 제조,2022,해군군수사령부,물품(내자),피복·개인용품,False,15.0,False,낙찰자선정,등록공고,Y,
20220926,2022년 공군 여군 단화류 제조(재공고),2022,공군군수사령부,물품(내자),피복·개인용품,False,5.0,False,낙찰자선정,재공고,Y,
20220927,22년 육군 손톱깎이 제조,2022,육군군수사령부,물품(내자),피복·개인용품,True,0.0,True,유찰,재공고,Y,
20220928,22년 육군 손세정제(액상비누) 제조,2022,육군군수사령부,물품(내자),피복·개인용품,False,19.0,False,낙찰자선정,등록공고,Y,
20221005,2022년 해병대 영내활동모 제조,2022,해병대 군수단,물품(내자),피복·개인용품,False,9.0,False,낙찰자선정,등록공고,Y,
20221004,22년 육군 칫솔 제조,2022,육군군수사령부,물품(내자),피복·개인용품,False,2.0,False,낙찰자선정,등록공고,Y,
20221006,22년 육군 칫솔케이스 구매,2022,육군군수사령부,물품(내자),피복·개인용품,False,,False,낙찰자선정,등록공고,,
20221006,22년 육군 샤워타월 제조,2022,육군군수사령부,물품(내자),가정용품,False,8.0,False,낙찰자선정,등록공고,Y,
20221011,22년 육군 치약 제조,2022,육군군수사령부,물품(내자),피복·개인용품,False,3.0,False,낙찰자선정,등록공고,Y,
20221019,"22년 세수비누 제조(육군, 해군, 공군)",2022,육군군수사령부,물품(내자),피복·개인용품,False,3.0,False,낙찰자선정,등록공고,Y,
20221028,"2022년 육군, 해병대 궤도차량승무원전투화 제조",2022,육군군수사령부,물품(내자),국방·치안·보안,False,6.0,False,낙찰자선정,등록공고,Y,Y
20221026,22년 육군 수영복 제조,2022,육군군수사령부,물품(내자),피복·개인용품,False,4.0,False,낙찰자선정,등록공고,Y,
20221031,22년 육군 손톱깎이 제조,2022,육군군수사령부,물품(내자),피복·개인용품,True,0.0,True,유찰,등록공고,Y,
20221103,육군 무릎 및 팔꿈치보호대 제조,2022,육군군수사령부,물품(내자),국방·치안·보안,False,10.0,False,낙찰자선정,등록공고,Y,Y
20221116,22년 육군 면도기 구매,2022,육군군수사령부,물품(내자),피복·개인용품,False,,False,낙찰자선정,등록공고,N,Y
20221115,군용 침낭 제조,2022,국방부,물품(내자),스포츠·레저,False,22.0,False,낙찰자선정,등록공고,Y,
20221209,2022년 육군 전투복 제조 (추가),2022,육군군수사령부,물품(내자),피복·개인용품,False,20.0,False,낙찰자선정,등록공고,Y,Y
20221209,2022년 육군 방상내피 제조 (추가),2022,육군군수사령부,물품(내자),피복·개인용품,False,24.0,False,낙찰자선정,등록공고,Y,Y
20220121,22년 주공급자의약품 1성분,2022,육군군수사령부,물품(내자),기타(51),False,184.0,False,낙찰자선정,등록공고,N,
20220121,22년 주공급자의약품 2성분,2022,육군군수사령부,물품(내자),기타(51),False,188.0,False,낙찰자선정,등록공고,N,
20220121,22년 주공급자 퇴장방지의약품,2022,육군군수사령부,물품(내자),기타(51),False,11.0,False,낙찰자선정,등록공고,N,
20220125,MMR 백신,2022,육군군수사령부,물품(내자),기타(51),False,7.0,False,낙찰자선정,등록공고,N,
20220307,22년 Td 백신,2022,육군군수사령부,물품(내자),기타(51),False,11.0,False,낙찰자선정,등록공고,N,
20220310,22년 Tdap 백신,2022,육군군수사령부,물품(내자),기타(51),False,38.0,False,낙찰자선정,등록공고,N,
20220310,22년 수막구균 백신,2022,육군군수사령부,물품(내자),기타(51),False,40.0,False,낙찰자선정,등록공고,N,
20220310,22년 A형간염 백신,2022,육군군수사령부,물품(내자),기타(51),False,133.0,False,낙찰자선정,등록공고,N,
20220406,2022년 두부류 조달,2022,육군군수사령부,물품(내자),식품,True,0.0,True,유찰,등록공고,Y,
20220406,2022년 두부류 조달,2022,육군군수사령부,물품(내자),식품,True,0.0,True,유찰,등록공고,Y,
20220406,2022년 두부류 조달,2022,육군군수사령부,물품(내자),식품,True,0.0,True,유찰,등록공고,Y,
20220406,2022년 두부류 조달,2022,육군군수사령부,물품(내자),식품,True,0.0,True,유찰,등록공고,Y,
20220406,2022년 콩나물 조달,2022,육군군수사령부,물품(내자),식품,False,17.0,False,낙찰자선정,등록공고,N,
20220406,2022년 콩나물 조달,2022,육군군수사령부,물품(내자),식품,False,17.0,False,낙찰자선정,등록공고,N,
20220406,2022년 콩나물 조달,2022,육군군수사령부,물품(내자),식품,False,17.0,False,낙찰자선정,등록공고,N,
20220406,2022년 콩나물 조달,2022,육군군수사령부,물품(내자),식품,False,17.0,False,낙찰자선정,등록공고,N,
20220407,2022년 군급식 식용유(콩기름 또는 옥수수기름) 조달,2022,육군군수사령부,물품(내자),식품,True,0.0,True,유찰,등록공고,Y,
20220407,2022년 군급식 가공우유(초코맛) 조달,2022,육군군수사령부,물품(내자),식품,False,4.0,False,낙찰자선정,등록공고,Y,
20220407,2022년 군급식 가공우유(딸기맛) 조달,2022,육군군수사령부,물품(내자),식품,False,4.0,False,낙찰자선정,등록공고,Y,
20220407,2022년 군급식 가공우유(바나나맛) 조달,2022,육군군수사령부,물품(내자),식품,False,3.0,False,낙찰자선정,등록공고,Y,
20220415,22년 Td 백신,2022,육군군수사령부,물품(내자),기타(51),False,10.0,False,낙찰자선정,재공고,N,
20220420,22년 급식류-설탕(단가계약),2022,육군군수사령부,물품(내자),식품,True,0.0,True,유찰,등록공고,Y,
20220420,2022년 군급식 식용유(콩기름 또는 옥수수기름) 조달,2022,육군군수사령부,물품(내자),식품,True,0.0,True,유찰,재공고,Y,
20220422,2022년 두부류 조달,2022,육군군수사령부,물품(내자),식품,True,0.0,True,유찰,재공고,Y,
20220422,2022년 두부류 조달,2022,육군군수사령부,물품(내자),식품,True,0.0,True,유찰,재공고,Y,
20220422,2022년 두부류 조달,2022,육군군수사령부,물품(내자),식품,True,0.0,True,유찰,재공고,Y,
20220422,2022년 두부류 조달,2022,육군군수사령부,물품(내자),식품,True,0.0,True,유찰,재공고,Y,
20220426,22년 급식류-천일염,2022,육군군수사령부,물품(내자),식품,False,3.0,False,낙찰자선정,등록공고,Y,
20220427,22년 Td 백신,2022,육군군수사령부,물품(내자),기타(51),False,9.0,False,낙찰자선정,재공고,N,
20220429,2022년 군급식 식용유(콩기름 또는 옥수수기름) 조달,2022,육군군수사령부,물품(내자),식품,True,0.0,True,유찰,재공고,Y,
20220502,22년 급식류-설탕(단가계약),2022,육군군수사령부,물품(내자),식품,True,0.0,True,유찰,재공고,Y,
20220503,22년 엔진용윤활유(자동차용) 조달,2022,육군군수사령부,물품(내자),연료·유류,False,3.0,False,낙찰자선정,등록공고,Y,
20220503,22년 해군 윤활유(내연기관용) 조달,2022,해군군수사령부,물품(내자),연료·유류,True,0.0,True,유찰,등록공고,Y,
20220503,22년 해군 윤활유(증기터빈용) 조달,2022,해군군수사령부,물품(내자),연료·유류,True,0.0,True,유찰,등록공고,Y,
20220503,22년 윤활유(브레이크용) 조달,2022,육군군수사령부,물품(내자),연료·유류,False,3.0,False,낙찰자선정,등록공고,Y,
20220512,2022년도 전투식량 1형 조달,2022,육군군수사령부,물품(내자),식품,True,0.0,True,유찰,등록공고,Y,
20220512,2022년도 전투식량 1형 조달,2022,육군군수사령부,물품(내자),식품,True,0.0,True,유찰,등록공고,Y,
20220512,2022년도 전투식량 1형 조달,2022,육군군수사령부,물품(내자),식품,True,0.0,True,유찰,등록공고,Y,
20220517,2022년도 특수작전식량 조달,2022,육군군수사령부,물품(내자),식품,True,0.0,True,유찰,등록공고,Y,
20220511,2022년도 전투식량 S형 조달,2022,육군군수사령부,물품(내자),식품,False,4.0,False,낙찰자선정,등록공고,Y,
20220511,2022년도 전투식량 S형 조달,2022,육군군수사령부,물품(내자),식품,False,4.0,False,낙찰자선정,등록공고,Y,
20220511,2022년도 전투식량 S형 조달,2022,육군군수사령부,물품(내자),식품,False,4.0,False,낙찰자선정,등록공고,Y,
20220511,2022년도 전투식량 S형 조달,2022,육군군수사령부,물품(내자),식품,False,4.0,False,낙찰자선정,등록공고,Y,
20220511,2022년도 전투식량 S형 조달,2022,육군군수사령부,물품(내자),식품,False,4.0,False,낙찰자선정,등록공고,Y,
20220518,22년도 전투식량 즉각취식형(1식단) 조달,2022,육군군수사령부,물품(내자),식품,True,0.0,True,유찰,등록공고,Y,
20220518,2022년도 전투식량 즉각취식형(2식단) 조달,2022,육군군수사령부,물품(내자),식품,True,0.0,True,유찰,등록공고,Y,
20220519,2022년도 전투식량 2형(1식단) 조달,2022,육군군수사령부,물품(내자),식품,False,2.0,False,낙찰자선정,등록공고,Y,
20220519,2022년도 전투식량 2형(2식단) 조달,2022,육군군수사령부,물품(내자),식품,False,2.0,False,낙찰자선정,등록공고,Y,
20220519,2022년도 전투식량 2형(3식단) 조달,2022,육군군수사령부,물품(내자),식품,False,2.0,False,낙찰자선정,등록공고,Y,
20220520,22년 해군 윤활유(내연기관용) 조달,2022,해군군수사령부,물품(내자),연료·유류,True,0.0,True,유찰,재공고,Y,
20220520,22년 해군 윤활유(증기터빈용) 조달,2022,해군군수사령부,물품(내자),연료·유류,False,2.0,False,낙찰자선정,재공고,Y,
20220520,22년 윤활유(브레이크용) 조달,2022,육군군수사령부,물품(내자),연료·유류,False,4.0,False,낙찰자선정,재공고,Y,
20220530,2022년 군급식 식용유(콩기름 또는 옥수수기름) 789 조달,2022,육군군수사령부,물품(내자),식품,True,0.0,True,유찰,등록공고,Y,
20220524,2022년 국방부 항공기연료(AV-GAS) 단가계약,2022,육군군수사령부,물품(내자),연료·유류,True,0.0,True,유찰,등록공고,N,
20220525,22년 윤활유(자동변속기유) 조달,2022,육군군수사령부,물품(내자),연료·유류,True,0.0,True,유찰,등록공고,Y,
20220602,22년 윤활유(아웃보드모터오일) 조달,2022,육군군수사령부,물품(내자),연료·유류,True,0.0,True,유찰,등록공고,Y,
20220617,2022년 국방부 항공기연료(AV-GAS) 단가계약,2022,육군군수사령부,물품(내자),연료·유류,True,0.0,True,유찰,등록공고,N,Y
20220622,2022년 국방부 항공기연료(AV-GAS) 단가계약,2022,육군군수사령부,물품(내자),연료·유류,True,0.0,True,유찰,재공고,N,Y
20220623,2022년 육군 세탁망 조달(제조),2022,육군군수사령부,물품(내자),운반·포장,False,24.0,False,낙찰자선정,등록공고,Y,
20220627,2022년 국방부 저장용 유류(혹한기경유-드럼포장) 단가계약,2022,육군군수사령부,물품(내자),연료·유류,True,0.0,True,유찰,등록공고,N,
20220713,2022년 국방부 저장용 유류(고유황경유) 단가계약,2022,국방부,물품(내자),연료·유류,True,0.0,True,유찰,변경공고,N,
20220628,22년 윤활유(자동변속기유) 조달,2022,육군군수사령부,물품(내자),연료·유류,True,0.0,True,유찰,등록공고,Y,
20220628,22년 윤활유(아웃보드모터오일) 조달,2022,육군군수사령부,물품(내자),연료·유류,True,0.0,True,유찰,등록공고,Y,
20220706,2022년 군급식 식용유(콩기름 또는 옥수수기름) 8월 조달,2022,육군군수사령부,물품(내자),식품,True,0.0,True,유찰,등록공고,Y,
20220711,2022년 국방부 저장용 유류(휘발유-드럼포장) 단가계약,2022,국방부,물품(내자),연료·유류,True,0.0,True,유찰,등록공고,N,
20220714,2022년 국방부 저장용 유류(혹한기경유-드럼포장) 단가계약,2022,국방부,물품(내자),연료·유류,True,0.0,True,유찰,재공고,N,
20220721,2022년 국방부 저장용 유류(혹한기경유-경기지역) 단가계약,2022,국방부,물품(내자),연료·유류,True,0.0,True,유찰,등록공고,N,
20220721,2022년 국방부 저장용 유류(혹한기경유-경기외) 단가계약,2022,국방부,물품(내자),연료·유류,True,0.0,True,유찰,등록공고,N,
20220715,2022년 군급식 식용유(콩기름 또는 옥수수기름) 8월 조달,2022,육군군수사령부,물품(내자),식품,True,0.0,True,유찰,재공고,Y,
20220720,2022년 국방부 저장용 유류(등유) 단가계약,2022,육군군수사령부,물품(내자),연료·유류,True,0.0,True,유찰,등록공고,N,
20220721,22년 육군 화장실용 화장지(3겹 35m) 조달,2022,육군군수사령부,물품(내자),종이류,False,5.0,False,낙찰자선정,등록공고,Y,
20220721,22년 윤활유(그리스) 조달,2022,해군군수사령부,물품(내자),연료·유류,True,0.0,True,유찰,등록공고,Y,
20220721,22년 윤활유(유압작동유) 조달,2022,육군군수사령부,물품(내자),연료·유류,True,0.0,True,유찰,등록공고,Y,
20220721,22년 윤활유(기어용) 조달,2022,육군군수사령부,물품(내자),연료·유류,True,0.0,True,유찰,등록공고,Y,
20220725,2022년 국방부 저장용 유류(고유황경유) 단가계약(재공고),2022,국방부,물품(내자),연료·유류,True,0.0,True,유찰,재공고,N,
20220725,22년 강중유 조달,2022,육군군수사령부,물품(내자),연료·유류,True,0.0,True,유찰,등록공고,Y,
20220726,22년 윤활유 일반용(PL-SP) 조달,2022,육군군수사령부,물품(내자),연료·유류,True,0.0,True,유찰,등록공고,Y,
20220726,"22년 윤활유(LSA, PL-MED) 조달",2022,육군군수사령부,물품(내자),연료·유류,True,0.0,True,유찰,등록공고,Y,
20220808,22년 육군 액상형 세탁세제(중성) 제조,2022,육군군수사령부,물품(내자),청소장비,False,14.0,False,낙찰자선정,등록공고,Y,
20220803,22년 윤활유(자동변속기유) 조달,2022,육군군수사령부,물품(내자),연료·유류,True,0.0,True,유찰,등록공고,Y,
20220803,윤활유(아웃보드모터오일),2022,육군군수사령부,물품(내자),연료·유류,True,0.0,True,유찰,등록공고,Y,
20220809,22년 육군 미용티슈 제조,2022,육군군수사령부,물품(내자),종이류,False,4.0,False,낙찰자선정,등록공고,Y,
20220805,22년 윤활유(기어용) 조달,2022,육군군수사령부,물품(내자),연료·유류,True,0.0,True,유찰,재공고,Y,
20220805,22년 윤활유(유압작동유) 조달,2022,육군군수사령부,물품(내자),연료·유류,True,0.0,True,유찰,재공고,Y,
20220808,22년 윤활유(그리스) 조달,2022,해군군수사령부,물품(내자),연료·유류,True,0.0,True,유찰,등록공고,Y,
20220810,"22년 윤활유(LSA, PL-MED) 조달",2022,육군군수사령부,물품(내자),연료·유류,True,0.0,True,유찰,재공고,Y,
20220810,22년 윤활유 일반용(PL-SP) 조달,2022,육군군수사령부,물품(내자),연료·유류,True,0.0,True,유찰,등록공고,Y,
20220817,해군 22년 화장실용화장지(3겹35m),2022,해군군수사령부,물품(내자),종이류,False,6.0,False,낙찰자선정,등록공고,Y,
20220817,22년 윤활유(유압작동유) 조달,2022,육군군수사령부,물품(내자),연료·유류,True,0.0,True,유찰,재공고,Y,
20220817,2022년 국방부 저장용 유류(혹한기경유-경기지역) 단가계약,2022,국방부,물품(내자),연료·유류,True,0.0,True,유찰,재공고,N,
20220817,2022년 국방부 저장용 유류(혹한기경유-경기외) 단가계약,2022,국방부,물품(내자),연료·유류,True,0.0,True,유찰,재공고,N,
20220817,22년 윤활유(그리스) 조달,2022,해군군수사령부,물품(내자),연료·유류,True,0.0,True,유찰,등록공고,Y,
20220818,윤활유(아웃보드모터오일),2022,육군군수사령부,물품(내자),연료·유류,True,0.0,True,유찰,등록공고,Y,
20220818,22년 윤활유(자동변속기유) 조달,2022,육군군수사령부,물품(내자),연료·유류,True,0.0,True,유찰,등록공고,Y,
20220819,22년 윤활유 일반용(PL-SP) 조달,2022,육군군수사령부,물품(내자),연료·유류,True,0.0,True,유찰,등록공고,Y,
20220822,22년 강중유 조달,2022,육군군수사령부,물품(내자),연료·유류,False,24.0,False,낙찰자선정,등록공고,N,
20220829,2022년 국방부 항공유(JP-8-도서) 단가계약,2022,국방부,물품(내자),연료·유류,True,0.0,True,유찰,변경공고,N,
20220829,2022년 국방부 항공유(JET A-1) 단가계약,2022,국방부,물품(내자),연료·유류,False,2.0,False,낙찰자선정,변경공고,N,
20220824,2022년 국방부 항공유(JP-8)-차량(탱크주입도) 단가계약,2022,국방부,물품(내자),연료·유류,True,0.0,True,유찰,등록공고,N,
20220824,2022년~2025년(3년) 국방부 항공유(JP-8(화차)) 단가계약,2022,국방부,물품(내자),연료·유류,True,0.0,True,유찰,등록공고,N,
20220824,2022년~2025년(3년) 국방부 항공유(JP-8(송유관)) 단가계약,2022,국방부,물품(내자),연료·유류,True,0.0,True,유찰,등록공고,N,
20220826,2022년 국방부 항공유(JP-8(차량)-드럼포장도) 단가계약,2022,국방부,물품(내자),연료·유류,True,0.0,True,유찰,등록공고,N,
20220826,2022년 국방부 저장용 유류(등유) 단가계약,2022,육군군수사령부,물품(내자),연료·유류,True,0.0,True,유찰,재공고,N,
20220826,22년 윤활유(그리스) 조달,2022,해군군수사령부,물품(내자),연료·유류,True,0.0,True,유찰,재공고,Y,
20220829,22년 윤활유(유압작동유) 조달,2022,육군군수사령부,물품(내자),연료·유류,True,0.0,True,유찰,재공고,Y,
20220830,22년 윤활유 일반용(PL-SP) 조달,2022,육군군수사령부,물품(내자),연료·유류,True,0.0,True,유찰,재공고,Y,
20220830,22년 윤활유(자동변속기유) 조달,2022,육군군수사령부,물품(내자),연료·유류,True,0.0,True,유찰,등록공고,Y,
20220830,윤활유(아웃보드모터오일),2022,육군군수사령부,물품(내자),연료·유류,True,0.0,True,유찰,등록공고,Y,
20220905,2022년 국방부 저장용 유류(등유) 단가계약(드럼포장),2022,국방부,물품(내자),연료·유류,True,0.0,True,유찰,등록공고,N,
20220905,2022년 국방부 저장용 유류(등유) 단가계약(탱크주입도),2022,국방부,물품(내자),연료·유류,False,2.0,False,낙찰자선정,등록공고,N,
20220907,윤활유(아웃보드모터오일),2022,육군군수사령부,물품(내자),연료·유류,True,0.0,True,유찰,재공고,Y,
20220907,22년 윤활유(자동변속기유) 조달,2022,육군군수사령부,물품(내자),연료·유류,True,0.0,True,유찰,재공고,Y,
20220907,2022년 국방부 항공유(JP-8)-차량(탱크주입도) 단가계약,2022,국방부,물품(내자),연료·유류,True,0.0,True,유찰,재공고,N,
20220907,2022년~2025년(3년) 국방부 항공유(JP-8(송유관)) 단가계약,2022,국방부,물품(내자),연료·유류,True,0.0,True,유찰,재공고,N,
20220907,2022년~2025년(3년) 국방부 항공유(JP-8(화차)) 단가계약,2022,국방부,물품(내자),연료·유류,True,0.0,True,유찰,재공고,N,
20220919,2022년 국방부 항공유(JP-8(차량)-드럼포장도) 단가계약,2022,국방부,물품(내자),연료·유류,False,2.0,False,낙찰자선정,재공고,N,
20220919,2022년 국방부 항공유(JP-8-도서) 단가계약,2022,국방부,물품(내자),연료·유류,False,2.0,False,낙찰자선정,재공고,N,
20220921,2022년 국방부 저장용 유류(등유) 단가계약(드럼포장),2022,국방부,물품(내자),연료·유류,True,0.0,True,유찰,재공고,N,
20221004,"22년 윤활유(LSA, PL-MED) 구매",2022,육군군수사령부,물품(내자),연료·유류,True,0.0,True,유찰,등록공고,Y,
20221018,"22년 윤활유(LSA, PL-MED) 구매",2022,육군군수사령부,물품(내자),연료·유류,True,0.0,True,유찰,재공고,Y,
20221018,22년 윤활유(그리스) 조달,2022,공군군수사령부,물품(내자),연료·유류,True,0.0,True,유찰,등록공고,Y,
20221019,윤활유(아웃보드모터오일) 구매,2022,육군군수사령부,물품(내자),연료·유류,True,0.0,True,유찰,등록공고,Y,
20221027,22년 윤활유(그리스) 조달,2022,공군군수사령부,물품(내자),연료·유류,True,0.0,True,유찰,등록공고,Y,
20221102,윤활유(아웃보드모터오일) 구매,2022,육군군수사령부,물품(내자),연료·유류,True,0.0,True,유찰,등록공고,Y,
20221104,22년 윤활유(그리스) 조달,2022,공군군수사령부,물품(내자),연료·유류,False,2.0,False,낙찰자선정,등록공고,Y,
20221109,윤활유(아웃보드모터오일) 구매,2022,육군군수사령부,물품(내자),연료·유류,True,0.0,True,유찰,등록공고,Y,
20221117,윤활유(아웃보드모터오일) 구매,2022,육군군수사령부,물품(내자),연료·유류,True,0.0,True,유찰,재공고,Y,
20220117,육군 레규레타(잠수용호흡기) 구매,2022,육군군수사령부,물품(내자),스포츠·레저,False,,False,낙찰자선정,등록공고,N,
20220117,육군 오리발 구매,2022,육군군수사령부,물품(내자),스포츠·레저,False,,False,낙찰자선정,등록공고,N,
20220119,22년 육군 면마스크 구매,2022,육군군수사령부,물품(내자),국방·치안·보안,False,,False,낙찰자선정,등록공고,N,Y
20220128,22년 육군 표백제 구매,2022,육군군수사령부,물품(내자),청소장비,False,,False,개찰완료,변경공고,N,
20220126,22년 1분기 전산소모품 구매,2022,방위사업청,물품(내자),사무기기,False,,False,낙찰자선정,등록공고,N,
20220127,(해군) 22년 세탁기(15kg이상) 구매,2022,해군군수사령부,물품(내자),가정용품,False,496.0,False,낙찰자선정,등록공고,N,
20220209,"(해군) 22년 로프, 초고분자량폴리에틸렌(30mm) 등 6품목 제조",2022,해군군수사령부,물품(내자),제조부품,False,5.0,False,낙찰자선정,변경공고,Y,
20220127,"(해군) 22년 스텐평식기, 보온국통 등 4품목구매",2022,해군군수사령부,물품(내자),서비스산업장비,False,,False,낙찰자선정,등록공고,,
20220216,예방의약품(말라리아 2종),2022,육군군수사령부,물품(내자),기타(51),False,4.0,False,낙찰자선정,등록공고,N,
20220210,와이퍼 울라이트 구매,2022,해군군수사령부,물품(내자),청소장비,False,,False,낙찰자선정,등록공고,N,
20220209,[국립서울현충원] 2022년 현충일 행사용 소형태극기 제조,2022,국방부 국립서울현충원,물품(내자),출판물,False,16.0,False,낙찰자선정,등록공고,Y,
20220210,(육군) 22년 고무줄(전투복 하의용) 구매,2022,육군군수사령부,물품(내자),사무기기,False,,False,낙찰자선정,등록공고,N,
20220216,2022년 육군 포제계급장류 제조,2022,육군군수사령부,물품(내자),피복·개인용품,False,8.0,False,낙찰자선정,등록공고,Y,
20220211,하강고리 등 2품목 조달,2022,육군군수사령부,물품(내자),국방·치안·보안,True,0.0,True,유찰,등록공고,Y,
20220217,2022년 육군 태극마크 제조,2022,육군군수사령부,물품(내자),피복·개인용품,False,19.0,False,낙찰자선정,등록공고,Y,
20220214,22년 취약점 진단도구 구매,2022,4284부대,물품(내자),정보통신,False,17.0,False,낙찰자선정,등록공고,N,
20220217,[국립서울현충원] 2022년 현충일 묘역 헌화용 무궁화 조화 구매,2022,국방부 국립서울현충원,물품(내자),가구,False,,False,낙찰자선정,등록공고,N,
20220217,[국립서울현충원] 2022년 국군의날 묘역 헌화용 무궁화 조화 구매,2022,국방부 국립서울현충원,물품(내자),가구,False,,False,낙찰자선정,등록공고,N,
20220217,육군 생물학보호의 LEVEL A형 구매,2022,육군군수사령부,물품(내자),국방·치안·보안,False,,False,낙찰자선정,등록공고,N,Y
20220217,육군 생물학보호의 LEVEL C형 구매,2022,육군군수사령부,물품(내자),국방·치안·보안,False,,False,낙찰자선정,등록공고,N,Y
20220223,22년 육군 방청윤활유(방청유) 조달,2022,육군군수사령부,물품(내자),연료·유류,True,0.0,True,유찰,등록공고,Y,
20220221,"구명구, 조끼형(구명조끼) 조달",2022,해군군수사령부,물품(내자),국방·치안·보안,False,2.0,False,낙찰자선정,등록공고,Y,
20220222,하강고리 등 2품목 조달,2022,육군군수사령부,물품(내자),국방·치안·보안,True,0.0,True,유찰,재공고,Y,
20220225,엑스선기 600mA 디지털 TFT식  제조,2022,해군군수사령부,물품(내자),의료장비,True,0.0,True,유찰,등록공고,Y,
20220223,"터비나핀크림, 아토바스타틴정",2022,육군군수사령부,물품(내자),기타(51),False,24.0,False,낙찰자선정,등록공고,N,
20220223,"22년 의약품 조달-히알루론산나트륨점안액(일회용,0.1%,0.35㎖~0.5㎖)",2022,육군군수사령부,물품(내자),기타(51),False,87.0,False,낙찰자선정,등록공고,N,
20220223,해군 그레이더 구매,2022,해군군수사령부,물품(내자),건설장비,False,52.0,False,낙찰자선정,등록공고,N,
20220224,엑스선기 병원용 디지털(1000mA) 구매,2022,국방부 국군의무사령부,물품(내자),의료장비,False,2.0,False,낙찰자선정,등록공고,N,Y
20220224,22년 공군 드로즈형 팬티 제조,2022,공군군수사령부,물품(내자),피복·개인용품,False,31.0,False,낙찰자선정,등록공고,Y,
20220304,"22년  육군군수사령부 [패드, 매트리스용 90×201호]",2022,육군군수사령부,물품(내자),가구,False,8.0,False,낙찰자선정,등록공고,Y,
20220308,히클산독시시클린캡슐,2022,육군군수사령부,물품(내자),기타(51),True,0.0,True,유찰,등록공고,N,
20220303,2022년 육군 무릎덮개 제조,2022,육군군수사령부,물품(내자),스포츠·레저,False,28.0,False,낙찰자선정,등록공고,Y,
20220228,육군 인체측정기(체형측정기) 구매,2022,육군군수사령부,물품(내자),스포츠·레저,False,,False,낙찰자선정,등록공고,N,
20220228,해군 부력조절기 등 2종 구매,2022,해군군수사령부,물품(내자),스포츠·레저,False,,False,낙찰자선정,등록공고,N,
20220228,해군 잠수용공기통 3종 구매,2022,해군군수사령부,물품(내자),스포츠·레저,False,,False,낙찰자선정,등록공고,N,
20220228,해군 잠수용마스크 구매,2022,해군군수사령부,물품(내자),스포츠·레저,False,,False,개찰완료,등록공고,N,
20220228,(해군) 22년 스푼세트(B형) 구매,2022,해군군수사령부,물품(내자),가정용품,False,,False,낙찰자선정,등록공고,N,
20220318,"육군 심정용드릴(공압식, 착암기용 시추기) 구매",2022,육군군수사령부,물품(내자),채광·건설기계,False,43.0,False,낙찰자선정,등록공고,N,
20220302,(해군) 22년 스텐냉면그릇 구매,2022,해군군수사령부,물품(내자),가정용품,False,,False,낙찰자선정,등록공고,N,
20220303,해군 함상방한복 제조 납품,2022,해군군수사령부,물품(내자),피복·개인용품,False,34.0,False,낙찰자선정,등록공고,Y,
20220304,정비부대 사용 작업대 58EA,2022,해군군수사령부,물품(내자),가구,False,17.0,False,낙찰자선정,등록공고,Y,
20220304,초음파진단기 고급형 구매,2022,국방부 국군의무사령부,물품(내자),의료장비,False,2.0,False,낙찰자선정,등록공고,N,Y
20220307,"지게차 11,000파운드 제조 구매",2022,공군군수사령부,물품(내자),운반·포장,True,0.0,True,유찰,등록공고,Y,
20220304,2022년 해군군수사령부 충전드릴 등 23품목 조달,2022,해군군수사령부,물품(내자),공구,False,,False,낙찰자선정,등록공고,N,
20220304,해병 자동혈구계산기 중형 구매,2022,해군군수사령부,물품(내자),의료장비,False,,False,낙찰자선정,등록공고,N,
20220308,22년 의무장비(근전도계) 구매,2022,국방부 국군의무사령부,물품(내자),의료장비,False,136.0,False,낙찰자선정,등록공고,N,
20220314,22~23년 가죽벨트용 요대,2022,공군군수사령부,물품(내자),피복·개인용품,False,32.0,False,낙찰자선정,등록공고,Y,
20220308,2022년 육군군수사령부 및 국직부대 황산(전해질용) 조달,2022,육군군수사령부,물품(내자),화학·화공,False,30.0,False,낙찰자선정,등록공고,N,
20220308,22년 상용품목 블랙박스 제조 입찰,2022,육군군수사령부,물품(내자),차량·수송장비,False,2.0,False,낙찰자선정,등록공고,Y,
20220328,22년 육군 내비게이션 구매,2022,육군군수사령부,물품(내자),차량·수송장비,False,488.0,False,낙찰자선정,등록공고,N,
20220310,2022년 육군 아이젠(짚신형) 구매,2022,육군군수사령부,물품(내자),스포츠·레저,False,,False,낙찰자선정,등록공고,N,
20220308,2022년 주유소용(자동) 자동차연료 주유펌프 조달,2022,육군군수사령부,물품(내자),공구,False,3.0,False,낙찰자선정,등록공고,Y,
20220308,엑스선기 600mA 디지털 TFT식  제조,2022,해군군수사령부,물품(내자),의료장비,True,0.0,True,유찰,재공고,Y,
20220310,엑스선기 병원용 이동식 구매,2022,국방부 국군의무사령부,물품(내자),의료장비,False,2.0,False,낙찰자선정,등록공고,N,Y
20220308,2022년 육군군수사령부 등 다목적 송풍기 조달,2022,육군군수사령부,물품(내자),공구,False,5.0,False,낙찰자선정,등록공고,Y,
20220308,"구명구, 팔에끼는 형(항공용) 조달",2022,육군군수사령부,물품(내자),국방·치안·보안,False,5.0,False,낙찰자선정,등록공고,Y,
20220310,2022년 해군군수사령부 충전임팩드라이버 등 21품목 조달,2022,해군군수사령부,물품(내자),공구,False,,False,낙찰자선정,등록공고,N,
20220310,2022년 해군군수사령부 동력체인톱 조달,2022,해군군수사령부,물품(내자),공구,False,,False,낙찰자선정,등록공고,N,
20220310,축전식 전지(밀폐 고정형 납축전지) 제조 납품,2022,해군군수사령부,물품(내자),발전·배전,False,4.0,False,낙찰자선정,등록공고,Y,
20220314,해군 자동혈구계산기 구매,2022,해군군수사령부,물품(내자),의료장비,False,640.0,False,낙찰자선정,등록공고,N,
20220315,육군 산악용 굴삭기 구매,2022,육군군수사령부,물품(내자),건설장비,False,28.0,False,낙찰자선정,등록공고,N,
20220314,전투용탄약운반장구 제조,2022,육군군수사령부,물품(내자),농업기계,False,2.0,False,낙찰자선정,등록공고,Y,
20220311,22년 육군 방청윤활유(방청유) 조달,2022,육군군수사령부,물품(내자),연료·유류,True,0.0,True,유찰,재공고,Y,
20220315,"초음파진단기사단용(해군, 해병대) 구매",2022,해군군수사령부,물품(내자),의료장비,False,,False,낙찰자선정,등록공고,N,
20220314,2022년 육군군수사령부 작업등(다목적 이동형 등세트) 조달,2022,육군군수사령부,물품(내자),전기·조명,False,3.0,False,낙찰자선정,등록공고,Y,
20220317,"매트리스, 함정용 620",2022,해군군수사령부,물품(내자),가구,False,20.0,False,낙찰자선정,등록공고,Y,
20220314,2022년 육군군수사령부 차량용경광등 조달,2022,육군군수사령부,물품(내자),전기·조명,False,3.0,False,낙찰자선정,등록공고,Y,
20220314,2022년 육군 모래주머니 조달,2022,육군군수사령부,물품(내자),운반·포장,False,14.0,False,낙찰자선정,등록공고,Y,
20220315,"(육,해,공,해병) 22년 군용 인식표줄 제조",2022,육군군수사령부,물품(내자),제조부품,False,3.0,False,낙찰자선정,등록공고,Y,
20220315,2022년 해병대 항공수송용(A-22백) 조달,2022,해병대 군수단,물품(내자),운반·포장,True,2.0,False,유찰,등록공고,Y,
20220316,저시력자 안경테(K-1 방독면) 제조 구매,2022,육군군수사령부,물품(내자),의료장비,True,0.0,True,유찰,등록공고,Y,
20220316,저시력자 안경테(K-5 방독면) 제조 구매,2022,육군군수사령부,물품(내자),의료장비,False,3.0,False,낙찰자선정,등록공고,Y,
20220316,전투용안경 안경테 제조 구매,2022,육군군수사령부,물품(내자),의료장비,False,5.0,False,낙찰자선정,등록공고,Y,
20220315,양압식 공기호흡기(세트_일반형) 조달,2022,해군군수사령부,물품(내자),국방·치안·보안,False,2.0,False,낙찰자선정,등록공고,Y,
20220315,"지게차 11,000파운드 제조 납품(재공고)",2022,공군군수사령부,물품(내자),운반·포장,False,2.0,False,낙찰자선정,재공고,Y,
20220315,엑스선기 600mA 디지털 TFT식  제조,2022,해군군수사령부,물품(내자),의료장비,False,2.0,False,낙찰자선정,재공고,Y,
20220316,해병 주호흡조정기 구매,2022,해병대 군수단,물품(내자),스포츠·레저,False,970.0,False,낙찰자선정,등록공고,N,
20220322,"(육, 해병) 22년 분,소대용 보온식관 제조",2022,육군군수사령부,물품(내자),서비스산업장비,True,0.0,True,유찰,등록공고,Y,
20220316,육군의무사령부 22~23년 의약품 구매,2022,국방부 국군의무사령부,물품(내자),기타(51),False,199.0,False,낙찰자선정,등록공고,N,
20220317,지게차 2톤(전지 포크) 제조 납품,2022,공군군수사령부,물품(내자),운반·포장,False,2.0,False,낙찰자선정,등록공고,Y,
20220317,60톤 유압기중기 제조 납품,2022,해군군수사령부,물품(내자),운반·포장,True,0.0,True,유찰,등록공고,Y,
20220316,3단 진압봉 조달,2022,육군군수사령부,물품(내자),국방·치안·보안,False,3.0,False,낙찰자선정,등록공고,Y,
20220317,엑스선기 600mA 디지털 구매(육군),2022,육군군수사령부,물품(내자),의료장비,False,3.0,False,낙찰자선정,등록공고,N,
20220316,투척용 바리케이트 조달,2022,육군군수사령부,물품(내자),국방·치안·보안,False,,False,낙찰자선정,등록공고,N,
20220318,2022년 엔진용윤활유(자동차용) 조달,2022,육군군수사령부,물품(내자),연료·유류,True,0.0,True,유찰,등록공고,Y,
20220428,22년 육군 생화학자동분석기 구매(육군),2022,육군군수사령부,물품(내자),실험·측정기기,False,,False,낙찰자선정,등록공고,N,
20220331,2022년 균등기 구매(육군),2022,육군군수사령부,물품(내자),실험·측정기기,False,270.0,False,낙찰자선정,등록공고,N,
20220407,"제빙기, 조각형(소형제빙기) 조달",2022,육군군수사령부,물품(내자),운반·포장,True,0.0,True,유찰,등록공고,Y,
20220322,공기충전기(60분용) 조달,2022,육군군수사령부,물품(내자),국방·치안·보안,False,2.0,False,낙찰자선정,등록공고,Y,
20220317,2022년 육군 철제계급장류 제조,2022,육군군수사령부,물품(내자),피복·개인용품,False,6.0,False,낙찰자선정,등록공고,Y,
20220321,100톤 유압기중기 제조 납품,2022,해군군수사령부,물품(내자),운반·포장,True,0.0,True,유찰,등록공고,Y,
20220321,2022년 해군 소형제빙기 등 4품목 조달,2022,해군군수사령부,물품(내자),운반·포장,True,0.0,True,유찰,등록공고,Y,
20220321,잔반탈수기 세트 제조 납품,2022,공군군수사령부,물품(내자),산업기계,True,2.0,False,유찰,등록공고,Y,
20220321,22년 의무장비(X-선기 병원용 디지털 600mA) 구매,2022,국방부 국군의무사령부,물품(내자),의료장비,False,2.0,False,낙찰자선정,등록공고,N,Y
20220322,엑스선기 이동식 디지털 구매,2022,해군군수사령부,물품(내자),의료장비,False,58.0,False,개찰완료,등록공고,N,
20220322,"22년 생화학자동분석기(소형, 해병대)",2022,해군군수사령부,물품(내자),실험·측정기기,False,959.0,False,낙찰자선정,등록공고,N,
20220321,2022년 해군 강철조각 구매,2022,해군군수사령부,물품(내자),제조부품,False,167.0,False,낙찰자선정,등록공고,N,
20220321,공군 차륜형 굴착기 제조 납품,2022,공군군수사령부,물품(내자),건설장비,False,2.0,False,낙찰자선정,등록공고,Y,
20220321,해군 궤도형굴착기 제조 납품,2022,해군군수사령부,물품(내자),건설장비,True,0.0,True,유찰,등록공고,Y,
20220322,양압식 공기호흡기(세트_통신기가능용) 조달,2022,해군군수사령부,물품(내자),국방·치안·보안,True,0.0,True,유찰,등록공고,Y,
20220322,2022년 육군 플라스틱골판지 조달,2022,육군군수사령부,물품(내자),운반·포장,True,0.0,True,유찰,등록공고,Y,
20220322,백색방수캔바스 등 3품목 조달,2022,해군군수사령부,물품(내자),광물·원자재,False,,False,낙찰자선정,등록공고,N,
20220322,(육군) 22년 식기세척기용 세제 3종 제조,2022,육군군수사령부,물품(내자),청소장비,False,4.0,False,낙찰자선정,등록공고,Y,
20220323,육군 이동전개형 의무시설 제조,2022,육군군수사령부,물품(내자),차량·수송장비,False,2.0,False,낙찰자선정,등록공고,Y,
20220323,인공호흡기 이동식 항공용 구매,2022,공군군수사령부,물품(내자),의료장비,False,817.0,False,낙찰자선정,등록공고,N,
20220323,22년 의무장비(후두경 냉광공급식) 구매,2022,육군군수사령부,물품(내자),의료장비,False,110.0,False,낙찰자선정,등록공고,,
20220323,22년 의무장비(흡인기 구급차 탑재형) 구매,2022,육군군수사령부,물품(내자),의료장비,False,803.0,False,낙찰자선정,등록공고,N,
20220323,22년 의무장비(자동혈구계산기) 구매,2022,육군군수사령부,물품(내자),의료장비,False,,False,낙찰자선정,등록공고,N,
20220323,유충구제제(1KG),2022,육군군수사령부,물품(내자),기타(51),False,601.0,False,낙찰자선정,등록공고,N,
20220323,포비돈스틱 100s,2022,육군군수사령부,물품(내자),기타(51),False,6.0,False,개찰완료,등록공고,N,Y
20220328,해군 차륜형굴착기 2종 제조 납품,2022,해군군수사령부,물품(내자),건설장비,True,0.0,True,유찰,등록공고,Y,
20220324,침대형 매트리스 패드(3형) 커버,2022,공군군수사령부,물품(내자),가정용품,False,29.0,False,낙찰자선정,등록공고,Y,Y
20220324,히클산독시시클린캡슐,2022,육군군수사령부,물품(내자),기타(51),True,0.0,True,유찰,재공고,N,
20220412,2022년 해군군수사령부 호흡용기체3종 조달,2022,해군군수사령부,물품(내자),화학·화공,False,9.0,False,낙찰자선정,등록공고,N,
20220324,일회용 알콜솜,2022,육군군수사령부,물품(내자),기타(51),False,98.0,False,낙찰자선정,등록공고,N,
20220325,2022년 육군 포제부대마크 제조,2022,육군군수사령부,물품(내자),피복·개인용품,False,7.0,False,낙찰자선정,등록공고,Y,
20220325,"책상, 평면형 2호, 3호",2022,육군군수사령부,물품(내자),가구,False,16.0,False,낙찰자선정,등록공고,Y,
20220324,(재공고)저시력자 안경테(K-1 방독면) 제조 구매,2022,육군군수사령부,물품(내자),의료장비,False,2.0,False,낙찰자선정,재공고,Y,Y
20220325,"캐비넷 서류함 3, 4, 5호",2022,육군군수사령부,물품(내자),가구,False,17.0,False,낙찰자선정,등록공고,Y,
20220331,22년 차량용(군용 및 상용차량) 타이어 구매,2022,육군군수사령부,물품(내자),차량·수송장비,False,,False,낙찰자선정,등록공고,N,
20220328,(해군) 22년 나일론 로프 6종 제조,2022,해군군수사령부,물품(내자),제조부품,True,0.0,True,유찰,등록공고,Y,
20220401,22년 해병 이동전개형 의무시설셋(천막형) 제작 구매,2022,해군군수사령부,물품(내자),차량·수송장비,True,2.0,False,유찰,등록공고,N,
20220328,레이저 절단기 제조 납품,2022,해군군수사령부,물품(내자),산업기계,False,3.0,False,낙찰자선정,등록공고,Y,
20220329,2022년 해군 에폭시페인트 등 5종 조달,2022,해군군수사령부,물품(내자),제조부품,False,6.0,False,낙찰자선정,등록공고,Y,
20220411,2022년 해군 비닐아크릴 헤지 등 3종 조달,2022,해군군수사령부,물품(내자),제조부품,False,6.0,False,낙찰자선정,등록공고,Y,
20220328,(재공고)60톤 유압기중기 제조 납품,2022,해군군수사령부,물품(내자),운반·포장,True,0.0,True,유찰,재공고,Y,
20220328,22년 가스자동취반기(중대형) 조달,2022,육군군수사령부,물품(내자),서비스산업장비,False,4.0,False,낙찰자선정,등록공고,Y,
20220328,기초수영 구명대 조달,2022,육군군수사령부,물품(내자),국방·치안·보안,False,8.0,False,낙찰자선정,등록공고,Y,
20220328,"덮개, 천막용(방폭텐트) 조달",2022,육군군수사령부,물품(내자),국방·치안·보안,False,3.0,False,낙찰자선정,등록공고,Y,
20220331,2022년 해군군수사령부 휴대용등(충전식 랜턴) 조달,2022,해군군수사령부,물품(내자),전기·조명,False,4.0,False,낙찰자선정,등록공고,Y,
20220329,(육군) 마닐라로프 등 3종 제조,2022,육군군수사령부,물품(내자),제조부품,True,3.0,False,유찰,등록공고,Y,
20220328,공군 그레이더 구매,2022,공군군수사령부,물품(내자),건설장비,False,22.0,False,낙찰자선정,등록공고,N,
20220330,2022년 해병대 포제계급장류 제조,2022,해병대 군수단,물품(내자),출판물,False,8.0,False,낙찰자선정,등록공고,Y,
20220404,2022년 전군 인식표 제조,2022,육군군수사령부,물품(내자),출판물,False,2.0,False,낙찰자선정,등록공고,Y,
20220329,2022년 해병대 항공수송용(A-22백) 조달,2022,해병대 군수단,물품(내자),운반·포장,False,3.0,False,낙찰자선정,재공고,Y,
20220406,22년 해군 만능제도기,2022,해군군수사령부,물품(내자),정보통신,False,25.0,False,낙찰자선정,등록공고,N,
20220330,2022년 육군 및 공군 방사능보호복 제조,2022,육군군수사령부,물품(내자),국방·치안·보안,False,30.0,False,낙찰자선정,등록공고,Y,
20220331,파스 복방살리신산메칠(14X10CM 2매),2022,육군군수사령부,물품(내자),기타(51),False,4.0,False,낙찰자선정,등록공고,N,
20220330,22년 의무장비(수술등 야전용) 구매,2022,육군군수사령부,물품(내자),의료장비,False,291.0,False,낙찰자선정,등록공고,N,
20220331,일반의약품(진통제)가바펜틴캡슐 등 2종,2022,육군군수사령부,물품(내자),기타(51),False,181.0,False,낙찰자선정,등록공고,N,
20220401,치과유니트(육군) 구매,2022,육군군수사령부,물품(내자),의료장비,False,73.0,False,낙찰자선정,등록공고,N,
20220330,양압식 공기호흡기(세트_통신기가능용) 조달,2022,해군군수사령부,물품(내자),국방·치안·보안,False,3.0,False,낙찰자선정,재공고,Y,
20220330,(재공고)100톤 유압기중기 제조 납품,2022,해군군수사령부,물품(내자),운반·포장,True,0.0,True,유찰,재공고,Y,
20220330,"노즐, 소방장비용 조달",2022,해군군수사령부,물품(내자),국방·치안·보안,True,0.0,True,유찰,등록공고,Y,
20220401,전투용응급처치키트(개선형) 구매,2022,육군군수사령부,물품(내자),의료장비,False,296.0,False,낙찰자선정,등록공고,N,
20220401,이비인후과유니트 병원용 구매,2022,국방부 국군의무사령부,물품(내자),의료장비,False,626.0,False,낙찰자선정,등록공고,N,
20220330,"거품액체, 소화용(3%) 조달",2022,해군군수사령부,물품(내자),국방·치안·보안,True,2.0,False,유찰,등록공고,Y,
20220407,자동 가스켓 절단기 구매,2022,해군군수사령부,물품(내자),산업기계,False,380.0,False,낙찰자선정,등록공고,N,
20220331,22년 의무장비(엑스선기 치과용 디지털) 구매,2022,육군군수사령부,물품(내자),의료장비,False,2.0,False,낙찰자선정,등록공고,N,
20220331,22년 의무장비(전치아동시촬영기) 구매,2022,육군군수사령부,물품(내자),의료장비,True,0.0,True,유찰,등록공고,N,
20220331,2022년 해군군수사령부 무정전전원장치 조달,2022,해군군수사령부,물품(내자),전기·조명,False,34.0,False,낙찰자선정,등록공고,Y,
20220331,해군 궤도형굴착기 제조 납품,2022,해군군수사령부,물품(내자),건설장비,True,0.0,True,유찰,재공고,Y,
20220331,2022년 해군군수사령부 휴대용등 (전기식 랜턴) 조달,2022,해군군수사령부,물품(내자),전기·조명,False,3.0,False,낙찰자선정,등록공고,Y,
20220331,(재공고)잔반탈수기 세트 제조 납품,2022,공군군수사령부,물품(내자),산업기계,True,0.0,True,유찰,재공고,Y,
20220504,오일펜스(신속저장형) 등 2품목 구매,2022,해군군수사령부,물품(내자),배관·공조,False,583.0,False,낙찰자선정,등록공고,N,
20220405,컨베이어 토스터 구매 조달,2022,공군군수사령부,물품(내자),서비스산업장비,False,166.0,False,낙찰자선정,등록공고,N,
20220420,22년 육군 총기케이스 제조,2022,육군군수사령부,물품(내자),국방·치안·보안,False,3.0,False,낙찰자선정,등록공고,Y,
20220405,"(육, 해병) 22년 분,소대용 보온식관 제조",2022,육군군수사령부,물품(내자),서비스산업장비,True,0.0,True,유찰,재공고,Y,
20220405,유압식 전단기 제조 납품,2022,해군군수사령부,물품(내자),산업기계,False,3.0,False,낙찰자선정,등록공고,Y,
20220405,해군 자동혈구계산기(소형) 구매,2022,해군군수사령부,물품(내자),의료장비,False,,False,낙찰자선정,등록공고,N,
20220406,지게차 6000파운드 제조 납품,2022,공군군수사령부,물품(내자),운반·포장,False,2.0,False,낙찰자선정,등록공고,Y,
20220406,22년 의무장비(심장세동제거기 병원용) 구매,2022,국방부 국군의무사령부,물품(내자),의료장비,False,,False,낙찰자선정,등록공고,N,
20220406,2022년 해군 소형제빙기 등 4품목 조달,2022,해군군수사령부,물품(내자),운반·포장,True,0.0,True,유찰,재공고,Y,
20220407,"22년 군사경찰용 오토바이 구매(육군, 해군)",2022,육군군수사령부,물품(내자),차량·수송장비,False,27.0,False,낙찰자선정,등록공고,N,
20220406,2022년 육군 플라스틱골판지 조달,2022,육군군수사령부,물품(내자),운반·포장,True,0.0,True,유찰,재공고,Y,
20220406,해군 차륜형굴착기 2종 제조 납품,2022,해군군수사령부,물품(내자),건설장비,True,0.0,True,유찰,재공고,Y,
20220406,해군 궤도형굴착기 제조 납품,2022,해군군수사령부,물품(내자),건설장비,True,0.0,True,유찰,등록공고,Y,
20220406,22년 의무장비(외과 낭) 구매,2022,육군군수사령부,물품(내자),의료장비,False,953.0,False,낙찰자선정,등록공고,N,
20220406,22년 의무장비(야전용 지혈대) 구매,2022,육군군수사령부,물품(내자),의료장비,False,,False,낙찰자선정,등록공고,N,
20220408,(해군) 22년 섬유로프조립제 4품목 제조,2022,해군군수사령부,물품(내자),제조부품,False,3.0,False,낙찰자선정,등록공고,Y,
20220406,에어컨(스탠드) 구매 조달,2022,해군군수사령부,물품(내자),배관·공조,False,,False,낙찰자선정,등록공고,N,
20220406,에어컨(벽걸이) 구매 조달,2022,해군군수사령부,물품(내자),배관·공조,False,,False,낙찰자선정,등록공고,N,
20220408,(육군) 22년 나일론로프 2종 제조,2022,육군군수사령부,물품(내자),제조부품,True,0.0,True,유찰,등록공고,Y,
20220406,2022년 해군군수사령부 연마용 휠 등 16품목 조달,2022,해군군수사령부,물품(내자),농업기계,False,,False,낙찰자선정,등록공고,N,
20220407,국군 정보통신장비(UTM) 구매,2022,4284부대,물품(내자),정보통신,False,140.0,False,낙찰자선정,등록공고,N,
20220408,"캐비넷,저장용(비문보관함 1호, 2호)",2022,육군군수사령부,물품(내자),가구,False,17.0,False,낙찰자선정,등록공고,Y,
20220408,분말소화기 4품목 조달,2022,육군군수사령부,물품(내자),국방·치안·보안,False,7.0,False,낙찰자선정,등록공고,Y,
20220407,(해군) 22년 나일론 로프 6종 제조,2022,해군군수사령부,물품(내자),제조부품,True,0.0,True,유찰,재공고,Y,
20220408,(육군) 마닐라로프 등 3종 제조,2022,육군군수사령부,물품(내자),제조부품,True,0.0,True,유찰,재공고,Y,
20220408,"인명구출 및 해난구조키트,유압식(유압절단기) 조달",2022,육군군수사령부,물품(내자),국방·치안·보안,False,513.0,False,낙찰자선정,등록공고,N,
20220408,(재공고)22년 의무장비(전치아동시촬영기) 구매,2022,육군군수사령부,물품(내자),의료장비,True,0.0,True,유찰,재공고,N,
20220408,"노즐, 소방장비용 조달",2022,해군군수사령부,물품(내자),국방·치안·보안,True,0.0,True,유찰,재공고,Y,
20220413,22년 의무장비(의료용 냉장고 2종) 제조,2022,육군군수사령부,물품(내자),의료장비,False,2.0,False,낙찰자선정,등록공고,Y,
20220503,"2022년 육군 탱크, 액체저장용(2,000리터) 조달",2022,육군군수사령부,물품(내자),운반·포장,True,0.0,True,유찰,등록공고,Y,
20220413,2022년 공군 넥타이핀 제조,2022,공군군수사령부,물품(내자),기타(54),False,13.0,False,낙찰자선정,등록공고,Y,
20220413,2022년 육군 포제흉장류 제조,2022,육군군수사령부,물품(내자),피복·개인용품,False,10.0,False,낙찰자선정,등록공고,Y,
20220413,2022년 육군 인식표용 튜브 및 고무링 조달(장기),2022,육군군수사령부,물품(내자),제조부품,True,0.0,True,유찰,등록공고,Y,
20220414,공군 차륜형로더(스쿠프형) 제조 납품,2022,공군군수사령부,물품(내자),건설장비,True,0.0,True,유찰,등록공고,Y,
20220413,2022년 육군 인식표용 튜브 및 고무링 조달,2022,육군군수사령부,물품(내자),제조부품,True,0.0,True,유찰,등록공고,Y,
20220427,2022년 육군 철제부대표지 제조,2022,육군군수사령부,물품(내자),출판물,False,15.0,False,낙찰자선정,등록공고,Y,
20220413,히클산독시시클린캡슐,2022,육군군수사령부,물품(내자),기타(51),True,0.0,True,유찰,등록공고,N,
20220418,2022년 육군군수사령부 요소수 조달,2022,육군군수사령부,물품(내자),고무·플라스틱,False,5.0,False,낙찰자선정,등록공고,Y,
20220414,2022년 육군 가솔린통(합성수지제통) 조달,2022,육군군수사령부,물품(내자),운반·포장,True,4.0,False,유찰,등록공고,Y,
20220414,(긴급)22년 의무장비(X-선기 수술용(C-arm)) 구매,2022,국방부 국군의무사령부,물품(내자),의료장비,True,0.0,True,유찰,등록공고,N,Y
20220414,"탐지기, 가스용(화학작용제탐지기) 조달",2022,육군군수사령부,물품(내자),국방·치안·보안,False,295.0,False,낙찰자선정,등록공고,N,
20220421,내시경 위(대장)용 구매,2022,국방부 국군의무사령부,물품(내자),의료장비,False,47.0,False,낙찰자선정,등록공고,N,
20220421,엑스선기 이동식 디지털 구매,2022,해군군수사령부,물품(내자),의료장비,True,0.0,True,유찰,등록공고,N,
20220421,환자감시장치 이동형 제조납품,2022,국방부 국군의무사령부,물품(내자),의료장비,True,0.0,True,유찰,등록공고,Y,Y
20220506,수중시계(다이빙컴퓨터) 구매,2022,육군군수사령부,물품(내자),기타(54),False,,False,낙찰자선정,등록공고,N,
20220418,2022년 해군 소형제빙기 등 4품목 구매,2022,해군군수사령부,물품(내자),운반·포장,False,,False,낙찰자선정,등록공고,N,
20220419,"(해군) 22년 식품보존용기, 도마대, 보온물통 등 7품목 구매",2022,해군군수사령부,물품(내자),가정용품,False,257.0,False,낙찰자선정,등록공고,N,
20220419,22년 군용 안면마스크(두건) 제조,2022,육군군수사령부,물품(내자),국방·치안·보안,False,29.0,False,낙찰자선정,등록공고,Y,
20220419,육군 모터그레이더 구매,2022,육군군수사령부,물품(내자),건설장비,False,7.0,False,낙찰자선정,등록공고,N,
20220420,(육군) 22년 보온물통(40리터) 구매,2022,육군군수사령부,물품(내자),가정용품,False,942.0,False,낙찰자선정,등록공고,N,
20220421,2022년 해병대 항공수송용(A-21백) 조달,2022,해병대 군수단,물품(내자),운반·포장,False,4.0,False,낙찰자선정,등록공고,Y,
20220420,공군 무한궤도형로더 구매,2022,공군군수사령부,물품(내자),건설장비,False,14.0,False,낙찰자선정,등록공고,N,
20220420,해군 방향수심압력계 구매,2022,해군군수사령부,물품(내자),스포츠·레저,False,,False,낙찰자선정,등록공고,N,
20220420,해군 LED수심게이지 구매,2022,해군군수사령부,물품(내자),스포츠·레저,False,,False,낙찰자선정,등록공고,N,
20220420,(육군) 22년 유자철조망(30KG) 구매,2022,육군군수사령부,물품(내자),제조부품,False,326.0,False,낙찰자선정,등록공고,N,
20220420,(육군) 22년 나일론로프 2종 제조,2022,육군군수사령부,물품(내자),제조부품,False,3.0,False,낙찰자선정,재공고,Y,
20220420,해군 궤도형도저 구매,2022,해군군수사령부,물품(내자),건설장비,False,17.0,False,낙찰자선정,등록공고,N,
20220421,해군 차륜형굴착기 2종 제조 납품,2022,해군군수사령부,물품(내자),건설장비,True,0.0,True,유찰,등록공고,Y,
20220421,2022년 해군 에나멜 노랑 등 9종 제조,2022,해군군수사령부,물품(내자),제조부품,False,2.0,False,낙찰자선정,등록공고,Y,
20220425,22년 2분기 프린터소모품 구매,2022,방위사업청,물품(내자),사무기기,False,,False,낙찰자선정,등록공고,N,
20220425,2022년 육군 포제휘장류 제조,2022,육군군수사령부,물품(내자),피복·개인용품,False,9.0,False,낙찰자선정,등록공고,Y,
20220502,22년 해군 부표 제조구매,2022,해군군수사령부,물품(내자),차량·수송장비,False,12.0,False,낙찰자선정,등록공고,Y,
20220425,2022년 해군 디스크(연마용) 17종 구매,2022,해군군수사령부,물품(내자),제조부품,False,,False,낙찰자선정,등록공고,N,
20220425,2022년 육군 인식표용 튜브 및 고무링 조달(장기),2022,육군군수사령부,물품(내자),제조부품,True,0.0,True,유찰,재공고,Y,
20220425,2022년 육군 인식표용 튜브 및 고무링 조달,2022,육군군수사령부,물품(내자),제조부품,True,0.0,True,유찰,재공고,Y,
20220427,육군 궤도형굴착기(대형굴삭기) 제조 납품,2022,육군군수사령부,물품(내자),건설장비,True,0.0,True,유찰,등록공고,Y,
20220427,22년 정비피복(작업용 장갑) 제조 구매,2022,육군군수사령부,물품(내자),피복·개인용품,False,9.0,False,낙찰자선정,등록공고,Y,
20220426,2022년 해군 방열복류 제조,2022,해군군수사령부,물품(내자),국방·치안·보안,True,0.0,True,유찰,등록공고,Y,
20220426,22년 의무장비(전지아동시촬영기) 구매,2022,육군군수사령부,물품(내자),의료장비,False,3.0,False,낙찰자선정,등록공고,N,
20220427,육군 차륜형굴착기(소형) 제조 납품,2022,육군군수사령부,물품(내자),건설장비,True,0.0,True,유찰,등록공고,Y,
20220427,(해군) 22년 나일론 로프 6종 제조,2022,해군군수사령부,물품(내자),제조부품,False,4.0,False,낙찰자선정,등록공고,Y,
20220502,22년 유니목 구매,2022,공군군수사령부,물품(내자),차량·수송장비,False,19.0,False,낙찰자선정,등록공고,N,
20220427,해병대 궤도형굴착기(소형) 제조 납품,2022,해군군수사령부,물품(내자),건설장비,True,0.0,True,유찰,등록공고,Y,
20220427,2022년 육군 가솔린통(합성수지제통) 조달,2022,육군군수사령부,물품(내자),운반·포장,False,4.0,False,낙찰자선정,재공고,Y,
20220427,해군 오리발 및 스피이더 구매,2022,해군군수사령부,물품(내자),스포츠·레저,False,,False,낙찰자선정,등록공고,N,
20220428,(육군) 22년 유흡착포 구매,2022,육군군수사령부,물품(내자),청소장비,False,347.0,False,낙찰자선정,등록공고,N,
20220427,해군 차륜형로더 제조 납품,2022,해군군수사령부,물품(내자),건설장비,True,0.0,True,유찰,등록공고,Y,
20220427,환자감시장치 이동형 제조납품,2022,국방부 국군의무사령부,물품(내자),의료장비,True,0.0,True,유찰,재공고,Y,Y
20220428,공군 진동식롤러 구매,2022,공군군수사령부,물품(내자),건설장비,False,27.0,False,낙찰자선정,등록공고,N,
20220428,(육군) 22년 윤형철조망 제조,2022,육군군수사령부,물품(내자),제조부품,True,0.0,True,유찰,등록공고,Y,
20220428,22년 의무장비(자동적혈구 침강속도 측정기) 구매,2022,국방부 국군의무사령부,물품(내자),실험·측정기기,False,,False,낙찰자선정,등록공고,,
20220428,22년 의무장비(혈액응고측정기) 구매,2022,국방부 국군의무사령부,물품(내자),실험·측정기기,False,,False,낙찰자선정,등록공고,,
20220517,TV받침대,2022,육군군수사령부,물품(내자),가구,False,7.0,False,낙찰자선정,등록공고,Y,
20220502,해군 스키드스티어로더 구매,2022,해군군수사령부,물품(내자),건설장비,False,46.0,False,낙찰자선정,등록공고,N,
20220502,공군 소방펌프차 제조,2022,공군군수사령부,물품(내자),차량·수송장비,False,3.0,False,낙찰자선정,등록공고,Y,
20220502,한방파스,2022,육군군수사령부,물품(내자),기타(51),False,5.0,False,개찰완료,등록공고,N,
20220429,(해군) 22년 미용티슈(각티슈) 제조,2022,해군군수사령부,물품(내자),종이류,False,6.0,False,낙찰자선정,등록공고,Y,
20220502,아세트아미노펜 등,2022,육군군수사령부,물품(내자),기타(51),False,36.0,False,개찰완료,등록공고,N,
20220429,해군 차륜형굴착기 2종 제조 납품,2022,해군군수사령부,물품(내자),건설장비,True,0.0,True,유찰,재공고,Y,
20220502,22년 해병대 해안경계부대 출동차량 제조,2022,해군군수사령부,물품(내자),차량·수송장비,False,6.0,False,낙찰자선정,등록공고,Y,
20220502,2022년 육군군수사령부 고압세척기 조달,2022,육군군수사령부,물품(내자),청소장비,False,3.0,False,낙찰자선정,등록공고,Y,
20220509,2022년 해군군수사령부 이동식조명대(투광조명등세트) 조달,2022,해군군수사령부,물품(내자),전기·조명,True,0.0,True,유찰,변경공고,Y,
20220502,공군 BAT/FO 차량 제조,2022,공군군수사령부,물품(내자),차량·수송장비,False,6.0,False,낙찰자선정,등록공고,Y,
20220502,(긴급)22년 의무장비(X-선기 수술용(C-arm)) 구매 재공고,2022,국방부 국군의무사령부,물품(내자),의료장비,True,0.0,True,유찰,재공고,N,Y
20220503,공군 순찰승용차 제조,2022,공군군수사령부,물품(내자),차량·수송장비,False,5.0,False,낙찰자선정,등록공고,Y,
20220503,"핫파스(팩,카타플라스마,중온감형)",2022,육군군수사령부,물품(내자),기타(51),False,4.0,False,개찰완료,등록공고,N,
20220503,케토프로펜 린트형 팩,2022,육군군수사령부,물품(내자),기타(51),False,4.0,False,개찰완료,등록공고,N,
20220503,2022년 해군 브래킷 앵글형 조달,2022,해군군수사령부,물품(내자),제조부품,False,472.0,False,낙찰자선정,등록공고,N,
20220503,공군 그레이더 구매,2022,공군군수사령부,물품(내자),건설장비,False,11.0,False,낙찰자선정,재공고,N,
20220509,육군 자동차용납축전지 구매,2022,육군군수사령부,물품(내자),발전·배전,False,,False,낙찰자선정,등록공고,N,
20220504,엑스선기 600mA 디지털 제조 납품(공군),2022,공군군수사령부,물품(내자),의료장비,False,2.0,False,낙찰자선정,등록공고,Y,
20220504,엑스선기 검진용 디지털 제조 납품(공군),2022,공군군수사령부,물품(내자),의료장비,False,2.0,False,낙찰자선정,등록공고,Y,
20220504,탄력붕대 제조,2022,육군군수사령부,물품(내자),의료장비,True,0.0,True,유찰,등록공고,Y,
20220504,엑스선기 이동식 디지털 구매,2022,해군군수사령부,물품(내자),의료장비,False,2.0,False,낙찰자선정,등록공고,N,
20220512,2022년 해군 태극마크 제조,2022,해군군수사령부,물품(내자),피복·개인용품,False,23.0,False,낙찰자선정,등록공고,Y,
20220509,(해군) 22년 중철기(제본기) 구매,2022,해군군수사령부,물품(내자),인쇄·영상,False,408.0,False,낙찰자선정,등록공고,N,
20220510,22년 해병대 구난트럭 제조,2022,해군군수사령부,물품(내자),차량·수송장비,True,0.0,True,유찰,등록공고,Y,
20220610,지게차 6000파운드 제조 납품,2022,육군군수사령부,물품(내자),운반·포장,True,0.0,True,유찰,등록공고,Y,
20220615,디젤발전기 10KW 제조 납품,2022,육군군수사령부,물품(내자),발전·배전,False,9.0,False,낙찰자선정,등록공고,Y,
20220506,해군 잠수용작업화(건식) 구매,2022,해군군수사령부,물품(내자),스포츠·레저,False,330.0,False,낙찰자선정,등록공고,N,
20220510,22년 가스크로마토그래피 구매(육군),2022,육군군수사령부,물품(내자),실험·측정기기,True,0.0,True,유찰,등록공고,N,
20220510,목재선반 등 2종 구매,2022,해군군수사령부,물품(내자),산업기계,False,,False,낙찰자선정,등록공고,N,
20220510,목재절단기 등 3종 구매,2022,해군군수사령부,물품(내자),산업기계,False,,False,낙찰자선정,등록공고,N,
20220511,공군 항공기구조소방차 제조,2022,공군군수사령부,물품(내자),차량·수송장비,True,0.0,True,유찰,등록공고,Y,Y
20220510,2022년 유골함(충혼당 및 묘역용) 제조 구매,2022,국방부 국립서울현충원,물품(내자),서비스산업장비,True,0.0,True,유찰,등록공고,Y,
20220509,(해군) 22년 삼면재단기 구매,2022,해군군수사령부,물품(내자),인쇄·영상,False,469.0,False,낙찰자선정,등록공고,N,
20220509,공군 무한궤도형로더 구매,2022,공군군수사령부,물품(내자),건설장비,False,11.0,False,개찰완료,재공고,N,
20220509,육군 모터그레이더 구매,2022,육군군수사령부,물품(내자),건설장비,False,10.0,False,개찰완료,재공고,N,
20220511,육군 무한궤도형로더 구매,2022,육군군수사령부,물품(내자),건설장비,False,18.0,False,낙찰자선정,등록공고,N,
20220615,디젤발전기 15kW 제조 납품,2022,육군군수사령부,물품(내자),발전·배전,False,9.0,False,낙찰자선정,등록공고,Y,
20220805,가솔린 발전기 5KW 제조 납품,2022,육군군수사령부,물품(내자),발전·배전,False,6.0,False,낙찰자선정,등록공고,Y,
20220510,육군 궤도형굴착기(대형굴삭기) 제조 납품,2022,육군군수사령부,물품(내자),건설장비,True,0.0,True,유찰,재공고,Y,
20220510,해병대 궤도형굴착기(소형) 제조 납품,2022,해군군수사령부,물품(내자),건설장비,True,0.0,True,유찰,재공고,Y,
20220510,육군 차륜형굴착기(소형) 제조 납품,2022,육군군수사령부,물품(내자),건설장비,True,0.0,True,유찰,재공고,Y,
20220510,(육군) 22년 윤형철조망 제조(재공고),2022,육군군수사령부,물품(내자),제조부품,True,0.0,True,유찰,재공고,Y,
20220512,의료영상저장전송시스템(PACS) 구매 설치(해군),2022,해군군수사령부,물품(내자),의료장비,True,0.0,True,유찰,등록공고,N,Y
20220511,22년 화물용트럭 제조,2022,공군군수사령부,물품(내자),차량·수송장비,True,0.0,True,유찰,등록공고,Y,
20220512,의료영상저장전송시스템(PACS) 구매 설치,2022,국방부 국군의무사령부,물품(내자),의료장비,False,2.0,False,낙찰자선정,등록공고,N,Y
20220511,고압증기멸균기 중형 전기식 구매,2022,국방부 국군의무사령부,물품(내자),의료장비,False,10.0,False,낙찰자선정,등록공고,N,Y
20220511,초음파진단기 병원용 구매(공군),2022,공군군수사령부,물품(내자),의료장비,False,169.0,False,낙찰자선정,등록공고,N,
20220511,해군 차륜형로더 제조 납품,2022,해군군수사령부,물품(내자),건설장비,True,0.0,True,유찰,재공고,Y,
20220523,(재공고)2022년 해군 방열복류 제조,2022,해군군수사령부,물품(내자),국방·치안·보안,True,0.0,True,유찰,재공고,Y,
20220512,22년 무균채수병(육군),2022,육군군수사령부,물품(내자),실험·측정기기,False,,False,낙찰자선정,등록공고,N,
20220512,호흡장치 거치대(지지대조립체 1종),2022,해군군수사령부,물품(내자),제조부품,False,,False,낙찰자선정,등록공고,N,
20220513,(공군) 22년 온장고 3종 구매,2022,공군군수사령부,물품(내자),서비스산업장비,False,980.0,False,낙찰자선정,등록공고,N,
20220513,22년 육군 EOD작전차량 제조,2022,육군군수사령부,물품(내자),차량·수송장비,False,7.0,False,낙찰자선정,등록공고,Y,
20220516,머시닝센터(중형) 구매,2022,육군군수사령부,물품(내자),산업기계,False,258.0,False,낙찰자선정,등록공고,N,
20220513,육군 피폭선량계(방사선측정기) 구매,2022,육군군수사령부,물품(내자),발전·배전,False,698.0,False,낙찰자선정,등록공고,N,
20220517,비금속 3D 프린터 구매,2022,해군군수사령부,물품(내자),산업기계,False,2.0,False,낙찰자선정,등록공고,N,
20220513,탄력붕대 제조,2022,육군군수사령부,물품(내자),의료장비,True,0.0,True,유찰,재공고,Y,
20220517,2022년 육군 포말제독기 구매,2022,육군군수사령부,물품(내자),국방·치안·보안,False,2.0,False,낙찰자선정,등록공고,N,
20220516,22년 국솥류 2종 조달,2022,육군군수사령부,물품(내자),서비스산업장비,False,2.0,False,낙찰자선정,등록공고,Y,
20220516,2022년 육군 및 해병대 수통(물관5가론) 조달,2022,육군군수사령부,물품(내자),운반·포장,True,0.0,True,유찰,변경공고,Y,
20220516,육군 대테러물자적재차량 제조,2022,육군군수사령부,물품(내자),차량·수송장비,False,9.0,False,낙찰자선정,등록공고,Y,
20220516,22년 가스취사세트 구성품 조달,2022,육군군수사령부,물품(내자),서비스산업장비,False,5.0,False,낙찰자선정,등록공고,Y,
20220517,"침대, 침대조립체",2022,육군군수사령부,물품(내자),가구,False,18.0,False,낙찰자선정,등록공고,Y,
20220517,2022년 의무장비 수술마취과용 흉복강경 구매,2022,국군수도병원,물품(내자),의료장비,False,70.0,False,낙찰자선정,등록공고,N,
20220517,"침대, 침대조립체(추가)_육훈소",2022,육군군수사령부,물품(내자),가구,False,18.0,False,낙찰자선정,등록공고,Y,
20220516,2022년 해군 냉장고(500리터) 구매,2022,해군군수사령부,물품(내자),운반·포장,False,339.0,False,개찰완료,등록공고,N,
20220517,"총기보관함 5인용, 10인용",2022,육군군수사령부,물품(내자),가구,False,11.0,False,낙찰자선정,등록공고,Y,
20220516,잔반탈수기 세트 제조 납품,2022,공군군수사령부,물품(내자),산업기계,True,0.0,True,유찰,등록공고,Y,
20220526,22년 비디오편집용 공유스토리지,2022,해군군수사령부,물품(내자),정보통신,False,57.0,False,낙찰자선정,등록공고,N,
20220517,22년 육군 세면주머니 제조,2022,육군군수사령부,물품(내자),피복·개인용품,False,30.0,False,낙찰자선정,등록공고,Y,
20220517,2022년 국군수도병원 의무장비(디스크제거용 내시경) 구매,2022,국군수도병원,물품(내자),의료장비,False,50.0,False,낙찰자선정,등록공고,N,
20220518,2022년 국군수도병원 의무장비(레이저알콘 안과용) 구매,2022,국군수도병원,물품(내자),의료장비,False,42.0,False,낙찰자선정,변경공고,N,
20220517,"22년 세면주머니 제조(해군, 공군)",2022,해군군수사령부,물품(내자),피복·개인용품,False,39.0,False,낙찰자선정,등록공고,Y,
20220517,22년 의무장비(봉합사) 구매,2022,육군군수사령부,물품(내자),의료장비,False,104.0,False,낙찰자선정,등록공고,N,
20220519,비금속(탄소섬유용) 3D프린터 구매,2022,해군군수사령부,물품(내자),산업기계,False,2.0,False,낙찰자선정,등록공고,N,Y
20220517,해군 탑재용 초단파 송수신기 구매,2022,해군군수사령부,물품(내자),정보통신,False,915.0,False,낙찰자선정,등록공고,N,
20220517,22년 의무장비(응급흉부외상패드) 구매,2022,육군군수사령부,물품(내자),의료장비,False,94.0,False,낙찰자선정,등록공고,N,
20220517,"2022년 육군 탱크, 액체저장용(2,000리터) 조달",2022,육군군수사령부,물품(내자),운반·포장,False,2.0,False,낙찰자선정,재공고,Y,
20220523,해군 호흡조정기(동계형) 2종 구매,2022,해군군수사령부,물품(내자),스포츠·레저,False,,False,낙찰자선정,등록공고,N,
20220518,공군 2.9톤 견인차 제조,2022,공군군수사령부,물품(내자),차량·수송장비,True,0.0,True,유찰,등록공고,Y,
20220523,차량용 리프트 제조 납품,2022,육군군수사령부,물품(내자),운반·포장,False,16.0,False,낙찰자선정,등록공고,Y,
20220518,해병대 궤도형굴착기(소형) 제조 납품,2022,해군군수사령부,물품(내자),건설장비,True,0.0,True,유찰,등록공고,Y,
20220518,2022년 유골함(충혼당 및 묘역용) 제조 구매,2022,국방부 국립서울현충원,물품(내자),서비스산업장비,True,0.0,True,유찰,재공고,Y,
20220519,"리치트럭, 오더피커 제조 납품",2022,육군군수사령부,물품(내자),운반·포장,False,3.0,False,낙찰자선정,등록공고,Y,
20220518,2022년 해군군수사령부 이동식조명대(투광조명등세트) 조달,2022,해군군수사령부,물품(내자),전기·조명,True,0.0,True,유찰,재공고,Y,
20220519,22년 해병 이동전개형 의무시설셋(천막형) 제작 구매,2022,해군군수사령부,물품(내자),차량·수송장비,True,0.0,True,유찰,재공고,N,
20220520,CNC 선반 구매,2022,육군군수사령부,물품(내자),산업기계,False,172.0,False,낙찰자선정,등록공고,N,
20220520,해군 진동식롤러 구매,2022,해군군수사령부,물품(내자),건설장비,False,147.0,False,낙찰자선정,등록공고,N,
20220524,22년 군용 반합 제조,2022,육군군수사령부,물품(내자),스포츠·레저,True,0.0,True,유찰,등록공고,Y,
20220524,공군 항공기 사고구조용 비상출동차량 제조,2022,공군군수사령부,물품(내자),차량·수송장비,False,12.0,False,낙찰자선정,등록공고,Y,
20220523,22년 해병대 구난트럭 제조,2022,해군군수사령부,물품(내자),차량·수송장비,True,0.0,True,유찰,재공고,Y,
20220523,22년 가스크로마토그래피 구매(육군),2022,육군군수사령부,물품(내자),실험·측정기기,False,2.0,False,낙찰자선정,재공고,N,Y
20220523,(해군) 22년 비디오편집시스템 구매,2022,해군군수사령부,물품(내자),인쇄·영상,False,443.0,False,낙찰자선정,등록공고,N,
20220523,2022년 육군군수사령부 주입구(플라스틱) 조달,2022,육군군수사령부,물품(내자),공구,False,2.0,False,낙찰자선정,등록공고,Y,
20220524,2022년 육군 늄침대 제조,2022,육군군수사령부,물품(내자),스포츠·레저,True,0.0,True,유찰,등록공고,Y,
20220816,22조달 의무장비(자기공명촬영기 MRI 고급형) 긴급 구매,2022,국군수도병원,물품(내자),의료장비,True,0.0,True,유찰,등록공고,N,Y
20220525,"포비돈스틱 스왑,50s",2022,육군군수사령부,물품(내자),기타(51),False,21.0,False,낙찰자선정,등록공고,N,
20220525,22년 장력계(크레인저울) 구매(해군),2022,해군군수사령부,물품(내자),실험·측정기기,False,261.0,False,낙찰자선정,등록공고,N,
20220524,(재공고)자동 가스켓 절단기 구매,2022,해군군수사령부,물품(내자),산업기계,False,21.0,False,낙찰자선정,재공고,N,
20220524,엑스선기 이동식 디지털 구매,2022,해군군수사령부,물품(내자),의료장비,False,2.0,False,낙찰자선정,재공고,N,
20220525,라면조리기 구매,2022,해군군수사령부,물품(내자),서비스산업장비,False,,False,낙찰자선정,등록공고,N,
20220526,고속5축가공기 제조 납품,2022,육군군수사령부,물품(내자),산업기계,False,2.0,False,낙찰자선정,등록공고,Y,
20220524,육군 자동차용납축전지 구매,2022,육군군수사령부,물품(내자),발전·배전,False,108.0,False,낙찰자선정,재공고,N,
20220531,몰드형 3D프린터 구매,2022,해군군수사령부,물품(내자),산업기계,False,3.0,False,낙찰자선정,등록공고,N,Y
20220526,2022년 육군군수사령부 탐조등 조달,2022,육군군수사령부,물품(내자),전기·조명,False,7.0,False,낙찰자선정,등록공고,Y,
20220526,2022년 해군군수사령부 탐조등 조달,2022,해군군수사령부,물품(내자),전기·조명,False,5.0,False,낙찰자선정,등록공고,Y,
20220531,22년 의무장비(수술대병원용 자동식) 구매 정정공고,2022,국군수도병원,물품(내자),의료장비,False,88.0,False,낙찰자선정,변경공고,N,
20220525,국군대전병원 수술드릴 및 쏘셋 전기식 구매,2022,국군대전병원,물품(내자),의료장비,False,199.0,False,낙찰자선정,등록공고,N,
20220525,국군대전병원 수술등천정식 구매,2022,국군대전병원,물품(내자),의료장비,False,97.0,False,개찰완료,등록공고,N,
20220530,압박붕대류 2품목 구매,2022,육군군수사령부,물품(내자),의료장비,False,764.0,False,낙찰자선정,등록공고,N,
20220603,(육군) 22년 구두약(흑색용) 제조,2022,육군군수사령부,물품(내자),청소장비,True,0.0,True,유찰,등록공고,Y,
20220525,금속 3D프린터 시스템 구매,2022,해군군수사령부,물품(내자),산업기계,False,2.0,False,낙찰자선정,등록공고,N,Y
20220602,(육군) 22년 캠코더(대테러물자) 구매,2022,육군군수사령부,물품(내자),인쇄·영상,False,322.0,False,낙찰자선정,등록공고,N,
20220603,(육군) 22년 망원용 디지털 카메라(대테러물자) 구매,2022,육군군수사령부,물품(내자),인쇄·영상,False,310.0,False,낙찰자선정,등록공고,N,
20220527,22년 화물용트럭 제조,2022,공군군수사령부,물품(내자),차량·수송장비,True,0.0,True,유찰,재공고,Y,
20220527,22년 해군 정복/근무복 체촌,2022,해군군수사령부,물품(내자),피복·개인용품,False,16.0,False,낙찰자선정,등록공고,Y,
20220526,(재공고)잔반탈수기 세트 제조 납품,2022,공군군수사령부,물품(내자),산업기계,True,0.0,True,유찰,재공고,Y,
20220527,22년 가스로마토그래피 질량분석기(육군),2022,육군군수사령부,물품(내자),실험·측정기기,False,236.0,False,낙찰자선정,등록공고,N,
20220530,VHF 조난통신기 제조 납품,2022,해군군수사령부,물품(내자),정보통신,False,3.0,False,낙찰자선정,등록공고,Y,
20220527,의료영상저장전송시스템(PACS) 구매 설치(해군),2022,해군군수사령부,물품(내자),의료장비,False,3.0,False,낙찰자선정,재공고,N,Y
20220530,22년 해군 전투복 제조 납품,2022,해군군수사령부,물품(내자),피복·개인용품,False,17.0,False,낙찰자선정,등록공고,Y,
20220530,60톤 유압기중기 제조 납품,2022,해군군수사령부,물품(내자),운반·포장,True,0.0,True,유찰,등록공고,Y,
20220530,100톤 유압기중기 제조 납품,2022,해군군수사령부,물품(내자),운반·포장,True,0.0,True,유찰,등록공고,Y,
20220901,22년 해군 고속단정 15인승 제조,2022,해군군수사령부,물품(내자),차량·수송장비,False,2.0,False,낙찰자선정,등록공고,Y,
20220530,응급지혈거즈 구매,2022,육군군수사령부,물품(내자),의료장비,False,,False,낙찰자선정,등록공고,N,
20220530,해병대 궤도형굴착기(소형) 제조 납품,2022,해군군수사령부,물품(내자),건설장비,True,0.0,True,유찰,재공고,Y,
20220531,22년 공군 전투복 제조,2022,공군군수사령부,물품(내자),피복·개인용품,False,19.0,False,낙찰자선정,등록공고,Y,
20220531,22년 해병대 전투복 제조,2022,해병대 군수단,물품(내자),피복·개인용품,False,20.0,False,낙찰자선정,등록공고,Y,
20220602,공군 2.9톤 견인차 제조,2022,공군군수사령부,물품(내자),차량·수송장비,True,0.0,True,유찰,재공고,Y,
20220602,공군 항공기구조소방차 제조,2022,공군군수사령부,물품(내자),차량·수송장비,True,0.0,True,유찰,재공고,Y,Y
20220602,해군 소방펌프차 제조,2022,해군군수사령부,물품(내자),차량·수송장비,False,3.0,False,낙찰자선정,등록공고,Y,
20220602,육군 이동감호차 제조,2022,육군군수사령부,물품(내자),차량·수송장비,False,3.0,False,낙찰자선정,등록공고,Y,
20220613,22년 특수전용 고속단정,2022,해군군수사령부,물품(내자),차량·수송장비,False,2.0,False,낙찰자선정,등록공고,Y,
20220603,전기용접기 30KW 등 3종 구매,2022,육군군수사령부,물품(내자),산업기계,False,,False,낙찰자선정,등록공고,N,
20220614,2022년 육군 방화장갑 구매,2022,육군군수사령부,물품(내자),국방·치안·보안,False,,False,낙찰자선정,등록공고,N,
20220603,2022년 해군 실리콘알키드 등 6종 조달,2022,해군군수사령부,물품(내자),제조부품,False,4.0,False,낙찰자선정,등록공고,Y,
20220603,공군 소형유조차 제조,2022,공군군수사령부,물품(내자),차량·수송장비,False,2.0,False,낙찰자선정,등록공고,Y,
20220609,22년 해군 트랙터 제조,2022,해군군수사령부,물품(내자),차량·수송장비,True,0.0,True,유찰,등록공고,Y,
20220603,"소형유조차 제조(해군 ,해병)",2022,해군군수사령부,물품(내자),차량·수송장비,False,2.0,False,낙찰자선정,등록공고,Y,
20220603,세프라딘 캡슐,2022,육군군수사령부,물품(내자),기타(51),False,19.0,False,낙찰자선정,등록공고,N,
20220603,"해열진통소염제, 이부프로펜정",2022,육군군수사령부,물품(내자),기타(51),False,13.0,False,개찰완료,등록공고,N,
20220603,"육군가솔린선외모터(15마력,40마력)구매",2022,육군군수사령부,물품(내자),발전·배전,False,325.0,False,낙찰자선정,등록공고,N,
20220603,2022년 육군 및 해병대 수통(물관5가론) 조달,2022,육군군수사령부,물품(내자),운반·포장,True,0.0,True,유찰,재공고,Y,
20220603,세파클러캡슐,2022,육군군수사령부,물품(내자),기타(51),False,29.0,False,낙찰자선정,등록공고,N,
20220607,2022년 전자해도전시체계 제조(해군),2022,해군군수사령부,물품(내자),실험·측정기기,True,0.0,True,유찰,등록공고,Y,
20220609,22년 저상형트레일러 제조(해군),2022,해군군수사령부,물품(내자),차량·수송장비,False,2.0,False,낙찰자선정,등록공고,Y,
20220613,육군 CRRT 작전밴 제조,2022,육군군수사령부,물품(내자),차량·수송장비,False,6.0,False,낙찰자선정,등록공고,Y,
20220607,22년 인플루엔자 백신,2022,육군군수사령부,물품(내자),기타(51),False,32.0,False,낙찰자선정,등록공고,N,
20220607,해군 궤도형도저(저속형) 구매,2022,해군군수사령부,물품(내자),건설장비,False,21.0,False,낙찰자선정,등록공고,N,
20220607,해군 무선송수신기(MF/HF 조난통신기) 제조 납품,2022,해군군수사령부,물품(내자),정보통신,False,3.0,False,낙찰자선정,등록공고,Y,
20220607,2022년 육군 플라스틱골판지 조달,2022,육군군수사령부,물품(내자),운반·포장,False,4.0,False,낙찰자선정,등록공고,Y,
20220608,22년 고성능액체크로마토그래피 구매(육군),2022,육군군수사령부,물품(내자),실험·측정기기,False,201.0,False,낙찰자선정,등록공고,N,
20220608,22년 의무장비(엑스선기 이동식 병원용) 구매,2022,육군군수사령부,물품(내자),의료장비,False,2.0,False,낙찰자선정,등록공고,N,
20220608,2022년 육군 비닐장판 구매,2022,육군군수사령부,물품(내자),건축자재,False,199.0,False,낙찰자선정,등록공고,N,
20220608,침대 3종,2022,공군군수사령부,물품(내자),가구,False,19.0,False,낙찰자선정,등록공고,Y,
20220608,2022년 해군군수사령부 렌치류 조달,2022,해군군수사령부,물품(내자),공구,False,,False,낙찰자선정,등록공고,N,
20220608,(재공고)60톤 유압기중기 제조 납품,2022,해군군수사령부,물품(내자),운반·포장,True,0.0,True,유찰,재공고,Y,
20220608,(재공고)100톤 유압기중기 제조 납품,2022,해군군수사령부,물품(내자),운반·포장,True,0.0,True,유찰,재공고,Y,
20220608,해군 진동식롤러 구매,2022,해군군수사령부,물품(내자),건설장비,False,15.0,False,낙찰자선정,재공고,N,
20220608,육군 궤도형도저 구매,2022,육군군수사령부,물품(내자),건설장비,False,18.0,False,낙찰자선정,등록공고,N,
20220608,22년 음압형환자수용장비 구매,2022,국방부 국군의무사령부,물품(내자),의료장비,True,2.0,False,유찰,등록공고,N,Y
20220608,2022년도 활성탄 조달,2022,육군군수사령부,물품(내자),광물·원자재,False,2.0,False,낙찰자선정,등록공고,Y,
20220609,"2022년 해군 솔,페인트용 등 7종 구매",2022,해군군수사령부,물품(내자),제조부품,False,,False,낙찰자선정,변경공고,N,
20220609,2022년 육군군수사령부 업소용세탁기(고정세탁기) 조달,2022,육군군수사령부,물품(내자),청소장비,False,7.0,False,낙찰자선정,등록공고,Y,
20220609,"2022년 해군군수사령부 LED투광등기구, LED램프 조달",2022,해군군수사령부,물품(내자),전기·조명,False,24.0,False,낙찰자선정,등록공고,Y,
20220609,22년 냉장고 극저온식 사단용(육군),2022,육군군수사령부,물품(내자),실험·측정기기,False,713.0,False,낙찰자선정,등록공고,N,
20220620,22년 요대류 제조,2022,해군군수사령부,물품(내자),피복·개인용품,False,18.0,False,낙찰자선정,등록공고,Y,
20220620,22년 디지털 요대 제조,2022,육군군수사령부,물품(내자),피복·개인용품,False,18.0,False,낙찰자선정,등록공고,Y,
20220614,(재공고)2022년 육군 늄침대 제조,2022,육군군수사령부,물품(내자),스포츠·레저,True,0.0,True,유찰,재공고,Y,
20220609,"당뇨병용제, 메트폴민정, 500mg",2022,육군군수사령부,물품(내자),기타(51),False,42.0,False,낙찰자선정,등록공고,N,
20220609,"소화성궤양용제, 란소프라졸캡슐",2022,육군군수사령부,물품(내자),기타(51),False,45.0,False,낙찰자선정,등록공고,N,
20220609,세프포독심정 100㎎,2022,육군군수사령부,물품(내자),기타(51),False,43.0,False,낙찰자선정,등록공고,N,
20220609,기타의중추신경용약 프레가발린캡슐 75mg,2022,육군군수사령부,물품(내자),기타(51),False,56.0,False,낙찰자선정,등록공고,N,
20220616,컨테이너하우스(중형),2022,공군군수사령부,물품(내자),건축자재,False,26.0,False,낙찰자선정,등록공고,Y,
20220609,"해열진통소염제, 아세클로페낙",2022,육군군수사령부,물품(내자),기타(51),False,6.0,False,개찰완료,등록공고,N,
20220613,(해병) 22년 해안 및 항포구 통제용 경고방송장치 구매,2022,해군군수사령부,물품(내자),가정용품,False,283.0,False,낙찰자선정,등록공고,N,
20220613,지게차 3톤 등 3종 제조 납품,2022,해군군수사령부,물품(내자),운반·포장,True,0.0,True,유찰,등록공고,Y,
20220610,2022년 수통(물관5가론) 구매,2022,육군군수사령부,물품(내자),운반·포장,False,165.0,False,낙찰자선정,등록공고,N,
20220621,2022년 육군 항공수송용(A-22백) 조달,2022,육군군수사령부,물품(내자),운반·포장,True,0.0,True,유찰,등록공고,Y,
20220613,비금속 3D 프린터 구매,2022,육군군수사령부,물품(내자),산업기계,False,382.0,False,낙찰자선정,등록공고,N,
20220613,중형압력기 제조 납품,2022,해군군수사령부,물품(내자),산업기계,False,3.0,False,낙찰자선정,등록공고,Y,
20220621,(육군) 22년 야전전투용앰프 제조구매,2022,육군군수사령부,물품(내자),가정용품,False,21.0,False,낙찰자선정,등록공고,Y,
20220614,의약품 냉장고(중형) 제조 납품,2022,공군군수사령부,물품(내자),의료장비,False,2.0,False,낙찰자선정,등록공고,Y,
20220614,"인명구출 및 해난구조키트,유압식(유압절단기) 조달",2022,육군군수사령부,물품(내자),국방·치안·보안,False,110.0,False,낙찰자선정,재공고,N,
20220614,2022년 해군군수사령부 플라이어 등 28품목 조달,2022,해군군수사령부,물품(내자),공구,False,497.0,False,낙찰자선정,등록공고,N,
20220614,22년 잔류항생제분석기 구매(육군),2022,육군군수사령부,물품(내자),실험·측정기기,False,166.0,False,낙찰자선정,등록공고,N,
20220614,"공군 고무장화(취사용장화, 취사화) 제조",2022,공군군수사령부,물품(내자),피복·개인용품,True,2.0,False,유찰,등록공고,Y,
20220614,해군 호흡조정기(일반형) 구매,2022,해군군수사령부,물품(내자),스포츠·레저,False,879.0,False,낙찰자선정,등록공고,N,
20220614,해군 잠수용신발 및 장갑 구매,2022,해군군수사령부,물품(내자),스포츠·레저,False,,False,낙찰자선정,등록공고,N,
20220614,케토프로펜 린트형 펙 6S 30mg,2022,육군군수사령부,물품(내자),기타(51),False,2.0,False,개찰완료,등록공고,N,
20220614,2022년 해병대군수단 동력체인톱 조달,2022,해병대 군수단,물품(내자),공구,False,,False,낙찰자선정,등록공고,N,
20220615,비인후경 구매,2022,국군대전병원,물품(내자),의료장비,False,120.0,False,낙찰자선정,등록공고,N,
20220615,22년 고배율쌍안경 제조(해군),2022,해군군수사령부,물품(내자),실험·측정기기,False,2.0,False,낙찰자선정,등록공고,Y,
20220614,"팩,한방 카타플라스마(황백연조엑스파스6매,밀착포포함)",2022,육군군수사령부,물품(내자),기타(51),True,0.0,True,유찰,등록공고,N,
20220614,아세트아미노펜 2종,2022,육군군수사령부,물품(내자),기타(51),False,16.0,False,개찰완료,등록공고,N,
20220614,"핫파스(팩,한방 카타플라스마)",2022,육군군수사령부,물품(내자),기타(51),False,5.0,False,개찰완료,등록공고,N,
20220614,2022년 냉장고(400~500리터) 구매,2022,육군군수사령부,물품(내자),운반·포장,False,700.0,False,낙찰자선정,등록공고,N,
20220615,2022년 공군 쿨토시 제조,2022,공군군수사령부,물품(내자),국방·치안·보안,False,57.0,False,낙찰자선정,등록공고,Y,
20220615,22년 군용 반합 제조,2022,육군군수사령부,물품(내자),스포츠·레저,True,0.0,True,유찰,등록공고,Y,
20220615,해군 차륜형굴착기 2종 제조 납품,2022,해군군수사령부,물품(내자),건설장비,True,0.0,True,유찰,등록공고,Y,
20220615,공군 무한궤도형로더 구매,2022,공군군수사령부,물품(내자),건설장비,False,13.0,False,낙찰자선정,등록공고,N,
20220615,(육군) 22년 구두약(흑색용) 제조(재공고),2022,육군군수사령부,물품(내자),청소장비,True,0.0,True,유찰,재공고,Y,
20220615,살리실산메칠에어로졸200ml,2022,육군군수사령부,물품(내자),기타(51),False,11.0,False,낙찰자선정,등록공고,N,
20220615,세레콕시브캡슐 200mg,2022,육군군수사령부,물품(내자),기타(51),False,80.0,False,낙찰자선정,등록공고,N,
20220615,22년 해병대 온장고 2종 조달,2022,해병대 군수단,물품(내자),서비스산업장비,False,,False,낙찰자선정,등록공고,N,
20220616,선박자동식별장치(AIS)구매건,2022,해군군수사령부,물품(내자),정보통신,False,3.0,False,낙찰자선정,등록공고,Y,
20220620,2022년 해군군수사령부 휴대용드릴링머신(전기식) 등 30품목 조달,2022,해군군수사령부,물품(내자),공구,False,216.0,False,낙찰자선정,등록공고,N,
20220616,컨테이너하우스(대형),2022,공군군수사령부,물품(내자),건축자재,False,26.0,False,낙찰자선정,등록공고,Y,
20220616,"플루오로메톨론점안액(0.1%, 5ML)",2022,육군군수사령부,물품(내자),기타(51),False,9.0,False,낙찰자선정,등록공고,N,
20220616,염산시프로플록사신 2품목,2022,육군군수사령부,물품(내자),기타(51),False,25.0,False,낙찰자선정,등록공고,N,
20220616,인도메타신크림(25G),2022,육군군수사령부,물품(내자),기타(51),False,7.0,False,낙찰자선정,등록공고,N,
20220620,해군 차륜형로더 제조 납품,2022,해군군수사령부,물품(내자),건설장비,True,0.0,True,유찰,등록공고,Y,
20220620,22년 라디오존데 구매(공군),2022,공군군수사령부,물품(내자),실험·측정기기,False,24.0,False,낙찰자선정,등록공고,N,
20220620,육군 위성전화기(휴대용) 구매,2022,육군군수사령부,물품(내자),정보통신,False,191.0,False,낙찰자선정,등록공고,N,
20220621,육군 수사지휘감식차 제조,2022,육군군수사령부,물품(내자),차량·수송장비,False,3.0,False,낙찰자선정,등록공고,Y,
20220621,22년 휴대용 무전기 구매(해군),2022,해군군수사령부,물품(내자),정보통신,False,4.0,False,낙찰자선정,등록공고,Y,
20220621,(재공고)지게차 3톤 등 3종 제조 납품,2022,해군군수사령부,물품(내자),운반·포장,True,0.0,True,유찰,재공고,Y,
20220621,(재공고)지게차 6000파운드 제조 납품,2022,육군군수사령부,물품(내자),운반·포장,True,0.0,True,유찰,재공고,Y,
20220622,2022년 국방일보 조판시스템 교체 사업,2022,국방부 국방홍보원,물품(내자),정보통신,False,2.0,False,낙찰자선정,등록공고,N,Y
20220621,"푸시딘산나트륨연고, 멘톨로션(100ml)",2022,육군군수사령부,물품(내자),기타(51),False,4.0,False,낙찰자선정,등록공고,N,
20220622,2022년 인식표용 튜브 및 고무링 조달,2022,육군군수사령부,물품(내자),제조부품,True,0.0,True,유찰,등록공고,Y,
20220622,해군 잠수용마스크 구매,2022,해군군수사령부,물품(내자),스포츠·레저,False,623.0,False,낙찰자선정,등록공고,N,
20220623,2022년 노후 LAN 교체사업,2022,국방부 국군의무사령부,물품(내자),정보통신,True,0.0,True,유찰,등록공고,N,Y
20220622,"(재공고)공군 고무장화(취사용장화, 취사화) 제조",2022,공군군수사령부,물품(내자),피복·개인용품,False,2.0,False,낙찰자선정,재공고,Y,
20220624,비금속 3차원 프린터 구매,2022,해군군수사령부,물품(내자),산업기계,True,0.0,True,유찰,등록공고,N,
20220623,22년 음압형환자수용장비 구매,2022,국방부 국군의무사령부,물품(내자),의료장비,True,2.0,False,유찰,재공고,N,Y
20220623,해군 궤도형도저(저속형) 구매,2022,해군군수사령부,물품(내자),건설장비,False,8.0,False,낙찰자선정,재공고,N,
20220719,22년 공군 세탁기(15~16kg) 구매,2022,공군군수사령부,물품(내자),가정용품,False,558.0,False,낙찰자선정,등록공고,N,
20220624,22년 해군 트랙터 제조,2022,해군군수사령부,물품(내자),차량·수송장비,False,2.0,False,낙찰자선정,재공고,Y,
20220624,22년 군용 반합 제조,2022,육군군수사령부,물품(내자),스포츠·레저,True,0.0,True,유찰,재공고,Y,
20220928,육군 수요 공기압축기 2종 제조 조달,2022,육군군수사령부,물품(내자),배관·공조,False,9.0,False,낙찰자선정,등록공고,Y,
20220627,공기정화기(흡입용) 제조 조달,2022,육군군수사령부,물품(내자),배관·공조,False,2.0,False,낙찰자선정,등록공고,Y,
20220629,22년 해병대 관제탑 녹음장비 제조,2022,해군군수사령부,물품(내자),정보통신,False,6.0,False,낙찰자선정,등록공고,Y,
20220627,22년 해군 중앙공급식 공기압축기 조달,2022,해군군수사령부,물품(내자),배관·공조,False,11.0,False,낙찰자선정,등록공고,Y,
20220628,2022년 해군군수사령부 냉매 2종 조달,2022,해군군수사령부,물품(내자),화학·화공,False,15.0,False,낙찰자선정,등록공고,N,
20220629,22년 특전복 제조 납품,2022,육군군수사령부,물품(내자),피복·개인용품,False,16.0,False,낙찰자선정,등록공고,Y,
20220628,유니버셜 밀링기계 구매,2022,육군군수사령부,물품(내자),산업기계,False,,False,낙찰자선정,등록공고,N,
20220706,가스마취기 구매,2022,국군대전병원,물품(내자),의료장비,False,484.0,False,낙찰자선정,등록공고,N,
20220629,"2022년 육군, 공군, 해병대 방한용 스패츠 제조",2022,육군군수사령부,물품(내자),국방·치안·보안,False,8.0,False,낙찰자선정,등록공고,Y,
20220628,해군 차륜형로더 제조 납품,2022,해군군수사령부,물품(내자),건설장비,True,0.0,True,유찰,등록공고,Y,
20220629,대테러복(특전사용) 제조납품,2022,육군군수사령부,물품(내자),피복·개인용품,False,16.0,False,낙찰자선정,등록공고,Y,
20220729,22년 해군 마이크로필름장비(스캔시스템),2022,해군군수사령부,물품(내자),인쇄·영상,False,2.0,False,낙찰자선정,등록공고,N,
20220701,22년 군사경찰용오토바이(647cc),2022,육군군수사령부,물품(내자),차량·수송장비,False,15.0,False,낙찰자선정,등록공고,N,
20220629,(해군) 섬유로프조립체 등 3종 제조,2022,해군군수사령부,물품(내자),제조부품,True,0.0,True,유찰,등록공고,Y,
20220701,22년 해병 트랙터 제조,2022,해군군수사령부,물품(내자),차량·수송장비,True,0.0,True,유찰,등록공고,Y,
20220629,2022년 육군 항공수송용(A-22백) 조달,2022,육군군수사령부,물품(내자),운반·포장,True,0.0,True,유찰,재공고,Y,
20220630,탄력붕대 제조 납품,2022,육군군수사령부,물품(내자),의료장비,True,0.0,True,유찰,등록공고,Y,
20220630,22년 인플루엔자 백신,2022,육군군수사령부,물품(내자),기타(51),False,24.0,False,낙찰자선정,재공고,N,
20220704,22년 체크밸브류 35종 제조 조달,2022,해군군수사령부,물품(내자),배관·공조,False,4.0,False,낙찰자선정,등록공고,Y,
20220704,공군 밀폐고정형납축전지(UPS축전지) 구매,2022,공군군수사령부,물품(내자),발전·배전,False,573.0,False,낙찰자선정,등록공고,N,
20220708,컴퓨터레이저조각기 구매,2022,해군군수사령부,물품(내자),인쇄·영상,False,287.0,False,개찰완료,등록공고,N,
20220705,핸드팰릿트럭 구매,2022,육군군수사령부,물품(내자),운반·포장,False,222.0,False,낙찰자선정,등록공고,N,
20220704,알미늄 용접기 구매,2022,해군군수사령부,물품(내자),산업기계,False,,False,낙찰자선정,등록공고,N,
20220704,22년 버터플라이밸브 13종 조달,2022,해군군수사령부,물품(내자),배관·공조,False,17.0,False,낙찰자선정,등록공고,Y,
20220704,CO2 소화기 2종 조달,2022,해군군수사령부,물품(내자),국방·치안·보안,True,0.0,True,유찰,등록공고,Y,
20220705,22년 의무장비(응급흉부외상패드) 구매,2022,육군군수사령부,물품(내자),의료장비,False,70.0,False,낙찰자선정,등록공고,N,
20220704,분말소화기 7종 조달,2022,해군군수사령부,물품(내자),국방·치안·보안,False,2.0,False,낙찰자선정,등록공고,Y,
20220705,육군 자동차용납축전지(MF) 제조 납품,2022,육군군수사령부,물품(내자),발전·배전,True,0.0,True,유찰,등록공고,Y,
20220705,해군 UDT방한복 제조 납품,2022,해군군수사령부,물품(내자),피복·개인용품,False,7.0,False,낙찰자선정,등록공고,Y,
20220706,2022년 수통(물관5가론) 구매,2022,육군군수사령부,물품(내자),운반·포장,False,35.0,False,낙찰자선정,재공고,N,
20220706,심전도계(사단용) 구매,2022,육군군수사령부,물품(내자),의료장비,False,,False,낙찰자선정,등록공고,N,
20220707,2022년 육군 비닐장판 구매,2022,육군군수사령부,물품(내자),건축자재,False,56.0,False,낙찰자선정,재공고,N,
20220707,"플루오로메톨론점안액(0.1%, 5ML)",2022,육군군수사령부,물품(내자),기타(51),True,0.0,True,유찰,재공고,N,
20220707,2022년 인식표용 튜브 및 고무링 조달,2022,육군군수사령부,물품(내자),제조부품,True,0.0,True,유찰,재공고,Y,
20220708,해군 굴절소방차 제조,2022,해군군수사령부,물품(내자),차량·수송장비,True,0.0,True,유찰,등록공고,Y,
20220707,22년 음압형환자수용장비 구매,2022,국방부 국군의무사령부,물품(내자),의료장비,True,0.0,True,유찰,재공고,N,Y
20220707,탄력붕대 제조 납품,2022,육군군수사령부,물품(내자),의료장비,True,0.0,True,유찰,재공고,Y,
20220707,2022년 육군 항공수송용(A-22백) 조달,2022,육군군수사령부,물품(내자),운반·포장,False,4.0,False,낙찰자선정,등록공고,Y,
20220711,소형선반 구매,2022,해군군수사령부,물품(내자),산업기계,False,695.0,False,낙찰자선정,등록공고,N,
20220708,2022년 해군 전자해도전시체계 제조,2022,해군군수사령부,물품(내자),실험·측정기기,False,2.0,False,낙찰자선정,등록공고,Y,
20220708,(해군) 섬유로프조립체 등 3종 제조,2022,해군군수사령부,물품(내자),제조부품,False,3.0,False,낙찰자선정,재공고,Y,
20220712,해군 고소작업차 제조,2022,해군군수사령부,물품(내자),차량·수송장비,True,0.0,True,유찰,등록공고,Y,
20220711,"구명환, 구명구, 조끼형, 고정익항공기/해상초계기용",2022,해군군수사령부,물품(내자),국방·치안·보안,False,345.0,False,낙찰자선정,등록공고,N,
20220715,2022년 육군군수사령부 교판(장간조립교 목재류 5종) 조달,2022,육군군수사령부,물품(내자),건축자재,False,3.0,False,낙찰자선정,등록공고,Y,
20220712,00지역 네트워크 구축 사업,2022,국방부 국방전산정보원,물품(내자),정보통신,False,4.0,False,낙찰자선정,등록공고,N,Y
20220727,야전전기용접기 구매,2022,해군군수사령부,물품(내자),산업기계,False,944.0,False,낙찰자선정,등록공고,N,
20220713,22년도 군종도서(기독교) 제작,2022,국방부,물품(내자),출판물,False,12.0,False,낙찰자선정,등록공고,N,
20220712,육군 위성전화기(휴대용) 구매,2022,육군군수사령부,물품(내자),정보통신,False,44.0,False,낙찰자선정,재공고,N,
20220712,22년 해병 트랙터 제조,2022,해군군수사령부,물품(내자),차량·수송장비,True,0.0,True,유찰,재공고,Y,
20220713,육군 특전사 기능성방한복 제조 납품,2022,육군군수사령부,물품(내자),피복·개인용품,False,12.0,False,낙찰자선정,등록공고,Y,
20220713,해군 폭발물 처리장비 이송차량 제조,2022,해군군수사령부,물품(내자),차량·수송장비,False,8.0,False,낙찰자선정,등록공고,Y,
20220714,해병대 군용방한복(혹한복 및 수색대 방한복) 제조 납품,2022,해병대 군수단,물품(내자),피복·개인용품,False,14.0,False,낙찰자선정,등록공고,Y,
20220720,OO영상판독체계 노후교체 사업(리스 물건),2022,국군제9965부대,물품(내자),정보통신,True,0.0,True,유찰,등록공고,N,Y
20220721,공군 기동홍보차량 제조,2022,공군군수사령부,물품(내자),차량·수송장비,False,3.0,False,낙찰자선정,등록공고,Y,
20220713,CO2 소화기 2종 조달,2022,해군군수사령부,물품(내자),국방·치안·보안,True,0.0,True,유찰,재공고,Y,
20220727,플라스마 용접기 구매,2022,해군군수사령부,물품(내자),산업기계,False,,False,낙찰자선정,등록공고,N,
20220714,22년 공군 일반우의 제조,2022,공군군수사령부,물품(내자),국방·치안·보안,False,11.0,False,낙찰자선정,등록공고,Y,
20220714,육군 자동차용납축전지(MF) 제조 납품,2022,육군군수사령부,물품(내자),발전·배전,True,0.0,True,유찰,등록공고,Y,
20220714,22년 해군 일반우의 구매(제조),2022,해군군수사령부,물품(내자),국방·치안·보안,False,14.0,False,낙찰자선정,등록공고,Y,
20220825,22년 공군 스웨터 제조,2022,공군군수사령부,물품(내자),피복·개인용품,False,2.0,False,낙찰자선정,등록공고,Y,
20220714,2022년 인식표용 튜브 및 고무링 조달,2022,육군군수사령부,물품(내자),제조부품,True,0.0,True,유찰,재공고,Y,
20220719,위성통신장비 제조 설치,2022,해군군수사령부,물품(내자),정보통신,False,16.0,False,낙찰자선정,등록공고,Y,
20220715,육해공군 군용방한복(기능성 방한복) 제조 납품,2022,육군군수사령부,물품(내자),피복·개인용품,False,15.0,False,낙찰자선정,등록공고,Y,Y
20220719,육군 차륜형로더 제조 납품,2022,육군군수사령부,물품(내자),건설장비,True,0.0,True,유찰,등록공고,Y,
20220726,비금속 3차원 프린터 구매,2022,해군군수사령부,물품(내자),산업기계,True,0.0,True,유찰,재공고,N,
20220718,골판지상자(운송용상자 1형 등 7품목) 제조,2022,육군군수사령부,물품(내자),운반·포장,False,4.0,False,낙찰자선정,등록공고,Y,
20220715,2022년 노후 LAN 교체사업,2022,국방부 국군의무사령부,물품(내자),정보통신,True,0.0,True,유찰,재공고,N,Y
20220718,"탐지키트, 화학작용제용(휴대용화학탐지장비) 조달",2022,해군군수사령부,물품(내자),국방·치안·보안,False,275.0,False,낙찰자선정,등록공고,N,
20220720,(육군)22년윤형철조망제조,2022,육군군수사령부,물품(내자),제조부품,True,0.0,True,유찰,등록공고,Y,
20220719,2022년 해군 포제휘장류 제조,2022,해군군수사령부,물품(내자),피복·개인용품,False,15.0,False,낙찰자선정,등록공고,Y,
20220721,22년 해군 마이크로필름 장비(수세기 등),2022,해군군수사령부,물품(내자),인쇄·영상,False,354.0,False,낙찰자선정,등록공고,N,
20220719,"Y자형 결합금속구, 소화호스용 조달",2022,해군군수사령부,물품(내자),국방·치안·보안,False,2.0,False,낙찰자선정,등록공고,Y,
20220719,2022년 육군군수사령부 동력절단기(휴대용 가솔린엔진식 원형톱) 조달,2022,육군군수사령부,물품(내자),공구,False,,False,낙찰자선정,등록공고,N,
20220719,육군 궤도형굴착기(중형) 제조 납품,2022,육군군수사령부,물품(내자),건설장비,True,0.0,True,유찰,등록공고,Y,
20220727,해군22년무선철기구매,2022,해군군수사령부,물품(내자),인쇄·영상,False,878.0,False,낙찰자선정,등록공고,N,
20220722,육군 벌목견인용갈고리 구매,2022,육군군수사령부,물품(내자),농업기계,False,525.0,False,낙찰자선정,등록공고,N,
20220727,22년 해군 폴리에틸렌 로프 구매,2022,해군군수사령부,물품(내자),제조부품,False,3.0,False,낙찰자선정,등록공고,Y,
20220726,내시경 이비인후과용 구매,2022,육군군수사령부,물품(내자),의료장비,False,78.0,False,낙찰자선정,등록공고,N,
20220729,2022년 인터컴 세트 제조·설치,2022,공군군수사령부,물품(내자),인쇄·영상,False,237.0,False,낙찰자선정,변경공고,Y,
20220725,해군 고소작업차 제조,2022,해군군수사령부,물품(내자),차량·수송장비,True,0.0,True,유찰,재공고,Y,
20220725,해군 굴절소방차 제조,2022,해군군수사령부,물품(내자),차량·수송장비,True,0.0,True,유찰,재공고,Y,
20220725,육군 자동차용납축전지(MF) 제조 납품,2022,육군군수사령부,물품(내자),발전·배전,True,0.0,True,유찰,재공고,Y,
20220725,공군 유조형급수차 제조,2022,공군군수사령부,물품(내자),차량·수송장비,False,6.0,False,낙찰자선정,등록공고,Y,
20220725,육군 자동차용납축전지 구매,2022,육군군수사령부,물품(내자),발전·배전,False,64.0,False,낙찰자선정,재공고,N,
20220725,22년 음압형환자수용장비 구매,2022,국방부 국군의무사령부,물품(내자),의료장비,False,2.0,False,낙찰자선정,재공고,N,Y
20220727,22년 앵글밸브 10종 조달,2022,해군군수사령부,물품(내자),배관·공조,False,,False,낙찰자선정,등록공고,N,
20220726,22년 공군 유류작업복 제조,2022,공군군수사령부,물품(내자),피복·개인용품,False,18.0,False,낙찰자선정,등록공고,Y,
20220726,"22~23년 공군 정비복(동, 하) 제조",2022,공군군수사령부,물품(내자),피복·개인용품,False,17.0,False,낙찰자선정,등록공고,Y,
20220726,22년 공군 반코트 제조,2022,공군군수사령부,물품(내자),피복·개인용품,False,21.0,False,낙찰자선정,등록공고,Y,
20220802,대테러복(해병대) 제조납품,2022,해병대 군수단,물품(내자),피복·개인용품,False,12.0,False,낙찰자선정,등록공고,Y,
20220727,22년 글로브밸브 조달,2022,해군군수사령부,물품(내자),배관·공조,False,,False,낙찰자선정,등록공고,N,
20220726,수중시계(일반잠수용) 구매,2022,해군군수사령부,물품(내자),기타(54),False,,False,낙찰자선정,등록공고,N,
20220727,22년 볼밸브류 10종 조달,2022,해군군수사령부,물품(내자),배관·공조,False,,False,낙찰자선정,등록공고,N,
20220726,안전헬멧 구매,2022,해군군수사령부,물품(내자),국방·치안·보안,False,526.0,False,낙찰자선정,등록공고,N,
20220726,이비인후과유니트 구매,2022,육군군수사령부,물품(내자),의료장비,False,78.0,False,낙찰자선정,등록공고,N,
20220727,게이트밸브류 15종,2022,해군군수사령부,물품(내자),배관·공조,False,,False,낙찰자선정,등록공고,N,
20220803,군용 버클 제조 납품,2022,공군군수사령부,물품(내자),피복·개인용품,False,7.0,False,낙찰자선정,등록공고,Y,
20220727,22년 해수감압변 3종,2022,해군군수사령부,물품(내자),배관·공조,False,,False,낙찰자선정,등록공고,N,
20220727,"22년 귀덮개 제조(육군,공군)",2022,육군군수사령부,물품(내자),피복·개인용품,False,28.0,False,낙찰자선정,등록공고,Y,
20220728,22년 육군 비행사용 셔츠 및 바지 제조,2022,육군군수사령부,물품(내자),피복·개인용품,False,11.0,False,낙찰자선정,등록공고,Y,
20220728,22년 육군 비행복(통작업복) 제조,2022,육군군수사령부,물품(내자),피복·개인용품,False,10.0,False,낙찰자선정,등록공고,Y,
20220727,자동선반 구매,2022,해군군수사령부,물품(내자),산업기계,False,244.0,False,낙찰자선정,등록공고,N,
20220727,2022년 화상회의체계 노후 교체사업,2022,국방부 국군의무사령부,물품(내자),인쇄·영상,False,2.0,False,낙찰자선정,등록공고,N,Y
20220727,수직천공기 제조 납품,2022,해군군수사령부,물품(내자),산업기계,True,0.0,True,유찰,등록공고,Y,
20220727,육군 차륜형로더 제조 납품,2022,육군군수사령부,물품(내자),건설장비,True,0.0,True,유찰,재공고,Y,
20220727,육군 궤도형굴착기(중형) 제조 납품,2022,육군군수사령부,물품(내자),건설장비,True,0.0,True,유찰,재공고,Y,
20220728,22년 소형튀김기 조달,2022,육군군수사령부,물품(내자),서비스산업장비,False,3.0,False,낙찰자선정,등록공고,Y,
20220728,육군 차륜형굴착기(중형) 제조 납품,2022,육군군수사령부,물품(내자),건설장비,True,0.0,True,유찰,등록공고,Y,
20220728,CO2 소화기 2종 조달,2022,해군군수사령부,물품(내자),국방·치안·보안,True,2.0,False,유찰,등록공고,Y,
20220728,"전동지게차 4000파운드, 6000파운드 제조 납품",2022,육군군수사령부,물품(내자),운반·포장,True,0.0,True,유찰,등록공고,Y,
20220728,지게차 11000파운드 제조 납품,2022,육군군수사령부,물품(내자),운반·포장,True,0.0,True,유찰,등록공고,Y,
20220728,아세트아미노펜 구매,2022,육군군수사령부,물품(내자),기타(51),False,75.0,False,낙찰자선정,등록공고,N,
20220729,22년(해군)섬유로프조립체 단일구간용(로프스토퍼) 제조구매,2022,해군군수사령부,물품(내자),제조부품,False,2.0,False,낙찰자선정,등록공고,Y,
20220801,2022년 해군 도료용 희석제 등 4종 조달(제조),2022,해군군수사령부,물품(내자),제조부품,False,12.0,False,낙찰자선정,등록공고,,
20220804,22년 육군 산악로프(나일론 50m) 제조,2022,육군군수사령부,물품(내자),제조부품,True,0.0,True,유찰,등록공고,Y,
20220729,2022년 정보자원 교체 및 개선사업,2022,방위사업청,물품(내자),정보통신,True,0.0,True,유찰,등록공고,N,Y
20220802,2022년 육군 늄침대 제조,2022,육군군수사령부,물품(내자),스포츠·레저,True,0.0,True,유찰,등록공고,Y,
20220802,2022년 육군군수사령부 심폐소생술훈련마네킹(스마트심폐소생술시뮬레이터) 조달,2022,육군군수사령부,물품(내자),악기·교재,False,,False,낙찰자선정,등록공고,N,
20220804,저출력심장충격기(심장세동제거기)  구매,2022,육군군수사령부,물품(내자),의료장비,False,,False,낙찰자선정,등록공고,N,
20220802,히클산독시시클린캡슐,2022,육군군수사령부,물품(내자),기타(51),True,0.0,True,유찰,등록공고,N,
20220802,해군 직진식카고크레인 제조,2022,해군군수사령부,물품(내자),차량·수송장비,True,0.0,True,유찰,등록공고,Y,
20220803,2022년 해군 온열조끼 구매,2022,해군군수사령부,물품(내자),피복·개인용품,False,,False,낙찰자선정,등록공고,N,
20220803,8자 하강기 및 안전고리(스냅훅) 구매,2022,육군군수사령부,물품(내자),국방·치안·보안,True,0.0,True,유찰,등록공고,Y,
20220803,육군 맵핑용 드론 제조,2022,육군군수사령부,물품(내자),차량·수송장비,True,2.0,False,유찰,등록공고,Y,
20220803,"디젤발전기(이동식 15KW, 30KW) 제조 납품",2022,공군군수사령부,물품(내자),발전·배전,False,9.0,False,낙찰자선정,등록공고,Y,
20220823,"(육군, 공군)22년 식관 제조",2022,육군군수사령부,물품(내자),가정용품,True,0.0,True,유찰,등록공고,Y,
20220808,2022년 해군 아크릴우레탄 헤지 등 2종 조달(제조),2022,해군군수사령부,물품(내자),제조부품,False,4.0,False,낙찰자선정,등록공고,Y,
20220805,가솔린 발전기 1.5KW 제조 납품,2022,육군군수사령부,물품(내자),발전·배전,False,4.0,False,낙찰자선정,등록공고,Y,
20220804,육공군 위장포 제조 납품,2022,육군군수사령부,물품(내자),스포츠·레저,False,8.0,False,낙찰자선정,등록공고,Y,
20220808,육군 특전사 다용도침낭 제조,2022,육군군수사령부,물품(내자),스포츠·레저,False,15.0,False,낙찰자선정,등록공고,Y,
20220804,"플루오로메톨론점안액(0.1%, 5ML) 구매",2022,육군군수사령부,물품(내자),기타(51),False,7.0,False,낙찰자선정,등록공고,N,
20220805,수직천공기 제조 납품,2022,해군군수사령부,물품(내자),산업기계,True,0.0,True,유찰,재공고,Y,
20220805,지게차 11000파운드 제조 납품,2022,육군군수사령부,물품(내자),운반·포장,True,0.0,True,유찰,재공고,Y,
20220805,"전동지게차 4000파운드, 6000파운드 제조 납품",2022,육군군수사령부,물품(내자),운반·포장,True,0.0,True,유찰,재공고,Y,
20220808,22년 해군 야전앰프 제조,2022,해군군수사령부,물품(내자),가정용품,False,11.0,False,낙찰자선정,등록공고,Y,
20220808,해군 UDT방한복 제조 납품,2022,해군군수사령부,물품(내자),피복·개인용품,False,6.0,False,낙찰자선정,재공고,Y,
20220808,심장세동제거기 검사기 구매(육군),2022,육군군수사령부,물품(내자),실험·측정기기,False,381.0,False,낙찰자선정,등록공고,N,
20220809,저압공기압축기 제조 조달,2022,해군군수사령부,물품(내자),배관·공조,False,3.0,False,낙찰자선정,등록공고,Y,
20220811,의료영상저장전송시스템(PACS) 구매 설치(공군),2022,공군군수사령부,물품(내자),의료장비,False,2.0,False,낙찰자선정,등록공고,N,Y
20220809,해병대 공기압축기 2종 제조 조달,2022,해군군수사령부,물품(내자),배관·공조,False,7.0,False,낙찰자선정,등록공고,Y,
20220817,군용 수통 제조,2022,육군군수사령부,물품(내자),스포츠·레저,False,2.0,False,낙찰자선정,등록공고,Y,
20220816,2022년 해군 홋줄보호대 2종 조달,2022,해군군수사령부,물품(내자),운반·포장,False,3.0,False,낙찰자선정,등록공고,Y,
20220810,2022년 공군 철제휘장류 제조,2022,공군군수사령부,물품(내자),피복·개인용품,False,16.0,False,낙찰자선정,등록공고,Y,
20220830,세균검출장비(육군),2022,육군군수사령부,물품(내자),실험·측정기기,False,86.0,False,낙찰자선정,등록공고,N,
20220810,22년 군종문고 12종 구매,2022,국방부,물품(내자),출판물,False,,False,개찰완료,등록공고,N,
20220809,육군 차륜형굴착기(중형) 제조 납품,2022,육군군수사령부,물품(내자),건설장비,True,0.0,True,유찰,재공고,Y,
20220913,디젤발전기 30KW 제조 납품,2022,육군군수사령부,물품(내자),발전·배전,False,5.0,False,낙찰자선정,등록공고,Y,
20220811,지게차 22000파운드 제조 납품,2022,육군군수사령부,물품(내자),운반·포장,False,2.0,False,낙찰자선정,등록공고,Y,
20220812,(재공고)2022년 육군 늄침대 제조,2022,육군군수사령부,물품(내자),스포츠·레저,False,2.0,False,낙찰자선정,재공고,Y,
20220921,22년 육군 근무복잠바(체촌) 제조,2022,육군군수사령부,물품(내자),피복·개인용품,False,12.0,False,낙찰자선정,등록공고,Y,
20220811,"지게차 3톤, 9톤 구매",2022,해군군수사령부,물품(내자),운반·포장,False,107.0,False,낙찰자선정,등록공고,N,
20220811,"지게차 3톤, 5톤 제조 납품",2022,해군군수사령부,물품(내자),운반·포장,True,0.0,True,유찰,등록공고,Y,
20220816,22년 공군 비행장갑 제조,2022,공군군수사령부,물품(내자),피복·개인용품,False,7.0,False,낙찰자선정,등록공고,Y,
20220811,지게차 10톤 구매,2022,해군군수사령부,물품(내자),운반·포장,False,66.0,False,낙찰자선정,등록공고,N,
20220811,해군 공기압축기(250CFM) 제조 조달,2022,해군군수사령부,물품(내자),배관·공조,False,5.0,False,낙찰자선정,등록공고,Y,
20220811,2022년 해군군수사령부 선박용 스크레이퍼 조달,2022,해군군수사령부,물품(내자),공구,False,366.0,False,낙찰자선정,등록공고,N,
20220901,고압증기멸균기(소형) 제조 납품,2022,육군군수사령부,물품(내자),의료장비,False,4.0,False,낙찰자선정,등록공고,Y,
20220913,디젤발전기 60KW 등 3종 제조 납품,2022,육군군수사령부,물품(내자),발전·배전,False,5.0,False,낙찰자선정,등록공고,Y,
20220817,2022년 해군군수사령부 방부제(디젤연료용) 조달 의뢰,2022,해군군수사령부,물품(내자),화학·화공,False,391.0,False,낙찰자선정,등록공고,N,
20220816,지게차 55000파운드 제조 납품,2022,육군군수사령부,물품(내자),운반·포장,False,2.0,False,낙찰자선정,등록공고,Y,
20220819,2022년 육군제2879부대 페인트 박리제 구매,2022,육군종합정비창,물품(내자),화학·화공,False,2.0,False,낙찰자선정,등록공고,Y,
20220817,공군 22년 미용티슈 제조구매,2022,공군군수사령부,물품(내자),종이류,False,4.0,False,낙찰자선정,등록공고,Y,
20220817,컴퓨터레이저조각기 구매,2022,해군군수사령부,물품(내자),인쇄·영상,False,247.0,False,낙찰자선정,등록공고,N,
20220824,22년 사병외투 및 내피 제조,2022,해군군수사령부,물품(내자),피복·개인용품,False,18.0,False,낙찰자선정,등록공고,Y,
20220817,22~23년 해군 하계T셔츠 제조,2022,해군군수사령부,물품(내자),피복·개인용품,False,30.0,False,낙찰자선정,등록공고,Y,
20220822,2022년 공군 늄침대 제조,2022,공군군수사령부,물품(내자),스포츠·레저,True,0.0,True,유찰,등록공고,Y,
20220817,22년 공군 비행잠바 제조,2022,공군군수사령부,물품(내자),피복·개인용품,False,18.0,False,낙찰자선정,등록공고,Y,
20220817,2022년 해군 테이프 1종 구매,2022,해군군수사령부,물품(내자),제조부품,False,,False,낙찰자선정,등록공고,N,
20220831,22년 K-5 방독면용 저시력자 안경테 제조,2022,육군군수사령부,물품(내자),의료장비,False,5.0,False,낙찰자선정,등록공고,Y,
20220817,22년 군용 반합 제조,2022,육군군수사령부,물품(내자),스포츠·레저,True,0.0,True,유찰,등록공고,Y,
20220817,히클산독시시클린캡슐,2022,육군군수사령부,물품(내자),기타(51),True,0.0,True,유찰,재공고,N,
20220817,8자 하강기 및 안전고리(스냅훅) 구매,2022,육군군수사령부,물품(내자),국방·치안·보안,True,0.0,True,유찰,등록공고,Y,
20220818,비금속 3D프린터 구매,2022,해군군수사령부,물품(내자),산업기계,False,2.0,False,낙찰자선정,등록공고,N,
20220818,22년 육군 산악로프(나일론 50m) 제조,2022,육군군수사령부,물품(내자),제조부품,True,0.0,True,유찰,재공고,Y,
20220822,망간건전지 4FM 구매,2022,육군군수사령부,물품(내자),발전·배전,False,218.0,False,낙찰자선정,등록공고,N,
20220818,22년 위협관리체계(TMS) 구매,2022,4284부대,물품(내자),정보통신,False,251.0,False,낙찰자선정,등록공고,,
20220819,해군 폭발물 처리용 상용지프 제조,2022,해군군수사령부,물품(내자),차량·수송장비,True,0.0,True,유찰,등록공고,Y,
20220819,식기보관함(200명분) 제조 조달,2022,육군군수사령부,물품(내자),서비스산업장비,True,0.0,True,유찰,등록공고,Y,
20220819,취사기구소독보관함 2종 경쟁 조달,2022,육군군수사령부,물품(내자),서비스산업장비,False,4.0,False,낙찰자선정,등록공고,Y,
20220819,"지게차 3톤, 5톤 제조 납품",2022,해군군수사령부,물품(내자),운반·포장,True,0.0,True,유찰,재공고,Y,
20220819,해군 직진식카고크레인 제조,2022,해군군수사령부,물품(내자),차량·수송장비,True,0.0,True,유찰,재공고,Y,
20220822,"육군 야영용텐트(개인용특수천막, 특전사용) 제조 납품",2022,육군군수사령부,물품(내자),스포츠·레저,False,6.0,False,낙찰자선정,등록공고,Y,
20220822,"리튬전지(AA형, CR123A) 제조 납품",2022,육군군수사령부,물품(내자),발전·배전,True,0.0,True,유찰,등록공고,Y,
20220823,22년 육군 윤형철조망 제조,2022,육군군수사령부,물품(내자),제조부품,True,0.0,True,유찰,등록공고,Y,
20220822,알카라인전지 5종 제조 납품,2022,육군군수사령부,물품(내자),발전·배전,True,0.0,True,유찰,등록공고,Y,
20220822,22년 공군 학군단복(체촌),2022,공군군수사령부,물품(내자),피복·개인용품,False,4.0,False,낙찰자선정,등록공고,Y,
20220901,알카라인전지 2종 구매,2022,해군군수사령부,물품(내자),발전·배전,False,,False,낙찰자선정,등록공고,N,
20220823,"2022년 해군, 공군, 해병대 철제계급장류 제조",2022,해군군수사령부,물품(내자),출판물,False,19.0,False,낙찰자선정,등록공고,Y,
20220822,저압공기압축기 제조 조달,2022,해군군수사령부,물품(내자),배관·공조,True,0.0,True,유찰,재공고,Y,
20220823,육군 자동차용납축전지(MF) 제조 납품,2022,육군군수사령부,물품(내자),발전·배전,True,2.0,False,유찰,등록공고,Y,
20220823,"식기소독보관함 2종(분대용,소대용) 제조 조달",2022,육군군수사령부,물품(내자),서비스산업장비,False,4.0,False,낙찰자선정,등록공고,Y,
20220825,22년 VoIP 교체사업[리스 물건] 계약,2022,국군제9965부대,물품(내자),정보통신,False,2.0,False,낙찰자선정,등록공고,N,Y
20220829,22년 해군 세탁용 액상세제 제조,2022,해군군수사령부,물품(내자),청소장비,False,16.0,False,낙찰자선정,등록공고,Y,
20220831,평면연마기 구매,2022,해군군수사령부,물품(내자),산업기계,False,4.0,False,낙찰자선정,등록공고,N,
20220824,22년 공군 개선 비행가죽잠바(측신) 제조,2022,공군군수사령부,물품(내자),피복·개인용품,False,9.0,False,낙찰자선정,등록공고,Y,
20220824,해군 진동식롤러 구매,2022,해군군수사령부,물품(내자),건설장비,False,116.0,False,낙찰자선정,등록공고,N,
20220824,육해군 야영용텐트(개인전투용천막) 제조 납품,2022,육군군수사령부,물품(내자),스포츠·레저,False,18.0,False,낙찰자선정,등록공고,,
20220824,육해군해병대 야영용텐트(분대용천막) 제조 납품,2022,육군군수사령부,물품(내자),스포츠·레저,False,10.0,False,낙찰자선정,등록공고,,
20220825,티그용접기 구매,2022,해군군수사령부,물품(내자),산업기계,False,,False,낙찰자선정,등록공고,N,
20220830,22년 해군 이동급식차 제조,2022,해군군수사령부,물품(내자),차량·수송장비,False,5.0,False,낙찰자선정,등록공고,Y,
20220825,실크인쇄기 구매,2022,해군군수사령부,물품(내자),인쇄·영상,False,182.0,False,낙찰자선정,등록공고,N,
20220825,2022 국방백서 디자인 및 제작 용역,2022,국방부,물품(내자),출판물,False,5.0,False,낙찰자선정,등록공고,Y,
20220825,22년 공군 비행복 5종 제조,2022,공군군수사령부,물품(내자),피복·개인용품,False,6.0,False,낙찰자선정,등록공고,Y,
20220914,"8톤, 10톤 지게차",2022,방위사업청,물품(내자),운반·포장,True,0.0,True,유찰,등록공고,Y,
20220826,8자 하강기 및 안전고리(스냅훅) 구매,2022,육군군수사령부,물품(내자),국방·치안·보안,True,0.0,True,유찰,재공고,Y,
20220908,22년 플러그인장치 (신호발생기) 구매,2022,해군군수사령부,물품(내자),실험·측정기기,False,311.0,False,낙찰자선정,등록공고,N,
20220919,22년 공기샘플러 구매(육군),2022,육군군수사령부,물품(내자),실험·측정기기,False,,False,낙찰자선정,등록공고,N,
20220927,22년 광학기구용 현미경 구매(국군),2022,국군의학연구소,물품(내자),실험·측정기기,False,162.0,False,낙찰자선정,등록공고,N,
20220830,22년플라즈마질량분석기구매(육군),2022,육군군수사령부,물품(내자),실험·측정기기,False,213.0,False,낙찰자선정,등록공고,N,
20220926,이온크로마토그래피,2022,육군군수사령부,물품(내자),실험·측정기기,False,291.0,False,낙찰자선정,등록공고,N,
20220927,"육군 전자저울 150kg, 30kg 구매",2022,육군군수사령부,물품(내자),실험·측정기기,False,,False,낙찰자선정,등록공고,N,
20220831,22년 육군 학군단복 제조(체촌),2022,육군군수사령부,물품(내자),피복·개인용품,False,17.0,False,낙찰자선정,등록공고,Y,
20220831,2022년 해군 이동용케이스 구매,2022,해군군수사령부,물품(내자),스포츠·레저,False,,False,낙찰자선정,등록공고,N,
20220831,2022년 해군 조절기백 구매,2022,해군군수사령부,물품(내자),스포츠·레저,False,,False,낙찰자선정,등록공고,N,
20220831,2022년 해군 방화장갑(증기차단장갑) 구매,2022,해군군수사령부,물품(내자),국방·치안·보안,False,,False,낙찰자선정,등록공고,N,
20220829,"지게차 3톤, 5톤 구매",2022,해군군수사령부,물품(내자),운반·포장,False,72.0,False,낙찰자선정,등록공고,N,
20220829,22년 군종문고 12종 구매,2022,국방부,물품(내자),출판물,False,,False,낙찰자선정,등록공고,N,
20220926,00 브리핑시스템 노후교체 2차 사업,2022,국방부 국군지휘통신사령부,물품(내자),정보통신,False,6.0,False,낙찰자선정,변경공고,N,Y
20220829,군용 수통 제조,2022,육군군수사령부,물품(내자),스포츠·레저,True,2.0,False,유찰,재공고,Y,
20220829,이부프로펜정 400mg 500정,2022,육군군수사령부,물품(내자),기타(51),True,0.0,True,유찰,등록공고,N,
20220829,아세트아미노펜 650mg 서방정 500정,2022,육군군수사령부,물품(내자),기타(51),True,0.0,True,유찰,등록공고,N,
20220830,2022년 육군 플라스틱팰릿(표준팔레트) 조달(제조-중기간),2022,육군군수사령부,물품(내자),운반·포장,False,8.0,False,낙찰자선정,등록공고,Y,
20220921,군용 난연안면마스크(두건) 제조 납품,2022,육군군수사령부,물품(내자),국방·치안·보안,False,9.0,False,낙찰자선정,등록공고,Y,
20220905,2022년 공군 냉장고(92L~93L) 조달,2022,공군군수사령부,물품(내자),운반·포장,False,281.0,False,개찰완료,등록공고,N,
20220901,"팩, 한방 카티를라스마(황백연조엑스파스6매, 밀착포포함:한방파스)",2022,육군군수사령부,물품(내자),기타(51),False,7.0,False,낙찰자선정,등록공고,N,
20220901,아세클로페낙 100mg 500정,2022,육군군수사령부,물품(내자),기타(51),False,7.0,False,낙찰자선정,등록공고,N,
20220901,케토프로펜 린트형 펙 6S 30mg,2022,육군군수사령부,물품(내자),기타(51),False,12.0,False,낙찰자선정,등록공고,N,
20220831,22년 육군 비행점퍼 2종 제조,2022,육군군수사령부,물품(내자),피복·개인용품,False,11.0,False,낙찰자선정,등록공고,Y,
20220831,식기보관함(200명분) 제조 조달,2022,육군군수사령부,물품(내자),서비스산업장비,True,0.0,True,유찰,재공고,Y,
20220831,수술등(천정식) 구매,2022,국군대전병원,물품(내자),의료장비,False,107.0,False,낙찰자선정,등록공고,N,
20220901,2022년 해군 아크릴박판 3품목 구매(제조),2022,해군군수사령부,물품(내자),건축자재,True,0.0,True,유찰,등록공고,Y,
20220901,감시장비영상개선장비,2022,해군군수사령부,물품(내자),국방·치안·보안,False,311.0,False,낙찰자선정,등록공고,N,
20220831,해군 폭발물 처리용 상용지프 제조,2022,해군군수사령부,물품(내자),차량·수송장비,False,3.0,False,낙찰자선정,재공고,Y,
20220901,"리튬전지(AA형, CR123A) 구매",2022,육군군수사령부,물품(내자),발전·배전,False,946.0,False,낙찰자선정,등록공고,N,
20220901,22조달 의무장비(자기공명촬영기 MRI 고급형) 긴급 재공고,2022,국군수도병원,물품(내자),의료장비,True,0.0,True,유찰,재공고,N,Y
20220901,알카라인전지 5종 구매,2022,육군군수사령부,물품(내자),발전·배전,False,,False,낙찰자선정,등록공고,N,
20220908,작전통신망 녹음장비 제조 설치,2022,해군군수사령부,물품(내자),정보통신,False,6.0,False,낙찰자선정,등록공고,Y,
20220906,"(육군, 공군)22년 식관 제조",2022,육군군수사령부,물품(내자),가정용품,True,0.0,True,유찰,재공고,Y,
20220906,22년 육군 윤형철조망 제조,2022,육군군수사령부,물품(내자),제조부품,True,0.0,True,유찰,재공고,Y,
20220907,해군 무선통신장치(조난자무선식별장치) 제조 납품,2022,해군군수사령부,물품(내자),정보통신,False,18.0,False,낙찰자선정,등록공고,Y,
20220907,가솔린 발전기 1.5KW 제조 납품,2022,육군군수사령부,물품(내자),발전·배전,False,3.0,False,낙찰자선정,재공고,Y,
20220907,22년 일반부동액 제조,2022,육군군수사령부,물품(내자),차량·수송장비,False,4.0,False,낙찰자선정,등록공고,Y,
20220908,수술용장갑 등 2품목 구매,2022,육군군수사령부,물품(내자),의료장비,False,,False,낙찰자선정,등록공고,N,
20220919,22년 해군 농업용트랙터 제조 (제초기 포함),2022,해군군수사령부,물품(내자),차량·수송장비,True,0.0,True,유찰,등록공고,Y,
20220908,폴리우레탄드레싱폼 구매,2022,육군군수사령부,물품(내자),의료장비,False,,False,낙찰자선정,등록공고,N,
20220907,22년 해군 터틀넥 스웨터 제조,2022,해군군수사령부,물품(내자),피복·개인용품,False,5.0,False,낙찰자선정,등록공고,Y,
20220913,2022년 해군 냉장고(100L~200L) 조달,2022,해군군수사령부,물품(내자),운반·포장,False,239.0,False,낙찰자선정,등록공고,N,
20220913,2022년 육군 플라스틱골판지(피피상자) 추가 조달(제조),2022,육군군수사령부,물품(내자),운반·포장,False,4.0,False,낙찰자선정,등록공고,Y,
20220908,육공군 위장포 제조 납품,2022,육군군수사령부,물품(내자),스포츠·레저,False,2.0,False,낙찰자선정,재공고,Y,
20220916,15인승 고속단정 제조(2척),2022,국군제9965부대,물품(내자),차량·수송장비,False,4.0,False,낙찰자선정,등록공고,Y,Y
20220913,2022년 육군군수사령부 오염제거용 펌프장치(이동식인체제독셋) 조달,2022,육군군수사령부,물품(내자),국방·치안·보안,False,2.0,False,낙찰자선정,등록공고,Y,
20220914,해군 대테러현장지휘차 제조,2022,해군군수사령부,물품(내자),차량·수송장비,False,4.0,False,낙찰자선정,등록공고,Y,
20220916,2022년 육군 철제휘장류 제조,2022,육군군수사령부,물품(내자),피복·개인용품,False,22.0,False,낙찰자선정,등록공고,Y,Y
20220914,2022년 해군 세탁망 조달(제조),2022,해군군수사령부,물품(내자),운반·포장,False,6.0,False,낙찰자선정,등록공고,Y,
20220914,육군 궤도형굴착기(소형) 제조 납품,2022,육군군수사령부,물품(내자),건설장비,False,2.0,False,낙찰자선정,등록공고,Y,
20220915,22년 사무용 데스크톱컴퓨터 도입사업,2022,국방부 국방전산정보원,물품(내자),정보통신,False,3.0,False,낙찰자선정,등록공고,Y,Y
20220930,해군 22년 천연방충탈취제 조달,2022,해군군수사령부,물품(내자),청소장비,True,0.0,True,유찰,등록공고,Y,
20220929,디젤발전기 60KW 제조 납품,2022,공군군수사령부,물품(내자),발전·배전,False,7.0,False,낙찰자선정,변경공고,Y,
20220914,"차전자 차전자피 센나열매 과립(8g, 100p) 구매",2022,육군군수사령부,물품(내자),기타(51),False,9.0,False,낙찰자선정,등록공고,N,
20220914,푸시딘산연고 구매,2022,육군군수사령부,물품(내자),기타(51),False,9.0,False,낙찰자선정,등록공고,N,
20220929,디젤발전기 150KW 제조 납품,2022,공군군수사령부,물품(내자),발전·배전,False,6.0,False,낙찰자선정,변경공고,Y,
20220914,아세트아미노펜 650mg 서방정 500정,2022,육군군수사령부,물품(내자),기타(51),True,0.0,True,유찰,재공고,N,
20220914,이부프로펜정 400mg 500정,2022,육군군수사령부,물품(내자),기타(51),True,0.0,True,유찰,재공고,N,
20220915,22년 공군 취사복 및 물류복 제조,2022,공군군수사령부,물품(내자),피복·개인용품,False,6.0,False,낙찰자선정,등록공고,Y,
20220929,디젤발전기 30KW 제조 납품,2022,공군군수사령부,물품(내자),발전·배전,False,7.0,False,낙찰자선정,변경공고,Y,
20220920,"공군 22년 화장실용화장지(2겹,70m) 제조",2022,공군군수사령부,물품(내자),종이류,True,0.0,True,유찰,등록공고,Y,
20220929,디젤발전기 100KW 제조 납품,2022,공군군수사령부,물품(내자),발전·배전,False,6.0,False,낙찰자선정,변경공고,Y,
20220915,(재공고)2022년 공군 늄침대 제조,2022,공군군수사령부,물품(내자),스포츠·레저,True,0.0,True,유찰,재공고,Y,
20220929,디젤발전기 200KW 제조 납품,2022,공군군수사령부,물품(내자),발전·배전,False,6.0,False,낙찰자선정,변경공고,Y,
20220916,금고(내화비밀보관함) 조달,2022,해군군수사령부,물품(내자),국방·치안·보안,True,0.0,True,유찰,등록공고,Y,
20220929,디젤발전기 300KW 제조 납품,2022,공군군수사령부,물품(내자),발전·배전,False,6.0,False,낙찰자선정,변경공고,Y,
20220915,22년 3사 생도피복 제조(체촌),2022,육군군수사령부,물품(내자),피복·개인용품,False,14.0,False,낙찰자선정,등록공고,Y,
20220915,"지게차 3톤, 5톤 구매",2022,해군군수사령부,물품(내자),운반·포장,False,24.0,False,낙찰자선정,재공고,N,
20220915,(재공고) 2022년 해군 아크릴박판 3품목 구매(제조),2022,해군군수사령부,물품(내자),건축자재,True,0.0,True,유찰,재공고,Y,
20220915,22년 해군 및 해병 항공피복 제조,2022,해군군수사령부,물품(내자),피복·개인용품,False,6.0,False,낙찰자선정,등록공고,,
20220919,2022년 해군군수사령부 살균제(락스) 제조 입찰,2022,해군군수사령부,물품(내자),화학·화공,False,4.0,False,낙찰자선정,등록공고,Y,
20220916,2022년 육군 여군단화류 제조,2022,육군군수사령부,물품(내자),피복·개인용품,False,5.0,False,낙찰자선정,등록공고,Y,
20220927,2022년 육군 냉동고(300리터 이상) 조달,2022,육군군수사령부,물품(내자),운반·포장,False,528.0,False,낙찰자선정,등록공고,N,
20220919,육군 궤도형굴착기(중형) 제조 납품,2022,육군군수사령부,물품(내자),건설장비,True,0.0,True,유찰,등록공고,Y,
20220919,22년 초음파검사기 구매 (육군),2022,육군군수사령부,물품(내자),실험·측정기기,False,601.0,False,낙찰자선정,등록공고,N,
20220919,국군대전병원 내자품목 - 자동분석기생화학용 대형,2022,국군대전병원,물품(내자),실험·측정기기,False,,False,낙찰자선정,등록공고,N,
20220919,선반 취사장용 제조 조달,2022,육군군수사령부,물품(내자),서비스산업장비,False,14.0,False,낙찰자선정,등록공고,Y,
20220919,작업대 취사장용 제조 조달,2022,육군군수사령부,물품(내자),서비스산업장비,False,12.0,False,낙찰자선정,등록공고,Y,
20220919,2022년 육군 헌병완장류 제조,2022,육군군수사령부,물품(내자),출판물,False,9.0,False,낙찰자선정,등록공고,Y,Y
20220920,2022년 육군군수사령부 강철대 구매 조달,2022,육군군수사령부,물품(내자),운반·포장,False,,False,낙찰자선정,등록공고,N,
20220921,"권총집 및 탄입대 제조(해군,공군,해병대)",2022,해군군수사령부,물품(내자),국방·치안·보안,False,5.0,False,낙찰자선정,등록공고,Y,
20220921,22년 해병 정복근무복 제조(체촌),2022,해병대 군수단,물품(내자),피복·개인용품,False,16.0,False,낙찰자선정,등록공고,,
20220921,육공군 위장포 제조 납품,2022,육군군수사령부,물품(내자),스포츠·레저,True,0.0,True,유찰,재공고,Y,
20220922,하알루론산나트륨점안액 구매,2022,육군군수사령부,물품(내자),기타(51),False,70.0,False,낙찰자선정,등록공고,N,
20220921,2022년 육군(특전사) 포제휘장류 제조,2022,육군군수사령부,물품(내자),피복·개인용품,False,19.0,False,낙찰자선정,등록공고,Y,
20220922,"22년 울타리철주(2호, 4호) 조달",2022,육군군수사령부,물품(내자),건축자재,False,,False,낙찰자선정,등록공고,N,
20220922,22년 육군 방한장갑 제조,2022,육군군수사령부,물품(내자),피복·개인용품,False,7.0,False,낙찰자선정,등록공고,Y,
20220922,공군 전용승용차 제조,2022,공군군수사령부,물품(내자),차량·수송장비,True,0.0,True,유찰,등록공고,Y,
20220926,2022년 육군 순수물제조기 제조,2022,육군군수사령부,물품(내자),실험·측정기기,True,0.0,True,유찰,등록공고,Y,
20221004,2022년 해군 로프발사기 세트 구매,2022,해군군수사령부,물품(내자),국방·치안·보안,False,4.0,False,낙찰자선정,등록공고,N,Y
20221005,2022년 육군 야전깔개(발포 폴리에틸렌계) 제조,2022,육군군수사령부,물품(내자),스포츠·레저,False,3.0,False,낙찰자선정,등록공고,Y,Y
20220926,해군 윤활유급유차 제조,2022,해군군수사령부,물품(내자),차량·수송장비,True,0.0,True,유찰,등록공고,Y,
20220922,22년 공군 개선 비행가죽잠바(측신) 제조 재공고,2022,공군군수사령부,물품(내자),피복·개인용품,False,4.0,False,낙찰자선정,재공고,Y,
20220922,22년 공군 비행복 5종 제조 재공고,2022,공군군수사령부,물품(내자),피복·개인용품,False,5.0,False,낙찰자선정,재공고,Y,
20220929,2022년 육군 고공강하용 헬멧 구매,2022,육군군수사령부,물품(내자),국방·치안·보안,False,464.0,False,낙찰자선정,등록공고,N,Y
20220926,2022년 육군 안전벨트 제조,2022,육군군수사령부,물품(내자),국방·치안·보안,True,0.0,True,유찰,등록공고,Y,Y
20220926,2022년 해군 포제계급장류 제조,2022,해군군수사령부,물품(내자),피복·개인용품,False,20.0,False,낙찰자선정,등록공고,Y,Y
20221005,외과용 스프린트 4품목 구매,2022,육군군수사령부,물품(내자),의료장비,False,132.0,False,낙찰자선정,등록공고,N,
20220929,2022년 해군 안전헬멧 구매,2022,해군군수사령부,물품(내자),국방·치안·보안,False,,False,낙찰자선정,등록공고,N,Y
20221011,해군 장비이동위장차 제조,2022,해군군수사령부,물품(내자),차량·수송장비,False,4.0,False,낙찰자선정,등록공고,Y,
20220927,공군 1톤 냉동부식차 제조,2022,공군군수사령부,물품(내자),차량·수송장비,False,4.0,False,낙찰자선정,등록공고,Y,
20221004,과산화수소이온발생기 구매,2022,국방부 국군화생방방호사령부,물품(내자),실험·측정기기,True,0.0,True,유찰,등록공고,N,
20220929,디젤발전기 600KW 제조 납품,2022,공군군수사령부,물품(내자),발전·배전,False,6.0,False,낙찰자선정,변경공고,Y,
20220928,군용 수통케이스 제조,2022,육군군수사령부,물품(내자),가정용품,False,12.0,False,낙찰자선정,등록공고,Y,
20220928,2022년 육군 국기함 조달(구매),2022,육군군수사령부,물품(내자),운반·포장,False,,False,낙찰자선정,등록공고,N,
20220928,22년 양념분쇄기 제조 조달,2022,육군군수사령부,물품(내자),서비스산업장비,True,0.0,True,유찰,등록공고,Y,
20220928,포장용 랩 제조 조달,2022,육군군수사령부,물품(내자),서비스산업장비,True,0.0,True,유찰,등록공고,Y,
20220930,육군 차륜형굴착기(소형) 제조 납품,2022,육군군수사령부,물품(내자),건설장비,True,0.0,True,유찰,등록공고,Y,
20220928,"팩, 한방 카티를라스마(황백연조엑스파스6매, 밀착포포함:한방파스)",2022,육군군수사령부,물품(내자),기타(51),True,0.0,True,유찰,재공고,N,
20220928,2022년 해군 철제휘장류 제조,2022,해군군수사령부,물품(내자),피복·개인용품,False,23.0,False,낙찰자선정,등록공고,Y,Y
20220929,22년 해군 농업용트랙터 제조 (제초기 포함),2022,해군군수사령부,물품(내자),차량·수송장비,True,0.0,True,유찰,재공고,Y,
20220929,22년 육군 비행점퍼 2종 제조 재공고,2022,육군군수사령부,물품(내자),피복·개인용품,False,3.0,False,낙찰자선정,재공고,Y,Y
20221004,2022년 해군 카본헬멧 구매,2022,해군군수사령부,물품(내자),국방·치안·보안,False,,False,개찰완료,등록공고,N,Y
20220929,금고(내화비밀보관함) 조달,2022,해군군수사령부,물품(내자),국방·치안·보안,True,0.0,True,유찰,재공고,Y,
20221004,22년 공군 민수용지프(4WD) 구매,2022,공군군수사령부,물품(내자),차량·수송장비,False,4.0,False,낙찰자선정,등록공고,N,
20221004,"공군 22년 화장실용화장지(2겹,70m) 제조",2022,공군군수사령부,물품(내자),종이류,True,0.0,True,유찰,재공고,Y,
20220930,군용 상용지프 제조,2022,국방부 국군화생방방호사령부,물품(내자),차량·수송장비,False,2.0,False,낙찰자선정,등록공고,Y,
20221004,"2022년 육군, 공군, 해병대 로프발사기 세트 구매",2022,육군군수사령부,물품(내자),국방·치안·보안,False,4.0,False,낙찰자선정,등록공고,N,Y
20221007,공군 22년 액상형 세탁세제 제조,2022,공군군수사령부,물품(내자),청소장비,False,16.0,False,낙찰자선정,등록공고,Y,
20221005,관절보호대 등 3품목 구매,2022,육군군수사령부,물품(내자),의료장비,False,,False,낙찰자선정,등록공고,N,
20221005,2022년 귀마개세트 구매,2022,육군군수사령부,물품(내자),국방·치안·보안,False,,False,낙찰자선정,등록공고,N,
20221005,"2022년 육군, 해병대 하계조종화 제조",2022,육군군수사령부,물품(내자),국방·치안·보안,True,0.0,True,유찰,등록공고,Y,
20221006,22년 다용도릴호스 조달,2022,육군군수사령부,물품(내자),배관·공조,False,,False,낙찰자선정,등록공고,N,
20221006,육군 천막용방수포 제조 납품,2022,육군군수사령부,물품(내자),스포츠·레저,False,10.0,False,낙찰자선정,등록공고,Y,
20221006,22년 육군 서류가방 제조,2022,육군군수사령부,물품(내자),피복·개인용품,False,15.0,False,낙찰자선정,등록공고,Y,
20221006,22년 고무장갑 조달,2022,해군군수사령부,물품(내자),서비스산업장비,False,,False,낙찰자선정,등록공고,N,
20221006,육군 위성전화기(휴대용) 구매,2022,육군군수사령부,물품(내자),정보통신,False,245.0,False,낙찰자선정,등록공고,N,
20221007,개선버클 제조 납품,2022,해군군수사령부,물품(내자),피복·개인용품,False,8.0,False,낙찰자선정,등록공고,Y,
20221006,해군 컨베이어 토스트기,2022,해군군수사령부,물품(내자),서비스산업장비,False,295.0,False,낙찰자선정,등록공고,N,
20221006,22년 육군 간호복 체촌,2022,육군군수사령부,물품(내자),피복·개인용품,False,2.0,False,낙찰자선정,등록공고,Y,
20221006,22년 양념분쇄기 제조 조달(재공고),2022,육군군수사령부,물품(내자),서비스산업장비,True,0.0,True,유찰,재공고,Y,
20221012,고무혼합기 구매,2022,해군군수사령부,물품(내자),산업기계,False,465.0,False,낙찰자선정,등록공고,N,
20221006,22년 육사 생도피복 제조(체촌),2022,육군군수사령부,물품(내자),피복·개인용품,False,10.0,False,낙찰자선정,등록공고,Y,
20221006,포장용 랩 제조 조달(재공고),2022,육군군수사령부,물품(내자),서비스산업장비,True,0.0,True,유찰,재공고,Y,
20221006,22년 공군 넥타이 제조,2022,공군군수사령부,물품(내자),피복·개인용품,False,28.0,False,낙찰자선정,등록공고,Y,
20221007,"제빙기, 조각형(소형제빙기) 조달",2022,육군군수사령부,물품(내자),운반·포장,False,,False,낙찰자선정,등록공고,N,
20221012,22년 육군 넥타이 3종 제조,2022,육군군수사령부,물품(내자),피복·개인용품,False,19.0,False,낙찰자선정,등록공고,Y,
20221026,22년 공군 군사경찰 우의 제조,2022,공군군수사령부,물품(내자),국방·치안·보안,False,6.0,False,낙찰자선정,등록공고,Y,
20221007,2022년 육군군수사령부 다목적송풍기 조달,2022,육군군수사령부,물품(내자),공구,False,4.0,False,낙찰자선정,등록공고,Y,
20221007,2022년 육군군수사령부 3단 야전삽 조달,2022,육군군수사령부,물품(내자),공구,True,0.0,True,유찰,등록공고,Y,
20221007,2022년 육군 순수물제조기 제조,2022,육군군수사령부,물품(내자),실험·측정기기,True,0.0,True,유찰,재공고,Y,
20221007,22년 공군 개선 비행가죽잠바(측신) 제조 재공고,2022,공군군수사령부,물품(내자),피복·개인용품,True,2.0,False,유찰,재공고,Y,Y
20221115,상용 광케이블 구매,2022,육군군수사령부,물품(내자),발전·배전,False,189.0,False,낙찰자선정,등록공고,N,
20221011,육군 평식기 조달,2022,육군군수사령부,물품(내자),서비스산업장비,False,,False,낙찰자선정,등록공고,N,
20221011,해군 윤활유급유차 제조,2022,해군군수사령부,물품(내자),차량·수송장비,True,0.0,True,유찰,등록공고,Y,
20221021,해군 고소작업차 제조,2022,해군군수사령부,물품(내자),차량·수송장비,True,0.0,True,유찰,등록공고,Y,
20221011,세균검출장비(육군),2022,육군군수사령부,물품(내자),실험·측정기기,False,32.0,False,낙찰자선정,재공고,N,
20221012,22년 의무피복 제조 납품,2022,육군군수사령부,물품(내자),의료장비,False,13.0,False,낙찰자선정,등록공고,Y,
20221013,2022년도 디지털방송제작시스템 교체,2022,국방부 국방홍보원,물품(내자),인쇄·영상,False,2.0,False,낙찰자선정,등록공고,N,Y
20221013,22년 공군 평판형 트레일러 제조,2022,공군군수사령부,물품(내자),차량·수송장비,True,0.0,True,유찰,등록공고,Y,
20221012,(재공고)2022년 육군 안전벨트 제조,2022,육군군수사령부,물품(내자),국방·치안·보안,True,0.0,True,유찰,재공고,Y,Y
20221028,압력기 제조 납품,2022,해군군수사령부,물품(내자),산업기계,False,5.0,False,낙찰자선정,등록공고,Y,
20221013,육군 위장포(방탄헬멧 KBH III형용) 제조 납품,2022,육군군수사령부,물품(내자),스포츠·레저,True,0.0,True,유찰,등록공고,Y,
20221012,"(재공고)2022년 육군, 해병대 하계조종화 제조",2022,육군군수사령부,물품(내자),국방·치안·보안,True,0.0,True,유찰,재공고,Y,
20221013,22년 해군 및 해병 항공피복 제조,2022,해군군수사령부,물품(내자),피복·개인용품,True,0.0,True,유찰,재공고,,Y
20221015,22년 육군 윤형철조망 제조,2022,육군군수사령부,물품(내자),제조부품,False,2.0,False,낙찰자선정,등록공고,Y,
20221205,지게차 3톤,2022,방위사업청,물품(내자),운반·포장,True,0.0,True,유찰,등록공고,Y,
20221021,22년 공군 저상형 트레일러 제조,2022,공군군수사령부,물품(내자),차량·수송장비,False,4.0,False,낙찰자선정,변경공고,Y,
20221013,해군 22년 천연방충탈취제 조달,2022,해군군수사령부,물품(내자),청소장비,True,0.0,True,유찰,재공고,Y,
20221014,22년 공군 개선 비행가죽잠바(측신) 제조 재공고,2022,공군군수사령부,물품(내자),피복·개인용품,True,0.0,True,유찰,재공고,Y,Y
20221027,육군 22년 식관(국통) 제조조달,2022,육군군수사령부,물품(내자),가정용품,True,0.0,True,유찰,등록공고,Y,
20221017,2022년 해군 UDT 작전화 제조,2022,해군군수사령부,물품(내자),국방·치안·보안,False,3.0,False,낙찰자선정,등록공고,Y,Y
20221017,2022년 해군 소방화(고무제 방화신발) 구매,2022,해군군수사령부,물품(내자),국방·치안·보안,False,465.0,False,낙찰자선정,등록공고,N,Y
20221017,2022년 육군 순수물제조기 구매,2022,육군군수사령부,물품(내자),실험·측정기기,False,400.0,False,낙찰자선정,등록공고,N,
20221104,8톤 지게차,2022,방위사업청,물품(내자),운반·포장,True,0.0,True,유찰,등록공고,Y,
20221104,10톤 지게차,2022,방위사업청,물품(내자),운반·포장,True,0.0,True,유찰,등록공고,Y,
20221019,나이프(양식용) 등 3품목 구매 조달,2022,해군군수사령부,물품(내자),가정용품,False,,False,낙찰자선정,등록공고,N,
20221018,2022년 육군군수사령부 3단 야전삽 조달,2022,육군군수사령부,물품(내자),공구,False,2.0,False,낙찰자선정,재공고,Y,
20221019,솥걸이조립체 제조 조달,2022,육군군수사령부,물품(내자),서비스산업장비,True,0.0,True,유찰,등록공고,Y,
20221020,22년 육군 비닐장판 조달,2022,육군군수사령부,물품(내자),건축자재,False,,False,낙찰자선정,등록공고,N,
20221027,육군 차륜형굴착기(중형) 제조 납품,2022,육군군수사령부,물품(내자),건설장비,False,2.0,False,낙찰자선정,등록공고,Y,
20221020,22년 육군 근무복잠바(체촌) 제조 재공고,2022,육군군수사령부,물품(내자),피복·개인용품,False,2.0,False,낙찰자선정,재공고,Y,Y
20221020,22년 육군 비행점퍼 2종 제조 재공고,2022,육군군수사령부,물품(내자),피복·개인용품,False,2.0,False,낙찰자선정,재공고,Y,Y
20221027,UTP 케이블 구매,2022,육군군수사령부,물품(내자),발전·배전,False,,False,낙찰자선정,등록공고,N,
20221024,"지게차 3톤, 5톤 구매",2022,해군군수사령부,물품(내자),운반·포장,False,97.0,False,낙찰자선정,등록공고,N,
20221025,지게차 2종 구매,2022,공군종합보급창,물품(내자),운반·포장,False,159.0,False,낙찰자선정,등록공고,N,
20221024,유압식 잭(45톤) 구매,2022,해군군수사령부,물품(내자),운반·포장,False,,False,낙찰자선정,등록공고,N,
20221021,육군 위장포(방탄헬멧 KBH III형용) 제조 납품,2022,육군군수사령부,물품(내자),스포츠·레저,False,2.0,False,낙찰자선정,재공고,Y,
20221116,밀폐 고정형 납축전지 제조 납품,2022,해군군수사령부,물품(내자),발전·배전,True,0.0,True,유찰,등록공고,Y,
20221026,환자관찰장치 이동형 구매,2022,국방부 국군의무사령부,물품(내자),의료장비,False,489.0,False,낙찰자선정,등록공고,N,Y
20221026,22년 의무장비(수술등 야전용) 구매,2022,육군군수사령부,물품(내자),의료장비,False,433.0,False,낙찰자선정,등록공고,N,
20221026,과산화수소이온발생기 구매,2022,국방부 국군화생방방호사령부,물품(내자),실험·측정기기,True,0.0,True,유찰,재공고,N,
20221103,자기공명촬영장치(MRI) 고급형 설치납품,2022,국군수도병원,물품(내자),의료장비,True,0.0,True,유찰,등록공고,N,Y
20221027,육군 차륜형로더 제조 납품,2022,육군군수사령부,물품(내자),건설장비,True,0.0,True,유찰,등록공고,Y,
20221027,솥걸이조립체 제조 조달,2022,육군군수사령부,물품(내자),서비스산업장비,True,0.0,True,유찰,재공고,Y,
20221027,(재공고)2022년 해군 소방화(고무제 방화신발) 구매,2022,해군군수사령부,물품(내자),국방·치안·보안,False,,False,낙찰자선정,재공고,N,Y
20221101,2022년 육군군수사령부 공구상자 조달,2022,육군군수사령부,물품(내자),운반·포장,False,,False,낙찰자선정,등록공고,N,
20221031,"2022년 육군, 해병대 대테러화 제조",2022,육군군수사령부,물품(내자),국방·치안·보안,False,9.0,False,낙찰자선정,등록공고,Y,Y
20221102,"22년 해군 7인승 고무보트 2종(고속, 저속) 제조",2022,해군군수사령부,물품(내자),차량·수송장비,True,0.0,True,유찰,등록공고,Y,Y
20221102,22년 해병 고무보트(고속) 제조,2022,해군군수사령부,물품(내자),차량·수송장비,True,0.0,True,유찰,등록공고,Y,Y
20221103,육군 22년 전기밥솥(20인용) 구매 조달,2022,육군군수사령부,물품(내자),가정용품,False,,False,낙찰자선정,등록공고,N,
20221102,해군 고소작업차 제조,2022,해군군수사령부,물품(내자),차량·수송장비,True,0.0,True,유찰,재공고,Y,
20221103,"22년 육군 장갑 2종(비행장갑, 유격용장갑)제조",2022,육군군수사령부,물품(내자),피복·개인용품,True,0.0,True,유찰,등록공고,Y,
20221114,"공군 22년 화장실용 화장지(2겹,70m)제조",2022,공군군수사령부,물품(내자),종이류,True,0.0,True,유찰,등록공고,Y,
20221104,2022년 해군 카본헬멧 구매,2022,해군군수사령부,물품(내자),국방·치안·보안,False,656.0,False,낙찰자선정,등록공고,N,Y
20221104,국군화생방방호사령부 이동식별종합분석셋 제조,2022,국방부 국군화생방방호사령부,물품(내자),차량·수송장비,True,0.0,True,유찰,등록공고,Y,Y
20221104,"2022년 육군 의무피복 2종(환자베개, 담요) 제조",2022,육군군수사령부,물품(내자),가정용품,False,12.0,False,낙찰자선정,등록공고,Y,Y
20221107,육군 22년 식관(국통) 제조조달,2022,육군군수사령부,물품(내자),가정용품,True,0.0,True,유찰,재공고,Y,
20221107,육군 진동식롤러 구매,2022,육군군수사령부,물품(내자),건설장비,False,107.0,False,낙찰자선정,등록공고,N,
20221114,2022년 해군 소방화(고무제 방화신발) 구매,2022,해군군수사령부,물품(내자),국방·치안·보안,False,301.0,False,낙찰자선정,등록공고,N,Y
20221109,육군 차륜형로더 제조 납품,2022,육군군수사령부,물품(내자),건설장비,True,0.0,True,유찰,재공고,Y,
20221122,전동지게차 2종(4000파운드. 6000파운드) 제조 납품,2022,육군군수사령부,물품(내자),운반·포장,False,2.0,False,낙찰자선정,등록공고,Y,
20221114,2022년 육군 철제계급장류(추가) 제조,2022,육군군수사령부,물품(내자),출판물,False,13.0,False,낙찰자선정,등록공고,Y,Y
20221114,"분말소화기(3.3kg, 4.5kg) 구매",2022,해군군수사령부,물품(내자),국방·치안·보안,False,4.0,False,낙찰자선정,등록공고,Y,
20221114,2022년 육군 포제계급장류(추가) 제조,2022,육군군수사령부,물품(내자),피복·개인용품,False,12.0,False,낙찰자선정,등록공고,Y,Y
20221116,육군 조명방송용 드론 제조,2022,육군군수사령부,물품(내자),차량·수송장비,False,17.0,False,낙찰자선정,등록공고,Y,
20221116,자기공명촬영장치(MRI) 고급형 설치납품,2022,국군수도병원,물품(내자),의료장비,True,2.0,False,유찰,재공고,N,Y
20221116,"22년 해군 7인승 고무보트 2종(고속, 저속) 제조 (재공고)",2022,해군군수사령부,물품(내자),차량·수송장비,True,0.0,True,유찰,재공고,Y,Y
20221117,2022년 해군 방염복(추가) 제조,2022,해군군수사령부,물품(내자),국방·치안·보안,False,16.0,False,낙찰자선정,등록공고,Y,Y
20221122,금고(내화비밀보관함) 구매,2022,해군군수사령부,물품(내자),국방·치안·보안,False,,False,낙찰자선정,등록공고,N,
20221125,"[22-조달-09-040,22-조달-11-050] OA비품 구매",2022,공군제1미사일방어여단,물품(내자),가구,False,19.0,False,낙찰자선정,등록공고,Y,Y
20221122,육군 작전조끼(대테러) 제조,2022,육군군수사령부,물품(내자),피복·개인용품,False,14.0,False,낙찰자선정,등록공고,Y,
20221122,지게차 11000파운드 제조 납품,2022,육군군수사령부,물품(내자),운반·포장,True,0.0,True,유찰,등록공고,Y,
20221122,육군 진동식롤러 구매,2022,육군군수사령부,물품(내자),건설장비,False,26.0,False,낙찰자선정,재공고,N,
20221124,"공군 22년 화장실용 화장지(2겹,70m)제조",2022,공군군수사령부,물품(내자),종이류,True,0.0,True,유찰,재공고,Y,
20221123,"지게차 3톤, 5톤 구매",2022,해군군수사령부,물품(내자),운반·포장,False,20.0,False,낙찰자선정,재공고,N,
20221128,국군수도병원 비상발전기 제조 납품 및 설치,2022,국군수도병원,물품(내자),발전·배전,False,10.0,False,낙찰자선정,등록공고,Y,
20221128,밀폐 고정형 납축전지 제조 납품,2022,해군군수사령부,물품(내자),발전·배전,True,0.0,True,유찰,재공고,Y,
20221201,상용 광케이블 구매,2022,육군군수사령부,물품(내자),발전·배전,False,39.0,False,낙찰자선정,재공고,N,
20221202,지게차 11000파운드 제조 납품,2022,육군군수사령부,물품(내자),운반·포장,True,0.0,True,유찰,재공고,Y,
20221205,세균검출장비(육군),2022,육군군수사령부,물품(내자),실험·측정기기,False,69.0,False,낙찰자선정,등록공고,N,
20221209,광범위 방사능물질 탐지/추적시스템,2022,국방부 국군화생방방호사령부,물품(내자),발전·배전,True,2.0,False,유찰,등록공고,N,Y
20221206,육해공군 해병대 야영용텐트(일반전투용천막) 제조 납품,2022,육군군수사령부,물품(내자),스포츠·레저,False,12.0,False,낙찰자선정,등록공고,N,
20221206,"지게차 3톤, 5톤 구매",2022,해군군수사령부,물품(내자),운반·포장,False,5.0,False,개찰완료,재공고,N,
20221215,해군 22년 기름흡착제 제조,2022,해군군수사령부,물품(내자),청소장비,False,2.0,False,낙찰자선정,등록공고,Y,
20221213,해군 UDT방한복 제조 납품,2022,해군군수사령부,물품(내자),피복·개인용품,False,11.0,False,낙찰자선정,등록공고,Y,
20221215,지게차 3톤,2022,방위사업청,물품(내자),운반·포장,True,0.0,True,유찰,재공고,Y,
20221222,공무원 방독면(K-5) 구매,2022,방위사업청,물품(내자),국방·치안·보안,True,0.0,True,유찰,등록공고,Y,
20220314,21년 공군 정비피복(정글모) 구매(수의시담),2022,공군군수사령부,물품(내자),피복·개인용품,False,1.0,False,낙찰자선정,등록공고,Y,
20220109,2022년 귀환 국군포로 정착지원사업,2022,국방부,일반용역,경영·행정서비스,False,1.0,False,낙찰자선정,등록공고,,
20220104,2022년 국방부 종합홍보용역,2022,국방부,일반용역,경영·행정서비스,False,1.0,False,낙찰자선정,등록공고,,
20220110,22년 국방사이버훈련장 유지보수,2022,4284부대,일반용역,엔지니어링·연구,False,1.0,False,낙찰자선정,등록공고,,Y
20220116,2022년도 장병자기개발 학습콘텐츠,2022,국방부,일반용역,경영·행정서비스,False,1.0,False,낙찰자선정,등록공고,,
20220125,22~23년 PC보안체계 유지보수 사업,2022,4284부대,일반용역,엔지니어링·연구,False,1.0,False,낙찰자선정,등록공고,,
20220210,22~23년 AKJCCS 통합 유지보수 용역,2022,국방부 국군지휘통신사령부,일반용역,엔지니어링·연구,False,1.0,False,낙찰자선정,등록공고,,
20220210,2021년 군 성폭력 실태 전수조사,2022,국방부,일반용역,경영·행정서비스,False,1.0,False,낙찰자선정,등록공고,,
20220210,22년 정보화전략계획 품질점검,2022,국방부,일반용역,경영·행정서비스,False,1.0,False,낙찰자선정,등록공고,,
20220221,우수 상용품 시범사용 위탁운영,2022,국방부,일반용역,경영·행정서비스,False,1.0,False,낙찰자선정,등록공고,,Y
20220306,22~23년도 KJCCS 통합 유지보수 용역,2022,국방부 국군지휘통신사령부,일반용역,엔지니어링·연구,False,1.0,False,낙찰자선정,등록공고,,
20220304,22~23년 JFOS-K 통합 유지보수 용역,2022,국방부 국군지휘통신사령부,일반용역,엔지니어링·연구,False,1.0,False,낙찰자선정,등록공고,,
20220311,22년 국방실험사업 지원 용역,2022,국방부,일반용역,경영·행정서비스,False,1.0,False,낙찰자선정,등록공고,,
20220316,2022년 군사정보체계 유지보수,2022,국방부 국방정보본부,일반용역,건설·시설서비스,False,1.0,False,낙찰자선정,등록공고,,
20220316,2022년 위문열차 공연 진행/분장/의자설치 등,2022,국방부 국방홍보원,일반용역,경영·행정서비스,False,1.0,False,낙찰자선정,등록공고,,
20220322,국방정보기술표준(DITA) 현행화 사업,2022,합동상호운용성기술센터,일반용역,경영·행정서비스,True,0.0,True,유찰,등록공고,,
20220329,국방정보기술표준(DITA) 현행화 사업,2022,합동상호운용성기술센터,일반용역,경영·행정서비스,False,1.0,False,낙찰자선정,재공고,,
20220407,2022년 호국전몰용사공훈록 작성 용역 계약 의뢰,2022,국방부 국방부군사편찬연구소,일반용역,경영·행정서비스,False,1.0,False,낙찰자선정,등록공고,,
20220420,국방 온나라 2.0전환 ISP,2022,국방부,일반용역,경영·행정서비스,False,1.0,False,낙찰자선정,등록공고,,
20220421,22년 국방IPTV 구축(사업자 선정) 사업,2022,국방부,일반용역,경영·행정서비스,False,1.0,False,낙찰자선정,등록공고,,
20220425,22년 부품단종정보 획득 용역사업,2022,해군군수사령부,일반용역,엔지니어링·연구,False,1.0,False,낙찰자선정,등록공고,,
20220426,맞춤형 성인지 감수성 컨설팅 연구,2022,국방부,일반용역,경영·행정서비스,False,1.0,False,낙찰자선정,등록공고,,Y
20220509,국방TV 외주제작 프로그램 「뮤직 캠프」 사업자 선정,2022,국방부 국방홍보원,일반용역,편집·디자인,False,1.0,False,낙찰자선정,등록공고,,Y
20220519,지능형 유무인 복합전투체계 발전 및 활용을 위한 개념연구,2022,국방부,일반용역,경영·행정서비스,False,1.0,False,낙찰자선정,등록공고,,Y
20220602,국방표준종합정보시스템(KDSIS) 고도화 사업,2022,방위사업청,일반용역,엔지니어링·연구,False,1.0,False,낙찰자선정,등록공고,,
20220531,22년 군 온라인 문화예술 체험형 강의콘텐츠 임차 및 위탁운영 용역,2022,국방부,일반용역,경영·행정서비스,False,1.0,False,낙찰자선정,등록공고,,Y
20220608,2022년 한미 공동연구,2022,국방부,일반용역,경영·행정서비스,False,1.0,False,낙찰자선정,등록공고,,
20220609,성인지지수 개발 및 군 조직문화 개선을 위한 양성평등 지표조사 연구용역,2022,국방부,일반용역,경영·행정서비스,False,1.0,False,낙찰자선정,등록공고,,
20220613,22년 국방핵심역량강화교육 운영 위탁,2022,국방부,일반용역,경영·행정서비스,False,1.0,False,낙찰자선정,등록공고,,Y
20220622,방산수출입지원체계 추가개발,2022,방위사업청,일반용역,엔지니어링·연구,False,1.0,False,낙찰자선정,등록공고,,Y
20220703,22년 정보보안 수준강화 컨설팅,2022,국방부,일반용역,경영·행정서비스,False,1.0,False,낙찰자선정,등록공고,,
20220630,메타데이터표준 점검도구 개발 용역,2022,합동상호운용성기술센터,일반용역,엔지니어링·연구,False,1.0,False,낙찰자선정,등록공고,,Y
20220714,공용차량 임차,2022,방위사업청,일반용역,운송·물류,False,1.0,False,낙찰자선정,등록공고,,
20220714,국방환경을 고려한 공개취약점 군 영향성 평가방안 연구,2022,4284부대,일반용역,경영·행정서비스,False,1.0,False,낙찰자선정,등록공고,,Y
20220722,정예 사이버전문인력 양성 교육,2022,4284부대,일반용역,교육훈련,False,1.0,False,낙찰자선정,등록공고,,
20220728,「온나라 노후교체 사업」SW직접구매(리스물건) 포털솔루션 CMS,2022,국군제9965부대,일반용역,엔지니어링·연구,False,1.0,False,낙찰자선정,등록공고,,Y
20220727,「온나라 노후교체 사업」 SW직접구매(리스 물건) 사업[LDAP(조직사용자관리 포함)],2022,국군제9965부대,일반용역,엔지니어링·연구,False,1.0,False,낙찰자선정,등록공고,,Y
20220727,「온나라 노후교체 사업」 SW직접구매(리스 물건) 사업[클라우드 솔루션(VMWare)],2022,국군제9965부대,일반용역,엔지니어링·연구,False,1.0,False,낙찰자선정,등록공고,,Y
20220802,국방통합재난관리정보체계 개발사업 감리,2022,국방부 국방전산정보원,일반용역,경영·행정서비스,False,1.0,False,낙찰자선정,등록공고,,Y
20220818,22년 화이트햇 콘테스트,2022,4284부대,일반용역,경영·행정서비스,False,1.0,False,낙찰자선정,등록공고,,
20220819,국방통합재난관리정보체계 및 육군 웹메일 기반운영환경 구축사업,2022,국방통합데이터센터,일반용역,엔지니어링·연구,False,1.0,False,낙찰자선정,등록공고,,Y
20220822,22년 국방인사정보체계 유지보수 사업,2022,국방부 국방전산정보원,일반용역,엔지니어링·연구,False,1.0,False,낙찰자선정,등록공고,,Y
20220825,국방성폭력예방대응 정보시스템(PSVIS) 구축 사업,2022,국방부 국방전산정보원,일반용역,엔지니어링·연구,False,1.0,False,낙찰자선정,등록공고,,Y
20220927,22년 국방과학기술과정 교육 운영 위탁 용역,2022,국방부,일반용역,경영·행정서비스,False,1.0,False,낙찰자선정,등록공고,,
20220928,e시스템 운영환경 고도화 사업,2022,국방부 국방전산정보원,일반용역,엔지니어링·연구,False,1.0,False,낙찰자선정,등록공고,,Y
20221014,야전지휘소용 무선 네트워크 핵심기술 검증,2022,육군본부 기획관리참모부,일반용역,엔지니어링·연구,False,1.0,False,낙찰자선정,등록공고,,Y
20221109,국방 지능형 플랫폼 구축 위탁,2022,국방부,일반용역,경영·행정서비스,False,1.0,False,낙찰자선정,등록공고,,
20221115,23년 국방빅데이터·국방통계정보체계 전담기관 통합유지보수,2022,국방부 국방전산정보원,일반용역,엔지니어링·연구,False,1.0,False,낙찰자선정,등록공고,,
20221121,23년 국방연동관리체계(DIMS) 유지보수 사업,2022,국방부 국방전산정보원,일반용역,엔지니어링·연구,False,1.0,False,낙찰자선정,등록공고,,Y
20221122,23년 국방자원관리정보체계 전담기관 통합유지보수사업,2022,국방부 국방전산정보원,일반용역,엔지니어링·연구,False,1.0,False,낙찰자선정,등록공고,,
20221128,23년 정보화교육 위탁 사업,2022,국방부 국방전산정보원,일반용역,교육훈련,False,1.0,False,낙찰자선정,등록공고,,
20221123,국방 표준 자연어(음성/텍스트) 데이테셋 구축,2022,육군본부 기획관리참모부,일반용역,엔지니어링·연구,False,1.0,False,낙찰자선정,등록공고,,Y
20221207,케이블TV SO분배망 서비스,2022,국방부 국방홍보원,일반용역,경영·행정서비스,False,1.0,False,낙찰자선정,등록공고,,
20221208,23년 간부 e-지식복지사업,2022,국방부,일반용역,경영·행정서비스,False,1.0,False,낙찰자선정,등록공고,,
20221201,23-24년 보안관제용역,2022,방위사업청,일반용역,엔지니어링·연구,False,1.0,False,낙찰자선정,등록공고,,
20221201,2023년 국방TV NPS시스템 정기 유지관리 사업,2022,국방부 국방홍보원,일반용역,엔지니어링·연구,False,1.0,False,낙찰자선정,등록공고,,Y
20221207,2023년 국방홍보원 정보시스템 유지보수 사업,2022,국방부 국방홍보원,일반용역,엔지니어링·연구,False,1.0,False,낙찰자선정,등록공고,,
20221209,23년 MS-GRPS 유지보수용역 계약,2022,국군제9965부대,일반용역,엔지니어링·연구,False,1.0,False,낙찰자선정,등록공고,,
20221209,2023년도 국방일보 인쇄 및 배달 용역사업,2022,국방부 국방홍보원,일반용역,편집·디자인,False,1.0,False,낙찰자선정,등록공고,,
20221215,000노후시스템 교체사업,2022,국군제9965부대,일반용역,엔지니어링·연구,False,1.0,False,낙찰자선정,등록공고,,Y
20221220,23년 국내개발 무기효과자료 구축사업,2022,국방부 합동참모본부,일반용역,경영·행정서비스,False,1.0,False,낙찰자선정,등록공고,,Y
20221220,23년 합동지속지원모의모델 유지관리 용역사업,2022,국방부 합동참모본부,일반용역,엔지니어링·연구,False,1.0,False,낙찰자선정,등록공고,,
20221220,23년 분석기술 용역사업,2022,국방부 합동참모본부,일반용역,경영·행정서비스,False,1.0,False,낙찰자선정,등록공고,,Y
20221220,23년 장병자기개발 학습콘텐츠,2022,국방부,일반용역,경영·행정서비스,False,1.0,False,낙찰자선정,등록공고,,
20221220,22년 전군 암호장비 유지보수 용역,2022,국방부 국군지휘통신사령부,일반용역,엔지니어링·연구,False,1.0,False,낙찰자선정,등록공고,,
20221221,23년 전구급 분석모델 지상전 평가 용역,2022,국방부 합동참모본부,일반용역,엔지니어링·연구,False,1.0,False,낙찰자선정,등록공고,,Y
20221222,2023년 귀환 국군포로 정착지원사업,2022,국방부,일반용역,경영·행정서비스,False,1.0,False,낙찰자선정,등록공고,,Y
20221222,23~24년 국방행정관리체계 통합유지보수 사업,2022,국방부 국방전산정보원,일반용역,엔지니어링·연구,False,1.0,False,낙찰자선정,등록공고,,
20221222,23년 합동정보모의모델 유지관리 용역사업,2022,국방부 합동참모본부,일반용역,엔지니어링·연구,False,1.0,False,낙찰자선정,등록공고,,Y
20221222,차세대 국방통합급여정보체계 구축 사업,2022,국방부 국군재정관리단,일반용역,엔지니어링·연구,False,1.0,False,낙찰자선정,등록공고,,
20221225,23-24 정보시스템 통합유지보수 사업,2022,방위사업청,일반용역,엔지니어링·연구,False,1.0,False,낙찰자선정,등록공고,,
20221222,23~24년 운용지원관 용역,2022,국방부 합동참모본부,일반용역,경영·행정서비스,False,1.0,False,낙찰자선정,등록공고,,Y
20221227,군 책임운영기관 2022년 업무성과 평가,2022,국방부,일반용역,경영·행정서비스,False,1.0,False,낙찰자선정,등록공고,,
20221227,23년 대화력전 모의모델 유지관리 용역사업,2022,국방부 합동참모본부,일반용역,엔지니어링·연구,False,1.0,False,낙찰자선정,등록공고,,
20221226,23~24년 기술지원관 용역사업,2022,국방부 합동참모본부,일반용역,경영·행정서비스,False,1.0,False,낙찰자선정,등록공고,,
20221229,23년 C4ISR분석모델 유지관리 용역사업,2022,국방부 합동참모본부,일반용역,엔지니어링·연구,False,1.0,False,낙찰자선정,등록공고,,
20221229,23년 지상무기효과분석모델 유지관리 용역사업,2022,국방부 합동참모본부,일반용역,엔지니어링·연구,False,1.0,False,낙찰자선정,등록공고,,Y
20220103,22년 국방부 영상 콘텐츠 기획.제작 용역,2022,국방부,일반용역,경영·행정서비스,False,10.0,False,낙찰자선정,등록공고,,
20220107,22년 자원체계 통합 유지보수 용역,2022,국방부 국군지휘통신사령부,일반용역,엔지니어링·연구,False,2.0,False,낙찰자선정,등록공고,,Y
20220112,22~23년 JFOS-K 통합 유지보수 용역,2022,국방부 국군지휘통신사령부,일반용역,엔지니어링·연구,True,0.0,True,유찰,등록공고,,Y
20220113,온나라 시스템 노후교체 사업,2022,국군제9965부대,일반용역,엔지니어링·연구,False,2.0,False,낙찰자선정,재공고,,Y
20220118,22~23년도 KJCCS 통합 유지보수 용역,2022,국방부 국군지휘통신사령부,일반용역,엔지니어링·연구,True,0.0,True,유찰,등록공고,,Y
20220118,차세대 국방통합급여정보체계 구축 PMO사업,2022,국방부 국군재정관리단,일반용역,경영·행정서비스,False,3.0,False,낙찰자선정,등록공고,,
20220119,2022년 국방홍보원 온라인 중계방송(소셜라이브) 운영,2022,국방부 국방홍보원,일반용역,경영·행정서비스,False,5.0,False,낙찰자선정,등록공고,,Y
20220120,우수 상용품 시범사용 위탁운영,2022,국방부,일반용역,경영·행정서비스,True,0.0,True,유찰,등록공고,,Y
20220125,국방수송정보체계 고도화 및 학사관리시스템 기반운영환경 구축사업,2022,국방통합데이터센터,일반용역,엔지니어링·연구,False,4.0,False,낙찰자선정,등록공고,,Y
20220125,2022년 위문열차 공연 무대장비 설치(조명/무대/영상/발전차),2022,국방부 국방홍보원,일반용역,건설·시설서비스,False,3.0,False,낙찰자선정,등록공고,,Y
20220126,국방실험사업 VR기반 운전자 교육훈련 체계 구축,2022,육군본부 기획관리참모부,일반용역,엔지니어링·연구,True,0.0,True,유찰,재공고,,
20220126,22년 국방부 온라인 종합홍보 용역,2022,국방부,일반용역,경영·행정서비스,False,4.0,False,낙찰자선정,재공고,,Y
20220127,2022년 위문열차 공연 HD중계장비 임대설치,2022,국방부 국방홍보원,일반용역,건설·시설서비스,False,2.0,False,낙찰자선정,등록공고,,Y
20220203,2022년 위문열차 공연 음향장비 설치,2022,국방부 국방홍보원,일반용역,경영·행정서비스,False,4.0,False,낙찰자선정,등록공고,,
20220207,국방정책 홍보 뉴미디어 동영상 콘텐츠 제작,2022,국방부 국방홍보원,일반용역,편집·디자인,False,8.0,False,낙찰자선정,등록공고,,Y
20220204,2022년 위문열차 공연 진행/분장/의자설치 등,2022,국방부 국방홍보원,일반용역,경영·행정서비스,True,0.0,True,유찰,등록공고,,
20220207,2022년 나라사랑·국가상징 체험학습 교육 프로그램 운영,2022,국방부 국립서울현충원,일반용역,교육훈련,False,2.0,False,낙찰자선정,등록공고,,
20220209,국방 증명서 통합발급체계 구축사업 감리 용역,2022,국방부 국방전산정보원,일반용역,경영·행정서비스,False,3.0,False,낙찰자선정,등록공고,,
20220209,국방실험사업 VR기반 운전자 교육훈련 체계 구축,2022,육군본부 기획관리참모부,일반용역,엔지니어링·연구,False,3.0,False,낙찰자선정,재공고,,
20220214,22년 C그룹 민간전문강사 초빙 정신전력교육,2022,국방부,일반용역,경영·행정서비스,False,7.0,False,낙찰자선정,등록공고,,Y
20220214,국방 전자서명 인증체계 고도화 사업 감리 용역,2022,국방부 국방전산정보원,일반용역,경영·행정서비스,False,6.0,False,낙찰자선정,등록공고,,Y
20220215,22년 A그룹 북한이탈주민 초청 안보관 교육,2022,국방부,일반용역,경영·행정서비스,False,5.0,False,낙찰자선정,등록공고,,Y
20220216,국방표준종합정보시스템(KDSIS) 고도화 사업,2022,방위사업청,일반용역,엔지니어링·연구,True,0.0,True,유찰,등록공고,,
20220215,22년 A그룹 민간전문강사 초빙 정신전력교육,2022,국방부,일반용역,경영·행정서비스,False,6.0,False,낙찰자선정,등록공고,,Y
20220216,22년 C그룹 북한이탈주민 초청 안보관 교육,2022,국방부,일반용역,경영·행정서비스,False,6.0,False,낙찰자선정,등록공고,,Y
20220217,22년 B그룹 민간전문강사 초빙 정신전력교육,2022,국방부,일반용역,경영·행정서비스,False,7.0,False,낙찰자선정,등록공고,,Y
20220218,22년 군수경영혁신사업 용역,2022,국방부,일반용역,경영·행정서비스,False,2.0,False,낙찰자선정,등록공고,,Y
20220221,유해발굴사업 통합홍보 용역,2022,국방부 국방부유해발굴감식단,일반용역,경영·행정서비스,False,5.0,False,낙찰자선정,등록공고,,Y
20220222,22년 국방IPTV 구축(사업자 선정) 사업,2022,국방부,일반용역,경영·행정서비스,True,0.0,True,유찰,등록공고,,
20220222,다출처 사이버위협 정첩보 획득 연구용역,2022,4284부대,일반용역,경영·행정서비스,True,2.0,False,유찰,등록공고,,
20220225,22년 e-mu(전문학사 및 학사)학위취득 지원체계 시설유지보수,2022,국방부,일반용역,엔지니어링·연구,False,2.0,False,낙찰자선정,등록공고,,Y
20220228,22년 B그룹 북한이탈주민 초청 안보관 교육,2022,국방부,일반용역,경영·행정서비스,False,6.0,False,낙찰자선정,등록공고,,Y
20220228,2022년 호국전몰용사공훈록 작성 용역 계약 의뢰,2022,국방부 국방부군사편찬연구소,일반용역,경영·행정서비스,True,0.0,True,유찰,등록공고,,
20220302,교육정보통합시스템 유지보수,2022,국군간호사관학교,일반용역,엔지니어링·연구,False,2.0,False,낙찰자선정,등록공고,,
20220302,22년 학군사관후보생 집중 정신전력교육,2022,국방부,일반용역,경영·행정서비스,True,0.0,True,유찰,등록공고,,Y
20220308,스마트 인재관리시스템 PMO 용역사업,2022,육군 인사사령부,일반용역,경영·행정서비스,False,3.0,False,낙찰자선정,등록공고,,
20220307,국방의료정보체계 성능개선 PMO 사업,2022,국방부 국군의무사령부,일반용역,경영·행정서비스,False,2.0,False,낙찰자선정,등록공고,,
20220311,간부 및 군무원 민간 심리상담 지원,2022,국방부,일반용역,경영·행정서비스,False,7.0,False,낙찰자선정,등록공고,,Y
20220317,22년 4권역 병 집중인성교육 위탁 운영,2022,국방부,일반용역,경영·행정서비스,False,5.0,False,낙찰자선정,등록공고,,Y
20220321,22년 1권역 병 집중인성교육 위탁 운영,2022,국방부,일반용역,경영·행정서비스,False,8.0,False,낙찰자선정,등록공고,,Y
20220321,맞춤형 성인지 감수성 컨설팅 연구,2022,국방부,일반용역,경영·행정서비스,True,0.0,True,유찰,등록공고,,Y
20220323,22년 2권역 병 집중인성교육 위탁 운영,2022,국방부,일반용역,경영·행정서비스,False,9.0,False,낙찰자선정,등록공고,,Y
20220323,22년 부품단종정보 획득 용역사업,2022,해군군수사령부,일반용역,엔지니어링·연구,True,0.0,True,유찰,등록공고,,
20220323,국방 온나라 2.0전환 ISP,2022,국방부,일반용역,경영·행정서비스,True,0.0,True,유찰,등록공고,,
20220324,22년 3권역 병 집중인성교육 위탁 운영,2022,국방부,일반용역,경영·행정서비스,False,7.0,False,낙찰자선정,등록공고,,Y
20220325,22년 학군사관후보생 집중 정신전력교육,2022,국방부,일반용역,경영·행정서비스,False,4.0,False,낙찰자선정,재공고,,Y
20220329,미래 유해발굴사업 추진방향 정립 연구,2022,국방부,일반용역,경영·행정서비스,True,0.0,True,유찰,등록공고,,
20220330,국방표준종합정보시스템(KDSIS) 고도화 사업,2022,방위사업청,일반용역,엔지니어링·연구,True,0.0,True,유찰,재공고,,
20220405,국방TV 외주제작 프로그램 「뮤직 캠프」 사업자 선정,2022,국방부 국방홍보원,일반용역,편집·디자인,True,0.0,True,유찰,등록공고,,Y
20220406,맞춤형 성인지 감수성 컨설팅 연구,2022,국방부,일반용역,경영·행정서비스,True,0.0,True,유찰,재공고,,Y
20220407,22년 군 온라인 문화예술 체험형 강의콘텐츠 임차 및 위탁운영 용역,2022,국방부,일반용역,경영·행정서비스,True,0.0,True,유찰,등록공고,,Y
20220408,22년 국방핵심역량강화교육 운영 위탁,2022,국방부,일반용역,경영·행정서비스,True,0.0,True,유찰,등록공고,,Y
20220411,2022년 동아시아 전략평가 연구용역,2022,국방부,일반용역,경영·행정서비스,False,4.0,False,낙찰자선정,등록공고,,
20220413,국방TV 외주제작 프로그램 ‘병영의 달인’ 사업자 선정,2022,국방부 국방홍보원,일반용역,편집·디자인,False,3.0,False,낙찰자선정,등록공고,,Y
20220414,다출처 사이버위협 정첩보 획득 연구용역,2022,4284부대,일반용역,경영·행정서비스,False,3.0,False,낙찰자선정,재공고,,
20220413,미래 유해발굴사업 추진방향 정립 연구,2022,국방부,일반용역,경영·행정서비스,True,0.0,True,유찰,등록공고,,
20220418,국가 우주산업 수준평가 및 국방 우주발전 정책전략 연구,2022,국방부,일반용역,경영·행정서비스,False,2.0,False,낙찰자선정,등록공고,,Y
20220418,22년 장애인 예술단체 부대 방문공연 용역,2022,국방부,일반용역,경영·행정서비스,True,0.0,True,유찰,등록공고,,
20220420,22년 실감형 디지털 정신전력교육 콘텐츠 제작 용역,2022,국방부,일반용역,교육훈련,False,3.0,False,낙찰자선정,등록공고,,Y
20220420,지능형 유무인 복합전투체계 발전 및 활용을 위한 개념연구,2022,국방부,일반용역,경영·행정서비스,True,0.0,True,유찰,등록공고,,Y
20220420,2022년 제11회 서울안보대화 행사용역,2022,국방부,일반용역,경영·행정서비스,True,0.0,True,유찰,등록공고,,Y
20220420,방산수출입지원체계 추가개발,2022,방위사업청,일반용역,엔지니어링·연구,True,0.0,True,유찰,등록공고,,Y
20220422,해군교전급분석모델(Build-I) 체계개발 감리용역,2022,방위사업청,일반용역,엔지니어링·연구,False,2.0,False,낙찰자선정,등록공고,,Y
20220425,2022년 한미 공동연구,2022,국방부,일반용역,경영·행정서비스,True,0.0,True,유찰,등록공고,,
20220427,22년 국방핵심역량강화교육 운영 위탁,2022,국방부,일반용역,경영·행정서비스,True,0.0,True,유찰,등록공고,,Y
20220503,미래 유해발굴사업 추진방향 정립 연구,2022,국방부,일반용역,경영·행정서비스,False,2.0,False,낙찰자선정,등록공고,,
20220504,22년 장애인 예술단체 부대 방문공연 용역,2022,국방부,일반용역,경영·행정서비스,False,3.0,False,낙찰자선정,재공고,,
20220504,22년 부품단종정보 획득 용역,2022,공군군수사령부,일반용역,경영·행정서비스,False,2.0,False,낙찰자선정,등록공고,,
20220506,2022년 제11회 서울안보대화 행사용역,2022,국방부,일반용역,경영·행정서비스,False,3.0,False,낙찰자선정,재공고,,
20220511,공용차량 임차,2022,방위사업청,일반용역,운송·물류,True,0.0,True,유찰,등록공고,,
20220511,2022년 군 장병 공개SW 역량강화 교육 지원,2022,국방부,일반용역,경영·행정서비스,True,2.0,False,유찰,등록공고,,
20220512,정예 사이버전문인력 양성 교육,2022,4284부대,일반용역,교육훈련,True,0.0,True,유찰,등록공고,,
20220513,성인지지수 개발 및 군 조직문화 개선을 위한 양성평등 지표조사 연구용역,2022,국방부,일반용역,경영·행정서비스,True,0.0,True,유찰,등록공고,,Y
20220517,메타데이터표준 점검도구 개발 용역,2022,합동상호운용성기술센터,일반용역,엔지니어링·연구,True,0.0,True,유찰,등록공고,,Y
20220519,국방전력발전업무체계 법제 개선 방안 연구,2022,국방부,일반용역,경영·행정서비스,False,2.0,False,낙찰자선정,등록공고,,
20220520,방산수출입지원체계 추가개발,2022,방위사업청,일반용역,엔지니어링·연구,True,0.0,True,유찰,재공고,,Y
20220523,차세대 군사법정보시스템 구축 PMO 사업,2022,국방부 국방전산정보원,일반용역,경영·행정서비스,False,3.0,False,낙찰자선정,등록공고,,Y
20220525,22년 화이트햇 콘테스트,2022,4284부대,일반용역,경영·행정서비스,True,0.0,True,유찰,등록공고,,
20220530,차세대 지능형 SDDC기반 국방통합데이터센터 구축 사업,2022,국방통합데이터센터,일반용역,엔지니어링·연구,False,3.0,False,낙찰자선정,등록공고,,
20220527,2022년 중요기록물 DB구축 및 기록물 이관·정리 사업,2022,방위사업청,일반용역,엔지니어링·연구,False,3.0,False,낙찰자선정,등록공고,,Y
20220527,2022년 군 장병 공개SW 역량강화 교육 지원,2022,국방부,일반용역,경영·행정서비스,False,3.0,False,낙찰자선정,재공고,,
20220531,공용차량 임차,2022,방위사업청,일반용역,운송·물류,True,0.0,True,유찰,등록공고,,
20220602,국방표준종합정보시스템(KDSIS) 고도화 사업 감리용역,2022,방위사업청,일반용역,경영·행정서비스,False,2.0,False,낙찰자선정,등록공고,,Y
20220608,22년 정보보안 수준강화 컨설팅,2022,국방부,일반용역,경영·행정서비스,True,0.0,True,유찰,등록공고,,
20220608,AI를 활용한 주요 인물 감정복합추론 체계 개발,2022,국군제9965부대,일반용역,엔지니어링·연구,True,3.0,False,유찰,등록공고,,Y
20220609,MCRC 성능개량사업 감리용역,2022,방위사업청,일반용역,경영·행정서비스,False,4.0,False,낙찰자선정,등록공고,,
20220608,2022년도 제18회 국방일보 전우마라톤 대회 대행사 선정,2022,국방부 국방홍보원,일반용역,경영·행정서비스,False,3.0,False,낙찰자선정,등록공고,,Y
20220610,기록관리시스템 교체 사업,2022,국군제9965부대,일반용역,엔지니어링·연구,False,2.0,False,낙찰자선정,등록공고,,Y
20220613,메타데이터표준 점검도구 개발 용역,2022,합동상호운용성기술센터,일반용역,엔지니어링·연구,True,0.0,True,유찰,재공고,,Y
20220614,국방환경을 고려한 공개취약점 군 영향성 평가방안 연구,2022,4284부대,일반용역,경영·행정서비스,True,0.0,True,유찰,등록공고,,Y
20220620,22년 화이트햇 콘테스트,2022,4284부대,일반용역,경영·행정서비스,True,0.0,True,유찰,재공고,,
20220620,이미지 데이터 기반 탄약 상태판별 모델 개발,2022,국방부,일반용역,엔지니어링·연구,True,2.0,False,유찰,등록공고,,Y
20220623,국방통합재난관리정보체계 개발사업 감리,2022,국방부 국방전산정보원,일반용역,경영·행정서비스,True,0.0,True,유찰,등록공고,,Y
20220627,공용차량 임차,2022,방위사업청,일반용역,운송·물류,True,0.0,True,유찰,변경공고,,
20220627,「온나라 노후교체 사업」SW직접구매(리스물건) 포털솔루션 CMS,2022,국군제9965부대,일반용역,엔지니어링·연구,True,0.0,True,유찰,등록공고,,Y
20220627,정예 사이버전문인력 양성 교육,2022,4284부대,일반용역,교육훈련,True,0.0,True,유찰,재공고,,
20220628,「온나라 노후교체 사업」 SW직접구매(리스 물건) 사업[LDAP(조직사용자관리 포함)],2022,국군제9965부대,일반용역,엔지니어링·연구,True,0.0,True,유찰,등록공고,,Y
20220628,「온나라 노후교체 사업」 SW직접구매(리스 물건) 사업[클라우드 솔루션(VMWare)],2022,국군제9965부대,일반용역,엔지니어링·연구,True,0.0,True,유찰,등록공고,,Y
20220701,22년 ~ 23년 전산장비 통합 유지보수 용역,2022,국군제9965부대,일반용역,엔지니어링·연구,False,6.0,False,낙찰자선정,등록공고,,
20220704,23년 성인지 원격교육 콘텐츠 개발 용역,2022,국방부,일반용역,교육훈련,False,4.0,False,낙찰자선정,등록공고,,Y
20220705,국방통합재난관리정보체계 및 육군 웹메일 기반운영환경 구축사업,2022,국방통합데이터센터,일반용역,엔지니어링·연구,True,0.0,True,유찰,등록공고,,Y
20220705,22년 군인요리대회 행사 용역,2022,국방부,일반용역,경영·행정서비스,False,2.0,False,낙찰자선정,등록공고,,Y
20220711,국방 인터넷 업무공간 시범체계 구축사업,2022,국방통합데이터센터,일반용역,엔지니어링·연구,False,2.0,False,낙찰자선정,등록공고,,Y
20220711,AI를 활용한 주요 인물 감정복합추론 체계 개발,2022,국군제9965부대,일반용역,엔지니어링·연구,False,3.0,False,낙찰자선정,재공고,,Y
20220713,방위사업청/통합급여/상호운용성 고도화 기반운영환경 구축사업,2022,국방통합데이터센터,일반용역,엔지니어링·연구,False,3.0,False,낙찰자선정,등록공고,,Y
20220714,22년 행정정보통합지원체계 성능개선 사업,2022,국방부 국방전산정보원,일반용역,엔지니어링·연구,False,2.0,False,낙찰자선정,등록공고,,Y
20220714,이미지 데이터 기반 탄약 상태판별 모델 개발,2022,국방부,일반용역,엔지니어링·연구,False,2.0,False,낙찰자선정,재공고,,Y
20220714,22년 국방인사정보체계 유지보수 사업,2022,국방부 국방전산정보원,일반용역,엔지니어링·연구,True,0.0,True,유찰,등록공고,,Y
20220714,2022년 전군 감염병 감시지원체계 ISP사업,2022,국방부 국군의무사령부,일반용역,경영·행정서비스,False,3.0,False,낙찰자선정,등록공고,,Y
20220719,국방성폭력예방대응 정보시스템(PSVIS) 구축 사업,2022,국방부 국방전산정보원,일반용역,엔지니어링·연구,True,0.0,True,유찰,등록공고,,Y
20220719,22년 화이트햇 콘테스트,2022,4284부대,일반용역,경영·행정서비스,True,0.0,True,유찰,등록공고,,
20220727,2022년 000체계 성능개선,2022,국방부 국방정보본부,일반용역,엔지니어링·연구,True,2.0,False,유찰,등록공고,,Y
20220801,2022년 국방일보 홈페이지(모바일 포함) 전면 개편사업,2022,국방부 국방홍보원,일반용역,엔지니어링·연구,False,2.0,False,낙찰자선정,등록공고,,Y
20220811,방위사업 교육포털시스템 구축사업 감리용역,2022,방위사업청,일반용역,경영·행정서비스,True,0.0,True,유찰,등록공고,,Y
20220812,2022년 000체계 성능개선,2022,국방부 국방정보본부,일반용역,엔지니어링·연구,False,2.0,False,낙찰자선정,재공고,,Y
20220906,차세대 국방통합급여정보체계 구축 사업,2022,국방부 국군재정관리단,일반용역,엔지니어링·연구,True,0.0,True,유찰,변경공고,,
20220818,야전지휘소용 무선 네트워크 핵심기술 검증,2022,육군본부 기획관리참모부,일반용역,엔지니어링·연구,True,2.0,False,유찰,등록공고,,Y
20220822,22년 국방과학기술과정 교육 운영 위탁 용역,2022,국방부,일반용역,경영·행정서비스,True,0.0,True,유찰,등록공고,,Y
20220823,e시스템 운영환경 고도화 사업,2022,국방부 국방전산정보원,일반용역,엔지니어링·연구,True,0.0,True,유찰,등록공고,,Y
20220825,2022년 국군수도병원 본관동 기계설비 성능점검 용역,2022,국군수도병원,일반용역,건설·시설서비스,False,91.0,False,낙찰자선정,등록공고,,
20220831,22년 전군 공보정훈장교 워크숍 계약,2022,국방부 국군조직 국방정신전력원,일반용역,엔지니어링·연구,False,2.0,False,낙찰자선정,등록공고,,
20220901,국방의료정보체계 성능개선 사업,2022,국방부 국군의무사령부,일반용역,엔지니어링·연구,True,2.0,False,유찰,등록공고,,Y
20220902,방위사업 교육포털시스템 구축사업 감리용역,2022,방위사업청,일반용역,경영·행정서비스,False,4.0,False,낙찰자선정,재공고,,
20220915,차세대 국방통합급여정보체계 구축 감리 용역,2022,국방부 국군재정관리단,일반용역,경영·행정서비스,False,2.0,False,낙찰자선정,등록공고,,
20220915,육군 모바일 업무수행체계 보안실증사업,2022,육군본부 기획관리참모부,일반용역,엔지니어링·연구,False,2.0,False,낙찰자선정,등록공고,,Y
20220927,차세대 국방통합급여정보체계 구축 개인정보영향평가 용역,2022,국방부 국군재정관리단,일반용역,경영·행정서비스,False,2.0,False,낙찰자선정,변경공고,,
20220921,야전지휘소용 무선 네트워크 핵심기술 검증,2022,육군본부 기획관리참모부,일반용역,엔지니어링·연구,True,0.0,True,유찰,재공고,,Y
20220928,23-24년 보안관제용역,2022,방위사업청,일반용역,엔지니어링·연구,True,0.0,True,유찰,등록공고,,
20220928,2022 화이트햇 컨퍼런스 행사대행 용역,2022,4284부대,일반용역,경영·행정서비스,False,2.0,False,낙찰자선정,등록공고,,
20221004,22년 전군 암호장비 유지보수 용역,2022,국방부 국군지휘통신사령부,일반용역,엔지니어링·연구,True,0.0,True,유찰,등록공고,,Y
20221006,23-24 정보시스템 통합유지보수 사업,2022,방위사업청,일반용역,엔지니어링·연구,True,0.0,True,유찰,등록공고,,
20221005,23년 MS-GRPS 유지보수용역 계약,2022,국군제9965부대,일반용역,엔지니어링·연구,True,0.0,True,유찰,등록공고,,
20221013,23년 국방연동관리체계(DIMS) 유지보수 사업,2022,국방부 국방전산정보원,일반용역,엔지니어링·연구,True,0.0,True,유찰,등록공고,,Y
20221012,국방일보 사진DB 고도화 및 국방사진아카이브 기본소스 구축 연구용역,2022,국방부 국방홍보원,일반용역,경영·행정서비스,False,2.0,False,낙찰자선정,등록공고,,
20221018,23~24년 국방행정관리체계 통합유지보수 사업,2022,국방부 국방전산정보원,일반용역,엔지니어링·연구,True,0.0,True,유찰,등록공고,,
20221017,차세대 국방통합급여정보체계 구축 사업,2022,국방부 국군재정관리단,일반용역,엔지니어링·연구,True,0.0,True,유찰,재공고,,
20221017,국방의료정보체계 성능개선 사업,2022,국방부 국군의무사령부,일반용역,엔지니어링·연구,False,3.0,False,낙찰자선정,재공고,,
20221018,국방 표준 자연어(음성/텍스트) 데이테셋 구축,2022,육군본부 기획관리참모부,일반용역,엔지니어링·연구,True,0.0,True,유찰,등록공고,,Y
20221021,스마트 인재관리시스템 구축 감리 용역사업,2022,육군 인사사령부,일반용역,경영·행정서비스,False,2.0,False,낙찰자선정,등록공고,,Y
20221025,2023년 국방TV 외주제작(강군365) 사업자 선정,2022,국방부 국방홍보원,일반용역,편집·디자인,False,3.0,False,낙찰자선정,등록공고,,Y
20221025,2023년 국방TV 송출대행사 선정,2022,국방부 국방홍보원,일반용역,경영·행정서비스,False,2.0,False,낙찰자선정,등록공고,,Y
20221025,23~24년 국방 사이버지식정보방 등 유지보수 사업,2022,국방부 국방전산정보원,일반용역,엔지니어링·연구,False,3.0,False,낙찰자선정,등록공고,,Y
20221026,국방성폭력예방대응 정보시스템(PSVIS) 구축 사업 감리용역,2022,국방부 국방전산정보원,일반용역,경영·행정서비스,False,3.0,False,낙찰자선정,등록공고,,Y
20221026,2023년 국방TV 외주제작(뮤직캠프) 사업자 선정,2022,국방부 국방홍보원,일반용역,편집·디자인,False,3.0,False,낙찰자선정,등록공고,,Y
20221028,000노후시스템 교체사업,2022,국군제9965부대,일반용역,엔지니어링·연구,True,0.0,True,유찰,등록공고,,Y
20221027,2023년 국방TV NPS시스템 정기 유지관리 사업,2022,국방부 국방홍보원,일반용역,엔지니어링·연구,True,0.0,True,유찰,등록공고,,Y
20221027,23년 정보화교육 위탁 사업,2022,국방부 국방전산정보원,일반용역,교육훈련,True,0.0,True,유찰,등록공고,,
20221031,2023년 귀환 국군포로 정착지원사업,2022,국방부,일반용역,경영·행정서비스,True,0.0,True,유찰,등록공고,,Y
20221101,케이블TV SO분배망 서비스,2022,국방부 국방홍보원,일반용역,경영·행정서비스,True,0.0,True,유찰,등록공고,,Y
20221103,2023년 국방TV 외주제작(병영의 달인) 사업자 선정,2022,국방부 국방홍보원,일반용역,편집·디자인,False,2.0,False,낙찰자선정,등록공고,,Y
20221102,군 책임운영기관 2022년 업무성과 평가,2022,국방부,일반용역,경영·행정서비스,True,0.0,True,유찰,등록공고,,
20221102,23년 간부 e-지식복지사업,2022,국방부,일반용역,경영·행정서비스,True,0.0,True,유찰,등록공고,,Y
20221103,22년 전군 암호장비 유지보수 용역,2022,국방부 국군지휘통신사령부,일반용역,엔지니어링·연구,True,0.0,True,유찰,재공고,,
20221103,국방부 청사 사무실 등 이사,2022,국방부,일반용역,운송·물류,False,56.0,False,낙찰자선정,등록공고,,
20221107,국방의료정보체계 성능개선 감리사업,2022,국방부 국군의무사령부,일반용역,경영·행정서비스,False,2.0,False,낙찰자선정,등록공고,,Y
20221104,2023년 국방홍보원 정보시스템 유지보수 사업,2022,국방부 국방홍보원,일반용역,엔지니어링·연구,True,0.0,True,유찰,등록공고,,Y
20221107,국방부 온북 시범적용 사업,2022,국방부,일반용역,엔지니어링·연구,False,5.0,False,낙찰자선정,등록공고,,Y
20221110,23년 C4ISR분석모델 유지관리 용역사업,2022,국방부 합동참모본부,일반용역,엔지니어링·연구,True,0.0,True,유찰,등록공고,,
20221107,23년 장병자기개발 학습콘텐츠,2022,국방부,일반용역,경영·행정서비스,True,0.0,True,유찰,등록공고,,Y
20221110,정보업무체계 클라우드 구축 사업,2022,국군제9965부대,일반용역,엔지니어링·연구,False,2.0,False,낙찰자선정,등록공고,,Y
20221110,비전21모델 성능개량 체계개발 PMO사업,2022,방위사업청,일반용역,경영·행정서비스,False,2.0,False,낙찰자선정,등록공고,,Y
20221110,2023년 국방일보 모바일 뉴스레터 발행 및 뉴미디어 홍보 용역,2022,국방부 국방홍보원,일반용역,경영·행정서비스,False,3.0,False,낙찰자선정,등록공고,,Y
20221111,23-24년 보안관제용역,2022,방위사업청,일반용역,엔지니어링·연구,True,0.0,True,유찰,재공고,,
20221111,2023년도 국방일보 인쇄 및 배달 용역사업,2022,국방부 국방홍보원,일반용역,편집·디자인,True,0.0,True,유찰,등록공고,,Y
20221116,2023년 국방홍보원 온라인 중계방송(소셜라이브) 운영,2022,국방부 국방홍보원,일반용역,경영·행정서비스,False,2.0,False,낙찰자선정,등록공고,,Y
20221123,23년 전구급 분석모델 지상전 평가 용역,2022,국방부 합동참모본부,일반용역,엔지니어링·연구,True,0.0,True,유찰,등록공고,,Y
20221117,방위사업청 출입보안시스템 용역사업,2022,방위사업청,일반용역,국방·보안서비스,False,2.0,False,낙찰자선정,등록공고,,Y
20221121,23-24 정보시스템 통합유지보수 사업,2022,방위사업청,일반용역,엔지니어링·연구,True,0.0,True,유찰,재공고,,
20221119,23년 분석기술 용역사업,2022,국방부 합동참모본부,일반용역,경영·행정서비스,True,0.0,True,유찰,등록공고,,Y
20221121,23년 합동지속지원모의모델 유지관리 용역사업,2022,국방부 합동참모본부,일반용역,엔지니어링·연구,True,0.0,True,유찰,등록공고,,Y
20221128,23~24년 운용지원관 용역,2022,국방부 합동참모본부,일반용역,경영·행정서비스,True,0.0,True,유찰,등록공고,,Y
20221128,23-24년 전산장비 유지보수,2022,국방부 국방전산정보원,일반용역,엔지니어링·연구,False,3.0,False,낙찰자선정,등록공고,,Y
20221123,23년 국내개발 무기효과자료 구축사업,2022,국방부 합동참모본부,일반용역,경영·행정서비스,True,0.0,True,유찰,등록공고,,Y
20221123,군 책임운영기관 2022년 업무성과 평가,2022,국방부,일반용역,경영·행정서비스,True,0.0,True,유찰,등록공고,,
20221123,23년 연합연습정보체계(CEIS-K),2022,국방부 합동참모본부,일반용역,엔지니어링·연구,True,0.0,True,유찰,등록공고,,Y
20221123,23년 대화력전 모의모델 유지관리 용역사업,2022,국방부 합동참모본부,일반용역,엔지니어링·연구,True,0.0,True,유찰,등록공고,,Y
20221124,23년 지상무기효과분석모델 유지관리 용역사업,2022,국방부 합동참모본부,일반용역,엔지니어링·연구,True,0.0,True,유찰,등록공고,,Y
20221124,간부 및 군무원 민간 심리상담 지원 용역,2022,국방부,일반용역,경영·행정서비스,False,4.0,False,낙찰자선정,등록공고,,Y
20221124,23~24년 기술지원관 용역사업,2022,국방부 합동참모본부,일반용역,경영·행정서비스,True,0.0,True,유찰,등록공고,,Y
20221129,23년 합동정보모의모델 유지관리 용역사업,2022,국방부 합동참모본부,일반용역,엔지니어링·연구,True,0.0,True,유찰,등록공고,,Y
20221129,23년 국방부 종합홍보 용역,2022,국방부,일반용역,경영·행정서비스,False,2.0,False,낙찰자선정,등록공고,,Y
20221130,23년 민군작전모의모델 유지관리 용역사업,2022,국방부 합동참모본부,일반용역,엔지니어링·연구,True,0.0,True,유찰,등록공고,,Y
20221202,23~27년 군 차량보험,2022,국방부 국군수송사령부,일반용역,금융·보험,False,2.0,False,낙찰자선정,등록공고,,
20221206,2023년 국방홍보원 홈페이지(모바일 포함) 통합운영유지 및 개선사업,2022,국방부 국방홍보원,일반용역,엔지니어링·연구,True,0.0,True,유찰,등록공고,,Y
20221209,2023년 위문열차 공연 진행/분장/의자설치 등,2022,국방부 국방홍보원,일반용역,경영·행정서비스,True,0.0,True,유찰,등록공고,,
20221208,23년 연합연습정보체계(CEIS-K),2022,국방부 합동참모본부,일반용역,엔지니어링·연구,True,0.0,True,유찰,재공고,,
20221208,통합정비관리체계(CIMMS) 유지관리 용역(2023~2024),2022,육군종합정비창,일반용역,엔지니어링·연구,False,2.0,False,낙찰자선정,등록공고,,Y
20221212,2023년 위문열차 공연 HD중계장비 임대설치,2022,국방부 국방홍보원,일반용역,건설·시설서비스,False,2.0,False,낙찰자선정,등록공고,,Y
20221212,23년 통합유지보수,2022,4284부대,일반용역,엔지니어링·연구,False,2.0,False,낙찰자선정,등록공고,,Y
20221214,23년 예비군 웹사이트 휴대폰 본인확인 서비스 운영,2022,국방부,일반용역,경영·행정서비스,True,0.0,True,유찰,등록공고,,Y
20221214,2023년 위문열차공연 무대장비 설치(조명/무대/영상/발전차),2022,국방부 국방홍보원,일반용역,건설·시설서비스,False,2.0,False,낙찰자선정,등록공고,,Y
20221215,장병급식 조달체계 구축 ISP,2022,국방부,일반용역,경영·행정서비스,False,2.0,False,낙찰자선정,등록공고,,Y
20221223,2023년 위문열차 공연 음향장비 설치,2022,국방부 국방홍보원,일반용역,경영·행정서비스,False,2.0,False,낙찰자선정,등록공고,,
20221226,차세대 지능형 SDDC기반 DIDC 구축 사업 관련 가상화 SW 직접구매 및 설치,2022,국방통합데이터센터,일반용역,엔지니어링·연구,True,0.0,True,유찰,등록공고,,
20221227,국방시설통합정보체계 고도화 BPR/ISP,2022,국방부,일반용역,경영·행정서비스,False,4.0,False,낙찰자선정,등록공고,,
20221227,분석실험실 운용장비 정비용역 계약,2022,국방부 합동참모본부,일반용역,엔지니어링·연구,True,0.0,True,유찰,등록공고,,Y
20210203,국방홍보원 신축 소방감리용역,2021,국방부 국방홍보원,기술용역,,False,17.0,False,낙찰자선정,등록공고,,N
20210219,온택트 위문열차 프로그램 참가 장병 및 군가족 경품용 문화상품권 구매,2021,국방부 국방홍보원,물품(내자),종이류,False,7.0,False,낙찰자선정,등록공고,N,N
20210318,문화상품권 구매(2021년 정신전력교육 영상콘텐츠 모니터요원 지급용),2021,국방부 국방홍보원,물품(내자),종이류,False,4.0,False,낙찰자선정,등록공고,N,N
20210831,2021년 국방TV 라디오 방송장비 구매 설치,2021,국방부 국방홍보원,물품(내자),국방·치안·보안,True,0.0,True,유찰,등록공고,,Y
20211028,문화상품권 구매(2021년 국방부 정신전력교육 영상콘텐츠 프로그램 모니터 요원 지급용),2021,국방부 국방홍보원,물품(내자),종이류,True,0.0,True,유찰,등록공고,N,N
20211103,2021년 국방홍보원 정보시스템 도입 사업,2021,국방부 국방홍보원,물품(내자),정보통신,True,0.0,True,유찰,변경공고,,Y
20211108,문화상품권 구매(2021년 국방부 정신전력교육 영상콘텐츠 프로그램 모니터 요원 지급용),2021,국방부 국방홍보원,물품(내자),종이류,False,3.0,False,낙찰자선정,재공고,N,N
20211108,21-2차 취사피복,2021,육군 제32보병사단,물품(내자),피복·개인용품,True,0.0,True,유찰,등록공고,,N
20211209,국방홍보원 신축 관급자재(타일) 구매,2021,국방부 국방홍보원,물품(내자),건축자재,True,0.0,True,유찰,등록공고,N,N
20211215,국방홍보원 신축 관급자재(타일) 구매(재공고),2021,국방부 국방홍보원,물품(내자),건축자재,False,2.0,False,낙찰자선정,등록공고,N,N
20210712,2021년도 국방FM 청취형태 조사,2021,국방부 국방홍보원,일반용역,,False,2.0,False,낙찰자선정,등록공고,,N
20210712,2021년 국방일보 보도사진전(소액수의 견적제출),2021,국방부 국방홍보원,일반용역,,False,53.0,False,낙찰자선정,등록공고,,N
20211025,2022년 국방TV 조명시설장비 정기 유지관리,2021,국방부 국방홍보원,일반용역,,False,737.0,False,개찰완료,등록공고,,N
20211028,2022년도 국방TV 송출대행사 선정,2021,국방부 국방홍보원,일반용역,,True,0.0,True,유찰,변경공고,,Y
20211028,2022년 국방홍보원 홈페이지(모바일포함) 통합운영유지 및 개선사업,2021,국방부 국방홍보원,일반용역,,True,0.0,True,유찰,등록공고,,Y
20211103,2022년 국방일보 조판시스템(CTS) 유지보수 사업,2021,국방부 국방홍보원,일반용역,,True,0.0,True,유찰,등록공고,,N
20211110,2022년도 국방TV 송출대행사 선정,2021,국방부 국방홍보원,일반용역,,True,0.0,True,유찰,재공고,,Y
20211115,2022년도 월간 국방저널 편집용역,2021,국방부 국방홍보원,일반용역,,False,2.0,False,낙찰자선정,등록공고,,Y
20211122,2022년 국방TV 프로그램 세트 설치 해체 용역,2021,국방부 국방홍보원,일반용역,,True,0.0,True,유찰,등록공고,,Y
20211122,2022년 국방TV 분장코디 용역,2021,국방부 국방홍보원,일반용역,,False,2.0,False,낙찰자선정,등록공고,,Y
20211125,(회계연도 시작 전 계약)2022년 국방TV 조명시설 장비 정기 유지관리(실적제한),2021,국방부 국방홍보원,일반용역,,False,52.0,False,낙찰자선정,등록공고,,N
20210517,국립서울현충원 유품전시관 개선관련 전기공사 감리용역,2021,국방부 국립서울현충원,기술용역,,False,65.0,False,낙찰자선정,등록공고,,
20210802,미활용주둔지 21사단 3개부대 토양환경평가용역,2021,국방시설본부,기술용역,,False,14.0,False,낙찰자선정,등록공고,,
20210803,1군지여단 1급양대 등 3개부대 토양환경평가용역,2021,국방시설본부,기술용역,,False,14.0,False,낙찰자선정,등록공고,,
20210803,2사단 보수대대 등 3개부대 토양환경평가용역,2021,국방시설본부,기술용역,,False,13.0,False,낙찰자선정,등록공고,,
20210803,00부대 사령부 토양환경평가용역,2021,국방시설본부,기술용역,,False,10.0,False,낙찰자선정,등록공고,,
20210803,강원 철원지역 00부대 등 3개소 토양환경평가용역,2021,국방시설본부,기술용역,,False,15.0,False,낙찰자선정,등록공고,,
20210803,강원 인제지역 00부대 등 2개소 토양환경평가용역,2021,국방시설본부,기술용역,,False,15.0,False,낙찰자선정,등록공고,,
20210312,21년 장티푸스 백신,2021,육군군수사령부,물품(내자),기타(51),True,0.0,True,유찰,등록공고,,
20210712,"[육군] 21년 화장지(3겹, 35m) 제조 (대한민국상이군경회 수의계약)",2021,육군군수사령부,물품(내자),종이류,False,1.0,False,낙찰자선정,등록공고,,
20210714,"[육군] 21년 화장지(3겹, 35m) 제조 (중증장애인생산품 우선구매사업단 수의계약)",2021,육군군수사령부,물품(내자),종이류,False,1.0,False,낙찰자선정,등록공고,,
20210722,2021년 공드럼 신관(드럼_수송저장용) 제조 계약(수의),2021,국방부,물품(내자),운반·포장,False,1.0,False,낙찰자선정,재공고,Y,
20210817,"[육군] 21년 화장지(3겹, 35m) 제조 (한국장애인개발원 지정 생산시설-한마음사업단)",2021,육군군수사령부,물품(내자),종이류,False,1.0,False,낙찰자선정,등록공고,,
20210121,51탄약대대 제습설비 공사-자동제어,2021,육군 제1군단,물품(내자),전기·조명,False,1.0,False,낙찰자선정,등록공고,,
20210120,상무대 고군 독신숙소 개수공사 - 자동제어,2021,육군상무대근무지원단,물품(내자),전기·조명,False,1.0,False,낙찰자선정,등록공고,,
20210121,00부대 이글루-자동제어,2021,육군 제1군단,물품(내자),전기·조명,False,1.0,False,낙찰자선정,등록공고,,
20210315,60톤 유압기중기 제조입찰,2021,해군군수사령부,물품(내자),운반·포장,False,1.0,False,낙찰자선정,등록공고,Y,
20210310,해군 대형굴삭기 차륜형 등 2품목 제조,2021,해군군수사령부,물품(내자),건설장비,True,0.0,True,유찰,등록공고,Y,
20210319,대형굴삭기 차륜형 등 2품목 제조,2021,해군군수사령부,물품(내자),건설장비,False,1.0,False,낙찰자선정,등록공고,Y,
20210324,해군 소형굴삭기 궤도형 제조,2021,해군군수사령부,물품(내자),건설장비,False,1.0,False,낙찰자선정,등록공고,Y,
20210407,"21년관물함(침상형,침대형)",2021,육군군수사령부,물품(내자),가구,True,0.0,True,유찰,등록공고,,
20210331,15사단 다목적체육관 시설공사(무대기계장치),2021,육군 제15보병사단,물품(내자),건축자재,False,1.0,False,낙찰자선정,등록공고,,
20210401,21년 육군 유흡착포 구매,2021,육군군수사령부,물품(내자),청소장비,True,0.0,True,유찰,등록공고,Y,
20210413,전투식량 1형(3식단) 조달,2021,육군군수사령부,물품(내자),식품,False,1.0,False,낙찰자선정,등록공고,Y,
20210413,전투식량1형(2식단) 조달,2021,육군군수사령부,물품(내자),식품,False,1.0,False,낙찰자선정,등록공고,Y,
20210413,특수작전식량 조달,2021,육군군수사령부,물품(내자),식품,False,1.0,False,낙찰자선정,등록공고,Y,
20210414,해군 로더스쿠프 제조,2021,해군군수사령부,물품(내자),건설장비,False,1.0,False,낙찰자선정,등록공고,Y,
20210414,2021년 국방FM 방송시스템 구매 설치,2021,국방부 국방홍보원,물품(내자),인쇄·영상,False,1.0,False,낙찰자선정,등록공고,N,Y
20210427,2021년육군군수사고춧가루(임가공김치용)조달,2021,육군군수사령부,물품(내자),식품,False,1.0,False,낙찰자선정,등록공고,,
20210420,"21년 육군군수사령부 관물함(침상형,침대형) 조달",2021,육군군수사령부,물품(내자),가구,False,1.0,False,낙찰자선정,등록공고,Y,
20210421,21년K9자주포전용부동액구매,2021,육군군수사령부,물품(내자),차량·수송장비,True,0.0,True,유찰,등록공고,,
20210427,2021년 육군군수사 고춧가루(조미용) 조달,2021,육군군수사령부,물품(내자),식품,False,1.0,False,낙찰자선정,등록공고,,
20210427,"노즐, 소방호스용 등 2품목 조달",2021,해군군수사령부,물품(내자),국방·치안·보안,False,1.0,False,낙찰자선정,등록공고,Y,
20210429,전투식량1형(1식단) 조달,2021,육군군수사령부,물품(내자),식품,False,1.0,False,낙찰자선정,등록공고,Y,
20210503,21년K9자주포전용부동액구매,2021,육군군수사령부,물품(내자),차량·수송장비,False,1.0,False,낙찰자선정,등록공고,,
20210507,인공호흡기 구매,2021,해군군수사령부,물품(내자),의료장비,False,1.0,False,낙찰자선정,등록공고,,
20210510,자기공명전산화단층촬영장치(MRI) 구매,2021,해군군수사령부,물품(내자),의료장비,False,1.0,False,낙찰자선정,등록공고,N,
20210511,"병기손질유(일반용(PL-MED), 반유동체(LSA))",2021,육군군수사령부,물품(내자),연료·유류,True,0.0,True,유찰,등록공고,Y,
20210511,"2021년 육군군수사령관 조미김(세절형) 조달[수의, 평화용사촌]",2021,육군군수사령부,물품(내자),식품,False,1.0,False,낙찰자선정,등록공고,,
20210517,2021년 육군군수사령부 식초(양조식초) 조달,2021,육군군수사령부,물품(내자),식품,False,1.0,False,낙찰자선정,등록공고,,
20210513,해병대 잠수사추진기,2021,해병 제9691부대,물품(내자),스포츠·레저,False,1.0,False,낙찰자선정,등록공고,Y,
20210513,2021년 육군군수사령부 옥수수기름 구매 (678),2021,육군군수사령부,물품(내자),식품,False,1.0,False,낙찰자선정,등록공고,Y,
20210514,21년 차량용 축전지 제조 납품,2021,육군군수사령부,물품(내자),발전·배전,False,1.0,False,낙찰자선정,등록공고,Y,
20210514,식육가공품(햄슬라이스) 조달[수의계약(보은용사촌)],2021,육군군수사령부,물품(내자),식품,False,1.0,False,낙찰자선정,등록공고,,
20210514,식육가공품(치킨너겟) 조달[수의(보은용사촌)],2021,육군군수사령부,물품(내자),식품,False,1.0,False,낙찰자선정,등록공고,,
20210514,일반의약품(수액류),2021,육군군수사령부,물품(내자),기타(51),True,0.0,True,유찰,등록공고,N,
20210525,화상거즈 제조납품,2021,육군군수사령부,물품(내자),의료장비,False,1.0,False,낙찰자선정,등록공고,,
20210525,"병기손질유(윤활유, 일반용(PL-SP))",2021,육군군수사령부,물품(내자),연료·유류,True,0.0,True,유찰,등록공고,Y,
20210527,윤활유(증기터빈용) 구매,2021,해군군수사령부,물품(내자),연료·유류,True,0.0,True,유찰,등록공고,Y,
20210603,배추김치(완제품_수의(상이군경회)),2021,육군군수사령부,물품(내자),식품,False,1.0,False,낙찰자선정,등록공고,,
20210603,21년 육군 전투복 수의계약(부산의용촌),2021,육군군수사령부,물품(내자),피복·개인용품,False,1.0,False,낙찰자선정,등록공고,,
20210603,21년 육군 전투복 수의계약(전우),2021,육군군수사령부,물품(내자),피복·개인용품,False,1.0,False,낙찰자선정,등록공고,,
20210603,21년 육군 전투복 수의계약(고엽제전우회),2021,육군군수사령부,물품(내자),피복·개인용품,False,1.0,False,낙찰자선정,등록공고,,
20210603,21년 육군 전투복 수의계약(평화용사촌),2021,육군군수사령부,물품(내자),피복·개인용품,False,1.0,False,낙찰자선정,등록공고,,
20210603,21년 육군 전투복 수의계약(동진복지재단),2021,육군군수사령부,물품(내자),피복·개인용품,False,1.0,False,낙찰자선정,등록공고,,
20210603,배추김치(완제품_수의(아그네스)),2021,육군군수사령부,물품(내자),식품,False,1.0,False,낙찰자선정,등록공고,,
20210603,배추김치(임가공)_수의(상이군경회) 조달,2021,육군군수사령부,물품(내자),식품,False,1.0,False,낙찰자선정,등록공고,,
20210603,배추김치(임가공)_수의(아그네스) 조달,2021,육군군수사령부,물품(내자),식품,False,1.0,False,낙찰자선정,등록공고,,
20210603,깍두기(임가공_수의(상이군경회)) 조달,2021,육군군수사령부,물품(내자),식품,False,1.0,False,낙찰자선정,등록공고,,
20210603,총각김치수의(상이군경회),2021,육군군수사령부,물품(내자),식품,False,1.0,False,낙찰자선정,등록공고,,
20210603,열무김치(수의_상이군경회),2021,육군군수사령부,물품(내자),식품,False,1.0,False,낙찰자선정,등록공고,,
20210603,백김치(수의_상이군경회) 조달,2021,육군군수사령부,물품(내자),식품,False,1.0,False,낙찰자선정,등록공고,,
20210603,오이소박이 (수의_상이군경회),2021,육군군수사령부,물품(내자),식품,False,1.0,False,낙찰자선정,등록공고,,
20210603,갓김치_ 수의(상이군경회),2021,육군군수사령부,물품(내자),식품,False,1.0,False,낙찰자선정,등록공고,,
20210604,숙성김치(수의_상이군경회),2021,육군군수사령부,물품(내자),식품,False,1.0,False,낙찰자선정,등록공고,,
20210609,엔진용윤활유(자동차용) 구매,2021,육군군수사령부,물품(내자),연료·유류,True,0.0,True,유찰,등록공고,Y,
20210604,깍두기(완제품_수의(상이군경회)),2021,육군군수사령부,물품(내자),식품,False,1.0,False,낙찰자선정,등록공고,,
20210607,2021년 육군군수사령부 설탕 조달,2021,육군군수사령부,물품(내자),식품,False,1.0,False,낙찰자선정,등록공고,Y,
20210609,육군 잠수사추진기 6대,2021,육군군수사령부,물품(내자),스포츠·레저,False,1.0,False,낙찰자선정,등록공고,Y,
20210616,"병기손질유(일반용(PL-MED), 반유동체(LSA))",2021,육군군수사령부,물품(내자),연료·유류,False,1.0,False,낙찰자선정,등록공고,Y,
20210621,저상형트레일러 구매(육군),2021,육군군수사령부,물품(내자),차량·수송장비,False,1.0,False,낙찰자선정,등록공고,,
20210621,군용 반합 제조,2021,육군군수사령부,물품(내자),스포츠·레저,False,1.0,False,낙찰자선정,등록공고,Y,
20210621,의약품(아세트아미노펜)구매,2021,육군군수사령부,물품(내자),기타(51),False,1.0,False,낙찰자선정,등록공고,N,
20210623,해군 수소전기버스 제조,2021,해군군수사령부,물품(내자),차량·수송장비,False,1.0,False,낙찰자선정,등록공고,,
20210623,육군 수소전기버스 제조,2021,육군군수사령부,물품(내자),차량·수송장비,False,1.0,False,낙찰자선정,등록공고,,
20210624,윤활유(증기터빈용) 구매,2021,해군군수사령부,물품(내자),연료·유류,False,1.0,False,낙찰자선정,등록공고,Y,
20210624,윤활유(유압작동유) 구매,2021,육군군수사령부,물품(내자),연료·유류,True,0.0,True,유찰,등록공고,Y,
20210624,21년 육군 방상외피 수의계약(부산의용촌),2021,육군군수사령부,물품(내자),피복·개인용품,False,1.0,False,낙찰자선정,등록공고,,
20210625,하강고리 등 2품목 조달,2021,육군군수사령부,물품(내자),국방·치안·보안,False,1.0,False,낙찰자선정,등록공고,Y,
20210628,21년 공군 면도기 조달,2021,공군군수사령부,물품(내자),피복·개인용품,False,1.0,False,낙찰자선정,등록공고,N,
20210629,21년 고성능 그리스 구매,2021,육군군수사령부,물품(내자),연료·유류,True,0.0,True,유찰,등록공고,Y,
20210629,엔진용윤활유,2021,육군군수사령부,물품(내자),연료·유류,False,1.0,False,낙찰자선정,등록공고,Y,
20210630,장방형경광등(차량용)-현장설치도,2021,육군군수사령부,물품(내자),전기·조명,False,1.0,False,낙찰자선정,등록공고,Y,
20210630,공군 수소전기버스 제조,2021,공군군수사령부,물품(내자),차량·수송장비,False,1.0,False,낙찰자선정,등록공고,,
20210701,"(해군) 21년 화장지(3겹, 35m) 제조 (한국장애인개발원 지정 생산시설)",2021,해군군수사령부,물품(내자),종이류,False,1.0,False,낙찰자선정,등록공고,,
20210701,(해군) 21년 점보롤화장지 제조 (한국장애인개발원 지정 생산시설),2021,해군군수사령부,물품(내자),종이류,False,1.0,False,낙찰자선정,등록공고,,
20210705,2021년 육군군수사령부 주입구(플라스틱) 조달(수의),2021,육군군수사령부,물품(내자),공구,False,1.0,False,낙찰자선정,등록공고,Y,
20210706,21년 육군 방상내피 수의계약(518민주화운동부상자회),2021,육군군수사령부,물품(내자),피복·개인용품,False,1.0,False,낙찰자선정,등록공고,,
20210706,윤활유(기어용) 구매,2021,육군군수사령부,물품(내자),연료·유류,False,1.0,False,낙찰자선정,등록공고,Y,
20210709,21년 공군 구두약 조달(재공고),2021,공군군수사령부,물품(내자),청소장비,False,1.0,False,낙찰자선정,등록공고,Y,
20210712,21년 공군 방상내피 수의계약(나눔복지재단),2021,공군군수사령부,물품(내자),피복·개인용품,False,1.0,False,낙찰자선정,등록공고,,
20210712,2021년 육군군수사령부 황태채무침(수의) 조달,2021,육군군수사령부,물품(내자),식품,False,1.0,False,낙찰자선정,등록공고,,
20210712,2021년 육군군수사령부 황태찜(수의) 조달,2021,육군군수사령부,물품(내자),식품,False,1.0,False,낙찰자선정,등록공고,,
20210712,육군 사각팬티 수의계약물량(518민주화운동부상자회),2021,육군군수사령부,물품(내자),피복·개인용품,False,1.0,False,낙찰자선정,등록공고,,
20210714,"병기손질유(윤활유, 일반용(PL-SP))",2021,육군군수사령부,물품(내자),연료·유류,False,1.0,False,낙찰자선정,등록공고,Y,
20210715,21년 고성능 그리스 구매,2021,육군군수사령부,물품(내자),연료·유류,True,0.0,True,유찰,등록공고,Y,
20210716,저상형트레일러 구매,2021,해군군수사령부,물품(내자),차량·수송장비,False,1.0,False,낙찰자선정,등록공고,,
20210716,해군 경호용승용차 제조,2021,해군군수사령부,물품(내자),차량·수송장비,False,1.0,False,낙찰자선정,등록공고,Y,
20210720,해군 천연방충탈취제 조달,2021,해군군수사령부,물품(내자),청소장비,False,1.0,False,낙찰자선정,등록공고,Y,
20210726,하강고리 등 3품목 조달,2021,해군군수사령부,물품(내자),국방·치안·보안,False,1.0,False,낙찰자선정,변경공고,,
20210726,육군면양말수의계약물량(대방용사촌),2021,육군군수사령부,물품(내자),피복·개인용품,False,1.0,False,낙찰자선정,등록공고,,
20210726,육군면양말수의계약물량(해오름복지재단),2021,육군군수사령부,물품(내자),피복·개인용품,False,1.0,False,낙찰자선정,등록공고,,
20210727,2021년 육군군수사령부 떡국떡 조달(수의),2021,육군군수사령부,물품(내자),식품,False,1.0,False,낙찰자선정,등록공고,Y,
20210802,2021년 육군군수사령부 옥수수기름 구매 (91011),2021,육군군수사령부,물품(내자),식품,False,1.0,False,낙찰자선정,등록공고,Y,
20210805,안전벨트 제조 구매,2021,육군군수사령부,물품(내자),국방·치안·보안,False,1.0,False,낙찰자선정,등록공고,,
20210806,90톤급 트럭크레인(상용),2021,방위사업청,물품(내자),운반·포장,False,1.0,False,낙찰자선정,등록공고,Y,
20210813,21년 차량용 축전지(PTC-100) 제조 납품,2021,육군군수사령부,물품(내자),발전·배전,False,1.0,False,낙찰자선정,등록공고,Y,
20210812,21년 군수품(고무보트) 구매,2021,해군군수사령부,물품(내자),차량·수송장비,False,1.0,False,낙찰자선정,등록공고,Y,
20210817,21년육군군수사령부 [신발장] 조달,2021,육군군수사령부,물품(내자),가구,False,1.0,False,낙찰자선정,등록공고,Y,
20210818,(육군) 21년 산악로프(50m) 제조,2021,육군군수사령부,물품(내자),제조부품,False,1.0,False,낙찰자선정,등록공고,Y,
20210819,"전투식량, 즉각취식형(1식단) 조달",2021,육군군수사령부,물품(내자),식품,False,1.0,False,낙찰자선정,등록공고,Y,
20210819,"전투식량, 즉각취식형(2식단) 조달",2021,육군군수사령부,물품(내자),식품,False,1.0,False,낙찰자선정,등록공고,Y,
20210826,기중기 60톤 제조 입찰 건,2021,공군군수사령부,물품(내자),운반·포장,False,1.0,False,낙찰자선정,등록공고,N,
20210825,육군 동내의 수의계약물량 제조(화랑재활용사촌복지조합),2021,육군군수사령부,물품(내자),피복·개인용품,False,1.0,False,낙찰자선정,등록공고,,
20210825,육군 동내의 수의계약물량 제조(518민주화운동부상자회),2021,육군군수사령부,물품(내자),피복·개인용품,False,1.0,False,낙찰자선정,등록공고,,
20210830,21년 육군 정복 수의계약(무궁화용사촌),2021,육군군수사령부,물품(내자),피복·개인용품,False,1.0,False,낙찰자선정,등록공고,,
20210901,"취사기구소독보관함(중형,대형) 제조 조달",2021,육군군수사령부,물품(내자),서비스산업장비,False,1.0,False,낙찰자선정,등록공고,,
20210830,21년육군 근무복 수의계약(무궁화용사촌),2021,육군군수사령부,물품(내자),피복·개인용품,False,1.0,False,낙찰자선정,등록공고,,
20210831,21년 육군 방상내피 수의계약(한국신체장애인복지회),2021,육군군수사령부,물품(내자),피복·개인용품,False,1.0,False,낙찰자선정,등록공고,,
20210901,육군 동운동복 수의계약물량 제조(GNT부산의용촌),2021,육군군수사령부,물품(내자),피복·개인용품,False,1.0,False,낙찰자선정,등록공고,,
20210901,21년 육군 방상외피 수의계약(한국척수장애인협회),2021,육군군수사령부,물품(내자),피복·개인용품,False,1.0,False,낙찰자선정,등록공고,,
20210903,육군 하운동복 수의계약물량 제조(전우),2021,육군군수사령부,물품(내자),피복·개인용품,False,1.0,False,낙찰자선정,등록공고,,
20210902,21년 방상내피 수의계약(한국장애인중심기업협회),2021,육군군수사령부,물품(내자),피복·개인용품,False,1.0,False,낙찰자선정,등록공고,,
20210903,육군 하운동복 수의계약물량 제조(한국신체장애인복지회),2021,육군군수사령부,물품(내자),피복·개인용품,False,1.0,False,낙찰자선정,등록공고,,
20210903,육군 하운동복 수의계약물량 제조(연광복지재단),2021,육군군수사령부,물품(내자),피복·개인용품,False,1.0,False,낙찰자선정,등록공고,,
20210903,육군 하운동복 수의계약물량 제조(나눔복지재단),2021,육군군수사령부,물품(내자),피복·개인용품,False,1.0,False,낙찰자선정,등록공고,,
20210903,육군 하운동복 수의계약물량 제조(한국농아인협회),2021,육군군수사령부,물품(내자),피복·개인용품,False,1.0,False,낙찰자선정,등록공고,,
20210903,육군 하운동복 수의계약물량 제조(부산시남구장애인협회),2021,육군군수사령부,물품(내자),피복·개인용품,False,1.0,False,낙찰자선정,등록공고,,
20210903,육군 하운동복 수의계약물량 제조(한국기능장애인협회),2021,육군군수사령부,물품(내자),피복·개인용품,False,1.0,False,낙찰자선정,등록공고,,
20210903,육군 춘추운동복 수의계약물량 제조(평화용사촌복지공장),2021,육군군수사령부,물품(내자),피복·개인용품,False,1.0,False,낙찰자선정,등록공고,,
20210903,육군 춘추운동복 수의계약물량 제조(동진복지재단),2021,육군군수사령부,물품(내자),피복·개인용품,False,1.0,False,낙찰자선정,등록공고,,
20210903,육군 춘추운동복 수의계약물량 제조(연광복지재단),2021,육군군수사령부,물품(내자),피복·개인용품,False,1.0,False,낙찰자선정,등록공고,,
20210903,육군 춘추운동복 수의계약물량 제조(한국기능장애인협회),2021,육군군수사령부,물품(내자),피복·개인용품,False,1.0,False,낙찰자선정,등록공고,,
20210903,육군 춘추운동복 수의계약물량 제조(부산시남구장애인협회),2021,육군군수사령부,물품(내자),피복·개인용품,False,1.0,False,낙찰자선정,등록공고,,
20210903,육군 춘추운동복 수의계약물량 제조(누리복지회),2021,육군군수사령부,물품(내자),피복·개인용품,False,1.0,False,낙찰자선정,등록공고,,
20210906,육군 동운동복 수의계약물량 제조(한국신체장애인복지회),2021,육군군수사령부,물품(내자),피복·개인용품,False,1.0,False,낙찰자선정,등록공고,,
20210906,육군 동운동복 수의계약물량 제조(동진복지재단),2021,육군군수사령부,물품(내자),피복·개인용품,False,1.0,False,낙찰자선정,등록공고,,
20210906,육군 동운동복 수의계약물량 제조(나눔복지재단),2021,육군군수사령부,물품(내자),피복·개인용품,False,1.0,False,낙찰자선정,등록공고,,
20210906,육군 동운동복 수의계약물량 제조(연광복지재단),2021,육군군수사령부,물품(내자),피복·개인용품,False,1.0,False,낙찰자선정,등록공고,,
20210906,육군 동운동복 수의계약물량 제조(한국농아인협회),2021,육군군수사령부,물품(내자),피복·개인용품,False,1.0,False,낙찰자선정,등록공고,,
20210906,육군 동운동복 수의계약물량 제조(부산광역시남구장애인협회),2021,육군군수사령부,물품(내자),피복·개인용품,False,1.0,False,낙찰자선정,등록공고,,
20210906,육군 동운동복 수의계약물량 제조(누리복지회),2021,육군군수사령부,물품(내자),피복·개인용품,False,1.0,False,낙찰자선정,등록공고,,
20210906,육군 동운동복 수의계약물량 제조(한국기능장애인협회),2021,육군군수사령부,물품(내자),피복·개인용품,False,1.0,False,낙찰자선정,등록공고,,
20210903,고정형 호흡용 고압공기압축기 조달,2021,해군군수사령부,물품(내자),국방·치안·보안,False,1.0,False,낙찰자선정,등록공고,Y,
20210906,21년 윤활유급유차 제조,2021,해군군수사령부,물품(내자),차량·수송장비,False,1.0,False,낙찰자선정,등록공고,Y,
20210906,"21년육군군수사령부 [회의용탁자(4호,5인용)] 조달",2021,육군군수사령부,물품(내자),가구,False,1.0,False,낙찰자선정,등록공고,Y,
20210908,음압캐리어 제조납품,2021,육군군수사령부,물품(내자),의료장비,False,1.0,False,낙찰자선정,등록공고,Y,
20210909,2021년 전관방송시설 1식,2021,해군군수사령부,물품(내자),인쇄·영상,False,1.0,False,낙찰자선정,등록공고,Y,
20210910,파김치_수의(상이군경회),2021,육군군수사령부,물품(내자),식품,False,1.0,False,낙찰자선정,등록공고,,
20210913,다목적 실내체육관 신축 무대장치 구매,2021,제 5보병사단,물품(내자),건축자재,False,1.0,False,낙찰자선정,등록공고,,
20210913,공군 동운동복 수의계약물량 제조(무궁화용사촌),2021,공군군수사령부,물품(내자),피복·개인용품,False,1.0,False,낙찰자선정,등록공고,,
20210913,육군 동운동복 수의계약물량 제조(다솜),2021,육군군수사령부,물품(내자),피복·개인용품,False,1.0,False,낙찰자선정,등록공고,,
20210913,육군 춘추운동복 수의계약물량 제조(다솜),2021,육군군수사령부,물품(내자),피복·개인용품,False,1.0,False,낙찰자선정,등록공고,,
20210913,육군 하운동복 수의계약물량 제조(다솜),2021,육군군수사령부,물품(내자),피복·개인용품,False,1.0,False,낙찰자선정,등록공고,,
20210913,육군 동운동복 수의계약물량 제조(한국장애인녹색재단),2021,육군군수사령부,물품(내자),피복·개인용품,False,1.0,False,낙찰자선정,등록공고,,
20210913,육군 춘추운동복 수의계약물량 제조(한국장애인녹색재단),2021,육군군수사령부,물품(내자),피복·개인용품,False,1.0,False,낙찰자선정,등록공고,,
20210913,육군 하운동복 수의계약물량 제조(한국장애인녹색재단),2021,육군군수사령부,물품(내자),피복·개인용품,False,1.0,False,낙찰자선정,등록공고,,
20210914,공군 로더스쿠프 제조(재투자),2021,공군군수사령부,물품(내자),건설장비,False,1.0,False,낙찰자선정,등록공고,Y,
20210914,육군 하운동복 수의계약물량 제조(한국척수장애인협회),2021,육군군수사령부,물품(내자),피복·개인용품,False,1.0,False,낙찰자선정,등록공고,,
20210914,육군 춘추운동복 수의계약물량 제조(한국척수장애인협회),2021,육군군수사령부,물품(내자),피복·개인용품,False,1.0,False,낙찰자선정,등록공고,,
20210928,관제탑 콘솔장비 조달,2021,해군군수사령부,물품(내자),국방·치안·보안,False,1.0,False,낙찰자선정,등록공고,Y,
20210928,육군 동내의 수의계약물량 제조(삼덕재단),2021,육군군수사령부,물품(내자),피복·개인용품,False,1.0,False,낙찰자선정,등록공고,,
20210928,육군 동운동복 수의계약물량 제조(삼덕재단),2021,육군군수사령부,물품(내자),피복·개인용품,False,1.0,False,낙찰자선정,등록공고,,
20210928,육군 춘추운동복 수의계약물량 제조(한국장애인기업협회),2021,육군군수사령부,물품(내자),피복·개인용품,False,1.0,False,낙찰자선정,등록공고,,
20210928,육군 하운동복 수의계약물량 제조(한국장애인기업협회),2021,육군군수사령부,물품(내자),피복·개인용품,False,1.0,False,낙찰자선정,등록공고,,
20210928,육군 춘추운동복 수의계약물량 제조(한국장애인중심기업협회),2021,육군군수사령부,물품(내자),피복·개인용품,False,1.0,False,낙찰자선정,등록공고,,
20210928,육군 하운동복 수의계약물량 제조(한국장애인중심기업협회),2021,육군군수사령부,물품(내자),피복·개인용품,False,1.0,False,낙찰자선정,등록공고,,
20210928,공군 소형 차륜굴삭기(재투자) 제조,2021,공군군수사령부,물품(내자),건설장비,False,1.0,False,낙찰자선정,등록공고,Y,
20211007,e시스템 노후장비교체 및 이중화 구축 사업,2021,방위사업청,물품(내자),정보통신,False,1.0,False,낙찰자선정,등록공고,N,
20211006,공군 궤도형 굴착기 제조,2021,공군군수사령부,물품(내자),건설장비,False,1.0,False,낙찰자선정,등록공고,Y,
20211012,체크 밸브 등 22종 제조,2021,해군군수사령부,물품(내자),배관·공조,False,1.0,False,낙찰자선정,등록공고,,
20211014,항공등화(LCU) 구매,2021,공군제16전투비행단,물품(내자),국방·치안·보안,False,1.0,False,낙찰자선정,등록공고,Y,Y
20211018,예비군훈련장 방역게이트 구매,2021,육군본부 기획관리참모부,물품(내자),건축자재,False,1.0,False,낙찰자선정,등록공고,,
20211018,21년 트렉터(해병) 제조,2021,해군군수사령부,물품(내자),차량·수송장비,True,0.0,True,유찰,등록공고,Y,
20211019,(해군) 21년 기름흡착매트 등 2품목 제조(특허제품 수의계약),2021,해군군수사령부,물품(내자),청소장비,False,1.0,False,낙찰자선정,등록공고,,
20211022,수동식의료용침대(3단 조절식) 제조납품,2021,육군군수사령부,물품(내자),의료장비,False,1.0,False,낙찰자선정,등록공고,Y,
20211101,21-해병-6여단 간부숙소 신축 관급(자동제어),2021,해병대제9196부대,물품(내자),전기·조명,False,1.0,False,낙찰자선정,등록공고,,
20211110,21년도 배추김치(김장)_수의(아그네스),2021,육군군수사령부,물품(내자),식품,False,1.0,False,낙찰자선정,등록공고,,
20211110,21년 고성능 그리스 구매,2021,육군군수사령부,물품(내자),연료·유류,False,1.0,False,낙찰자선정,등록공고,Y,
20211111,21년 트럭트랙터 제조,2021,공군군수사령부,물품(내자),차량·수송장비,False,1.0,False,낙찰자선정,등록공고,Y,
20211116,공병교 본청 자동제어 시스템 설치납품,2021,육군상무대근무지원단,물품(내자),전기·조명,False,1.0,False,낙찰자선정,등록공고,Y,
20211116,양압식공기호흡기 예비실린더 등 5품목 조달,2021,해군군수사령부,물품(내자),국방·치안·보안,False,1.0,False,낙찰자선정,등록공고,Y,
20211117,21년 해군 휴대용 영상전송장비,2021,해군군수사령부,물품(내자),정보통신,False,1.0,False,낙찰자선정,등록공고,,
20211123,저시력자 안경테(K1 방독면) 제조 납품,2021,육군군수사령부,물품(내자),의료장비,False,1.0,False,낙찰자선정,등록공고,Y,
20211125,51탄약대대 이글루탄약고 제습설비 관급 자동제어,2021,육군 제1군단,물품(내자),전기·조명,False,1.0,False,낙찰자선정,등록공고,,
20211125,공군 민수용지프(경호용) 제조,2021,공군군수사령부,물품(내자),차량·수송장비,False,1.0,False,낙찰자선정,등록공고,Y,
20211201,오산기지 다목적 체육관 관급자재(무대장치),2021,공군작전사령부근무지원단,물품(내자),건축자재,False,1.0,False,낙찰자선정,등록공고,N,
20211201,공군 이동수사감식차 제조,2021,공군군수사령부,물품(내자),차량·수송장비,False,1.0,False,낙찰자선정,등록공고,Y,
20211209,1급양대 이전사업 신축 관급 자동제어,2021,육군 제1군단,물품(내자),전기·조명,False,1.0,False,낙찰자선정,등록공고,,
20211206,정비창 통합지원공장 관급자재 자동제어,2021,해군정비창,물품(내자),전기·조명,False,1.0,False,낙찰자선정,등록공고,Y,
20211206,21년 실시간 영상전송장비 구매,2021,해군항공사령부,물품(내자),정보통신,False,1.0,False,낙찰자선정,등록공고,,
20211207,해군 00창 급양대 보급창고 신축 관급자재(자동제어),2021,해군군수사령부,물품(내자),전기·조명,False,1.0,False,낙찰자선정,등록공고,Y,
20211213,진단용 격리부스 구매 설치,2021,국방부 국군의무사령부,물품(내자),의료장비,False,1.0,False,낙찰자선정,등록공고,N,
20211214,(해군) 잠수훈련장 차염소독설비 구매 설치(우수제품 수의계약),2021,해군군수사령부,물품(내자),청소장비,False,1.0,False,낙찰자선정,등록공고,,
20211222,구형 관급원단 활용 방상내피 제조 납품,2021,육군군수사령부,물품(내자),피복·개인용품,False,1.0,False,낙찰자선정,등록공고,Y,
20211231,정밀측정시험소(전력제어),2021,해군정비창,물품(내자),전기·조명,False,1.0,False,낙찰자선정,등록공고,Y,
20210322,항공등화 구매,2021,공군제16전투비행단,물품(내자),국방·치안·보안,False,1.0,False,낙찰자선정,등록공고,Y,Y
20210414,체크 밸브 등 22종 제조,2021,해군군수사령부,물품(내자),배관·공조,False,1.0,False,개찰완료,등록공고,Y,
20210416,2021년 육군군수사령부 콩기름 구매,2021,육군군수사령부,물품(내자),식품,True,2.0,False,유찰,등록공고,Y,
20210416,2021년 육군군수사령부 옥수수기름 구매,2021,육군군수사령부,물품(내자),식품,True,0.0,True,유찰,등록공고,Y,
20210422,내연기관용윤활유 구매,2021,해군군수사령부,물품(내자),연료·유류,True,0.0,True,유찰,변경공고,Y,
20210504,자동차엔진유구매,2021,육군군수사령부,물품(내자),연료·유류,True,0.0,True,유찰,등록공고,Y,
20210511,2021년 육군군수사령부 순두부 조달,2021,육군군수사령부,물품(내자),식품,False,1.0,False,낙찰자선정,등록공고,Y,
20210511,2021년 육군군수사령부 순두부 조달,2021,육군군수사령부,물품(내자),식품,True,1.0,False,유찰,등록공고,Y,
20210511,2021년 육군군수사령부 연두부 조달,2021,육군군수사령부,물품(내자),식품,False,1.0,False,낙찰자선정,등록공고,Y,
20210511,2021년 육군군수사령부 연두부 조달,2021,육군군수사령부,물품(내자),식품,True,1.0,False,유찰,등록공고,Y,
20210513,2021년 육군군수사령부 설탕(정제) 조달,2021,육군군수사령부,물품(내자),식품,True,2.0,False,유찰,등록공고,Y,
20210518,윤활유(기어용) 구매,2021,육군군수사령부,물품(내자),연료·유류,True,0.0,True,유찰,등록공고,Y,
20210520,2021년 육군군수사령부 설탕(정제) 조달(재공고),2021,육군군수사령부,물품(내자),식품,True,1.0,False,유찰,등록공고,Y,
20210520,2021년 육군군수사령부 청국장 조달(재공고),2021,육군군수사령부,물품(내자),식품,False,2.0,False,낙찰자선정,등록공고,Y,
20210527,21년 고성능 그리스 구매,2021,육군군수사령부,물품(내자),연료·유류,True,0.0,True,유찰,등록공고,Y,
20210603,윤활유(내연기관용) 구매,2021,해군군수사령부,물품(내자),연료·유류,False,1.0,False,낙찰자선정,등록공고,Y,
20210621,군용 일반모자류 제조,2021,육군군수사령부,물품(내자),피복·개인용품,False,5.0,False,낙찰자선정,등록공고,Y,
20210809,21년 해병 관제탑녹음장비 제조,2021,해군군수사령부,물품(내자),정보통신,False,5.0,False,낙찰자선정,등록공고,Y,
20210903,군용 수통 제조,2021,육군군수사령부,물품(내자),스포츠·레저,False,1.0,False,낙찰자선정,등록공고,Y,
20210909,21년 육군 중장비 수송용(60톤) 트랙터 제조,2021,육군군수사령부,물품(내자),차량·수송장비,False,2.0,False,낙찰자선정,등록공고,Y,
20211025,2021년 육군군수사령부 콩기름 구매,2021,육군군수사령부,물품(내자),식품,True,1.0,False,유찰,등록공고,Y,
20211104,공군 순찰승용차 제조,2021,공군군수사령부,물품(내자),차량·수송장비,False,2.0,False,낙찰자선정,등록공고,Y,
20211104,2021년 육군군수사령부 콩기름 구매,2021,육군군수사령부,물품(내자),식품,False,2.0,False,낙찰자선정,등록공고,Y,
20211119,4.5톤 상용유조차 제조,2021,국방부 국군화생방방호사령부,물품(내자),차량·수송장비,True,1.0,False,유찰,등록공고,Y,
20211122,"권총집 제조(해군, 해병)",2021,해군군수사령부,물품(내자),국방·치안·보안,True,0.0,True,유찰,등록공고,Y,
20210125,2021년 충혼당 봉안명패 제작 납품,2021,국방부 국립서울현충원,물품(내자),출판물,False,6.0,False,낙찰자선정,등록공고,Y,
20210304,21년 해군 손세정제 구매,2021,해군군수사령부,물품(내자),피복·개인용품,False,,False,낙찰자선정,등록공고,N,
20210414,21년 육군 가죽요대 구매,2021,육군군수사령부,물품(내자),피복·개인용품,False,29.0,False,낙찰자선정,등록공고,Y,Y
20210330,21년 공군 보온대(주머니난로) 제조,2021,공군군수사령부,물품(내자),피복·개인용품,False,8.0,False,낙찰자선정,등록공고,Y,
20210405,21년 해병 보온대(주머니난로) 제조,2021,해병대 군수단,물품(내자),피복·개인용품,False,9.0,False,낙찰자선정,등록공고,Y,
20210617,21년 육군 무릎덮개(매복용) 제조,2021,육군군수사령부,물품(내자),스포츠·레저,False,19.0,False,낙찰자선정,등록공고,Y,
20210518,21년 해군 칫솔케이스,2021,해군군수사령부,물품(내자),피복·개인용품,False,,False,낙찰자선정,등록공고,N,
20210623,(육군) 21년 미용티슈 제조,2021,육군군수사령부,물품(내자),종이류,False,6.0,False,낙찰자선정,등록공고,Y,
20210623,"(육군) 21년 화장지(3겹,35m) 제조(경쟁물량)",2021,육군군수사령부,물품(내자),종이류,False,6.0,False,낙찰자선정,등록공고,Y,
20210809,21년 의무피복 제조납품,2021,육군군수사령부,물품(내자),의료장비,False,12.0,False,낙찰자선정,변경공고,Y,
20210805,21년 해군 보온대 제조,2021,해군군수사령부,물품(내자),피복·개인용품,False,6.0,False,낙찰자선정,등록공고,Y,
20210827,(육군) 21년 구두솔 제조,2021,육군군수사령부,물품(내자),청소장비,False,2.0,False,낙찰자선정,등록공고,Y,
20210827,(육군) 21년 구두약 구매,2021,육군군수사령부,물품(내자),청소장비,False,71.0,False,낙찰자선정,등록공고,N,
20210908,(육군) 21년 액상형 세탁세제(중성) 제조,2021,육군군수사령부,물품(내자),청소장비,False,18.0,False,낙찰자선정,등록공고,Y,
20211007,21년 육군해군 손톱깎기 제조,2021,육군군수사령부,물품(내자),피복·개인용품,False,2.0,False,낙찰자선정,등록공고,Y,
20210927,21년 육군 세수비누 제조,2021,육군군수사령부,물품(내자),피복·개인용품,False,4.0,False,낙찰자선정,등록공고,Y,
20211007,21년 육군 손세정제(액상비누) 제조,2021,육군군수사령부,물품(내자),피복·개인용품,False,13.0,False,낙찰자선정,등록공고,Y,
20211007,21년 육군 칫솔 제조,2021,육군군수사령부,물품(내자),피복·개인용품,True,0.0,True,유찰,등록공고,Y,
20211008,21년 육군 칫솔케이스 구매,2021,육군군수사령부,물품(내자),피복·개인용품,False,,False,낙찰자선정,등록공고,N,
20211008,21년 육군 치약 제조,2021,육군군수사령부,물품(내자),피복·개인용품,True,0.0,True,유찰,등록공고,Y,
20211018,21년 육군 칫솔 제조,2021,육군군수사령부,물품(내자),피복·개인용품,False,2.0,False,낙찰자선정,등록공고,Y,
20211020,2021년 육군군수사령부 세탁망 조달(제조),2021,육군군수사령부,물품(내자),운반·포장,False,18.0,False,낙찰자선정,등록공고,Y,
20211019,21년 육군 치약 제조,2021,육군군수사령부,물품(내자),피복·개인용품,False,2.0,False,낙찰자선정,재공고,Y,
20211115,2021년 육군군수사령부 생선가스 조달,2021,육군군수사령부,물품(내자),식품,False,4.0,False,낙찰자선정,등록공고,Y,
20210114,Tdap 백신,2021,육군군수사령부,물품(내자),기타(51),False,25.0,False,낙찰자선정,등록공고,N,
20210114,수막구균 백신,2021,육군군수사령부,물품(내자),기타(51),False,27.0,False,낙찰자선정,등록공고,N,
20210115,A형간염 백신,2021,육군군수사령부,물품(내자),기타(51),False,47.0,False,낙찰자선정,등록공고,N,
20210115,MMR 백신,2021,육군군수사령부,물품(내자),기타(51),False,23.0,False,낙찰자선정,등록공고,,
20210127,21년 퇴장방지의약품,2021,육군군수사령부,물품(내자),기타(51),False,9.0,False,낙찰자선정,등록공고,N,
20210203,파상풍(Td) 백신,2021,육군군수사령부,물품(내자),기타(51),False,12.0,False,낙찰자선정,등록공고,N,
20210204,신증후군출혈열 백신,2021,육군군수사령부,물품(내자),기타(51),False,10.0,False,낙찰자선정,등록공고,N,
20210222,21년 주공급자 일반의약품(1성분),2021,육군군수사령부,물품(내자),기타(51),False,209.0,False,낙찰자선정,등록공고,N,
20210222,21년 주공급자 일반의약품(2성분),2021,육군군수사령부,물품(내자),기타(51),False,211.0,False,낙찰자선정,등록공고,N,
20210225,신증후군출혈열 백신,2021,육군군수사령부,물품(내자),기타(51),False,9.0,False,낙찰자선정,재공고,N,
20210312,신증후군출혈열 백신,2021,육군군수사령부,물품(내자),기타(51),False,8.0,False,낙찰자선정,재공고,N,
20210614,2021년 공군군수사령부 액체산소 등 5종 구매,2021,공군군수사령부,물품(내자),화학·화공,False,3.0,False,낙찰자선정,등록공고,N,
20210811,2021년 공군군수사령부 액체산소 등 5종 구매(재공고),2021,공군군수사령부,물품(내자),화학·화공,False,3.0,False,낙찰자선정,재공고,N,
20211108,수막구균 백신 22년연부 추가조달,2021,육군군수사령부,물품(내자),기타(51),False,23.0,False,낙찰자선정,등록공고,N,
20211108,Tdap 백신 22년연부 추가조달,2021,육군군수사령부,물품(내자),기타(51),False,23.0,False,낙찰자선정,등록공고,N,
20211108,A형간염 백신 22년연부 추가조달,2021,육군군수사령부,물품(내자),기타(51),False,85.0,False,낙찰자선정,등록공고,N,
20211108,MMR 백신 22년연부 추가조달,2021,육군군수사령부,물품(내자),기타(51),False,14.0,False,낙찰자선정,등록공고,N,
20211123,MMR 백신 22년연부 추가조달,2021,육군군수사령부,물품(내자),기타(51),False,11.0,False,낙찰자선정,재공고,N,
20210201,[국립서울현충원] 2021년 국군의 날 묘역 헌화용 무궁화 조화 구매,2021,국방부 국립서울현충원,물품(내자),가구,False,,False,낙찰자선정,등록공고,N,
20210201,[국립서울현충원] 2021년 현충일 묘역 헌화용 무궁화 조화 구매,2021,국방부 국립서울현충원,물품(내자),가구,False,,False,낙찰자선정,등록공고,N,
20210201,지게차 2톤 구매,2021,공군군수사령부,물품(내자),운반·포장,False,,False,낙찰자선정,등록공고,N,
20210209,"해병대 목도리, 토시형(디지털) 제조/구매",2021,해병대 군수단,물품(내자),피복·개인용품,False,34.0,False,낙찰자선정,변경공고,Y,
20210202,[국립서울현충원] 2021년 현충일 행사용 소형 태극기 구매,2021,국방부 국립서울현충원,물품(내자),출판물,False,16.0,False,낙찰자선정,등록공고,Y,
20210215,공군 진동식 롤러 구매,2021,공군군수사령부,물품(내자),건설장비,False,60.0,False,낙찰자선정,등록공고,N,
20210205,60톤 유압기중기 제조입찰,2021,해군군수사령부,물품(내자),운반·포장,True,0.0,True,유찰,등록공고,Y,
20210216,심전도계(병원용) 구매,2021,국방부 국군의무사령부,물품(내자),의료장비,False,570.0,False,낙찰자선정,등록공고,N,
20210209,21년 핸드팰릿트럭 구매,2021,육군군수사령부,물품(내자),운반·포장,False,,False,낙찰자선정,등록공고,N,
20210216,21년 침대(알미늄제) 제조,2021,공군군수사령부,물품(내자),스포츠·레저,True,0.0,True,유찰,등록공고,Y,
20210210,2021년 해병대 동운동복 구매,2021,해병대 군수단,물품(내자),피복·개인용품,False,43.0,False,낙찰자선정,등록공고,Y,
20210210,2021년 해병대 춘추운동복 구매,2021,해병대 군수단,물품(내자),피복·개인용품,False,47.0,False,낙찰자선정,등록공고,Y,
20210216,해군 대형굴삭기 차륜형 등 2품목 제조,2021,해군군수사령부,물품(내자),건설장비,True,0.0,True,유찰,등록공고,Y,
20210216,해군 소형굴삭기 궤도형 제조,2021,해군군수사령부,물품(내자),건설장비,True,0.0,True,유찰,등록공고,Y,
20210219,심장세동제거기 구매,2021,국방부 국군의무사령부,물품(내자),의료장비,False,647.0,False,낙찰자선정,등록공고,N,
20210217,21년 해병대 정비화 제조,2021,해병대 군수단,물품(내자),국방·치안·보안,False,3.0,False,낙찰자선정,등록공고,Y,
20210218,고무가열압력기 제조입찰(압축성형기),2021,해군군수사령부,물품(내자),산업기계,False,3.0,False,낙찰자선정,등록공고,Y,
20210224,X-선기(병원용 이동식) 구매,2021,국방부 국군의무사령부,물품(내자),의료장비,False,2.0,False,낙찰자선정,등록공고,N,Y
20210222,기관지내시경 마취과용(기관지경) 구매,2021,국방부 국군의무사령부,물품(내자),의료장비,False,54.0,False,낙찰자선정,등록공고,N,Y
20210222,도수측정기 외 1품목(수정체도수측정기) 구매,2021,육군군수사령부,물품(내자),의료장비,False,67.0,False,낙찰자선정,등록공고,N,
20210223,21년 고속단정 15인승 구매,2021,육군군수사령부,물품(내자),차량·수송장비,False,11.0,False,낙찰자선정,등록공고,Y,
20210308,(정정공고)내시경 부비동용(부비강경) 구매,2021,국방부 국군의무사령부,물품(내자),의료장비,False,35.0,False,낙찰자선정,변경공고,N,
20210224,해군 로더스쿠프 제조,2021,해군군수사령부,물품(내자),건설장비,True,0.0,True,유찰,등록공고,Y,
20210224,내시경 관절용(관절경) 구매,2021,국방부 국군의무사령부,물품(내자),의료장비,False,291.0,False,낙찰자선정,등록공고,N,
20210224,60톤 유압기중기 제조입찰,2021,해군군수사령부,물품(내자),운반·포장,True,0.0,True,유찰,재공고,Y,
20210226,치과유니트 구매,2021,국방부 국군의무사령부,물품(내자),의료장비,False,17.0,False,낙찰자선정,등록공고,N,
20210226,‘21 국방TV NPS서버 및 미디어스토리지교체 사업,2021,국방부 국방홍보원,물품(내자),정보통신,False,2.0,False,낙찰자선정,등록공고,N,Y
20210827,비흡수성봉합사 구매,2021,육군군수사령부,물품(내자),의료장비,False,54.0,False,낙찰자선정,등록공고,N,
20210302,해군 대형굴삭기 차륜형 등 2품목 제조,2021,해군군수사령부,물품(내자),건설장비,True,0.0,True,유찰,재공고,Y,
20210226,냉난방기-스탠드,2021,해군군수사령부,물품(내자),배관·공조,False,620.0,False,낙찰자선정,등록공고,N,
20210302,21년 침대(알미늄제) 제조,2021,공군군수사령부,물품(내자),스포츠·레저,False,2.0,False,낙찰자선정,재공고,Y,
20210302,해군 소형굴삭기 궤도형 제조,2021,해군군수사령부,물품(내자),건설장비,True,0.0,True,유찰,등록공고,Y,
20210302,오일펜스.고형식 등 2품목 구매,2021,해군군수사령부,물품(내자),배관·공조,False,,False,낙찰자선정,등록공고,N,
20210303,21년 공군 넥타이핀 제조(21년~22년),2021,공군군수사령부,물품(내자),기타(54),False,15.0,False,낙찰자선정,등록공고,Y,
20210304,국방획득정보체계 상용 SW 도입 사업(분석/설계 모델링 도구),2021,국방부 국방전산정보원,물품(내자),정보통신,False,34.0,False,낙찰자선정,등록공고,N,
20210304,지게차 제조 입찰,2021,해군군수사령부,물품(내자),운반·포장,True,0.0,True,유찰,등록공고,Y,
20210304,55000파운드지게차 제조구매,2021,육군군수사령부,물품(내자),운반·포장,False,2.0,False,낙찰자선정,등록공고,Y,
20210305,"육군 자동주유기(주유펌프, 주유소용) 제조",2021,육군군수사령부,물품(내자),공구,False,3.0,False,낙찰자선정,등록공고,Y,
20210305,항공등화 구매,2021,공군제16전투비행단,물품(내자),국방·치안·보안,True,2.0,False,유찰,등록공고,Y,Y
20210308,시체용 냉동고 구매,2021,해군군수사령부,물품(내자),의료장비,False,77.0,False,낙찰자선정,등록공고,N,
20210305,활성탄 구매,2021,육군군수사령부,물품(내자),광물·원자재,False,3.0,False,낙찰자선정,등록공고,Y,
20210309,초음파진단기 고급형(초음파영상진단장치) 구매,2021,국방부 국군의무사령부,물품(내자),의료장비,False,3.0,False,낙찰자선정,등록공고,N,Y
20210311,21년 고속단정 15인승 제조,2021,국군제9965부대,물품(내자),차량·수송장비,False,10.0,False,낙찰자선정,등록공고,Y,
20210308,해군 로더스쿠프 제조,2021,해군군수사령부,물품(내자),건설장비,True,0.0,True,유찰,등록공고,Y,
20210308,CNC 선반 조달계약 요청(공급),2021,육군군수사령부,물품(내자),산업기계,False,251.0,False,낙찰자선정,등록공고,N,
20210310,국방인사정보체계 고도화 기반운영환경 구축사업,2021,국방통합데이터센터,물품(내자),정보통신,False,4.0,False,낙찰자선정,등록공고,,Y
20210312,해군 동력체인톱 등 2종 구매,2021,해군군수사령부,물품(내자),공구,False,,False,낙찰자선정,등록공고,N,
20210309,"6,000파운드 디젤지게차 제조구매",2021,육군군수사령부,물품(내자),운반·포장,False,3.0,False,낙찰자선정,등록공고,Y,
20210309,친환경금속녹세정제(분무식)등3품목,2021,해군군수사령부,물품(내자),연료·유류,False,180.0,False,낙찰자선정,등록공고,N,
20210309,21년 공군 정비화 제조,2021,공군군수사령부,물품(내자),국방·치안·보안,False,3.0,False,낙찰자선정,등록공고,Y,
20210311,도료용희석제 등 6종 제조,2021,해군군수사령부,물품(내자),제조부품,False,4.0,False,낙찰자선정,등록공고,Y,
20210323,목재대패기 등 구매(공급),2021,해군군수사령부,물품(내자),산업기계,False,,False,낙찰자선정,변경공고,N,
20210310,해군 소형굴삭기 궤도형 제조,2021,해군군수사령부,물품(내자),건설장비,True,0.0,True,유찰,등록공고,Y,
20210311,실리콘알키드 등 6종 제조,2021,해군군수사령부,물품(내자),제조부품,False,6.0,False,낙찰자선정,등록공고,Y,
20210310,해군 액상세제 구매,2021,해군군수사령부,물품(내자),청소장비,False,16.0,False,낙찰자선정,등록공고,Y,
20210311,2021년 국방FM 방송시스템 구매 설치,2021,국방부 국방홍보원,물품(내자),인쇄·영상,True,0.0,True,유찰,등록공고,N,Y
20210311,21년 육군 아이젠(짚신형) 구매,2021,육군군수사령부,물품(내자),스포츠·레저,False,,False,낙찰자선정,등록공고,N,
20210310,초음파진단기 고급형(초음파영상진단장치) 구매,2021,해군군수사령부,물품(내자),의료장비,False,293.0,False,낙찰자선정,등록공고,N,
20210311,주변시야계 구매,2021,해군군수사령부,물품(내자),의료장비,False,47.0,False,낙찰자선정,등록공고,N,
20210311,21년 예방의약품 구매(말라리아 2종),2021,육군군수사령부,물품(내자),기타(51),False,6.0,False,낙찰자선정,등록공고,N,
20210311,대형굴삭기 차륜형 등 2품목 제조,2021,해군군수사령부,물품(내자),건설장비,True,0.0,True,유찰,등록공고,Y,
20210312,21년 취약점 진단도구 구매,2021,4284부대,물품(내자),정보통신,False,21.0,False,낙찰자선정,등록공고,N,
20210312,전산화단층촬영장치 구매,2021,해군군수사령부,물품(내자),의료장비,False,2.0,False,낙찰자선정,등록공고,N,
20210312,심장세동제거기 구매(해군),2021,해군군수사령부,물품(내자),의료장비,False,539.0,False,낙찰자선정,등록공고,N,
20210312,항공등화 구매,2021,공군제16전투비행단,물품(내자),국방·치안·보안,True,0.0,True,유찰,재공고,Y,Y
20210315,상무대 고군숙소 개선공사 - 통합배선,2021,육군상무대근무지원단,물품(내자),정보통신,False,78.0,False,낙찰자선정,등록공고,Y,
20210317,21년 육군 유흡착포 구매,2021,육군군수사령부,물품(내자),청소장비,True,0.0,True,유찰,등록공고,Y,
20210316,엑스선기 600mA 디지털(디지털진단용엑스선촬영장치) 제조 납품,2021,해병 제9691부대,물품(내자),의료장비,False,2.0,False,낙찰자선정,등록공고,Y,
20210316,냉장냉동겸용장치(냉장고-소형) 구매-육군군수사,2021,육군군수사령부,물품(내자),운반·포장,False,238.0,False,낙찰자선정,등록공고,N,
20210316,21년 바이오린인플루엔자항원 구매,2021,육군군수사령부,물품(내자),기타(51),False,394.0,False,낙찰자선정,등록공고,N,
20210316,해군 미디어 자산관리 공유스토리지,2021,해군군수사령부,물품(내자),정보통신,False,37.0,False,낙찰자선정,등록공고,N,
20210316,21년 의약품 일회용 알콜솜 구매,2021,육군군수사령부,물품(내자),기타(51),False,236.0,False,개찰완료,등록공고,N,
20210317,해군 로더스쿠프 제조,2021,해군군수사령부,물품(내자),건설장비,True,0.0,True,유찰,등록공고,Y,
20210322,종이테이프 등 13종 구매,2021,육군군수사령부,물품(내자),제조부품,False,211.0,False,개찰완료,등록공고,N,
20210317,해군 진동형 롤러 구매,2021,해군군수사령부,물품(내자),건설장비,False,285.0,False,낙찰자선정,등록공고,N,
20210318,해군 충전식 랜턴 등 13종 구매,2021,해군군수사령부,물품(내자),산업기계,False,,False,낙찰자선정,등록공고,N,
20210318,해군 소형굴삭기 궤도형 제조,2021,해군군수사령부,물품(내자),건설장비,True,0.0,True,유찰,재공고,Y,
20210319,21년도 1/4분기 전산소모품 구매,2021,방위사업청,물품(내자),사무기기,False,425.0,False,낙찰자선정,등록공고,N,
20210318,해군 그레이더 구매,2021,해군군수사령부,물품(내자),건설장비,False,53.0,False,낙찰자선정,등록공고,N,
20210322,환자분류표지(임상기록차트홀더) 구매,2021,육군군수사령부,물품(내자),의료장비,False,692.0,False,낙찰자선정,등록공고,N,
20210323,체크 밸브 등 22종 제조,2021,해군군수사령부,물품(내자),배관·공조,False,3.0,False,낙찰자선정,등록공고,Y,
20210330,21년 육군 컴벳셔츠 제조 납품,2021,육군군수사령부,물품(내자),피복·개인용품,False,30.0,False,낙찰자선정,등록공고,Y,
20210322,내시경 위대장용(위내시경) 구매,2021,국방부 국군의무사령부,물품(내자),의료장비,False,246.0,False,낙찰자선정,등록공고,N,
20210322,지게차 제조 입찰,2021,해군군수사령부,물품(내자),운반·포장,True,0.0,True,유찰,재공고,Y,
20210323,버터플라이 밸브 등 12종 제조,2021,해군군수사령부,물품(내자),배관·공조,False,23.0,False,낙찰자선정,등록공고,Y,
20210323,11000파운드 디젤지게차 제조구매,2021,육군군수사령부,물품(내자),운반·포장,True,0.0,True,유찰,등록공고,Y,
20210323,"엑스선기 1,000mA 디지털(디지털진단용엑스선촬영장치) 구매",2021,해군군수사령부,물품(내자),의료장비,False,11.0,False,낙찰자선정,등록공고,N,
20210323,2021년 골판지상자(운송용상자 1형 등 7품목) 제조,2021,육군군수사령부,물품(내자),운반·포장,True,0.0,True,유찰,등록공고,Y,
20210325,"구명의, 조끼형(구명조끼)",2021,해군군수사령부,물품(내자),국방·치안·보안,False,5.0,False,낙찰자선정,등록공고,Y,
20210323,21년 육군 표백제 구매,2021,육군군수사령부,물품(내자),청소장비,False,,False,낙찰자선정,등록공고,N,
20210331,2021년 육군군수사령부 마요네즈 구매,2021,육군군수사령부,물품(내자),식품,False,4.0,False,낙찰자선정,등록공고,Y,
20210323,해병 엔진브로워 등 2종 구매,2021,해병대 군수단,물품(내자),공구,False,,False,낙찰자선정,등록공고,N,
20210329,단무지구매,2021,육군군수사령부,물품(내자),식품,False,55.0,False,개찰완료,등록공고,N,
20210323,30톤 유압기중기 제조구매,2021,해병 제9691부대,물품(내자),운반·포장,True,0.0,True,유찰,등록공고,Y,
20210330,2021년 육군군수사령부 게맛살 조달,2021,육군군수사령부,물품(내자),식품,True,0.0,True,유찰,등록공고,Y,
20210402,외용진통소염제,2021,육군군수사령부,물품(내자),기타(51),False,16.0,False,낙찰자선정,변경공고,N,
20210325,"지게차 6,000파운드 제조 구매",2021,공군군수사령부,물품(내자),운반·포장,False,2.0,False,낙찰자선정,등록공고,Y,
20210325,전투용응급처치키트(개선형) 구매,2021,육군군수사령부,물품(내자),의료장비,False,150.0,False,낙찰자선정,등록공고,N,
20210325,21년 축전식 전지(밀폐고정형 납축전지) 제조 납품,2021,해군군수사령부,물품(내자),발전·배전,False,4.0,False,낙찰자선정,등록공고,Y,
20210325,"히알루론산나트륨점안액(일회용,01%,0.35~0.5ml)",2021,육군군수사령부,물품(내자),기타(51),False,68.0,False,낙찰자선정,등록공고,N,
20210325,일반의약품(복방살리실산메칠(14X10cm 2매 ),2021,육군군수사령부,물품(내자),기타(51),True,0.0,True,유찰,등록공고,N,
20210401,일반의약품(염산시프로플록사신 ),2021,육군군수사령부,물품(내자),기타(51),False,59.0,False,낙찰자선정,변경공고,N,
20210326,일반의약품(진통제),2021,육군군수사령부,물품(내자),기타(51),False,142.0,False,낙찰자선정,등록공고,N,
20210329,21년 UPS 축전지 구매,2021,공군군수사령부,물품(내자),발전·배전,False,338.0,False,낙찰자선정,등록공고,N,
20210325,9톤 지게차 구매,2021,해병 제9691부대,물품(내자),운반·포장,False,,False,낙찰자선정,등록공고,N,
20210325,"결합금속구(Y자형, 소화호스용) 구매(제조)",2021,해군군수사령부,물품(내자),국방·치안·보안,True,0.0,True,유찰,등록공고,Y,
20210330,2021년 육군군수사령부 딸기잼 조달,2021,육군군수사령부,물품(내자),식품,False,2.0,False,낙찰자선정,등록공고,Y,
20210326,초음파진단기 일반형(초음파영상진단장치) 구매,2021,해군군수사령부,물품(내자),의료장비,False,543.0,False,낙찰자선정,등록공고,N,
20210330,2021년 육군군수사령부 오이피클 조달,2021,육군군수사령부,물품(내자),식품,False,2.0,False,낙찰자선정,등록공고,Y,
20210329,해군 탐조등(휴대용) 등 2종,2021,해군군수사령부,물품(내자),전기·조명,False,7.0,False,낙찰자선정,등록공고,Y,
20210326,21년 육군 유흡착포 구매,2021,육군군수사령부,물품(내자),청소장비,True,0.0,True,유찰,재공고,Y,
20210326,2021년 육군군수사령부 콩기름 구매,2021,육군군수사령부,물품(내자),식품,True,0.0,True,유찰,등록공고,Y,
20210326,2021년 육군군수사령부 옥수수기름 구매,2021,육군군수사령부,물품(내자),식품,True,0.0,True,유찰,등록공고,Y,
20210330,일반의약품(케토프로펜 린트형 팩 6S),2021,육군군수사령부,물품(내자),기타(51),False,27.0,False,낙찰자선정,등록공고,N,
20210329,"노즐, 소방호스용 등 2품목",2021,해군군수사령부,물품(내자),국방·치안·보안,False,52.0,False,낙찰자선정,등록공고,,
20210330,2021년 강철대(철띠 등 5품목) 구매,2021,육군군수사령부,물품(내자),운반·포장,False,227.0,False,낙찰자선정,등록공고,N,
20210330,일반의약품(차전자 차전피 센나열매 과립),2021,육군군수사령부,물품(내자),기타(51),False,8.0,False,낙찰자선정,등록공고,N,
20210329,강중유 구매,2021,육군군수사령부,물품(내자),연료·유류,False,38.0,False,개찰완료,등록공고,N,
20210330,일반의약품(안과용제),2021,육군군수사령부,물품(내자),기타(51),False,64.0,False,낙찰자선정,등록공고,N,
20210330,일반의약품(세파졸린나트륨 등 3품목),2021,육군군수사령부,물품(내자),기타(51),False,32.0,False,낙찰자선정,등록공고,N,
20210329,전투식량1형(2식단) 조달,2021,육군군수사령부,물품(내자),식품,True,0.0,True,유찰,등록공고,Y,
20210330,의약품 세프라딘캡슐,2021,육군군수사령부,물품(내자),기타(51),False,22.0,False,낙찰자선정,등록공고,N,
20210329,전투식량 1형(3식단) 조달,2021,육군군수사령부,물품(내자),식품,True,0.0,True,유찰,등록공고,Y,
20210330,특수작전식량 조달,2021,육군군수사령부,물품(내자),식품,True,0.0,True,유찰,등록공고,Y,
20210330,일반의약품(아세트아미노펜),2021,육군군수사령부,물품(내자),기타(51),False,133.0,False,낙찰자선정,등록공고,N,
20210330,의약품 아토바스타틴정,2021,육군군수사령부,물품(내자),기타(51),False,38.0,False,개찰완료,등록공고,N,
20210331,물엿,2021,육군군수사령부,물품(내자),식품,False,3.0,False,낙찰자선정,등록공고,Y,
20210330,의약품 폴리크레줄렌액,2021,육군군수사령부,물품(내자),기타(51),False,6.0,False,낙찰자선정,등록공고,N,
20210409,21년 다목적 이동형 작업등 세트,2021,육군군수사령부,물품(내자),전기·조명,False,2.0,False,낙찰자선정,등록공고,Y,
20210330,2021년 육군군수사령부 가공우유(초코맛) 조달,2021,육군군수사령부,물품(내자),식품,False,4.0,False,낙찰자선정,등록공고,Y,
20210330,의약품 세프포독심정,2021,육군군수사령부,물품(내자),기타(51),False,27.0,False,낙찰자선정,등록공고,N,
20210330,2021년 육군군수사령부 가공우유(딸기맛) 조달,2021,육군군수사령부,물품(내자),식품,False,5.0,False,낙찰자선정,등록공고,Y,
20210330,프레가발린캡슐 75mg,2021,육군군수사령부,물품(내자),기타(51),False,158.0,False,낙찰자선정,등록공고,,
20210330,2021년 육군군수사령부 가공우유(바나나맛) 조달,2021,육군군수사령부,물품(내자),식품,False,4.0,False,낙찰자선정,등록공고,Y,
20210331,해병 대형굴삭기 타이어형 제조,2021,해병 제9691부대,물품(내자),건설장비,True,0.0,True,유찰,등록공고,Y,
20210330,일반의약품(소독제),2021,육군군수사령부,물품(내자),기타(51),False,5.0,False,낙찰자선정,등록공고,N,
20210331,21년 해군 수중시계(일반잠수용) 구매,2021,해군군수사령부,물품(내자),기타(54),False,,False,낙찰자선정,등록공고,N,
20210331,"일반의약품(팩,카타플라스마,중온감형)",2021,육군군수사령부,물품(내자),기타(51),True,0.0,True,유찰,등록공고,N,
20210331,일반의약품(쎄레콕시브캡슐),2021,육군군수사령부,물품(내자),기타(51),False,160.0,False,낙찰자선정,등록공고,,
20210331,일반의약품(한방파스),2021,육군군수사령부,물품(내자),기타(51),False,14.0,False,낙찰자선정,등록공고,N,
20210331,일반의약품(아목시실린),2021,육군군수사령부,물품(내자),기타(51),False,18.0,False,낙찰자선정,등록공고,,
20210412,일반의약품(수액류),2021,육군군수사령부,물품(내자),기타(51),False,10.0,False,낙찰자선정,등록공고,N,
20210331,21년육군방청윤활유,2021,육군군수사령부,물품(내자),연료·유류,False,143.0,False,낙찰자선정,등록공고,N,
20210331,21년 아웃보드 모터 2종 구매,2021,육군군수사령부,물품(내자),발전·배전,False,486.0,False,낙찰자선정,등록공고,N,
20210331,해병 그레이더 구매,2021,해병 제9691부대,물품(내자),건설장비,False,25.0,False,낙찰자선정,등록공고,N,
20210401,"일반의약품(세파클러캡슐 250mg,500캡슐)",2021,육군군수사령부,물품(내자),기타(51),False,156.0,False,낙찰자선정,등록공고,N,
20210401,일반의약품(아세클로페낙),2021,육군군수사령부,물품(내자),기타(51),False,32.0,False,낙찰자선정,등록공고,N,
20210331,2021년 육군군수사령부 토마토케첩 조달,2021,육군군수사령부,물품(내자),식품,False,3.0,False,낙찰자선정,등록공고,Y,
20210331,2021년 육군군수사령부 머스타드소스 조달,2021,육군군수사령부,물품(내자),식품,False,9.0,False,낙찰자선정,등록공고,Y,
20210331,2021년 육군군수사령부 감자튀김 조달,2021,육군군수사령부,물품(내자),식품,False,50.0,False,낙찰자선정,등록공고,N,
20210331,2021년 육군군수사령부 김자반 조달,2021,육군군수사령부,물품(내자),식품,False,15.0,False,낙찰자선정,등록공고,Y,
20210331,2021년 육군군수사령부 타르타르소스 조달,2021,육군군수사령부,물품(내자),식품,False,9.0,False,낙찰자선정,등록공고,Y,
20210405,2021년 육군군수사 골뱅이통조림 조달,2021,육군군수사령부,물품(내자),식품,False,7.0,False,낙찰자선정,등록공고,Y,
20210405,2021년 육군군수사 골뱅이통조림 조달,2021,육군군수사령부,물품(내자),식품,False,7.0,False,낙찰자선정,등록공고,Y,
20210405,2021년 육군군수사 골뱅이통조림 조달,2021,육군군수사령부,물품(내자),식품,False,7.0,False,낙찰자선정,등록공고,Y,
20210405,2021년 육군군수사 골뱅이통조림 조달,2021,육군군수사령부,물품(내자),식품,False,7.0,False,낙찰자선정,등록공고,Y,
20210401,21년 육군 포장용 랩 구매,2021,육군군수사령부,물품(내자),서비스산업장비,False,,False,낙찰자선정,등록공고,N,
20210401,2021년 육군군수사령부 튀김가루 조달,2021,육군군수사령부,물품(내자),식품,False,4.0,False,낙찰자선정,등록공고,Y,
20210401,2021년 육군군수사령부 떡볶이떡 조달,2021,육군군수사령부,물품(내자),식품,False,2.0,False,낙찰자선정,등록공고,Y,
20210401,2021년 육군군수사령부 감자전분 조달,2021,육군군수사령부,물품(내자),식품,False,59.0,False,낙찰자선정,등록공고,N,
20210402,"21년 인식표 제조(육,해,공,해병대)",2021,육군군수사령부,물품(내자),출판물,True,0.0,True,유찰,등록공고,Y,
20210402,내연기관용윤활유 구매,2021,해군군수사령부,물품(내자),연료·유류,True,0.0,True,유찰,등록공고,Y,
20210407,육군 전투모 제조,2021,육군군수사령부,물품(내자),피복·개인용품,False,12.0,False,낙찰자선정,등록공고,Y,
20210405,식육가공품(비엔나소시지) 조달,2021,육군군수사령부,물품(내자),식품,False,10.0,False,낙찰자선정,등록공고,Y,
20210412,육군군수사령부 생선가스 조달,2021,육군군수사령부,물품(내자),식품,False,9.0,False,낙찰자선정,변경공고,Y,
20210804,다용도 릴호스 조달,2021,육군군수사령부,물품(내자),배관·공조,False,468.0,False,낙찰자선정,등록공고,N,
20210407,2021년 육군군수사령부 고추참치통조림 조달,2021,육군군수사령부,물품(내자),식품,True,7.0,False,유찰,등록공고,Y,
20210407,2021년 육군군수사령부 고추참치통조림 조달,2021,육군군수사령부,물품(내자),식품,False,7.0,False,낙찰자선정,등록공고,Y,
20210407,2021년 육군군수사령부 고추참치통조림 조달,2021,육군군수사령부,물품(내자),식품,False,7.0,False,낙찰자선정,등록공고,Y,
20210407,2021년 육군군수사령부 고추참치통조림 조달,2021,육군군수사령부,물품(내자),식품,False,7.0,False,낙찰자선정,등록공고,Y,
20210406,2021년 육군군수사령부 참치통조림 조달,2021,육군군수사령부,물품(내자),식품,False,7.0,False,낙찰자선정,등록공고,Y,
20210406,2021년 육군군수사령부 참치통조림 조달,2021,육군군수사령부,물품(내자),식품,False,7.0,False,낙찰자선정,등록공고,Y,
20210406,2021년 육군군수사령부 참치통조림 조달,2021,육군군수사령부,물품(내자),식품,False,7.0,False,낙찰자선정,등록공고,Y,
20210406,2021년 육군군수사령부 참치통조림 조달,2021,육군군수사령부,물품(내자),식품,False,7.0,False,낙찰자선정,등록공고,Y,
20210415,2021년 육군군수사령부 생선묵(튀김) 조달,2021,육군군수사령부,물품(내자),식품,False,11.0,False,낙찰자선정,등록공고,Y,
20210415,2021년 육군군수사령부 생선묵(튀김) 조달,2021,육군군수사령부,물품(내자),식품,False,11.0,False,낙찰자선정,등록공고,Y,
20210415,2021년 육군군수사령부 생선묵(튀김) 조달,2021,육군군수사령부,물품(내자),식품,False,11.0,False,낙찰자선정,등록공고,Y,
20210415,2021년 육군군수사령부 생선묵(튀김) 조달,2021,육군군수사령부,물품(내자),식품,False,11.0,False,낙찰자선정,등록공고,Y,
20210407,2021년 육군군수사령부 치즈 조달,2021,육군군수사령부,물품(내자),식품,True,0.0,True,유찰,등록공고,Y,
20210405,일반의약품(복방살리실산메칠(14X10cm 2매 ),2021,육군군수사령부,물품(내자),기타(51),False,2.0,False,낙찰자선정,재공고,N,
20210405,21년 사이버 침해사고 조사도구 SW 라이선스 구매,2021,4284부대,물품(내자),정보통신,False,13.0,False,낙찰자선정,등록공고,N,
20210405,자동차엔진유구매,2021,육군군수사령부,물품(내자),연료·유류,True,0.0,True,유찰,등록공고,Y,
20210406,[긴급공고] 육군 면마스크 구매,2021,육군군수사령부,물품(내자),국방·치안·보안,False,,False,낙찰자선정,등록공고,N,Y
20210406,해군 로더스쿠프 제조,2021,해군군수사령부,물품(내자),건설장비,True,0.0,True,유찰,등록공고,Y,
20210406,21년 철제휘장류(공군) 제조,2021,공군군수사령부,물품(내자),피복·개인용품,False,16.0,False,낙찰자선정,등록공고,Y,
20210407,21년철제휘장류(해군),2021,해군군수사령부,물품(내자),피복·개인용품,False,11.0,False,낙찰자선정,등록공고,Y,
20210408,21년 마닐라로프 등 3종 제조,2021,육군군수사령부,물품(내자),제조부품,True,0.0,True,유찰,등록공고,Y,
20210406,체크 밸브 등 22종 제조,2021,해군군수사령부,물품(내자),배관·공조,True,0.0,True,유찰,재공고,Y,
20210414,2021년 육군군수사령부 조미김(절지형) 조달,2021,육군군수사령부,물품(내자),식품,False,16.0,False,낙찰자선정,변경공고,Y,
20210414,2021년 육군군수사령부 조미김(절지형) 조달,2021,육군군수사령부,물품(내자),식품,False,16.0,False,낙찰자선정,변경공고,Y,
20210414,2021년 육군군수사령부 조미김(절지형) 조달,2021,육군군수사령부,물품(내자),식품,False,16.0,False,낙찰자선정,변경공고,Y,
20210414,2021년 육군군수사령부 조미김(절지형) 조달,2021,육군군수사령부,물품(내자),식품,False,16.0,False,낙찰자선정,변경공고,Y,
20210414,2021년 육군군수사령부 조미김(절지형) 조달,2021,육군군수사령부,물품(내자),식품,False,16.0,False,낙찰자선정,변경공고,Y,
20210414,2021년 육군군수사령부 조미김(절지형) 조달,2021,육군군수사령부,물품(내자),식품,False,16.0,False,낙찰자선정,변경공고,Y,
20210414,2021년 육군군수사령부 조미김(절지형) 조달,2021,육군군수사령부,물품(내자),식품,False,16.0,False,낙찰자선정,변경공고,Y,
20210414,2021년 육군군수사령부 조미김(절지형) 조달,2021,육군군수사령부,물품(내자),식품,False,16.0,False,낙찰자선정,변경공고,Y,
20210408,식육가공품(돈가스) 조달,2021,육군군수사령부,물품(내자),식품,False,14.0,False,낙찰자선정,등록공고,Y,
20210408,식육가공품(돈가스) 조달,2021,육군군수사령부,물품(내자),식품,False,14.0,False,낙찰자선정,등록공고,Y,
20210408,식육가공품(돈가스) 조달,2021,육군군수사령부,물품(내자),식품,False,14.0,False,낙찰자선정,등록공고,Y,
20210408,식육가공품(돈가스) 조달,2021,육군군수사령부,물품(내자),식품,False,14.0,False,낙찰자선정,등록공고,Y,
20210407,21년 태극마크(공군) 제조,2021,공군군수사령부,물품(내자),피복·개인용품,False,20.0,False,낙찰자선정,등록공고,Y,
20210406,공군 스키드 로더 구매,2021,공군군수사령부,물품(내자),건설장비,False,24.0,False,낙찰자선정,등록공고,N,
20210407,공군 차륜형 굴착기 제조,2021,공군군수사령부,물품(내자),건설장비,True,0.0,True,유찰,등록공고,Y,
20210409,2021년 골판지상자(운송용상자 1형 등 7품목) 제조,2021,육군군수사령부,물품(내자),운반·포장,False,2.0,False,낙찰자선정,변경공고,Y,
20210507,(육군) 21년 나일론 로프 2종 제조,2021,육군군수사령부,물품(내자),제조부품,False,3.0,False,낙찰자선정,등록공고,Y,
20210406,"결합금속구(Y자형, 소화호스용) 구매(제조)",2021,해군군수사령부,물품(내자),국방·치안·보안,False,2.0,False,낙찰자선정,재공고,Y,
20210408,"이동식 가열기,히터 구매",2021,해군군수사령부,물품(내자),배관·공조,False,484.0,False,낙찰자선정,등록공고,N,
20210408,2021년 육군군수사령부 밀가루 조달,2021,육군군수사령부,물품(내자),식품,False,2.0,False,낙찰자선정,등록공고,Y,
20210407,윤활유(브레이크용) 구매,2021,육군군수사령부,물품(내자),연료·유류,True,0.0,True,유찰,등록공고,Y,
20210407,비닐아크릴 헤지 등 3종 제조,2021,해군군수사령부,물품(내자),제조부품,False,8.0,False,낙찰자선정,등록공고,Y,
20210409,치과유니트(공군) 구매,2021,공군군수사령부,물품(내자),의료장비,False,56.0,False,낙찰자선정,등록공고,N,
20210408,응급흉부외상패드(창상피복재) 구매,2021,육군군수사령부,물품(내자),의료장비,False,102.0,False,낙찰자선정,등록공고,N,
20210407,전투식량1형(2식단) 조달,2021,육군군수사령부,물품(내자),식품,True,0.0,True,유찰,재공고,Y,
20210407,전투식량 1형(3식단) 조달,2021,육군군수사령부,물품(내자),식품,True,0.0,True,유찰,재공고,Y,
20210408,21년 고성능 그리스 구매,2021,육군군수사령부,물품(내자),연료·유류,True,48.0,False,유찰,등록공고,,
20210419,"21년 흉장및예비군마크(공군,해병대) 제조",2021,공군군수사령부,물품(내자),피복·개인용품,False,6.0,False,낙찰자선정,등록공고,Y,
20210413,치과유니트(육군) 구매,2021,육군군수사령부,물품(내자),의료장비,False,25.0,False,낙찰자선정,등록공고,N,
20210407,특수작전식량 조달,2021,육군군수사령부,물품(내자),식품,True,0.0,True,유찰,재공고,Y,
20210408,30톤 유압기중기 제조구매,2021,해병 제9691부대,물품(내자),운반·포장,False,2.0,False,낙찰자선정,재공고,Y,
20210408,식육가공품(미트볼) 조달,2021,육군군수사령부,물품(내자),식품,False,12.0,False,낙찰자선정,등록공고,Y,
20210408,식육가공품(미트볼) 조달,2021,육군군수사령부,물품(내자),식품,False,12.0,False,낙찰자선정,등록공고,Y,
20210409,2021년 육군군수사 된장(개량메주) 조달,2021,육군군수사령부,물품(내자),식품,False,2.0,False,낙찰자선정,등록공고,Y,
20210409,2021년 육군군수사 된장(개량메주) 조달,2021,육군군수사령부,물품(내자),식품,False,2.0,False,낙찰자선정,등록공고,Y,
20210409,2021년 육군군수사 된장(개량메주) 조달,2021,육군군수사령부,물품(내자),식품,False,2.0,False,낙찰자선정,등록공고,Y,
20210409,2021년 육군군수사 된장(개량메주) 조달,2021,육군군수사령부,물품(내자),식품,False,2.0,False,낙찰자선정,등록공고,Y,
20210408,"지게차 11,000파운드 제조구매",2021,공군군수사령부,물품(내자),운반·포장,True,0.0,True,유찰,등록공고,Y,
20210409,안과유니트 구매,2021,해군군수사령부,물품(내자),의료장비,False,62.0,False,낙찰자선정,등록공고,N,
20210408,2021년 육군군수사령부 옥수수기름 구매,2021,육군군수사령부,물품(내자),식품,True,0.0,True,유찰,재공고,Y,
20210408,2021년 육군군수사령부 콩기름 구매,2021,육군군수사령부,물품(내자),식품,True,0.0,True,유찰,재공고,Y,
20210422,2021년 육군군수사 고추장 조달,2021,육군군수사령부,물품(내자),식품,False,3.0,False,낙찰자선정,등록공고,Y,
20210422,2021년 육군군수사 고추장 조달,2021,육군군수사령부,물품(내자),식품,False,3.0,False,낙찰자선정,등록공고,Y,
20210422,2021년 육군군수사 고추장 조달,2021,육군군수사령부,물품(내자),식품,False,3.0,False,낙찰자선정,등록공고,Y,
20210422,2021년 육군군수사 고추장 조달,2021,육군군수사령부,물품(내자),식품,False,3.0,False,낙찰자선정,등록공고,Y,
20210426,귀마개세트 등 2품목 구매,2021,육군군수사령부,물품(내자),국방·치안·보안,False,361.0,False,낙찰자선정,등록공고,N,
20210408,21년 피탄고글(해군) 제조,2021,해군군수사령부,물품(내자),국방·치안·보안,True,0.0,True,유찰,등록공고,Y,
20210420,"전투모 제조(해군,공군,해병대)",2021,해군군수사령부,물품(내자),피복·개인용품,False,9.0,False,낙찰자선정,변경공고,Y,
20210409,21년 해군 동운동복 구매,2021,해군군수사령부,물품(내자),피복·개인용품,False,46.0,False,낙찰자선정,등록공고,Y,Y
20210409,21년 해군 춘추운동복 구매,2021,해군군수사령부,물품(내자),피복·개인용품,False,47.0,False,낙찰자선정,등록공고,Y,Y
20210409,2021년 육군군수사령부 당면 조달,2021,육군군수사령부,물품(내자),식품,False,3.0,False,낙찰자선정,등록공고,Y,
20210409,2021년 육군군수사령부 당면 조달,2021,육군군수사령부,물품(내자),식품,False,3.0,False,낙찰자선정,등록공고,Y,
20210409,2021년 육군군수사령부 당면 조달,2021,육군군수사령부,물품(내자),식품,False,3.0,False,낙찰자선정,등록공고,Y,
20210409,2021년 육군군수사령부 당면 조달,2021,육군군수사령부,물품(내자),식품,False,3.0,False,낙찰자선정,등록공고,Y,
20210415,11000파운드 디젤지게차 제조구매,2021,육군군수사령부,물품(내자),운반·포장,False,2.0,False,낙찰자선정,재공고,Y,
20210412,2021년 육군군수사령부 새우패티 조달,2021,육군군수사령부,물품(내자),식품,False,12.0,False,낙찰자선정,등록공고,Y,
20210412,2021년 육군군수사령부 새우패티 조달,2021,육군군수사령부,물품(내자),식품,False,12.0,False,낙찰자선정,등록공고,Y,
20210412,2021년 육군군수사령부 새우패티 조달,2021,육군군수사령부,물품(내자),식품,False,12.0,False,낙찰자선정,등록공고,Y,
20210412,2021년 육군군수사령부 새우패티 조달,2021,육군군수사령부,물품(내자),식품,False,12.0,False,낙찰자선정,등록공고,Y,
20210409,"노즐, 소방호스용 등 2품목 조달",2021,해군군수사령부,물품(내자),국방·치안·보안,True,0.0,True,유찰,등록공고,Y,
20210409,21년 육군 유흡착포 구매,2021,육군군수사령부,물품(내자),청소장비,False,140.0,False,낙찰자선정,등록공고,N,
20210415,지게차 제조 입찰,2021,해군군수사령부,물품(내자),운반·포장,False,2.0,False,낙찰자선정,등록공고,Y,
20210409,전투식량1형(1식단) 조달,2021,육군군수사령부,물품(내자),식품,True,0.0,True,유찰,등록공고,Y,
20210409,2021년 육군군수사령부 게맛살 조달,2021,육군군수사령부,물품(내자),식품,False,2.0,False,낙찰자선정,재공고,Y,
20210409,21년 해군 하운동복 구매,2021,해군군수사령부,물품(내자),피복·개인용품,False,47.0,False,낙찰자선정,등록공고,Y,Y
20210409,"일반의약품(팩,카타플라스마,중온감형)",2021,육군군수사령부,물품(내자),기타(51),True,0.0,True,유찰,재공고,N,
20210413,의약품 세프라딘캡슐,2021,육군군수사령부,물품(내자),기타(51),False,10.0,False,낙찰자선정,재공고,N,
20210419,육군 15톤 텐더트럭 제조,2021,육군군수사령부,물품(내자),차량·수송장비,False,3.0,False,낙찰자선정,등록공고,Y,
20210412,인플루엔자 백신,2021,육군군수사령부,물품(내자),기타(51),False,14.0,False,낙찰자선정,등록공고,N,
20210412,식육가공품(소시지) 조달,2021,육군군수사령부,물품(내자),식품,False,8.0,False,낙찰자선정,등록공고,Y,
20210412,식육가공품(소시지) 조달,2021,육군군수사령부,물품(내자),식품,False,8.0,False,낙찰자선정,등록공고,Y,
20210412,식육가공품(소시지) 조달,2021,육군군수사령부,물품(내자),식품,False,8.0,False,낙찰자선정,등록공고,Y,
20210412,식육가공품(소시지) 조달,2021,육군군수사령부,물품(내자),식품,False,8.0,False,낙찰자선정,등록공고,Y,
20210412,CO2소화기 2종 조달,2021,해군군수사령부,물품(내자),국방·치안·보안,True,2.0,False,유찰,등록공고,Y,
20210412,해병 대형굴삭기 타이어형 제조,2021,해병 제9691부대,물품(내자),건설장비,True,0.0,True,유찰,등록공고,Y,
20210412,식육가공품(소시지 2형) 조달,2021,육군군수사령부,물품(내자),식품,False,8.0,False,낙찰자선정,등록공고,Y,
20210412,식육가공품(소시지 2형) 조달,2021,육군군수사령부,물품(내자),식품,False,8.0,False,낙찰자선정,등록공고,Y,
20210412,식육가공품(소시지 2형) 조달,2021,육군군수사령부,물품(내자),식품,False,8.0,False,낙찰자선정,등록공고,Y,
20210412,식육가공품(소시지 2형) 조달,2021,육군군수사령부,물품(내자),식품,False,8.0,False,낙찰자선정,등록공고,Y,
20210412,해군 휠(연마용) 등 4종 구매,2021,해군군수사령부,물품(내자),제조부품,False,,False,낙찰자선정,등록공고,N,
20210413,목발 신발 등 3품목(석고신발) 구매,2021,육군군수사령부,물품(내자),의료장비,False,,False,낙찰자선정,등록공고,N,
20210415,21년 사병외투 및 내피 제조 납품,2021,해군군수사령부,물품(내자),피복·개인용품,False,32.0,False,낙찰자선정,등록공고,Y,
20210414,2021년 육군군수사부 간장(혼합간장) 조달,2021,육군군수사령부,물품(내자),식품,False,4.0,False,낙찰자선정,등록공고,Y,
20210414,2021년 육군군수사부 간장(혼합간장) 조달,2021,육군군수사령부,물품(내자),식품,False,4.0,False,낙찰자선정,등록공고,Y,
20210414,2021년 육군군수사부 간장(혼합간장) 조달,2021,육군군수사령부,물품(내자),식품,False,4.0,False,낙찰자선정,등록공고,Y,
20210414,2021년 육군군수사부 간장(혼합간장) 조달,2021,육군군수사령부,물품(내자),식품,False,4.0,False,낙찰자선정,등록공고,Y,
20210413,내연기관용윤활유 구매,2021,해군군수사령부,물품(내자),연료·유류,True,0.0,True,유찰,재공고,Y,
20210413,해병 진동식롤러 구매,2021,해병 제9691부대,물품(내자),건설장비,False,74.0,False,낙찰자선정,등록공고,N,
20210413,안과유니트(안과용진료장치 및 의자) 구매,2021,공군군수사령부,물품(내자),의료장비,False,67.0,False,낙찰자선정,등록공고,N,
20210419,2021년 육군군수사령부 콩나물 조달,2021,육군군수사령부,물품(내자),식품,False,24.0,False,낙찰자선정,변경공고,N,
20210419,2021년 육군군수사령부 콩나물 조달,2021,육군군수사령부,물품(내자),식품,False,24.0,False,낙찰자선정,변경공고,N,
20210419,2021년 육군군수사령부 콩나물 조달,2021,육군군수사령부,물품(내자),식품,False,24.0,False,낙찰자선정,변경공고,N,
20210419,2021년 육군군수사령부 콩나물 조달,2021,육군군수사령부,물품(내자),식품,False,24.0,False,낙찰자선정,변경공고,N,
20210419,2021년 육군군수사령부 포장두부 조달,2021,육군군수사령부,물품(내자),식품,False,4.0,False,낙찰자선정,변경공고,Y,
20210419,2021년 육군군수사령부 포장두부 조달,2021,육군군수사령부,물품(내자),식품,False,4.0,False,낙찰자선정,변경공고,Y,
20210419,2021년 육군군수사령부 포장두부 조달,2021,육군군수사령부,물품(내자),식품,False,4.0,False,낙찰자선정,변경공고,Y,
20210419,2021년 육군군수사령부 포장두부 조달,2021,육군군수사령부,물품(내자),식품,False,4.0,False,낙찰자선정,변경공고,Y,
20210421,2021년 육군군수사령부 순두부 조달,2021,육군군수사령부,물품(내자),식품,True,2.0,False,유찰,등록공고,Y,
20210421,2021년 육군군수사령부 순두부 조달,2021,육군군수사령부,물품(내자),식품,True,2.0,False,유찰,등록공고,Y,
20210421,2021년 육군군수사령부 순두부 조달,2021,육군군수사령부,물품(내자),식품,False,2.0,False,낙찰자선정,등록공고,Y,
20210421,2021년 육군군수사령부 순두부 조달,2021,육군군수사령부,물품(내자),식품,False,2.0,False,낙찰자선정,등록공고,Y,
20210421,2021년 육군군수사령부 연두부 조달,2021,육군군수사령부,물품(내자),식품,True,2.0,False,유찰,등록공고,Y,
20210421,2021년 육군군수사령부 연두부 조달,2021,육군군수사령부,물품(내자),식품,True,2.0,False,유찰,등록공고,Y,
20210421,2021년 육군군수사령부 연두부 조달,2021,육군군수사령부,물품(내자),식품,False,2.0,False,낙찰자선정,등록공고,Y,
20210421,2021년 육군군수사령부 연두부 조달,2021,육군군수사령부,물품(내자),식품,False,2.0,False,낙찰자선정,등록공고,Y,
20210413,엑스선기 600mA 디지털(디지털진단용엑스선촬영장치) 구매,2021,육군군수사령부,물품(내자),의료장비,False,2.0,False,낙찰자선정,등록공고,N,
20210413,무기체계 취약점 진단환경 구축,2021,4284부대,물품(내자),정보통신,False,51.0,False,낙찰자선정,등록공고,N,
20210414,메트폴민정,2021,육군군수사령부,물품(내자),기타(51),False,25.0,False,낙찰자선정,등록공고,N,
20210414,육군 벌목기 구매,2021,육군군수사령부,물품(내자),농업기계,False,527.0,False,낙찰자선정,등록공고,N,
20210414,2021년 육군군수사령부 조미김(세절형) 조달,2021,육군군수사령부,물품(내자),식품,False,15.0,False,낙찰자선정,등록공고,Y,
20210414,2021년 육군군수사령부 조미김(세절형) 조달,2021,육군군수사령부,물품(내자),식품,False,15.0,False,낙찰자선정,등록공고,Y,
20210414,2021년 육군군수사령부 햄버거빵 조달,2021,육군군수사령부,물품(내자),식품,False,6.0,False,낙찰자선정,등록공고,Y,
20210414,2021년 육군군수사령부 햄버거빵 조달,2021,육군군수사령부,물품(내자),식품,False,6.0,False,낙찰자선정,등록공고,Y,
20210414,2021년 육군군수사령부 햄버거빵 조달,2021,육군군수사령부,물품(내자),식품,False,6.0,False,낙찰자선정,등록공고,Y,
20210414,2021년 육군군수사령부 햄버거빵 조달,2021,육군군수사령부,물품(내자),식품,False,6.0,False,낙찰자선정,등록공고,Y,
20210414,"병기손질유(일반용(PL-MED), 반유동체(LSA))",2021,육군군수사령부,물품(내자),연료·유류,True,0.0,True,유찰,등록공고,Y,
20210414,2021년 육군군수사령부 핫도그빵 조달,2021,육군군수사령부,물품(내자),식품,False,7.0,False,낙찰자선정,등록공고,Y,
20210414,2021년 육군군수사령부 핫도그빵 조달,2021,육군군수사령부,물품(내자),식품,False,7.0,False,낙찰자선정,등록공고,Y,
20210414,2021년 육군군수사령부 핫도그빵 조달,2021,육군군수사령부,물품(내자),식품,False,7.0,False,낙찰자선정,등록공고,Y,
20210414,2021년 육군군수사령부 핫도그빵 조달,2021,육군군수사령부,물품(내자),식품,False,7.0,False,낙찰자선정,등록공고,Y,
20210414,"식육가공품(햄, 열처리식) 조달",2021,육군군수사령부,물품(내자),식품,False,7.0,False,낙찰자선정,등록공고,Y,
20210414,"식육가공품(햄, 열처리식) 조달",2021,육군군수사령부,물품(내자),식품,False,7.0,False,낙찰자선정,등록공고,Y,
20210414,"식육가공품(햄, 열처리식) 조달",2021,육군군수사령부,물품(내자),식품,False,7.0,False,낙찰자선정,등록공고,Y,
20210414,"식육가공품(햄, 열처리식) 조달",2021,육군군수사령부,물품(내자),식품,False,7.0,False,낙찰자선정,등록공고,Y,
20210414,21년 육군 방수포(야적물덮개) 제조,2021,육군군수사령부,물품(내자),스포츠·레저,False,7.0,False,낙찰자선정,등록공고,Y,
20210415,21년 태극마크(해군) 제조,2021,해군군수사령부,물품(내자),피복·개인용품,False,27.0,False,낙찰자선정,등록공고,Y,
20210416,식육가공품(치킨너겟) 조달,2021,육군군수사령부,물품(내자),식품,False,9.0,False,낙찰자선정,등록공고,Y,
20210415,일반의약품(복방살리실산메칠(14X10cm 2매 ),2021,육군군수사령부,물품(내자),기타(51),True,0.0,True,유찰,등록공고,N,
20210419,"21년 인식표 제조(육,해,공,해병대)",2021,육군군수사령부,물품(내자),출판물,True,0.0,True,유찰,재공고,Y,
20210416,사이버 침해사고 분석도구 SW 라이선스 구매,2021,4284부대,물품(내자),정보통신,False,22.0,False,낙찰자선정,등록공고,,
20210416,공군 차륜형 굴착기 제조,2021,공군군수사령부,물품(내자),건설장비,True,0.0,True,유찰,재공고,Y,
20210415,2021년 육군군수사령부 고추참치통조림 조달,2021,육군군수사령부,물품(내자),식품,False,7.0,False,낙찰자선정,재공고,Y,
20210415,음압텐트(환자격리챔버) 구매,2021,해군군수사령부,물품(내자),의료장비,False,,False,낙찰자선정,등록공고,N,
20210416,21년 상용품목 블랙박스 제조 입찰,2021,육군군수사령부,물품(내자),차량·수송장비,False,3.0,False,낙찰자선정,등록공고,Y,
20210420,2021년 육군군수사령부 식초(양조식초) 조달,2021,육군군수사령부,물품(내자),식품,True,0.0,True,유찰,등록공고,Y,
20210416,2021년 육군군수사령부 치즈 조달,2021,육군군수사령부,물품(내자),식품,False,2.0,False,낙찰자선정,재공고,Y,
20210416,식육가공품(햄슬라이스) 조달,2021,육군군수사령부,물품(내자),식품,False,8.0,False,낙찰자선정,등록공고,Y,
20210416,식육가공품(햄슬라이스) 조달,2021,육군군수사령부,물품(내자),식품,False,8.0,False,낙찰자선정,등록공고,Y,
20210416,식육가공품(햄슬라이스) 조달,2021,육군군수사령부,물품(내자),식품,False,8.0,False,낙찰자선정,등록공고,Y,
20210416,식육가공품(햄슬라이스) 조달,2021,육군군수사령부,물품(내자),식품,False,8.0,False,낙찰자선정,등록공고,Y,
20210419,21~22년 정비피복(동하정비복 제조) 구매,2021,공군군수사령부,물품(내자),피복·개인용품,False,13.0,False,낙찰자선정,등록공고,Y,
20210419,엑스선기 600mA 디지털(디지털진단용엑스선촬영장치) 제조 납품,2021,공군군수사령부,물품(내자),의료장비,False,3.0,False,낙찰자선정,등록공고,Y,
20210422,21년 해병대 세면주머니 제조,2021,해병대 군수단,물품(내자),피복·개인용품,False,36.0,False,낙찰자선정,등록공고,Y,
20210419,불고기패티 2형 조달,2021,육군군수사령부,물품(내자),식품,False,11.0,False,낙찰자선정,등록공고,Y,
20210419,불고기패티 2형 조달,2021,육군군수사령부,물품(내자),식품,False,11.0,False,낙찰자선정,등록공고,Y,
20210419,불고기패티 2형 조달,2021,육군군수사령부,물품(내자),식품,False,11.0,False,낙찰자선정,등록공고,Y,
20210419,불고기패티 2형 조달,2021,육군군수사령부,물품(내자),식품,False,11.0,False,낙찰자선정,등록공고,Y,
20210419,식육가공품(탕수육) 조달,2021,육군군수사령부,물품(내자),식품,False,9.0,False,낙찰자선정,등록공고,Y,
20210419,식육가공품(탕수육) 조달,2021,육군군수사령부,물품(내자),식품,False,9.0,False,낙찰자선정,등록공고,Y,
20210419,식육가공품(탕수육) 조달,2021,육군군수사령부,물품(내자),식품,False,9.0,False,낙찰자선정,등록공고,Y,
20210419,식육가공품(탕수육) 조달,2021,육군군수사령부,물품(내자),식품,False,9.0,False,낙찰자선정,등록공고,Y,
20210419,21년 작전장갑 구매,2021,해군군수사령부,물품(내자),피복·개인용품,False,15.0,False,낙찰자선정,등록공고,Y,
20210419,21년 정비피복(작업용 장갑) 구매,2021,육군군수사령부,물품(내자),피복·개인용품,False,10.0,False,낙찰자선정,등록공고,Y,
20210419,21년 방한장갑 구매,2021,육군군수사령부,물품(내자),피복·개인용품,False,14.0,False,낙찰자선정,등록공고,Y,
20210422,2021년 육군군수사령부 설탕 조달,2021,육군군수사령부,물품(내자),식품,True,0.0,True,유찰,등록공고,Y,
20210419,21년철제계급장(공군) 제조,2021,공군군수사령부,물품(내자),피복·개인용품,False,12.0,False,낙찰자선정,등록공고,Y,
20210419,"엑스선기 1,000mA 디지털(디지털진단용엑스선촬영장치) 구매",2021,해군군수사령부,물품(내자),의료장비,False,13.0,False,낙찰자선정,재공고,N,
20210419,"병기손질유(윤활유, 일반용(PL-SP))",2021,육군군수사령부,물품(내자),연료·유류,True,0.0,True,유찰,등록공고,Y,
20210422,2021년 육군군수사령부 복합조미료(쇠고기맛) 조달,2021,육군군수사령부,물품(내자),식품,True,0.0,True,유찰,등록공고,Y,
20210419,일반의약품(아세클로페낙),2021,육군군수사령부,물품(내자),기타(51),False,2.0,False,낙찰자선정,재공고,N,
20210422,2021년 육군군수사령부 즉석자장소스 조달,2021,육군군수사령부,물품(내자),식품,False,13.0,False,낙찰자선정,등록공고,Y,
20210422,2021년 육군군수사령부 즉석자장소스 조달,2021,육군군수사령부,물품(내자),식품,False,13.0,False,낙찰자선정,등록공고,Y,
20210422,2021년 육군군수사령부 즉석자장소스 조달,2021,육군군수사령부,물품(내자),식품,False,13.0,False,낙찰자선정,등록공고,Y,
20210422,2021년 육군군수사령부 즉석자장소스 조달,2021,육군군수사령부,물품(내자),식품,False,13.0,False,낙찰자선정,등록공고,Y,
20210422,21년 하계함상복 제조납품,2021,해군군수사령부,물품(내자),피복·개인용품,False,40.0,False,낙찰자선정,등록공고,Y,
20210420,수중후레쉬 제조 구매,2021,육군군수사령부,물품(내자),전기·조명,False,2.0,False,낙찰자선정,등록공고,Y,
20210420,"21년철제계급장(해군,해병대) 제조",2021,해군군수사령부,물품(내자),피복·개인용품,False,12.0,False,낙찰자선정,등록공고,Y,
20210422,21년 포제계급장(해병대) 제조,2021,해병대 군수단,물품(내자),출판물,False,25.0,False,낙찰자선정,등록공고,,
20210422,21년 동계함상복 제조납품,2021,해군군수사령부,물품(내자),피복·개인용품,False,39.0,False,낙찰자선정,등록공고,Y,
20210420,"2021년 육군군수사령부 생선묵(튀긴어묵,떡볶이용) 조달",2021,육군군수사령부,물품(내자),식품,False,9.0,False,낙찰자선정,등록공고,Y,
20210420,"2021년 육군군수사령부 생선묵(튀긴어묵,떡볶이용) 조달",2021,육군군수사령부,물품(내자),식품,False,9.0,False,낙찰자선정,등록공고,Y,
20210420,"2021년 육군군수사령부 생선묵(튀긴어묵,떡볶이용) 조달",2021,육군군수사령부,물품(내자),식품,False,9.0,False,낙찰자선정,등록공고,Y,
20210420,"2021년 육군군수사령부 생선묵(튀긴어묵,떡볶이용) 조달",2021,육군군수사령부,물품(내자),식품,False,9.0,False,낙찰자선정,등록공고,Y,
20210420,"노즐, 소방호스용 등 2품목 조달",2021,해군군수사령부,물품(내자),국방·치안·보안,True,0.0,True,유찰,재공고,Y,
20210421,자기공명전산화단층촬영장치(MRI) 구매,2021,해군군수사령부,물품(내자),의료장비,True,0.0,True,유찰,등록공고,N,
20210421,21년 피탄고글(해군) 제조,2021,해군군수사령부,물품(내자),국방·치안·보안,False,2.0,False,낙찰자선정,재공고,Y,
20210422,21년 포제계급장(해군) 제조,2021,해군군수사령부,물품(내자),피복·개인용품,False,25.0,False,낙찰자선정,등록공고,,
20210504,"출입통제시스템, 생물측정용 조달",2021,해군군수사령부,물품(내자),국방·치안·보안,False,114.0,False,낙찰자선정,등록공고,Y,
20210422,윤활유(기어용) 구매,2021,육군군수사령부,물품(내자),연료·유류,True,0.0,True,유찰,등록공고,Y,
20210421,2021년 육군군수사령부 불고기용혼합양념(돼지고기용) 조달,2021,육군군수사령부,물품(내자),식품,False,12.0,False,낙찰자선정,등록공고,Y,
20210609,하강고리 등 2품목 조달,2021,육군군수사령부,물품(내자),국방·치안·보안,True,0.0,True,유찰,등록공고,Y,
20210421,2021년 육군군수사령부 불고기용혼합양념(쇠고기용) 조달,2021,육군군수사령부,물품(내자),식품,False,8.0,False,낙찰자선정,등록공고,Y,
20210421,2021년 육군군수사령부 간장(한식간장) 조달,2021,육군군수사령부,물품(내자),식품,False,3.0,False,낙찰자선정,등록공고,Y,
20210421,2021년 육군군수사령부 볶은참깨 조달,2021,육군군수사령부,물품(내자),식품,False,3.0,False,낙찰자선정,등록공고,,
20210421,2021년 육군군수사령부 혼합장(쌈장) 조달,2021,육군군수사령부,물품(내자),식품,False,3.0,False,낙찰자선정,등록공고,,
20210421,2021년 육군군수사령부 식물성기름(참기름) 조달,2021,육군군수사령부,물품(내자),식품,False,3.0,False,낙찰자선정,등록공고,Y,
20210421,2021년 육군군수사령부 요리용소스(양념치킨소스) 조달,2021,육군군수사령부,물품(내자),식품,False,17.0,False,낙찰자선정,등록공고,Y,
20210421,2021년 육군군수사령부 소금(천일염) 조달,2021,육군군수사령부,물품(내자),식품,False,3.0,False,낙찰자선정,등록공고,Y,
20210421,2021년 육군군수사령부 청국장 조달,2021,육군군수사령부,물품(내자),식품,True,0.0,True,유찰,등록공고,Y,
20210422,21년포제계급장(공군) 제조,2021,공군군수사령부,물품(내자),출판물,False,9.0,False,낙찰자선정,등록공고,Y,
20210421,전투식량1형(1식단) 조달,2021,육군군수사령부,물품(내자),식품,True,0.0,True,유찰,재공고,Y,
20210421,21년 공군 손세정제 제조,2021,공군군수사령부,물품(내자),피복·개인용품,False,7.0,False,낙찰자선정,등록공고,Y,
20210421,21년 K2전차전용부동액구매,2021,육군군수사령부,물품(내자),차량·수송장비,False,,False,낙찰자선정,등록공고,N,
20210422,(해군) 21년 나일론로프 4종 제조,2021,해군군수사령부,물품(내자),제조부품,False,4.0,False,낙찰자선정,등록공고,Y,
20210421,21년 일반부동액 구매(제조),2021,육군군수사령부,물품(내자),차량·수송장비,False,3.0,False,낙찰자선정,등록공고,Y,
20210421,"지게차 11,000파운드 구매(제조)",2021,공군군수사령부,물품(내자),운반·포장,True,0.0,True,유찰,등록공고,Y,
20210421,일반의약품(수액류),2021,육군군수사령부,물품(내자),기타(51),True,0.0,True,유찰,재공고,N,
20210507,2021년 육군군수사령부 물냉면 조달(정정),2021,육군군수사령부,물품(내자),식품,False,5.0,False,낙찰자선정,변경공고,Y,
20210507,2021년 육군군수사령부 물냉면 조달(정정),2021,육군군수사령부,물품(내자),식품,False,5.0,False,낙찰자선정,변경공고,Y,
20210426,전투용 안경(보안경) 제조 납품,2021,육군군수사령부,물품(내자),국방·치안·보안,False,10.0,False,낙찰자선정,등록공고,Y,
20210422,21년 해공군 및 해병대 컴벳셔츠 제조납품,2021,공군군수사령부,물품(내자),피복·개인용품,False,32.0,False,낙찰자선정,등록공고,Y,
20210429,(해군) 21년 섬유로프조립체 단일구간용(로프스토퍼) 제조,2021,해군군수사령부,물품(내자),제조부품,False,5.0,False,낙찰자선정,등록공고,Y,
20210422,21년 해군 세면주머니 제조,2021,해군군수사령부,물품(내자),피복·개인용품,False,35.0,False,낙찰자선정,등록공고,Y,
20210422,2021년 육군군수사령부 밀가루 조달,2021,육군군수사령부,물품(내자),식품,False,2.0,False,낙찰자선정,등록공고,Y,
20210422,21년 꼬리곰탕 조달,2021,육군군수사령부,물품(내자),식품,False,12.0,False,낙찰자선정,등록공고,Y,
20210422,21년 꼬리곰탕 조달,2021,육군군수사령부,물품(내자),식품,False,12.0,False,낙찰자선정,등록공고,Y,
20210422,21년 꼬리곰탕 조달,2021,육군군수사령부,물품(내자),식품,False,12.0,False,낙찰자선정,등록공고,Y,
20210422,21년 꼬리곰탕 조달,2021,육군군수사령부,물품(내자),식품,False,12.0,False,낙찰자선정,등록공고,Y,
20210422,CO2소화기 2종 조달,2021,해군군수사령부,물품(내자),국방·치안·보안,False,2.0,False,낙찰자선정,재공고,Y,
20210422,21년 공군 세면주머니 제조,2021,공군군수사령부,물품(내자),피복·개인용품,False,38.0,False,낙찰자선정,등록공고,Y,
20210422,21년 공군 정비피복(정글모) 구매,2021,공군군수사령부,물품(내자),피복·개인용품,False,20.0,False,낙찰자선정,등록공고,Y,
20210423,21년 마닐라로프 등 3종 제조,2021,육군군수사령부,물품(내자),제조부품,False,3.0,False,낙찰자선정,재공고,Y,
20210423,의약품 폴리크레줄렌액,2021,육군군수사령부,물품(내자),기타(51),True,0.0,True,유찰,재공고,N,
20210423,일반의약품(이부프로펜정),2021,육군군수사령부,물품(내자),기타(51),False,12.0,False,낙찰자선정,등록공고,N,
20210504,21년 공군 구두약 조달,2021,공군군수사령부,물품(내자),청소장비,False,155.0,False,낙찰자선정,등록공고,N,
20210423,21년 해병대 전투복 제조 납품,2021,해병대 군수단,물품(내자),피복·개인용품,False,41.0,False,낙찰자선정,등록공고,Y,
20210426,자동차엔진유구매,2021,육군군수사령부,물품(내자),연료·유류,True,0.0,True,유찰,재공고,Y,
20210426,육군 수사지휘감식차(15인승) 제조,2021,육군군수사령부,물품(내자),차량·수송장비,False,4.0,False,낙찰자선정,등록공고,Y,
20210427,해군 요대류(흑색요대) 구매,2021,해군군수사령부,물품(내자),피복·개인용품,False,16.0,False,낙찰자선정,등록공고,Y,
20210426,21년 차량용 축전지 제조 납품,2021,육군군수사령부,물품(내자),발전·배전,True,0.0,True,유찰,등록공고,Y,
20210513,21년 공군 정비파카 제조,2021,공군군수사령부,물품(내자),피복·개인용품,False,84.0,False,낙찰자선정,등록공고,Y,
20210426,21년 해군 샤워타월 제조,2021,해군군수사령부,물품(내자),가정용품,False,6.0,False,낙찰자선정,등록공고,Y,
20210426,해병 로더스쿠프 제조,2021,해병 제9691부대,물품(내자),건설장비,True,0.0,True,유찰,등록공고,Y,
20210426,해병 궤도형도저 구매,2021,해병 제9691부대,물품(내자),건설장비,False,6.0,False,낙찰자선정,등록공고,N,
20210427,전기용접기 300AMP 구매,2021,해병 제9691부대,물품(내자),산업기계,False,279.0,False,낙찰자선정,등록공고,N,
20210427,2021년 육군군수사령부 모래주머니 조달,2021,육군군수사령부,물품(내자),운반·포장,False,18.0,False,낙찰자선정,등록공고,Y,
20210427,4주식 대형 리프트 구매,2021,해군군수사령부,물품(내자),운반·포장,False,7.0,False,낙찰자선정,등록공고,Y,
20210427,21년 공군 하정비복 상의(T형) 제조 구매,2021,공군군수사령부,물품(내자),피복·개인용품,False,57.0,False,낙찰자선정,등록공고,Y,Y
20210427,대형 타이어 탈착기 구매,2021,해군군수사령부,물품(내자),차량·수송장비,False,,False,낙찰자선정,등록공고,N,
20210503,"차량용 리프트(4주식,10톤)제조 구매",2021,육군군수사령부,물품(내자),운반·포장,False,16.0,False,낙찰자선정,등록공고,Y,
20210504,21년 공군 취사용 장화 제조 구매,2021,공군군수사령부,물품(내자),피복·개인용품,False,2.0,False,낙찰자선정,등록공고,Y,
20210427,2021년 육군군수사령부 참치통조림 조달,2021,육군군수사령부,물품(내자),식품,False,7.0,False,낙찰자선정,재공고,Y,
20210427,2021년 육군군수사령부 참치통조림 조달,2021,육군군수사령부,물품(내자),식품,False,7.0,False,낙찰자선정,재공고,Y,
20210428,에어컨(스탠드) 구매 조달,2021,해군군수사령부,물품(내자),배관·공조,False,,False,낙찰자선정,등록공고,N,
20210525,21년 방사선측정기 구매,2021,육군군수사령부,물품(내자),발전·배전,False,,False,낙찰자선정,등록공고,N,
20210427,2021년 육군군수사령부 옥수수기름 구매 (678),2021,육군군수사령부,물품(내자),식품,True,0.0,True,유찰,등록공고,Y,
20210428,육군 베레모 제조,2021,육군군수사령부,물품(내자),피복·개인용품,False,9.0,False,낙찰자선정,등록공고,Y,
20210428,21년 육군 전투복 제조 납품,2021,육군군수사령부,물품(내자),피복·개인용품,False,25.0,False,낙찰자선정,등록공고,Y,
20210504,배추김치(완제품_경쟁) 조달,2021,육군군수사령부,물품(내자),식품,False,24.0,False,낙찰자선정,등록공고,Y,
20210504,배추김치(완제품_경쟁) 조달,2021,육군군수사령부,물품(내자),식품,False,24.0,False,낙찰자선정,등록공고,Y,
20210504,배추김치(완제품_경쟁) 조달,2021,육군군수사령부,물품(내자),식품,False,24.0,False,낙찰자선정,등록공고,Y,
20210504,배추김치(완제품_경쟁) 조달,2021,육군군수사령부,물품(내자),식품,False,24.0,False,낙찰자선정,등록공고,Y,
20210504,배추김치(완제품_경쟁) 조달,2021,육군군수사령부,물품(내자),식품,False,24.0,False,낙찰자선정,등록공고,Y,
20210504,배추김치(완제품_경쟁) 조달,2021,육군군수사령부,물품(내자),식품,False,24.0,False,낙찰자선정,등록공고,Y,
20210504,배추김치(완제품_경쟁) 조달,2021,육군군수사령부,물품(내자),식품,False,24.0,False,낙찰자선정,등록공고,Y,
20210504,배추김치(완제품_경쟁) 조달,2021,육군군수사령부,물품(내자),식품,False,24.0,False,낙찰자선정,등록공고,Y,
20210428,"실린더조립체,공기식,잠수장비용 등 2종 구매",2021,해군군수사령부,물품(내자),스포츠·레저,False,,False,낙찰자선정,등록공고,N,
20210428,"병기손질유(윤활유, 일반용(PL-SP))",2021,육군군수사령부,물품(내자),연료·유류,True,0.0,True,유찰,등록공고,Y,
20210428,윤활유(브레이크용) 구매,2021,육군군수사령부,물품(내자),연료·유류,False,2.0,False,낙찰자선정,등록공고,Y,
20210428,무한궤도형트랙터 구매,2021,해군군수사령부,물품(내자),차량·수송장비,False,17.0,False,낙찰자선정,등록공고,N,
20210429,육군 그레이더 구매,2021,육군군수사령부,물품(내자),건설장비,False,17.0,False,낙찰자선정,등록공고,N,
20210428,21년 고성능 그리스 구매,2021,육군군수사령부,물품(내자),연료·유류,True,0.0,True,유찰,등록공고,Y,
20210430,치과유니트(해군) 구매,2021,해군군수사령부,물품(내자),의료장비,False,34.0,False,낙찰자선정,등록공고,N,
20210507,2021년 육군군수사령부 비빔냉면 조달(정정),2021,육군군수사령부,물품(내자),식품,False,5.0,False,낙찰자선정,변경공고,Y,
20210507,2021년 육군군수사령부 비빔냉면 조달(정정),2021,육군군수사령부,물품(내자),식품,False,5.0,False,낙찰자선정,변경공고,Y,
20210430,해군 안전헬멧(5종) 제조,2021,해군군수사령부,물품(내자),국방·치안·보안,True,0.0,True,유찰,등록공고,Y,
20210429,공군 소형굴삭기 차륜형 제조,2021,공군군수사령부,물품(내자),건설장비,False,2.0,False,낙찰자선정,등록공고,Y,
20210430,해군 카본헬멧 제조,2021,해군군수사령부,물품(내자),국방·치안·보안,False,2.0,False,낙찰자선정,등록공고,Y,
20210531,21년 TV 받침대 제조,2021,육군군수사령부,물품(내자),가구,False,14.0,False,낙찰자선정,등록공고,Y,
20210429,"정모류 제조(해군,해병대)",2021,해병대 군수단,물품(내자),피복·개인용품,False,9.0,False,낙찰자선정,등록공고,Y,
20210504,배추김치(임가공_경쟁) 조달,2021,육군군수사령부,물품(내자),식품,False,21.0,False,낙찰자선정,등록공고,Y,
20210504,배추김치(임가공_경쟁) 조달,2021,육군군수사령부,물품(내자),식품,False,21.0,False,낙찰자선정,등록공고,Y,
20210504,배추김치(임가공_경쟁) 조달,2021,육군군수사령부,물품(내자),식품,False,21.0,False,낙찰자선정,등록공고,Y,
20210504,배추김치(임가공_경쟁) 조달,2021,육군군수사령부,물품(내자),식품,False,21.0,False,낙찰자선정,등록공고,Y,
20210504,배추김치(임가공_경쟁) 조달,2021,육군군수사령부,물품(내자),식품,False,21.0,False,낙찰자선정,등록공고,Y,
20210504,배추김치(임가공_경쟁) 조달,2021,육군군수사령부,물품(내자),식품,False,21.0,False,낙찰자선정,등록공고,Y,
20210504,배추김치(임가공_경쟁) 조달,2021,육군군수사령부,물품(내자),식품,False,21.0,False,낙찰자선정,등록공고,Y,
20210504,배추김치(임가공_경쟁) 조달,2021,육군군수사령부,물품(내자),식품,False,21.0,False,낙찰자선정,등록공고,Y,
20210517,에나멜 노랑 등 9종 제조,2021,해군군수사령부,물품(내자),제조부품,False,4.0,False,낙찰자선정,등록공고,Y,
20210429,"병기손질유(일반용(PL-MED), 반유동체(LSA))",2021,육군군수사령부,물품(내자),연료·유류,True,0.0,True,유찰,재공고,Y,
20210429,21년 사골곰탕 조달,2021,육군군수사령부,물품(내자),식품,False,16.0,False,낙찰자선정,등록공고,Y,
20210429,21년 사골곰탕 조달,2021,육군군수사령부,물품(내자),식품,False,16.0,False,낙찰자선정,등록공고,Y,
20210429,21년 사골곰탕 조달,2021,육군군수사령부,물품(내자),식품,False,16.0,False,낙찰자선정,등록공고,Y,
20210429,21년 사골곰탕 조달,2021,육군군수사령부,물품(내자),식품,False,16.0,False,낙찰자선정,등록공고,Y,
20210504,총각김치 (경쟁) 조달,2021,육군군수사령부,물품(내자),식품,False,23.0,False,낙찰자선정,등록공고,Y,
20210504,총각김치 (경쟁) 조달,2021,육군군수사령부,물품(내자),식품,False,23.0,False,낙찰자선정,등록공고,Y,
20210504,총각김치 (경쟁) 조달,2021,육군군수사령부,물품(내자),식품,False,23.0,False,낙찰자선정,등록공고,Y,
20210504,총각김치 (경쟁) 조달,2021,육군군수사령부,물품(내자),식품,False,23.0,False,낙찰자선정,등록공고,Y,
20210504,총각김치 (경쟁) 조달,2021,육군군수사령부,물품(내자),식품,False,23.0,False,낙찰자선정,등록공고,Y,
20210504,총각김치 (경쟁) 조달,2021,육군군수사령부,물품(내자),식품,False,23.0,False,낙찰자선정,등록공고,Y,
20210504,총각김치 (경쟁) 조달,2021,육군군수사령부,물품(내자),식품,False,23.0,False,낙찰자선정,등록공고,Y,
20210504,총각김치 (경쟁) 조달,2021,육군군수사령부,물품(내자),식품,False,23.0,False,낙찰자선정,등록공고,Y,
20210429,"21년 인식표 제조(육,해,공,해병대)",2021,육군군수사령부,물품(내자),출판물,False,2.0,False,낙찰자선정,재공고,Y,
20210429,자기공명전산화단층촬영장치(MRI) 구매,2021,해군군수사령부,물품(내자),의료장비,True,0.0,True,유찰,재공고,N,
20210430,2021년 육군군수사령부 순두부 조달,2021,육군군수사령부,물품(내자),식품,True,0.0,True,유찰,재공고,Y,
20210430,2021년 육군군수사령부 순두부 조달,2021,육군군수사령부,물품(내자),식품,True,0.0,True,유찰,재공고,Y,
20210429,21년 GPS라디오존데(기상관측장비) 등 3종 구매,2021,공군군수사령부,물품(내자),실험·측정기기,False,12.0,False,낙찰자선정,등록공고,N,
20210504,깍두기(임가공_경쟁)  조달,2021,육군군수사령부,물품(내자),식품,False,20.0,False,낙찰자선정,등록공고,,
20210504,깍두기(임가공_경쟁)  조달,2021,육군군수사령부,물품(내자),식품,False,20.0,False,낙찰자선정,등록공고,,
20210504,깍두기(임가공_경쟁)  조달,2021,육군군수사령부,물품(내자),식품,False,20.0,False,낙찰자선정,등록공고,,
20210504,깍두기(임가공_경쟁)  조달,2021,육군군수사령부,물품(내자),식품,False,20.0,False,낙찰자선정,등록공고,,
20210504,깍두기(임가공_경쟁)  조달,2021,육군군수사령부,물품(내자),식품,False,20.0,False,낙찰자선정,등록공고,,
20210504,깍두기(임가공_경쟁)  조달,2021,육군군수사령부,물품(내자),식품,False,20.0,False,낙찰자선정,등록공고,,
20210504,깍두기(임가공_경쟁)  조달,2021,육군군수사령부,물품(내자),식품,False,20.0,False,낙찰자선정,등록공고,,
20210504,깍두기(임가공_경쟁)  조달,2021,육군군수사령부,물품(내자),식품,False,20.0,False,낙찰자선정,등록공고,,
20210503,혈구계산기 자동식 소형 중형(혈구계산기및자동분석시약류) 구매,2021,해군군수사령부,물품(내자),의료장비,False,795.0,False,낙찰자선정,등록공고,N,
20210504,갓김치(경쟁) 조달,2021,육군군수사령부,물품(내자),식품,False,7.0,False,낙찰자선정,등록공고,Y,
20210429,수중후레쉬 제조 구매,2021,육군군수사령부,물품(내자),전기·조명,False,2.0,False,낙찰자선정,재공고,Y,
20210430,"지게차 11,000파운드 구매(제조)",2021,공군군수사령부,물품(내자),운반·포장,True,0.0,True,유찰,재공고,Y,
20210430,2021년 육군군수사령부 연두부 조달,2021,육군군수사령부,물품(내자),식품,True,0.0,True,유찰,재공고,Y,
20210430,2021년 육군군수사령부 연두부 조달,2021,육군군수사령부,물품(내자),식품,True,0.0,True,유찰,재공고,Y,
20210503,2021년 육군군수사령부 식초(양조식초) 조달,2021,육군군수사령부,물품(내자),식품,False,4.0,False,낙찰자선정,등록공고,,
20210430,식육가공품(탕수육) 조달,2021,육군군수사령부,물품(내자),식품,False,8.0,False,낙찰자선정,재공고,Y,
20210510,군용 일반모자류 제조,2021,육군군수사령부,물품(내자),피복·개인용품,False,9.0,False,낙찰자선정,등록공고,Y,
20210504,열무김치(경쟁) 조달,2021,육군군수사령부,물품(내자),식품,False,22.0,False,낙찰자선정,등록공고,Y,
20210504,열무김치(경쟁) 조달,2021,육군군수사령부,물품(내자),식품,False,22.0,False,낙찰자선정,등록공고,Y,
20210504,열무김치(경쟁) 조달,2021,육군군수사령부,물품(내자),식품,False,22.0,False,낙찰자선정,등록공고,Y,
20210504,열무김치(경쟁) 조달,2021,육군군수사령부,물품(내자),식품,False,22.0,False,낙찰자선정,등록공고,Y,
20210513,정신전력교육 실감형 디지털 교재VR장비 구매,2021,국방부,물품(내자),악기·교재,True,2.0,False,유찰,등록공고,N,Y
20210504,2021년 배추김치(숙성김치_경쟁) 조달,2021,육군군수사령부,물품(내자),식품,False,17.0,False,낙찰자선정,등록공고,Y,
20210504,2021년 배추김치(숙성김치_경쟁) 조달,2021,육군군수사령부,물품(내자),식품,False,17.0,False,낙찰자선정,등록공고,Y,
20210504,순무김치 조달,2021,육군군수사령부,물품(내자),식품,False,3.0,False,낙찰자선정,등록공고,Y,
20210504,2021년 깍두기(완제품_경쟁) 조달,2021,육군군수사령부,물품(내자),식품,False,21.0,False,낙찰자선정,등록공고,Y,
20210504,2021년 깍두기(완제품_경쟁) 조달,2021,육군군수사령부,물품(내자),식품,False,21.0,False,낙찰자선정,등록공고,Y,
20210504,2021년 깍두기(완제품_경쟁) 조달,2021,육군군수사령부,물품(내자),식품,False,21.0,False,낙찰자선정,등록공고,Y,
20210504,2021년 깍두기(완제품_경쟁) 조달,2021,육군군수사령부,물품(내자),식품,False,21.0,False,낙찰자선정,등록공고,Y,
20210504,오이소박이(경쟁) 조달,2021,육군군수사령부,물품(내자),식품,False,4.0,False,낙찰자선정,등록공고,,
20210504,백김치(경쟁) 조달,2021,육군군수사령부,물품(내자),식품,False,3.0,False,낙찰자선정,등록공고,Y,
20210506,무정전전원장치(UPS) 구매,2021,해군군수사령부,물품(내자),전기·조명,False,25.0,False,낙찰자선정,등록공고,Y,
20210503,주 호흡조정기 구매,2021,해병대 군수단,물품(내자),스포츠·레저,False,,False,낙찰자선정,등록공고,N,
20210507,2021년 해군군수사령부 호흡용기체 3종 조달,2021,해군군수사령부,물품(내자),화학·화공,False,32.0,False,낙찰자선정,등록공고,N,
20210504,해병 로더스쿠프 제조,2021,해병 제9691부대,물품(내자),건설장비,True,0.0,True,유찰,등록공고,Y,
20210507,X-선기 병원용 디지털 1000mA 구매,2021,국방부 국군의무사령부,물품(내자),의료장비,True,0.0,True,유찰,등록공고,N,Y
20210511,21년 전투조끼 제조납품,2021,육군군수사령부,물품(내자),피복·개인용품,False,29.0,False,낙찰자선정,등록공고,Y,
20210506,2021년 육군군수사령부 깐쇼새우 조달,2021,육군군수사령부,물품(내자),식품,False,8.0,False,낙찰자선정,등록공고,Y,
20210506,해병대 3톤 구난트럭 제조,2021,해군군수사령부,물품(내자),차량·수송장비,False,3.0,False,낙찰자선정,등록공고,Y,
20210506,윤활유(증기터빈용) 구매,2021,해군군수사령부,물품(내자),연료·유류,True,0.0,True,유찰,등록공고,Y,
20210507,해군 항해자료기록장치(VDR) 구매,2021,해군군수사령부,물품(내자),정보통신,False,94.0,False,낙찰자선정,등록공고,N,
20210507,"2021~22년 공군 운동복 분류별(춘추, 하계) 입찰",2021,공군군수사령부,물품(내자),피복·개인용품,False,45.0,False,낙찰자선정,등록공고,Y,
20210507,"2021~22년 공군 운동복 분류별(춘추, 하계) 입찰",2021,공군군수사령부,물품(내자),피복·개인용품,False,45.0,False,낙찰자선정,등록공고,Y,
20210507,압박붕대류 2품목 구매,2021,육군군수사령부,물품(내자),의료장비,False,32.0,False,낙찰자선정,등록공고,N,
20210510,"함정용 비상조명(고정식, 이동식)",2021,해군군수사령부,물품(내자),전기·조명,False,2.0,False,낙찰자선정,등록공고,Y,
20210507,육군 로더스쿠프 제조,2021,육군군수사령부,물품(내자),건설장비,False,2.0,False,낙찰자선정,등록공고,Y,
20210507,21년 무균채수병 2종 제조 납품,2021,육군군수사령부,물품(내자),실험·측정기기,True,0.0,True,유찰,등록공고,Y,
20210507,"병기손질유(윤활유, 일반용(PL-SP))",2021,육군군수사령부,물품(내자),연료·유류,True,0.0,True,유찰,등록공고,Y,
20210507,21년 고성능 그리스 구매,2021,육군군수사령부,물품(내자),연료·유류,True,0.0,True,유찰,등록공고,Y,
20210511,21년 군수품(고무보트) 구매,2021,해군군수사령부,물품(내자),차량·수송장비,True,2.0,False,유찰,등록공고,Y,
20210507,윤활유(기어용) 구매,2021,육군군수사령부,물품(내자),연료·유류,True,0.0,True,유찰,재공고,Y,
20210507,21년 차량용 축전지 제조 납품,2021,육군군수사령부,물품(내자),발전·배전,True,0.0,True,유찰,재공고,Y,
20210510,일반의약품(세파졸린나트륨 등 3품목),2021,육군군수사령부,물품(내자),기타(51),False,3.0,False,낙찰자선정,재공고,N,
20210511,X-선기 이동식 구매,2021,해군군수사령부,물품(내자),의료장비,False,16.0,False,낙찰자선정,등록공고,N,
20210507,21년 취사피복(취사용 앞치마) 제조,2021,공군군수사령부,물품(내자),피복·개인용품,False,21.0,False,낙찰자선정,등록공고,Y,
20210507,2021년 육군군수사령부 옥수수기름 구매 (678),2021,육군군수사령부,물품(내자),식품,True,0.0,True,유찰,재공고,Y,
20210507,2021년 육군군수사령부 설탕 조달(재공고),2021,육군군수사령부,물품(내자),식품,True,0.0,True,유찰,재공고,Y,
20210511,"21년 부대표지(정복,근무복용) 제조",2021,육군군수사령부,물품(내자),출판물,False,21.0,False,낙찰자선정,등록공고,Y,
20210601,군용 야전배낭 제조,2021,육군군수사령부,물품(내자),피복·개인용품,False,32.0,False,낙찰자선정,등록공고,Y,
20210510,21년 요대류(공군/해군/해병대) 구매(제조),2021,공군군수사령부,물품(내자),피복·개인용품,False,15.0,False,낙찰자선정,등록공고,Y,
20210511,co2용접기 구매,2021,해군군수사령부,물품(내자),산업기계,False,,False,낙찰자선정,등록공고,N,
20210510,(해군) 21년 미용티슈(각티슈) 제조,2021,해군군수사령부,물품(내자),종이류,False,9.0,False,낙찰자선정,등록공고,Y,
20210511,21년 태극마크(육군) 제조,2021,육군군수사령부,물품(내자),피복·개인용품,False,16.0,False,낙찰자선정,등록공고,Y,
20210511,(육군) 21년 황산전해질(납축전지용활성제) 구매,2021,육군군수사령부,물품(내자),화학·화공,False,7.0,False,낙찰자선정,등록공고,N,
20210511,윤활유(아웃트보드모터오일) 구매,2021,육군군수사령부,물품(내자),연료·유류,False,39.0,False,낙찰자선정,등록공고,N,
20210511,(육군) 21년 요소수 제조,2021,육군군수사령부,물품(내자),고무·플라스틱,True,4.0,False,유찰,등록공고,Y,
20210511,2021년 육군군수사령부 청국장 조달(재공고),2021,육군군수사령부,물품(내자),식품,False,2.0,False,낙찰자선정,재공고,Y,
20210511,알미늄용접기 구매,2021,해군군수사령부,물품(내자),산업기계,False,,False,낙찰자선정,등록공고,N,
20210511,LED 수심게이지 1종 구매,2021,해군군수사령부,물품(내자),스포츠·레저,False,,False,낙찰자선정,등록공고,N,
20210511,"지게차 11,000파운드 제조구매",2021,공군군수사령부,물품(내자),운반·포장,True,0.0,True,유찰,등록공고,Y,
20210511,2021년 육군군수사령부 복합조미료(쇠고기맛) 조달(재공고),2021,육군군수사령부,물품(내자),식품,False,2.0,False,개찰완료,재공고,Y,
20210601,"백,항공수송용(A-22백)제조구매",2021,육군군수사령부,물품(내자),운반·포장,False,5.0,False,낙찰자선정,변경공고,Y,
20210512,21년 동계생활모 구매,2021,해군군수사령부,물품(내자),피복·개인용품,False,40.0,False,낙찰자선정,등록공고,Y,
20210512,21~22년 가죽벨트용 요대 구매,2021,공군군수사령부,물품(내자),피복·개인용품,False,25.0,False,낙찰자선정,등록공고,Y,
20210512,해병 로더스쿠프 제조,2021,해병 제9691부대,물품(내자),건설장비,True,0.0,True,유찰,재공고,Y,
20210513,21년 개인전투용 천막 구매(제조),2021,육군군수사령부,물품(내자),스포츠·레저,False,18.0,False,낙찰자선정,등록공고,Y,
20210513,(해군) 21년 함정 실내 LED 천장등(제조),2021,해군군수사령부,물품(내자),전기·조명,False,91.0,False,낙찰자선정,등록공고,Y,
20210513,해병 대형굴삭기 타이어형 제조,2021,해병 제9691부대,물품(내자),건설장비,True,0.0,True,유찰,등록공고,Y,
20210514,21년 흉장 및 예비군마크(육군) 제조,2021,육군군수사령부,물품(내자),피복·개인용품,False,12.0,False,낙찰자선정,등록공고,Y,
20210513,플라즈마용접기 구매,2021,해군군수사령부,물품(내자),산업기계,False,,False,낙찰자선정,등록공고,N,
20210513,공군 차륜형 굴착기 제조,2021,공군군수사령부,물품(내자),건설장비,True,0.0,True,유찰,등록공고,Y,
20210514,21년 육군 넥타이 2종 구매,2021,육군군수사령부,물품(내자),피복·개인용품,False,31.0,False,낙찰자선정,등록공고,Y,
20210514,해군 안전헬멧(5종) 제조,2021,해군군수사령부,물품(내자),국방·치안·보안,True,0.0,True,유찰,재공고,Y,
20210518,윤활유(유압작동유) 구매,2021,육군군수사령부,물품(내자),연료·유류,True,0.0,True,유찰,등록공고,Y,
20210517,21년 공군 귀덮개 구매,2021,공군군수사령부,물품(내자),피복·개인용품,False,26.0,False,낙찰자선정,등록공고,Y,
20210520,21년 궤도차량승무원복 제조납품,2021,육군군수사령부,물품(내자),피복·개인용품,False,36.0,False,낙찰자선정,등록공고,Y,
20210514,21년 무균채수병 2종 제조 납품,2021,육군군수사령부,물품(내자),실험·측정기기,True,0.0,True,유찰,재공고,Y,
20210518,육군 전투용탄약운반장구 제조,2021,육군군수사령부,물품(내자),농업기계,False,2.0,False,낙찰자선정,등록공고,Y,
20210525,[의무장비] 21년 자동화상체온감지기 제조,2021,육군군수사령부,물품(내자),국방·치안·보안,False,135.0,False,낙찰자선정,변경공고,Y,
20210517,중형선반(범용) 구매,2021,해군군수사령부,물품(내자),산업기계,False,685.0,False,낙찰자선정,등록공고,N,
20210517,응급흉부외상패드(일회용외과용드레이프) 구매,2021,육군군수사령부,물품(내자),의료장비,False,10.0,False,낙찰자선정,재공고,N,
20210517,"솔,페인트용 등 6종 구매",2021,해군군수사령부,물품(내자),제조부품,False,,False,낙찰자선정,등록공고,N,
20210518,21년 공군 면도기 조달,2021,공군군수사령부,물품(내자),피복·개인용품,True,0.0,True,유찰,등록공고,N,
20210518,21년 육군 오븐 받침대 조달,2021,육군군수사령부,물품(내자),서비스산업장비,False,25.0,False,낙찰자선정,등록공고,Y,
20210518,윤활유(내연기관용) 구매,2021,해군군수사령부,물품(내자),연료·유류,True,0.0,True,유찰,등록공고,Y,
20210518,잠수용마스크 등 2종 구매,2021,해군군수사령부,물품(내자),스포츠·레저,False,,False,낙찰자선정,등록공고,N,
20210518,X-선기 병원용 디지털 1000mA 구매,2021,국방부 국군의무사령부,물품(내자),의료장비,True,2.0,False,유찰,재공고,N,Y
20210518,"병기손질유(윤활유, 일반용(PL-SP))",2021,육군군수사령부,물품(내자),연료·유류,True,0.0,True,유찰,재공고,Y,
20210518,21년 부대표지(전투복용) 제조,2021,육군군수사령부,물품(내자),피복·개인용품,False,6.0,False,낙찰자선정,등록공고,Y,
20210518,21년 고성능 그리스 구매,2021,육군군수사령부,물품(내자),연료·유류,True,0.0,True,유찰,재공고,Y,
20210520,(공군) 21년 세탁기(15~16Kg) 구매,2021,공군군수사령부,물품(내자),가정용품,False,572.0,False,낙찰자선정,등록공고,N,
20210518,"공기실린더, 다이버용, 비상용 1종 구매",2021,해군군수사령부,물품(내자),스포츠·레저,False,,False,낙찰자선정,등록공고,N,
20210520,21년 무균채수병 2종 구매,2021,육군군수사령부,물품(내자),실험·측정기기,False,782.0,False,낙찰자선정,등록공고,N,
20210528,21년디지털요대구매(제조),2021,육군군수사령부,물품(내자),피복·개인용품,False,16.0,False,낙찰자선정,등록공고,Y,
20210527,군용 반합 제조,2021,육군군수사령부,물품(내자),스포츠·레저,True,0.0,True,유찰,등록공고,Y,
20210520,21년 차량용 축전지(PTC-100) 제조 납품,2021,육군군수사령부,물품(내자),발전·배전,True,0.0,True,유찰,등록공고,Y,
20210520,엔진용윤활유(자동차용) 구매,2021,육군군수사령부,물품(내자),연료·유류,True,0.0,True,유찰,등록공고,Y,
20210520,21년 철제계급장(육군) 제조,2021,육군군수사령부,물품(내자),피복·개인용품,False,6.0,False,낙찰자선정,등록공고,Y,
20210520,21년 포제계급장(육군) 제조,2021,육군군수사령부,물품(내자),피복·개인용품,False,5.0,False,낙찰자선정,등록공고,Y,
20210520,"21년 생화학분석기(임상화학용, 자동식, 대형) 1종 구매",2021,해군군수사령부,물품(내자),실험·측정기기,False,292.0,False,낙찰자선정,등록공고,N,
20210520,21년 중합효소연쇄반응장치(유전자증폭기) 구매,2021,국방부 국군의무사령부,물품(내자),실험·측정기기,False,19.0,False,낙찰자선정,등록공고,N,
20210520,"병기손질유(일반용(PL-MED), 반유동체(LSA))",2021,육군군수사령부,물품(내자),연료·유류,True,0.0,True,유찰,등록공고,Y,
20210521,지게차 22000파운드 제조 구매,2021,공군군수사령부,물품(내자),운반·포장,True,0.0,True,유찰,등록공고,Y,
20210521,강중유 구매,2021,육군군수사령부,물품(내자),연료·유류,False,19.0,False,낙찰자선정,등록공고,N,
20210521,해군 안전헬멧(5종) 제조,2021,해군군수사령부,물품(내자),국방·치안·보안,False,2.0,False,낙찰자선정,재공고,Y,
20210525,(육군) 21년 요소수 제조,2021,육군군수사령부,물품(내자),고무·플라스틱,False,7.0,False,낙찰자선정,재공고,Y,
20210521,윤활유(증기터빈용) 구매,2021,해군군수사령부,물품(내자),연료·유류,True,0.0,True,유찰,재공고,Y,
20210524,의료용 봉투류 등 3종 구매,2021,육군군수사령부,물품(내자),사무기기,False,167.0,False,낙찰자선정,등록공고,N,
20210525,의약품(아세트아미노펜)구매,2021,육군군수사령부,물품(내자),기타(51),False,4.0,False,낙찰자선정,등록공고,N,
20210525,일반의약품(수액류),2021,육군군수사령부,물품(내자),기타(51),False,2.0,False,낙찰자선정,등록공고,N,
20210601,21년 군수품(고속단정 15인승) 구매,2021,해군군수사령부,물품(내자),차량·수송장비,False,4.0,False,낙찰자선정,등록공고,Y,
20210527,자기공명영상촬영장치 구매,2021,국방부 국군의무사령부,물품(내자),의료장비,False,3.0,False,낙찰자선정,등록공고,N,Y
20210525,2021년 육군군수사령부 비빔냉면 조달(재공고),2021,육군군수사령부,물품(내자),식품,False,3.0,False,낙찰자선정,재공고,Y,
20210528,의료영상저장전송시스템(PACS) 구매 설치,2021,국방부 국군의무사령부,물품(내자),의료장비,False,2.0,False,낙찰자선정,등록공고,N,Y
20210601,관절 내시경(관절경) 구매,2021,국군대전병원,물품(내자),의료장비,False,55.0,False,개찰완료,등록공고,N,
20210607,치과유니트(국군대전병원) 구매,2021,국군대전병원,물품(내자),의료장비,False,168.0,False,낙찰자선정,등록공고,N,
20210527,[긴급공고] 육군 생물학보호의 level A 세트 구매,2021,육군군수사령부,물품(내자),국방·치안·보안,False,365.0,False,낙찰자선정,등록공고,N,Y
20210531,21년 육군 다기능작전모 구매(1차),2021,육군군수사령부,물품(내자),피복·개인용품,False,42.0,False,낙찰자선정,등록공고,Y,
20210528,2톤 전동지게차 구매,2021,해병 제9691부대,물품(내자),운반·포장,False,,False,낙찰자선정,등록공고,N,
20210526,부력조절기 등 2종 구매,2021,해군군수사령부,물품(내자),스포츠·레저,False,,False,낙찰자선정,등록공고,N,
20210528,3톤 지게차 구매,2021,해병 제9691부대,물품(내자),운반·포장,False,,False,낙찰자선정,등록공고,N,
20210604,21년 육군 가스자동취반기 조달,2021,육군군수사령부,물품(내자),서비스산업장비,False,2.0,False,낙찰자선정,등록공고,Y,
20210531,2021년 육군군수사령부 등 인식표줄 조달,2021,육군군수사령부,물품(내자),제조부품,True,2.0,False,유찰,등록공고,Y,
20210528,비닐도료 희석제 1종 조달,2021,해군군수사령부,물품(내자),제조부품,False,4.0,False,낙찰자선정,등록공고,Y,
20210528,에폭시페인트 등 5종 조달,2021,해군군수사령부,물품(내자),제조부품,False,7.0,False,낙찰자선정,등록공고,Y,
20210528,탄성폴리우레탄 상도 등 3종 조달,2021,해군군수사령부,물품(내자),제조부품,True,5.0,False,유찰,등록공고,Y,
20210603,전치아동시촬영장치 구매,2021,육군군수사령부,물품(내자),의료장비,False,6.0,False,낙찰자선정,등록공고,N,
20210527,육군 면마스크 (2차) 구매,2021,육군군수사령부,물품(내자),국방·치안·보안,False,,False,낙찰자선정,등록공고,N,
20210527,21년 2분기 전산소모품 구매,2021,방위사업청,물품(내자),사무기기,False,202.0,False,낙찰자선정,등록공고,N,
20210527,"수영물자 2종(수영모,물안경) 구매",2021,육군군수사령부,물품(내자),스포츠·레저,False,,False,낙찰자선정,등록공고,N,
20210527,21년 육군 귀덮개 제조,2021,육군군수사령부,물품(내자),피복·개인용품,False,35.0,False,낙찰자선정,등록공고,Y,
20210527,공군 로더스쿠프 제조,2021,공군군수사령부,물품(내자),건설장비,False,2.0,False,낙찰자선정,등록공고,Y,
20210601,2021년 해군군수사령부 제빙기 4품목 조달,2021,해군군수사령부,물품(내자),운반·포장,True,0.0,True,유찰,등록공고,Y,
20210527,오리발 1종 구매,2021,육군군수사령부,물품(내자),스포츠·레저,False,,False,낙찰자선정,등록공고,N,
20210527,오리발 등 2종 구매,2021,해군군수사령부,물품(내자),스포츠·레저,False,,False,낙찰자선정,등록공고,N,
20210528,육군 궤도형도저 구매,2021,육군군수사령부,물품(내자),건설장비,False,5.0,False,낙찰자선정,등록공고,N,
20210527,2021년 육군군수사령부 설탕(정제) 조달,2021,육군군수사령부,물품(내자),식품,True,0.0,True,유찰,등록공고,Y,
20210614,"정모류 제조(육군,공군)",2021,육군군수사령부,물품(내자),피복·개인용품,False,8.0,False,낙찰자선정,등록공고,Y,
20210528,윤활유(내연기관용) 구매,2021,해군군수사령부,물품(내자),연료·유류,True,0.0,True,유찰,재공고,Y,
20210528,"병기손질유(일반용(PL-MED), 반유동체(LSA))",2021,육군군수사령부,물품(내자),연료·유류,True,0.0,True,유찰,등록공고,Y,
20210528,21년 철제휘장류(육군) 제조,2021,육군군수사령부,물품(내자),피복·개인용품,False,20.0,False,낙찰자선정,등록공고,Y,
20210528,윤활유(유압작동유) 구매,2021,육군군수사령부,물품(내자),연료·유류,True,0.0,True,유찰,등록공고,Y,
20210528,"21년 포제휘장류(육군,해군,공군) 제조",2021,육군군수사령부,물품(내자),피복·개인용품,False,17.0,False,낙찰자선정,등록공고,Y,
20210528,(해군) 21년 세탁기(소형 드럼형) 구매,2021,해군군수사령부,물품(내자),가정용품,False,,False,낙찰자선정,등록공고,N,
20210528,21년 차량용 축전지(PTC-100) 제조 납품,2021,육군군수사령부,물품(내자),발전·배전,True,0.0,True,유찰,재공고,Y,
20210528,엔진용윤활유(자동차용) 구매,2021,육군군수사령부,물품(내자),연료·유류,True,0.0,True,유찰,재공고,Y,
20210604,육군 특전사 다용도침낭 제조,2021,육군군수사령부,물품(내자),스포츠·레저,False,10.0,False,낙찰자선정,등록공고,Y,
20210531,분말소화기 7종 조달,2021,해군군수사령부,물품(내자),국방·치안·보안,False,3.0,False,낙찰자선정,등록공고,Y,
20210531,21년 육군 다기능작전모 구매(2차),2021,육군군수사령부,물품(내자),피복·개인용품,False,42.0,False,낙찰자선정,등록공고,Y,
20210531,21년 육군 다기능작전모 구매(3차),2021,육군군수사령부,물품(내자),피복·개인용품,False,42.0,False,낙찰자선정,등록공고,Y,
20210531,(해병대) 21년 세탁기(16KG이상) 구매,2021,해병대 군수단,물품(내자),가정용품,False,,False,낙찰자선정,등록공고,N,
20210531,(해군) 21년 세탁기(15KG이상) 구매,2021,해군군수사령부,물품(내자),가정용품,False,,False,낙찰자선정,등록공고,N,
20210531,"21년 총기보관함(5,10인용) 조달 요청",2021,육군군수사령부,물품(내자),가구,False,10.0,False,낙찰자선정,등록공고,Y,
20210601,군용 일반모자류 제조,2021,육군군수사령부,물품(내자),피복·개인용품,False,9.0,False,낙찰자선정,재공고,Y,
20210602,21년 함정용 매트리스 구매,2021,해군군수사령부,물품(내자),가구,False,22.0,False,낙찰자선정,등록공고,Y,
20210601,"지게차 11,000파운드 제조",2021,공군군수사령부,물품(내자),운반·포장,True,0.0,True,유찰,등록공고,Y,
20210602,21년 공군 면도기 조달,2021,공군군수사령부,물품(내자),피복·개인용품,True,0.0,True,유찰,재공고,N,Y
20210609,2021년 육군군수사령부 황태찜(경쟁) 조달,2021,육군군수사령부,물품(내자),식품,True,0.0,True,유찰,등록공고,Y,
20210602,21년 독서대(관물함용) 조달 요청,2021,육군군수사령부,물품(내자),가구,False,13.0,False,낙찰자선정,등록공고,Y,
20210601,(육군) 21년 세탁기(15KG이상) 구매,2021,육군군수사령부,물품(내자),가정용품,False,,False,낙찰자선정,등록공고,N,Y
20210603,2021년 해군군수사령부 냉매 3종 조달 의뢰,2021,해군군수사령부,물품(내자),화학·화공,False,9.0,False,낙찰자선정,등록공고,N,
20210602,중형선반(반자동) 제조구매,2021,해군군수사령부,물품(내자),산업기계,True,0.0,True,유찰,등록공고,Y,
20210609,2021년 육군군수사령부 황태채무침(경쟁) 조달,2021,육군군수사령부,물품(내자),식품,True,0.0,True,유찰,등록공고,Y,
20210602,X-선기 병원용 디지털 1000mA 구매,2021,국방부 국군의무사령부,물품(내자),의료장비,False,2.0,False,낙찰자선정,재공고,N,Y
20210603,수술현미경 안과용(의료용현미경) 구매,2021,국군대전병원,물품(내자),의료장비,False,20.0,False,낙찰자선정,등록공고,N,
20210602,금속절단기 구매,2021,해군군수사령부,물품(내자),산업기계,False,793.0,False,낙찰자선정,등록공고,N,
20210603,21년 휴대용탐조등 제조,2021,육군군수사령부,물품(내자),전기·조명,False,7.0,False,낙찰자선정,등록공고,Y,
20210615,2021년육군군수사령부 인식표용 튜브 및 고무링 조달,2021,육군군수사령부,물품(내자),제조부품,False,2.0,False,낙찰자선정,등록공고,Y,
20210603,식육가공품(팝콘형치킨) 조달,2021,육군군수사령부,물품(내자),식품,False,8.0,False,낙찰자선정,등록공고,Y,
20210603,식육가공품(팝콘형치킨) 조달,2021,육군군수사령부,물품(내자),식품,False,8.0,False,낙찰자선정,등록공고,Y,
20210603,21년 해병대 총기보관함(10인용) 조달,2021,해병대 군수단,물품(내자),가구,False,8.0,False,낙찰자선정,등록공고,Y,
20210604,21년 군수품(고무보트) 구매,2021,해군군수사령부,물품(내자),차량·수송장비,True,0.0,True,유찰,재공고,Y,
20210604,21년 육군 가스취사세트 구성품 조달,2021,육군군수사령부,물품(내자),서비스산업장비,False,2.0,False,낙찰자선정,등록공고,Y,
20210604,21년 분대용천막 제조구매,2021,육군군수사령부,물품(내자),스포츠·레저,False,12.0,False,낙찰자선정,등록공고,N,
20210604,육군 진동식롤러 구매,2021,육군군수사령부,물품(내자),건설장비,False,19.0,False,낙찰자선정,등록공고,N,
20210608,수직천공기 구매,2021,해군군수사령부,물품(내자),산업기계,False,547.0,False,낙찰자선정,등록공고,N,
20210604,해병 진동식롤러 구매,2021,해병 제9691부대,물품(내자),건설장비,False,12.0,False,낙찰자선정,재공고,N,
20210610,(해군) 21년 미디어(4K) 영상편집기 구매,2021,해군군수사령부,물품(내자),인쇄·영상,False,186.0,False,낙찰자선정,등록공고,N,
20210610,(해군) 21년 사진편집기 구매,2021,해군군수사령부,물품(내자),인쇄·영상,False,214.0,False,낙찰자선정,등록공고,N,
20210608,21년 군사경찰용 장비(오토바이 645CC이상) 구매,2021,육군군수사령부,물품(내자),차량·수송장비,False,25.0,False,낙찰자선정,등록공고,N,
20210610,21년 함상화 제조구매,2021,해군군수사령부,물품(내자),국방·치안·보안,False,5.0,False,낙찰자선정,등록공고,Y,
20210607,정신전력교육 실감형 디지털 교재VR장비 구매,2021,국방부,물품(내자),악기·교재,True,0.0,True,유찰,재공고,N,Y
20210609,[긴급공고] 21년 육군 세면주머니 제조,2021,육군군수사령부,물품(내자),피복·개인용품,False,40.0,False,낙찰자선정,등록공고,Y,Y
20210607,인조가죽 조달,2021,해군군수사령부,물품(내자),광물·원자재,True,0.0,True,유찰,등록공고,Y,
20210608,21년 차량용(군용 및 상용차량) 타이어 구매,2021,육군군수사령부,물품(내자),차량·수송장비,False,270.0,False,낙찰자선정,등록공고,N,
20210608,21년 전자해도전시체계 구매,2021,해군군수사령부,물품(내자),실험·측정기기,False,83.0,False,낙찰자선정,등록공고,N,
20210608,21년 육군 전투우의(디지털무늬) 2종 제조 납품,2021,육군군수사령부,물품(내자),국방·치안·보안,False,24.0,False,낙찰자선정,등록공고,Y,
20210610,육군 하운동복 제조,2021,육군군수사령부,물품(내자),피복·개인용품,False,64.0,False,낙찰자선정,등록공고,Y,
20210608,"병기손질유(일반용(PL-MED), 반유동체(LSA))",2021,육군군수사령부,물품(내자),연료·유류,True,0.0,True,유찰,재공고,Y,
20210608,21년 실험실용 초저온냉동고 제조 납품,2021,육군군수사령부,물품(내자),실험·측정기기,False,5.0,False,낙찰자선정,등록공고,Y,
20210608,윤활유(유압작동유) 구매,2021,육군군수사령부,물품(내자),연료·유류,True,0.0,True,유찰,등록공고,Y,
20210610,육군 춘추운동복 제조,2021,육군군수사령부,물품(내자),피복·개인용품,False,63.0,False,낙찰자선정,등록공고,Y,
20210609,에나멜 노랑 등 9종 제조,2021,해군군수사령부,물품(내자),제조부품,False,2.0,False,낙찰자선정,등록공고,Y,
20210609,윤활유(기어용) 구매,2021,육군군수사령부,물품(내자),연료·유류,True,0.0,True,유찰,등록공고,Y,
20210609,(해군) 21년 드럼세탁기(15Kg) 구매,2021,해군군수사령부,물품(내자),가정용품,False,,False,낙찰자선정,등록공고,N,
20210609,의약품(아세트아미노펜)구매,2021,육군군수사령부,물품(내자),기타(51),True,0.0,True,유찰,재공고,N,
20210609,강중유 구매,2021,육군군수사령부,물품(내자),연료·유류,False,10.0,False,낙찰자선정,재공고,N,
20210625,야전상의(대테러용) 제조납품,2021,육군군수사령부,물품(내자),피복·개인용품,False,11.0,False,낙찰자선정,등록공고,Y,
20210610,레귤레이터(호흡기) 및 보조호흡기 구매,2021,육군군수사령부,물품(내자),스포츠·레저,False,,False,낙찰자선정,등록공고,N,
20210610,2021년 육군군수사령부 등 인식표줄 조달,2021,육군군수사령부,물품(내자),제조부품,False,2.0,False,낙찰자선정,재공고,Y,
20210610,21년 일반전투용천막 제조구매,2021,육군군수사령부,물품(내자),스포츠·레저,False,11.0,False,낙찰자선정,등록공고,N,
20210610,윤활유(증기터빈용) 구매,2021,해군군수사령부,물품(내자),연료·유류,True,0.0,True,유찰,등록공고,Y,
20210610,군용 반합 제조,2021,육군군수사령부,물품(내자),스포츠·레저,True,0.0,True,유찰,재공고,Y,
20210618,해군 엔진밸브연마기 구매,2021,해군군수사령부,물품(내자),차량·수송장비,False,,False,낙찰자선정,변경공고,N,
20210610,2021년 육군군수사령부 주입구(플라스틱) 조달,2021,육군군수사령부,물품(내자),공구,True,0.0,True,유찰,등록공고,Y,
20210610,2021년 해군군수사령부 제빙기 4품목 조달(재공고),2021,해군군수사령부,물품(내자),운반·포장,True,0.0,True,유찰,재공고,Y,
20210611,탄성폴리우레탄 상도 등 3종 조달,2021,해군군수사령부,물품(내자),제조부품,False,3.0,False,낙찰자선정,재공고,Y,
20210611,장방형경광등(차량용)-현장설치도,2021,육군군수사령부,물품(내자),전기·조명,True,0.0,True,유찰,등록공고,Y,
20210611,해군 전동차 제조,2021,해군군수사령부,물품(내자),차량·수송장비,False,4.0,False,낙찰자선정,등록공고,Y,
20210611,2021년 해군군수사령부 살균제(락스) 제조,2021,해군군수사령부,물품(내자),화학·화공,False,2.0,False,낙찰자선정,등록공고,Y,
20210611,21년 고성능 그리스 구매,2021,육군군수사령부,물품(내자),연료·유류,True,0.0,True,유찰,등록공고,Y,
20210614,육군 사각팬티 경쟁물량 제조,2021,육군군수사령부,물품(내자),피복·개인용품,False,34.0,False,낙찰자선정,등록공고,Y,
20210614,엔진용윤활유,2021,육군군수사령부,물품(내자),연료·유류,True,0.0,True,유찰,등록공고,Y,
20210614,지게차 22000파운드 제조 구매,2021,공군군수사령부,물품(내자),운반·포장,True,0.0,True,유찰,등록공고,Y,
20210614,21년 해군 케이스(이동용) 구매,2021,해군군수사령부,물품(내자),스포츠·레저,False,,False,낙찰자선정,등록공고,N,
20210614,중형선반(반자동) 구매,2021,해군군수사령부,물품(내자),산업기계,False,105.0,False,낙찰자선정,등록공고,N,
20210615,"21년 덮개, 천막용(방폭텐트) 구매",2021,육군군수사령부,물품(내자),국방·치안·보안,False,252.0,False,낙찰자선정,등록공고,N,
20210615,야전전기용접기 구매 건,2021,해군군수사령부,물품(내자),산업기계,False,893.0,False,낙찰자선정,등록공고,N,
20210616,"육군 로더스쿠프,무한궤도식(다목적 트랙로더) 구매",2021,육군군수사령부,물품(내자),건설장비,False,22.0,False,낙찰자선정,등록공고,N,
20210615,공군 인명구조소방차 제조,2021,공군군수사령부,물품(내자),차량·수송장비,True,0.0,True,유찰,등록공고,Y,
20210615,21년 육군 포장용 랩 구매,2021,육군군수사령부,물품(내자),서비스산업장비,False,116.0,False,낙찰자선정,재공고,N,
20210615,"병기손질유(윤활유, 일반용(PL-SP))",2021,육군군수사령부,물품(내자),연료·유류,True,0.0,True,유찰,등록공고,Y,
20210622,2021년 육군군수사령부 건빵(야채맛) 조달,2021,육군군수사령부,물품(내자),식품,False,3.0,False,낙찰자선정,등록공고,Y,
20210622,2021년 육군군수사령부 건빵(야채맛) 조달,2021,육군군수사령부,물품(내자),식품,False,3.0,False,낙찰자선정,등록공고,Y,
20210615,21년 육군 유격용장갑 구매,2021,육군군수사령부,물품(내자),피복·개인용품,False,7.0,False,낙찰자선정,등록공고,Y,
20210615,21년 육군 기타주방용품(그릴팬 등 4품목) 조달,2021,육군군수사령부,물품(내자),서비스산업장비,False,4.0,False,낙찰자선정,등록공고,Y,
20210616,2021년 20kg 소화기 등 3품목 조달,2021,육군군수사령부,물품(내자),국방·치안·보안,False,5.0,False,낙찰자선정,등록공고,Y,
20210621,90톤급 트럭크레인(상용),2021,방위사업청,물품(내자),운반·포장,True,0.0,True,유찰,등록공고,Y,
20210616,2021년 10L/B(3.3kg 소화기) 조달,2021,육군군수사령부,물품(내자),국방·치안·보안,False,4.0,False,낙찰자선정,등록공고,Y,
20210616,공수훈련지상장비 제조구매,2021,육군군수사령부,물품(내자),국방·치안·보안,True,0.0,True,유찰,등록공고,Y,
20210621,해병대 폭발물처리차 제조,2021,해군군수사령부,물품(내자),차량·수송장비,False,2.0,False,낙찰자선정,등록공고,Y,
20210616,21년 윤형철조망 조달,2021,육군군수사령부,물품(내자),제조부품,True,0.0,True,유찰,등록공고,Y,
20210616,"지게차 11,000파운드 제조",2021,공군군수사령부,물품(내자),운반·포장,True,0.0,True,유찰,재공고,Y,
20210616,인조가죽 조달,2021,해군군수사령부,물품(내자),광물·원자재,True,0.0,True,유찰,재공고,Y,
20210617,21년 해병 사병 근무복 체촌,2021,해병대 군수단,물품(내자),피복·개인용품,False,26.0,False,낙찰자선정,등록공고,Y,
20210617,자동혈구계산기 병원용(혈구계산기 및 자동분석시약류)  구매,2021,육군군수사령부,물품(내자),의료장비,False,767.0,False,낙찰자선정,등록공고,N,
20210616,21년 공군 방한장갑 제조,2021,공군군수사령부,물품(내자),피복·개인용품,False,6.0,False,낙찰자선정,등록공고,Y,
20210617,21년 육군 대테러화 제조 구매,2021,육군군수사령부,물품(내자),국방·치안·보안,False,4.0,False,낙찰자선정,등록공고,Y,
20210622,2021년 해군군수사령부 디스크(연마용) 등 19종 조달,2021,해군군수사령부,물품(내자),제조부품,False,,False,낙찰자선정,등록공고,N,
20210617,자동혈구계산기 사단용(혈구계산기 및 자동분석시약류)  구매,2021,육군군수사령부,물품(내자),의료장비,False,731.0,False,낙찰자선정,등록공고,N,
20210618,"(해군) 21년 컵, 세라믹제 등 15품목 구매",2021,해군군수사령부,물품(내자),가정용품,False,360.0,False,개찰완료,등록공고,N,
20210617,"수술용 장갑 등 5품목 구매(진료용 장갑, 수술용 장갑)",2021,육군군수사령부,물품(내자),의료장비,False,63.0,False,낙찰자선정,등록공고,N,
20210622,2021년 육군군수사령부 건빵(참깨맛) 조달,2021,육군군수사령부,물품(내자),식품,False,3.0,False,낙찰자선정,등록공고,Y,
20210622,2021년 육군군수사령부 건빵(참깨맛) 조달,2021,육군군수사령부,물품(내자),식품,False,3.0,False,낙찰자선정,등록공고,Y,
20210618,21년 해군 사병 정복 체촌,2021,해군군수사령부,물품(내자),피복·개인용품,False,24.0,False,낙찰자선정,등록공고,Y,
20210617,21년 공군 정비사 점검복 구매,2021,공군군수사령부,물품(내자),국방·치안·보안,False,,False,낙찰자선정,등록공고,N,
20210618,21년 육군 비행사용 셔츠 등 2종 제조 납품,2021,육군군수사령부,물품(내자),피복·개인용품,False,22.0,False,낙찰자선정,등록공고,Y,
20210617,21년 공군 넥타이 구매,2021,공군군수사령부,물품(내자),피복·개인용품,False,45.0,False,낙찰자선정,등록공고,Y,
20210629,육군 제독장치(포말제독기) 구매,2021,육군군수사령부,물품(내자),국방·치안·보안,True,2.0,False,유찰,등록공고,N,
20210618,21년 육군 일반우의 2종 제조 납품,2021,육군군수사령부,물품(내자),국방·치안·보안,False,24.0,False,낙찰자선정,등록공고,Y,
20210618,(육군) 21년 대테러물자(캠코더) 구매,2021,육군군수사령부,물품(내자),인쇄·영상,False,180.0,False,낙찰자선정,등록공고,N,
20210618,2021년 육군군수사령부 황태채무침(경쟁) 조달,2021,육군군수사령부,물품(내자),식품,False,2.0,False,낙찰자선정,재공고,Y,
20210618,윤활유(증기터빈용) 구매,2021,해군군수사령부,물품(내자),연료·유류,True,0.0,True,유찰,재공고,Y,
20210618,윤활유(유압작동유) 구매,2021,육군군수사령부,물품(내자),연료·유류,True,0.0,True,유찰,재공고,Y,
20210621,2021년 해군군수사령부 제빙기 4품목 구매 조달,2021,해군군수사령부,물품(내자),운반·포장,False,,False,낙찰자선정,등록공고,N,
20210618,하강고리 등 2품목 조달,2021,육군군수사령부,물품(내자),국방·치안·보안,True,0.0,True,유찰,재공고,Y,
20210618,2021년 육군군수사령부 황태찜(경쟁) 조달,2021,육군군수사령부,물품(내자),식품,False,2.0,False,낙찰자선정,재공고,Y,
20210618,윤활유(기어용) 구매,2021,육군군수사령부,물품(내자),연료·유류,True,0.0,True,유찰,등록공고,Y,
20210622,식육가공품(찹쌀탕수육) 조달,2021,육군군수사령부,물품(내자),식품,False,8.0,False,낙찰자선정,등록공고,Y,
20210622,식육가공품(찹쌀탕수육) 조달,2021,육군군수사령부,물품(내자),식품,False,8.0,False,낙찰자선정,등록공고,Y,
20210622,식육가공품(찹쌀탕수육) 조달,2021,육군군수사령부,물품(내자),식품,False,8.0,False,낙찰자선정,등록공고,Y,
20210622,식육가공품(찹쌀탕수육) 조달,2021,육군군수사령부,물품(내자),식품,False,8.0,False,낙찰자선정,등록공고,Y,
20210622,식육가공품(치킨텐더) 조달,2021,육군군수사령부,물품(내자),식품,False,9.0,False,낙찰자선정,등록공고,Y,
20210621,공군 항공기구조소방차,2021,공군군수사령부,물품(내자),차량·수송장비,False,3.0,False,낙찰자선정,등록공고,Y,
20210729,군용 안면마스크(두건) 제조,2021,육군군수사령부,물품(내자),국방·치안·보안,False,30.0,False,낙찰자선정,등록공고,Y,
20210622,21년 소형유조차 제조 구매,2021,해군군수사령부,물품(내자),차량·수송장비,True,0.0,True,유찰,등록공고,Y,
20210622,5톤 상용트럭(부식용) 제조구매,2021,해병 제9691부대,물품(내자),차량·수송장비,True,0.0,True,유찰,등록공고,Y,
20210621,21년 공군 구두약 조달,2021,공군군수사령부,물품(내자),청소장비,True,0.0,True,유찰,등록공고,Y,
20210621,육군주입구(플라스틱)제조,2021,육군군수사령부,물품(내자),공구,True,0.0,True,유찰,등록공고,Y,
20210624,"공기정화기,흡입용(22CFM) 제조",2021,육군군수사령부,물품(내자),배관·공조,False,5.0,False,낙찰자선정,등록공고,Y,
20210622,2021년 육군군수사령부 건빵(개선품) 조달,2021,육군군수사령부,물품(내자),식품,False,3.0,False,낙찰자선정,등록공고,Y,
20210623,(육군) 21년 야전전투용앰프(200W) 제조,2021,육군군수사령부,물품(내자),가정용품,False,20.0,False,낙찰자선정,등록공고,Y,
20210622,해군 경호용승용차 제조,2021,해군군수사령부,물품(내자),차량·수송장비,True,0.0,True,유찰,등록공고,Y,
20210622,"구명조끼, 양면형 조달",2021,육군군수사령부,물품(내자),국방·치안·보안,False,6.0,False,낙찰자선정,등록공고,Y,
20210622,21년 고성능 그리스 구매,2021,육군군수사령부,물품(내자),연료·유류,True,0.0,True,유찰,재공고,Y,
20210624,21년 항공장갑 구매,2021,육군군수사령부,물품(내자),피복·개인용품,False,5.0,False,낙찰자선정,등록공고,Y,
20210622,강중유 구매,2021,육군군수사령부,물품(내자),연료·유류,False,5.0,False,낙찰자선정,재공고,N,
20210623,21년 비무장피복(헌병완장 등 3품목) 구매,2021,육군군수사령부,물품(내자),출판물,False,106.0,False,낙찰자선정,등록공고,N,
20210623,21년육군군수사령부[의자(프라스틱제)],2021,육군군수사령부,물품(내자),가구,False,4.0,False,낙찰자선정,등록공고,Y,
20210622,"구명대, 팔에끼는 형(항공용)",2021,육군군수사령부,물품(내자),국방·치안·보안,False,4.0,False,낙찰자선정,등록공고,Y,
20210624,3단진압봉 조달,2021,해군군수사령부,물품(내자),국방·치안·보안,False,3.0,False,개찰완료,등록공고,Y,
20210630,21년 개인용특수천막(특전사용) 제조 구매,2021,육군군수사령부,물품(내자),스포츠·레저,False,9.0,False,낙찰자선정,등록공고,Y,
20210629,해군 천연방충탈취제 조달,2021,해군군수사령부,물품(내자),청소장비,True,0.0,True,유찰,등록공고,Y,
20210623,21년 특전사 수영복 구매,2021,육군군수사령부,물품(내자),피복·개인용품,False,,False,낙찰자선정,등록공고,N,
20210623,엔진용윤활유,2021,육군군수사령부,물품(내자),연료·유류,True,0.0,True,유찰,재공고,Y,
20210623,장방형경광등(차량용)-현장설치도,2021,육군군수사령부,물품(내자),전기·조명,True,0.0,True,유찰,재공고,Y,
20210624,21년육군군수사령부[병영생활관침대] 조달,2021,육군군수사령부,물품(내자),가구,False,24.0,False,낙찰자선정,등록공고,Y,
20210624,해군군수사령부 디스크그라인더 등 9종 조달,2021,해군군수사령부,물품(내자),공구,False,633.0,False,낙찰자선정,등록공고,N,
20210624,21년 특전복 제조납품,2021,육군군수사령부,물품(내자),피복·개인용품,False,32.0,False,낙찰자선정,등록공고,Y,
20210625,"백,항공수송용(A-22백)제조구매",2021,해병대 군수단,물품(내자),운반·포장,False,3.0,False,낙찰자선정,등록공고,Y,
20210624,"병기손질유(윤활유, 일반용(PL-SP))",2021,육군군수사령부,물품(내자),연료·유류,True,0.0,True,유찰,등록공고,Y,
20210625,"21년육군군수사령부[의자9호,10호] 조달",2021,육군군수사령부,물품(내자),가구,False,9.0,False,낙찰자선정,등록공고,Y,
20210628,저온제습기,2021,해군군수사령부,물품(내자),배관·공조,False,8.0,False,낙찰자선정,등록공고,Y,
20210628,공군 궤도형도저 구매,2021,공군군수사령부,물품(내자),건설장비,False,17.0,False,낙찰자선정,등록공고,N,
20210625,대테러복(특전작전용) 제조납품,2021,육군군수사령부,물품(내자),피복·개인용품,False,30.0,False,낙찰자선정,등록공고,Y,
20210625,21년 윤형철조망 조달,2021,육군군수사령부,물품(내자),제조부품,True,0.0,True,유찰,재공고,Y,
20210625,인조가죽 조달,2021,해군군수사령부,물품(내자),광물·원자재,True,0.0,True,유찰,재공고,Y,
20210630,21년 육군 정복/근무복 체촌(경쟁),2021,육군군수사령부,물품(내자),피복·개인용품,False,25.0,False,낙찰자선정,등록공고,Y,
20210628,육군 소형 차륜굴삭기 제조,2021,육군군수사령부,물품(내자),건설장비,True,0.0,True,유찰,등록공고,Y,
20210628,공군 소방펌프차 제조,2021,공군군수사령부,물품(내자),차량·수송장비,False,4.0,False,낙찰자선정,등록공고,Y,
20210630,해병대 해안경계부대 출동차량 제조,2021,해병 제9691부대,물품(내자),차량·수송장비,False,4.0,False,낙찰자선정,등록공고,Y,
20210628,식육가공품(소양념갈비찜) 조달,2021,육군군수사령부,물품(내자),식품,False,5.0,False,낙찰자선정,등록공고,Y,
20210628,21년 여군흑색단화 구매,2021,공군군수사령부,물품(내자),피복·개인용품,False,2.0,False,낙찰자선정,등록공고,Y,
20210628,21년 공군 정비피복(유류작업복) 제조,2021,공군군수사령부,물품(내자),피복·개인용품,False,32.0,False,낙찰자선정,등록공고,Y,
20210628,21년 의약품 일회용 알콜솜 구매,2021,육군군수사령부,물품(내자),기타(51),False,164.0,False,낙찰자선정,등록공고,N,
20210629,"(해군) 21년 로프, 초고분자량폴리에틸렌(30mm) 등 5품목 제조",2021,해군군수사령부,물품(내자),제조부품,False,5.0,False,낙찰자선정,등록공고,Y,
20210628,21년 육군 생물학 보호의 LEVEL C 세트 구매,2021,육군군수사령부,물품(내자),국방·치안·보안,False,,False,낙찰자선정,등록공고,N,
20210628,21년 육군 근무복잠바(체촌) 제조 납품,2021,육군군수사령부,물품(내자),피복·개인용품,False,17.0,False,낙찰자선정,등록공고,,
20210628,2021년 해군군수사령부 살균제(락스) 제조,2021,해군군수사령부,물품(내자),화학·화공,False,2.0,False,낙찰자선정,재공고,Y,
20210629,윤활유(아웃트보드모터오일) 구매,2021,육군군수사령부,물품(내자),연료·유류,False,31.0,False,개찰완료,재공고,N,
20210629,"거품액체, 소화용(6%) 조달",2021,해군군수사령부,물품(내자),국방·치안·보안,False,2.0,False,낙찰자선정,등록공고,Y,
20210629,"(공군) 21년 화장지(2겹, 70m) 제조",2021,공군군수사령부,물품(내자),종이류,False,5.0,False,낙찰자선정,등록공고,Y,
20210629,의약품(란소프라졸캡슐)구매,2021,육군군수사령부,물품(내자),기타(51),False,13.0,False,낙찰자선정,등록공고,N,
20210701,21년 수중시계(다이빙컴퓨터) 구매,2021,육군군수사령부,물품(내자),기타(54),False,,False,낙찰자선정,등록공고,,
20210629,윤활유(기어용) 구매,2021,육군군수사령부,물품(내자),연료·유류,True,0.0,True,유찰,재공고,Y,
20210629,90톤급 트럭크레인(상용),2021,방위사업청,물품(내자),운반·포장,True,0.0,True,유찰,재공고,Y,
20210702,안전벨트 제조 구매,2021,육군군수사령부,물품(내자),국방·치안·보안,True,0.0,True,유찰,등록공고,Y,
20210630,21년 방송제작 장비(UHD ENG 카메라) 구매,2021,국방부 국방홍보원,물품(내자),인쇄·영상,False,2.0,False,낙찰자선정,등록공고,N,
20210630,21년 육군 비행복(통작업복) 제조 납품,2021,육군군수사령부,물품(내자),피복·개인용품,False,14.0,False,낙찰자선정,등록공고,Y,
20210630,"병기손질유(윤활유, 일반용(PL-SP))",2021,육군군수사령부,물품(내자),연료·유류,True,0.0,True,유찰,등록공고,Y,
20210630,21년 공군 구두약 조달(재공고),2021,공군군수사령부,물품(내자),청소장비,True,0.0,True,유찰,재공고,Y,
20210630,공군 인명구조소방차 제조,2021,공군군수사령부,물품(내자),차량·수송장비,False,4.0,False,낙찰자선정,재공고,Y,
20210701,"21년육군군수사령부 [책상2,3호] 조달",2021,육군군수사령부,물품(내자),가구,False,23.0,False,낙찰자선정,등록공고,Y,
20210730,21년 유자철조망 조달,2021,육군군수사령부,물품(내자),제조부품,False,430.0,False,개찰완료,등록공고,N,
20210701,21년 고성능 그리스 구매,2021,육군군수사령부,물품(내자),연료·유류,True,0.0,True,유찰,등록공고,Y,
20210701,(해군) 21년 스텐냉면그릇 구매,2021,해군군수사령부,물품(내자),가정용품,False,869.0,False,낙찰자선정,등록공고,N,
20210705,응급지혈거즈 구매,2021,육군군수사령부,물품(내자),의료장비,False,798.0,False,낙찰자선정,등록공고,N,
20210705,해군 경호용승용차 제조,2021,해군군수사령부,물품(내자),차량·수송장비,True,0.0,True,유찰,재공고,Y,
20210702,공수훈련지상장비 제조구매,2021,육군군수사령부,물품(내자),국방·치안·보안,True,0.0,True,유찰,재공고,Y,
20210705,21년 공군 비행복 등 3종(체촌) 제조 납품,2021,공군군수사령부,물품(내자),피복·개인용품,False,6.0,False,개찰완료,등록공고,Y,
20210705,5톤 상용트럭(부식용) 제조구매,2021,해병 제9691부대,물품(내자),차량·수송장비,False,3.0,False,낙찰자선정,재공고,Y,
20210705,21년 소형유조차 제조 구매,2021,해군군수사령부,물품(내자),차량·수송장비,True,0.0,True,유찰,재공고,Y,
20210708,육군 소방펌프차 제조,2021,육군군수사령부,물품(내자),차량·수송장비,False,3.0,False,낙찰자선정,등록공고,Y,
20210708,군용 침낭 제조,2021,육군군수사령부,물품(내자),스포츠·레저,False,15.0,False,낙찰자선정,등록공고,Y,
20210705,2021년 노후 네트워크 장비 교체 사업,2021,국방부 국방전산정보원,물품(내자),정보통신,False,4.0,False,낙찰자선정,등록공고,N,Y
20210705,21년 육군 포제계급장 및 포제휘장류 제조,2021,육군군수사령부,물품(내자),피복·개인용품,False,9.0,False,낙찰자선정,등록공고,Y,
20210705,21년 육군 철제계급장 및 철제휘장류 제조,2021,육군군수사령부,물품(내자),피복·개인용품,False,11.0,False,낙찰자선정,등록공고,Y,
20210705,21년 해군 넥타이 제조,2021,해군군수사령부,물품(내자),피복·개인용품,False,39.0,False,낙찰자선정,등록공고,Y,
20210707,X-선기 치과용 디지털 구매,2021,육군군수사령부,물품(내자),의료장비,False,2.0,False,낙찰자선정,등록공고,N,
20210705,"21년 육군 학군단(3사, 육사) 외출가방 제조",2021,육군군수사령부,물품(내자),피복·개인용품,False,31.0,False,낙찰자선정,등록공고,Y,
20210705,21년 알카라인전지 5종 구매,2021,해군군수사령부,물품(내자),발전·배전,False,,False,낙찰자선정,등록공고,N,
20210705,"2021년 해군군수사령부 방부제, 디젤연료용(함정용 연료탱크 미생물제거제) 조달",2021,해군군수사령부,물품(내자),화학·화공,False,581.0,False,낙찰자선정,등록공고,N,
20210705,지게차 22000파운드 제조 구매,2021,공군군수사령부,물품(내자),운반·포장,True,0.0,True,유찰,재공고,Y,
20210707,2021년 해군군수사령부 충전임팩드릴 등 20종 조달,2021,해군군수사령부,물품(내자),공구,False,,False,낙찰자선정,등록공고,N,
20210707,2021년 해군군수사령부 렌치세트(소켓용) 등 44종 조달,2021,해군군수사령부,물품(내자),공구,False,,False,낙찰자선정,등록공고,N,
20210707,주 호흡조정기 등 2종 구매,2021,해군군수사령부,물품(내자),스포츠·레저,False,,False,낙찰자선정,등록공고,N,
20210706,"21년육군군수사령부 [서류함3,4,5호] 조달",2021,육군군수사령부,물품(내자),가구,False,26.0,False,낙찰자선정,등록공고,Y,
20210706,육군 소형 차륜굴삭기 제조,2021,육군군수사령부,물품(내자),건설장비,False,2.0,False,낙찰자선정,등록공고,Y,
20210707,21년 공군 사병 근무복 체촌,2021,공군군수사령부,물품(내자),피복·개인용품,False,31.0,False,낙찰자선정,등록공고,Y,
20210706,21년육군군수사령부 [보관함(의류용)] 조달,2021,육군군수사령부,물품(내자),가구,False,25.0,False,낙찰자선정,등록공고,Y,
20210707,쫄면 제조 조달,2021,육군군수사령부,물품(내자),식품,False,4.0,False,낙찰자선정,등록공고,Y,
20210707,쫄면 제조 조달,2021,육군군수사령부,물품(내자),식품,False,4.0,False,낙찰자선정,등록공고,Y,
20210707,공군 동운동복 경쟁물량 제조,2021,공군군수사령부,물품(내자),피복·개인용품,False,38.0,False,낙찰자선정,등록공고,Y,
20210707,자장면 제조 조달,2021,육군군수사령부,물품(내자),식품,False,3.0,False,낙찰자선정,등록공고,Y,
20210707,자장면 제조 조달,2021,육군군수사령부,물품(내자),식품,False,3.0,False,낙찰자선정,등록공고,Y,
20210707,21년 해군 귀덮개 제조,2021,해군군수사령부,물품(내자),피복·개인용품,False,33.0,False,낙찰자선정,등록공고,Y,
20210708,2021년 육군군수사령부 떡국떡 조달,2021,육군군수사령부,물품(내자),식품,True,0.0,True,유찰,등록공고,Y,
20210728,B-1 브리핑시스템 노후교체 3차 사업,2021,국방부 국군지휘통신사령부,물품(내자),정보통신,False,4.0,False,낙찰자선정,변경공고,N,Y
20210708,인조가죽 구매,2021,해군군수사령부,물품(내자),광물·원자재,False,425.0,False,낙찰자선정,재공고,N,
20210712,21년 중장비 수송용(60톤) 트랙터 제조,2021,육군군수사령부,물품(내자),차량·수송장비,True,0.0,True,유찰,등록공고,Y,
20210708,해군 함상방한복 제조,2021,해군군수사령부,물품(내자),피복·개인용품,False,21.0,False,낙찰자선정,등록공고,Y,
20210708,21년 공군 및 해병 비행복 3종 제조 납품,2021,공군군수사령부,물품(내자),피복·개인용품,False,15.0,False,낙찰자선정,등록공고,Y,
20210712,21년 트럭트랙터 제조 구매,2021,공군군수사령부,물품(내자),차량·수송장비,True,0.0,True,유찰,등록공고,Y,
20210708,"병기손질유(윤활유, 일반용(PL-SP))",2021,육군군수사령부,물품(내자),연료·유류,True,0.0,True,유찰,재공고,Y,
20210709,2021년 육군군수사령부 잡채볶음밥 조달,2021,육군군수사령부,물품(내자),식품,False,2.0,False,낙찰자선정,등록공고,Y,
20210713,해군 천연방충탈취제 조달,2021,해군군수사령부,물품(내자),청소장비,True,0.0,True,유찰,재공고,Y,
20210719,육군 작전지휘차량,2021,육군군수사령부,물품(내자),차량·수송장비,False,7.0,False,낙찰자선정,변경공고,Y,
20210709,21년 고성능 그리스 구매,2021,육군군수사령부,물품(내자),연료·유류,True,0.0,True,유찰,재공고,Y,
20210719,육군 대테러물자적재차량 제조,2021,육군군수사령부,물품(내자),차량·수송장비,False,11.0,False,낙찰자선정,변경공고,Y,
20210713,차기열상감시장비(TOD) 양산사업 0.9KW발전기세트,2021,방위사업청,물품(내자),발전·배전,False,78.0,False,낙찰자선정,등록공고,N,
20210719,육군 해안경계작전용 차량(승합차),2021,육군군수사령부,물품(내자),차량·수송장비,False,8.0,False,낙찰자선정,변경공고,Y,
20210720,해군 이동정밀측정교정차 제조,2021,해군군수사령부,물품(내자),차량·수송장비,False,11.0,False,낙찰자선정,변경공고,Y,
20210712,해군 직진식카고크레인 제조,2021,해군군수사령부,물품(내자),차량·수송장비,True,0.0,True,유찰,등록공고,Y,
20210712,해병대 항공기구조소방차 제조,2021,해군군수사령부,물품(내자),차량·수송장비,False,3.0,False,낙찰자선정,등록공고,Y,
20210713,육군 동하계 함상복 제조납품,2021,육군군수사령부,물품(내자),피복·개인용품,False,11.0,False,낙찰자선정,등록공고,Y,
20210713,21년 특전복 맞춤,2021,육군군수사령부,물품(내자),피복·개인용품,False,5.0,False,낙찰자선정,등록공고,Y,
20210713,21년 육군 플리스형 스웨터 제조 납품,2021,육군군수사령부,물품(내자),피복·개인용품,False,6.0,False,낙찰자선정,등록공고,Y,
20210713,21년 동하계 함상복 맞춤,2021,해군군수사령부,물품(내자),피복·개인용품,False,13.0,False,낙찰자선정,등록공고,Y,
20210713,21년 공군 및 해군 일반우의 제조 납품,2021,공군군수사령부,물품(내자),국방·치안·보안,False,26.0,False,낙찰자선정,등록공고,Y,
20210713,TICN 3차양산 3차 상용장비 구매,2021,방위사업청,물품(내자),정보통신,False,100.0,False,낙찰자선정,등록공고,N,
20210713,"잠수용신발, 잠수작업화(건식) 1종 구매",2021,해군군수사령부,물품(내자),스포츠·레저,False,285.0,False,낙찰자선정,등록공고,N,
20210713,호흡조정기(피스톤)(일반형) 1종 구매,2021,해군군수사령부,물품(내자),스포츠·레저,False,,False,낙찰자선정,등록공고,N,
20210716,와이퍼 울라이트 구매,2021,해군군수사령부,물품(내자),청소장비,False,,False,낙찰자선정,등록공고,N,
20210714,(해군) 21년 섬유로프조립체 4품목 제조,2021,해군군수사령부,물품(내자),제조부품,False,2.0,False,낙찰자선정,등록공고,Y,
20210715,혈구계산기 자동식 중형 2대(혈구계산기및자동분석시약류) 구매,2021,국군대전병원,물품(내자),의료장비,False,583.0,False,낙찰자선정,등록공고,N,
20210714,(해병대) 21년 전기이발기(개선품) 제조,2021,해병대 군수단,물품(내자),가정용품,False,6.0,False,낙찰자선정,등록공고,Y,
20210716,21년 식기세척기용 세제 제조,2021,육군군수사령부,물품(내자),청소장비,True,2.0,False,유찰,등록공고,Y,
20210720,21년 육군 간호장교 및 여군 단화류 조달 계약,2021,육군군수사령부,물품(내자),피복·개인용품,False,5.0,False,낙찰자선정,등록공고,Y,
20210715,윤활유(유압작동유) 구매,2021,육군군수사령부,물품(내자),연료·유류,True,0.0,True,유찰,등록공고,Y,
20210719,수술등 야전용(수술용무영등) 구매,2021,육군군수사령부,물품(내자),의료장비,False,753.0,False,낙찰자선정,등록공고,N,
20210720,응급처치배낭 제조납품,2021,육군군수사령부,물품(내자),의료장비,False,12.0,False,낙찰자선정,등록공고,Y,
20210716,21년 특전사 기능성방한복 제조,2021,육군군수사령부,물품(내자),피복·개인용품,False,20.0,False,낙찰자선정,등록공고,Y,
20210719,지게차 2종 2점 구매,2021,공군종합보급창,물품(내자),운반·포장,False,103.0,False,낙찰자선정,등록공고,N,
20210719,알가공품(계란말이) 조달,2021,육군군수사령부,물품(내자),식품,False,17.0,False,낙찰자선정,등록공고,N,
20210719,2021년 육군군수사령부 떡국떡 조달(재),2021,육군군수사령부,물품(내자),식품,True,0.0,True,유찰,재공고,Y,
20210719,안전벨트 제조 구매,2021,육군군수사령부,물품(내자),국방·치안·보안,True,0.0,True,유찰,재공고,Y,
20210726,"21년 해병대 덮개,천막용(방폭텐트) 구매",2021,해병대 군수단,물품(내자),국방·치안·보안,False,322.0,False,낙찰자선정,등록공고,N,
20210719,21년 유니목 구매,2021,공군군수사령부,물품(내자),차량·수송장비,False,24.0,False,낙찰자선정,등록공고,N,
20210719,"(해군) 21년 컵, 세라믹제 등 15품목 구매",2021,해군군수사령부,물품(내자),가정용품,False,68.0,False,낙찰자선정,등록공고,N,
20210719,고압증기멸균기(해군) 제조납품,2021,해군군수사령부,물품(내자),의료장비,False,2.0,False,낙찰자선정,등록공고,Y,
20210726,21년 군사경찰용 장비(오토바이 1860CC)  구매,2021,육군군수사령부,물품(내자),차량·수송장비,False,11.0,False,낙찰자선정,등록공고,N,
20210720,21년 상용트랙터 제조 구매,2021,해군군수사령부,물품(내자),차량·수송장비,False,2.0,False,낙찰자선정,등록공고,Y,
20210720,21년 육군 늄침대(알루미늄 접이식 야전침대) 제조,2021,육군군수사령부,물품(내자),스포츠·레저,False,2.0,False,낙찰자선정,등록공고,Y,
20210719,식육가공품(햄버그스테이크) 조달,2021,육군군수사령부,물품(내자),식품,False,7.0,False,낙찰자선정,등록공고,Y,
20210720,"21년 방한용 스패츠(육, 공, 해병) 제조",2021,육군군수사령부,물품(내자),국방·치안·보안,False,16.0,False,낙찰자선정,등록공고,Y,
20210820,육군 해안경계작전용 차량(SUT) 제조,2021,육군군수사령부,물품(내자),차량·수송장비,False,9.0,False,낙찰자선정,등록공고,Y,
20210720,21년 고성능 그리스 구매,2021,육군군수사령부,물품(내자),연료·유류,True,0.0,True,유찰,등록공고,Y,
20210721,2021년 육군군수사령부 스파게티 조달,2021,육군군수사령부,물품(내자),식품,False,40.0,False,낙찰자선정,등록공고,N,
20210721,2021년 육군군수사령부 스파게티소스 조달,2021,육군군수사령부,물품(내자),식품,False,13.0,False,낙찰자선정,등록공고,Y,
20210720,21년  분대용 천막(동원물자) 제조,2021,공군군수사령부,물품(내자),스포츠·레저,True,2.0,False,유찰,등록공고,Y,
20210720,"(육, 공군) 21년 식관몸통 5가론 등 3품목 제조",2021,육군군수사령부,물품(내자),가정용품,False,2.0,False,낙찰자선정,등록공고,Y,
20210720,2021년 육군군수사령부 옥수수기름 구매 (91011),2021,육군군수사령부,물품(내자),식품,True,0.0,True,유찰,등록공고,Y,
20210722,육군 EOD작전차량 제조,2021,육군군수사령부,물품(내자),차량·수송장비,False,9.0,False,낙찰자선정,등록공고,Y,
20210721,21~22년 개선비행장갑 구매,2021,공군군수사령부,물품(내자),피복·개인용품,False,3.0,False,낙찰자선정,등록공고,Y,
20210721,용접기류 구매 건,2021,육군군수사령부,물품(내자),산업기계,False,,False,낙찰자선정,등록공고,N,
20210721,21년 일반 전투용천막 끈 제조 구매,2021,육군군수사령부,물품(내자),제조부품,True,0.0,True,유찰,등록공고,Y,
20210721,(육군) 21년 고무줄(전투복 하의용) 구매,2021,육군군수사령부,물품(내자),사무기기,False,,False,낙찰자선정,등록공고,N,
20210721,탁상연마기 구매,2021,해군군수사령부,물품(내자),산업기계,False,764.0,False,낙찰자선정,등록공고,N,
20210723,21년 하계 조종화(육군) 제조,2021,육군군수사령부,물품(내자),국방·치안·보안,False,2.0,False,낙찰자선정,등록공고,Y,
20210722,머시닝센터 제조 입찰 건,2021,육군군수사령부,물품(내자),산업기계,True,0.0,True,유찰,등록공고,Y,
20210722,(육군) 21년 산악로프(50m) 제조,2021,육군군수사령부,물품(내자),제조부품,True,0.0,True,유찰,등록공고,Y,
20210723,"구명환, 구명구, 조끼형, 고정익항공기/해상초계기용 조달",2021,해군군수사령부,물품(내자),국방·치안·보안,False,485.0,False,낙찰자선정,등록공고,N,
20210728,2021년 육군군수사령부 플라스틱골판지 조달,2021,육군군수사령부,물품(내자),운반·포장,False,4.0,False,낙찰자선정,등록공고,Y,
20210818,해군 견인용도저 구매,2021,해군군수사령부,물품(내자),건설장비,False,14.0,False,낙찰자선정,등록공고,N,
20210726,"21년동계조종화(공군,육군)",2021,공군군수사령부,물품(내자),국방·치안·보안,False,3.0,False,낙찰자선정,등록공고,Y,
20210723,윤활유(유압작동유) 구매,2021,육군군수사령부,물품(내자),연료·유류,True,0.0,True,유찰,등록공고,Y,
20210723,21년 차량용 축전지(PTC-100) 제조 납품,2021,육군군수사령부,물품(내자),발전·배전,True,0.0,True,유찰,등록공고,Y,
20210723,21년 특전복 맞춤,2021,육군군수사령부,물품(내자),피복·개인용품,False,2.0,False,낙찰자선정,재공고,Y,
20210803,"21년 유조트럭 2종(1톤, 2.5톤) 제조",2021,공군군수사령부,물품(내자),차량·수송장비,True,0.0,True,유찰,등록공고,Y,
20210727,육군 수요 공기압축기 2종 제조 조달,2021,육군군수사령부,물품(내자),배관·공조,False,6.0,False,낙찰자선정,등록공고,Y,
20210726,2021년 육군군수사령부 다목적 송풍기(낙엽청소기) 조달,2021,육군군수사령부,물품(내자),공구,False,3.0,False,낙찰자선정,등록공고,Y,
20210726,"지게차 11,000파운드 구매",2021,공군군수사령부,물품(내자),운반·포장,False,248.0,False,낙찰자선정,등록공고,N,
20210726,기중기 60톤 제조 입찰 건,2021,공군군수사령부,물품(내자),운반·포장,True,0.0,True,유찰,등록공고,Y,
20210726,고압증기멸균기(육군) 제조납품,2021,육군군수사령부,물품(내자),의료장비,False,4.0,False,낙찰자선정,등록공고,Y,
20210727,21년 3사 생도피복 체촌,2021,육군군수사령부,물품(내자),피복·개인용품,False,29.0,False,낙찰자선정,등록공고,Y,
20210727,소형선반 제조 건,2021,해군군수사령부,물품(내자),산업기계,True,0.0,True,유찰,등록공고,Y,
20210726,강중유 구매,2021,육군군수사령부,물품(내자),연료·유류,False,35.0,False,낙찰자선정,등록공고,N,
20210728,육군 작전밴 제조,2021,육군군수사령부,물품(내자),차량·수송장비,False,8.0,False,낙찰자선정,등록공고,Y,
20210727,육군 동운동복 경쟁물량 제조,2021,육군군수사령부,물품(내자),피복·개인용품,False,61.0,False,낙찰자선정,등록공고,Y,
20210727,90톤급 트럭크레인(상용),2021,방위사업청,물품(내자),운반·포장,True,0.0,True,유찰,등록공고,Y,
20210727,이비인후과유니트 구매,2021,해병 제9691부대,물품(내자),의료장비,False,209.0,False,낙찰자선정,등록공고,N,
20210727,2021년 해군군수사령부 베어링 뽑게 등 3종 조달,2021,해군군수사령부,물품(내자),공구,False,,False,낙찰자선정,등록공고,N,
20210729,"공군, 해군 및 해병 다목적외투_체촌(맞춤) 제조 납품",2021,공군군수사령부,물품(내자),피복·개인용품,False,22.0,False,낙찰자선정,등록공고,Y,
20210727,21년 학군단복 체촌,2021,육군군수사령부,물품(내자),피복·개인용품,False,36.0,False,낙찰자선정,등록공고,Y,
20210727,21년 식기세척기용 세제 제조,2021,육군군수사령부,물품(내자),청소장비,False,2.0,False,낙찰자선정,재공고,Y,
20210728,2021년 육군군수사령부 고정세탁기 조달,2021,육군군수사령부,물품(내자),청소장비,False,8.0,False,낙찰자선정,등록공고,Y,
20210802,21년 화물용트럭 제조,2021,공군군수사령부,물품(내자),차량·수송장비,False,4.0,False,낙찰자선정,등록공고,Y,
20210803,X-선 장비 및 노트북 조달,2021,육군군수사령부,물품(내자),국방·치안·보안,False,37.0,False,낙찰자선정,변경공고,N,
20210728,의료용 냉장고 중형(혈액 약품냉장고) 제조,2021,육군군수사령부,물품(내자),의료장비,True,0.0,True,유찰,등록공고,Y,
20210728,21년 고성능 그리스 구매,2021,육군군수사령부,물품(내자),연료·유류,True,0.0,True,유찰,재공고,Y,
20210729,21~22년 공군 간부 운동모 조달 구매,2021,공군군수사령부,물품(내자),피복·개인용품,False,18.0,False,낙찰자선정,등록공고,Y,Y
20210728,21년 방한화 제조 구매,2021,육군군수사령부,물품(내자),국방·치안·보안,False,2.0,False,낙찰자선정,등록공고,Y,
20210729,해군 직진식카고크레인 제조,2021,해군군수사령부,물품(내자),차량·수송장비,False,2.0,False,낙찰자선정,재공고,Y,
20210729,공기압축기(15/250CFM) 제조 조달,2021,해병 제9691부대,물품(내자),배관·공조,False,7.0,False,낙찰자선정,등록공고,Y,
20210729,육군 중형 차륜굴삭기 제조,2021,육군군수사령부,물품(내자),건설장비,False,2.0,False,낙찰자선정,등록공고,Y,
20210729,육군 소형 궤도굴삭기 제조,2021,육군군수사령부,물품(내자),건설장비,False,2.0,False,낙찰자선정,등록공고,Y,
20210729,21년 해군 및 해병 잠바류 5종 제조 납품,2021,해군군수사령부,물품(내자),피복·개인용품,False,21.0,False,낙찰자선정,등록공고,Y,
20210729,육군 제독장치(포말제독기) 구매,2021,육군군수사령부,물품(내자),국방·치안·보안,True,2.0,False,유찰,재공고,N,
20210729,21년  분대용 천막(동원물자) 제조,2021,공군군수사령부,물품(내자),스포츠·레저,True,0.0,True,유찰,재공고,Y,
20210805,2021년 육군군수사령부 [카레소스] 조달(긴급),2021,육군군수사령부,물품(내자),식품,False,9.0,False,낙찰자선정,등록공고,Y,Y
20210730,해군 소방펌프차 제조,2021,해군군수사령부,물품(내자),차량·수송장비,False,3.0,False,낙찰자선정,등록공고,Y,
20210831,군용 난연안면마스크(두건) 제조,2021,육군군수사령부,물품(내자),국방·치안·보안,False,21.0,False,낙찰자선정,등록공고,Y,
20210730,21년 일반 전투용천막 끈 제조 구매,2021,육군군수사령부,물품(내자),제조부품,True,0.0,True,유찰,재공고,Y,
20210802,고압증기멸균기(국군대전병원) 구매,2021,국군대전병원,물품(내자),의료장비,False,197.0,False,낙찰자선정,등록공고,N,
20210802,전투식량 S형(김치비빔밥) 조달,2021,육군군수사령부,물품(내자),식품,False,4.0,False,낙찰자선정,등록공고,Y,
20210802,거즈스펀지(상처드레싱패드) 구매,2021,육군군수사령부,물품(내자),의료장비,False,88.0,False,낙찰자선정,등록공고,N,
20210802,전투식량 S형(닭고기비빔밥) 조달,2021,육군군수사령부,물품(내자),식품,False,3.0,False,낙찰자선정,등록공고,Y,
20210802,전투식량 S형(쇠고기고추장비빔밥) 조달,2021,육군군수사령부,물품(내자),식품,False,4.0,False,낙찰자선정,등록공고,Y,
20210802,전투식량 S형(카레비빔밥) 조달,2021,육군군수사령부,물품(내자),식품,False,5.0,False,낙찰자선정,등록공고,,
20210802,전투식량 S형(해물비빔밥) 조달,2021,육군군수사령부,물품(내자),식품,False,3.0,False,낙찰자선정,등록공고,Y,
20210802,공군 2.9톤 견인차 제조,2021,공군군수사령부,물품(내자),차량·수송장비,True,0.0,True,유찰,등록공고,Y,
20210805,21년 육군 비누갑 조달,2021,육군군수사령부,물품(내자),건축자재,False,3.0,False,낙찰자선정,등록공고,Y,
20210802,육군 동내의 경쟁물량 제조,2021,육군군수사령부,물품(내자),피복·개인용품,False,37.0,False,낙찰자선정,등록공고,Y,
20210802,"(육군) 21년 기타주방용품(솥걸이조립체, 야전취사용) 제조",2021,육군군수사령부,물품(내자),서비스산업장비,False,5.0,False,낙찰자선정,등록공고,Y,
20210803,금고(내화비밀보관함) 조달,2021,해군군수사령부,물품(내자),국방·치안·보안,True,0.0,True,유찰,등록공고,Y,
20210806,21년 육군 비닐장판 조달,2021,육군군수사령부,물품(내자),건축자재,False,339.0,False,개찰완료,등록공고,N,
20210804,이동전개형 의무시설 제작 구매,2021,육군군수사령부,물품(내자),차량·수송장비,False,3.0,False,낙찰자선정,등록공고,Y,
20210803,21년 공군 및 해병 비행가죽잠바(체촌) 2종 제조 납품,2021,공군군수사령부,물품(내자),피복·개인용품,False,12.0,False,낙찰자선정,등록공고,Y,
20210803,21년 육군 및 해병 비행잠바 3종  제조 납품,2021,육군군수사령부,물품(내자),피복·개인용품,False,14.0,False,낙찰자선정,등록공고,Y,
20210804,21년 방한용 스패츠(해군) 제조,2021,해군군수사령부,물품(내자),국방·치안·보안,False,9.0,False,낙찰자선정,등록공고,Y,
20210803,윤활유(유압작동유) 구매,2021,육군군수사령부,물품(내자),연료·유류,True,5.0,False,유찰,등록공고,,
20210803,공군 동력분무기 제조,2021,공군군수사령부,물품(내자),농업기계,False,2.0,False,낙찰자선정,등록공고,Y,
20210803,현미경(실체현미경) 구매,2021,육군군수사령부,물품(내자),실험·측정기기,False,300.0,False,낙찰자선정,등록공고,N,
20210803,지게차 22000파운드  구매,2021,공군군수사령부,물품(내자),운반·포장,False,107.0,False,낙찰자선정,등록공고,N,
20210803,21년 차량용 축전지(PTC-100) 제조 납품,2021,육군군수사령부,물품(내자),발전·배전,True,0.0,True,유찰,재공고,Y,
20210803,"지게차 11,000파운드 구매",2021,공군군수사령부,물품(내자),운반·포장,False,167.0,False,낙찰자선정,등록공고,N,
20210804,(육군) 21년 포장지(방청지 3품목) 제조,2021,육군군수사령부,물품(내자),종이류,False,3.0,False,낙찰자선정,등록공고,Y,
20210804,알가공품(계란후라이) 조달,2021,육군군수사령부,물품(내자),식품,False,17.0,False,낙찰자선정,등록공고,N,
20210804,식육가공품(동그랑땡) 조달,2021,육군군수사령부,물품(내자),식품,False,6.0,False,낙찰자선정,등록공고,Y,
20210804,식육가공품(돼지갈비찜) 조달,2021,육군군수사령부,물품(내자),식품,False,5.0,False,낙찰자선정,등록공고,Y,
20210804,육군 대형 궤도굴삭기 제조,2021,육군군수사령부,물품(내자),건설장비,True,0.0,True,유찰,등록공고,Y,
20210804,(해군) 21년 스푼세트(B형) 구매,2021,해군군수사령부,물품(내자),가정용품,False,,False,낙찰자선정,등록공고,N,
20210806,내시경 위(대장)용 구매,2021,해군군수사령부,물품(내자),의료장비,False,44.0,False,낙찰자선정,등록공고,N,
20210804,식육가공품(순살 닭다리살 튀김) 조달,2021,육군군수사령부,물품(내자),식품,False,7.0,False,낙찰자선정,등록공고,Y,
20210804,식육가공품(치킨가스) 조달,2021,육군군수사령부,물품(내자),식품,False,6.0,False,낙찰자선정,등록공고,Y,
20210805,육군 중형 궤도굴삭기 제조,2021,육군군수사령부,물품(내자),건설장비,False,2.0,False,낙찰자선정,등록공고,Y,
20210813,고정형 호흡용 고압공기압축기 조달,2021,해군군수사령부,물품(내자),국방·치안·보안,True,0.0,True,유찰,등록공고,Y,
20210805,티그용접기 구매 건,2021,해군군수사령부,물품(내자),산업기계,False,5.0,False,낙찰자선정,등록공고,Y,
20210805,"21년 스웨터류(공군, 해군, 해병) 3종 제조 납품",2021,해군군수사령부,물품(내자),피복·개인용품,False,5.0,False,낙찰자선정,등록공고,Y,
20210805,아크용접기 제조 입찰 건,2021,해군군수사령부,물품(내자),산업기계,False,3.0,False,낙찰자선정,등록공고,Y,
20210806,공군 궤도굴착기 제조,2021,공군군수사령부,물품(내자),건설장비,True,0.0,True,유찰,등록공고,Y,
20210805,관절 내시경(관절경) 구매,2021,국군대전병원,물품(내자),의료장비,False,38.0,False,낙찰자선정,등록공고,N,
20210805,중앙공급식 공기압축기 제조 조달,2021,해군군수사령부,물품(내자),배관·공조,False,16.0,False,낙찰자선정,등록공고,Y,
20210806,머시닝센터 제조 입찰 건,2021,육군군수사령부,물품(내자),산업기계,True,0.0,True,유찰,재공고,Y,
20210806,"전투식량, 즉각취식형(1식단) 조달",2021,육군군수사령부,물품(내자),식품,True,0.0,True,유찰,등록공고,Y,
20210806,"(재공고)수술용 장갑 등 5품목 구매(진료용 장갑, 수술용 장갑)",2021,육군군수사령부,물품(내자),의료장비,False,21.0,False,개찰완료,재공고,N,
20210806,"전투식량, 즉각취식형(2식단) 조달",2021,육군군수사령부,물품(내자),식품,True,0.0,True,유찰,등록공고,Y,
20210806,후두경셋 냉광공급식(비인후경) 구매,2021,육군군수사령부,물품(내자),의료장비,False,793.0,False,낙찰자선정,등록공고,N,
20210810,2021년 육군군수사령부 플라스틱팰릿(표준팔레트) 조달,2021,육군군수사령부,물품(내자),운반·포장,False,9.0,False,낙찰자선정,등록공고,Y,
20210811,21년 육군 중장비 수송용(60톤) 트랙터 제조,2021,육군군수사령부,물품(내자),차량·수송장비,False,2.0,False,낙찰자선정,등록공고,Y,
20210809,(해군) 21년 초고분자량 폴리에틸렌 로프(48mm) 제조,2021,해군군수사령부,물품(내자),제조부품,True,0.0,True,유찰,등록공고,Y,
20210809,2021년 해군군수사령부 고속절단기 등 21종 조달,2021,해군군수사령부,물품(내자),산업기계,False,903.0,False,낙찰자선정,등록공고,N,
20210820,21년 3분기 전산소모품 구매,2021,방위사업청,물품(내자),사무기기,False,722.0,False,낙찰자선정,등록공고,N,
20210810,2021년 해군군수사령부 토크렌치 등 12종 조달,2021,해군군수사령부,물품(내자),인쇄·영상,False,,False,낙찰자선정,등록공고,N,
20210811,2021년 육군군수사령부 통새우볶음밥 조달,2021,육군군수사령부,물품(내자),식품,False,2.0,False,낙찰자선정,등록공고,Y,
20210810,21년 공군 이동감호차 제조,2021,공군군수사령부,물품(내자),차량·수송장비,False,2.0,False,낙찰자선정,등록공고,Y,
20210811,군용 수통 제조,2021,육군군수사령부,물품(내자),스포츠·레저,True,0.0,True,유찰,등록공고,Y,
20210810,(육군) 21년 산악로프(50m) 제조,2021,육군군수사령부,물품(내자),제조부품,True,0.0,True,유찰,재공고,Y,
20210812,"해병대 수색대 방한복 및 혹한기 방한복(두건포함, 간부용 포함) 제조",2021,해병대 군수단,물품(내자),피복·개인용품,False,17.0,False,낙찰자선정,등록공고,Y,
20210811,21년 고배율쌍안경 제조 납품,2021,해군군수사령부,물품(내자),실험·측정기기,False,3.0,False,낙찰자선정,등록공고,Y,
20210810,21년 육군 면도기 구매,2021,육군군수사령부,물품(내자),피복·개인용품,False,260.0,False,낙찰자선정,등록공고,N,
20210811,2021년 해군군수사령부 공구세트 등 35종 조달,2021,해군군수사령부,물품(내자),공구,False,,False,낙찰자선정,등록공고,N,
20210812,해군군수사령부 등 롱앤드밀  등 24종 조달,2021,공군군수사령부,물품(내자),공구,False,,False,낙찰자선정,변경공고,N,
20210811,윤활유(유압작동유) 구매,2021,육군군수사령부,물품(내자),연료·유류,True,0.0,True,유찰,재공고,Y,
20210812,2021년 육군군수사령부 업소용 세탁기 및 건조기 조달,2021,육군군수사령부,물품(내자),청소장비,False,3.0,False,낙찰자선정,등록공고,Y,
20210811,소형선반 제조 건,2021,해군군수사령부,물품(내자),산업기계,False,2.0,False,낙찰자선정,재공고,Y,
20210811,21년 공군 민수용지프(4WD),2021,공군군수사령부,물품(내자),차량·수송장비,False,9.0,False,낙찰자선정,등록공고,N,
20210811,기중기 60톤 제조 입찰 건,2021,공군군수사령부,물품(내자),운반·포장,True,0.0,True,유찰,재공고,Y,
20210812,2021년 육군군수사령부 지퍼백 조달,2021,육군군수사령부,물품(내자),운반·포장,False,,False,낙찰자선정,등록공고,N,
20210811,금고(내화비밀보관함) 조달,2021,해군군수사령부,물품(내자),국방·치안·보안,True,0.0,True,유찰,재공고,Y,
20210817,2.5톤 냉동부식차 제조,2021,해군군수사령부,물품(내자),차량·수송장비,True,0.0,True,유찰,등록공고,Y,
20210812,(재공고)의료용 냉장고 중형(혈액 약품냉장고) 제조,2021,육군군수사령부,물품(내자),의료장비,False,2.0,False,낙찰자선정,재공고,Y,
20210813,21년 군종문고 12종 구매,2021,국방부,물품(내자),출판물,False,,False,낙찰자선정,등록공고,N,
20210813,"21년 획득사업 화력장비(X-ray 촬영기, 노트북) 구매",2021,해군군수사령부,물품(내자),국방·치안·보안,False,22.0,False,낙찰자선정,등록공고,N,
20210813,21년 해병 정비복 4종 제조 납품,2021,해병대 군수단,물품(내자),피복·개인용품,False,41.0,False,낙찰자선정,등록공고,Y,
20210813,"(해군) 21년 식품보존용기, 도마대, 보온물통 등 6품목 구매",2021,해군군수사령부,물품(내자),가정용품,False,275.0,False,낙찰자선정,등록공고,N,
20210817,머시닝센터 입찰 건,2021,육군군수사령부,물품(내자),산업기계,False,45.0,False,낙찰자선정,등록공고,N,
20210813,"(해군) 21년 스텐평식기, 보온국통, 스텐국그릇 등 4품목 구매",2021,해군군수사령부,물품(내자),서비스산업장비,False,453.0,False,낙찰자선정,등록공고,N,
20210818,21년 윤활유급유차 제조,2021,해군군수사령부,물품(내자),차량·수송장비,True,0.0,True,유찰,등록공고,Y,
20210825,21년 군사경찰용 오토바이 구매,2021,해군군수사령부,물품(내자),차량·수송장비,False,32.0,False,낙찰자선정,등록공고,N,
20210818,21~22년 드로즈형 팬티 구매,2021,공군군수사령부,물품(내자),피복·개인용품,False,28.0,False,낙찰자선정,등록공고,Y,
20210817,2021년 육군군수사령부 냉온수용 고압세척기 조달,2021,육군군수사령부,물품(내자),청소장비,False,,False,낙찰자선정,등록공고,N,
20210902,21년육군군수사령부 [매트리스패드195호] 조달,2021,육군군수사령부,물품(내자),가구,False,10.0,False,낙찰자선정,등록공고,Y,
20210902,21년육군군수사령부 [매트리스패드201호] 조달,2021,육군군수사령부,물품(내자),가구,False,11.0,False,낙찰자선정,등록공고,Y,
20210818,2021년 육군제2879부대 페인트 박리제 구매,2021,육군종합정비창,물품(내자),화학·화공,False,4.0,False,낙찰자선정,등록공고,Y,
20210818,(해군) 21년 세탁기(소형) 구매,2021,해군군수사령부,물품(내자),가정용품,False,,False,낙찰자선정,등록공고,N,
20210818,윤활유(유압작동유) 구매,2021,육군군수사령부,물품(내자),연료·유류,True,0.0,True,유찰,등록공고,Y,
20210818,공군 2.9톤 견인차 제조,2021,공군군수사령부,물품(내자),차량·수송장비,True,0.0,True,유찰,재공고,Y,
20210818,저압공기압축기 제조 조달,2021,해군군수사령부,물품(내자),배관·공조,False,3.0,False,낙찰자선정,등록공고,Y,
20210818,해군 수조용소방차 제조,2021,해군군수사령부,물품(내자),차량·수송장비,False,5.0,False,낙찰자선정,등록공고,Y,
20210819,"21년육군군수사령부 [캐비넷,저장용(비문보관함1호,2호)] 조달",2021,육군군수사령부,물품(내자),가구,False,14.0,False,낙찰자선정,등록공고,Y,
20210820,음압캐리어 제조납품,2021,육군군수사령부,물품(내자),의료장비,True,0.0,True,유찰,등록공고,Y,
20210819,21년 육군군수사령부 식탁(식사용) 조달,2021,육군군수사령부,물품(내자),가구,False,46.0,False,낙찰자선정,등록공고,Y,
20210819,공군 로더스쿠프 제조(재투자),2021,공군군수사령부,물품(내자),건설장비,True,0.0,True,유찰,등록공고,Y,
20210819,"21년육군군수사령부 [상판,식탁용] 조달",2021,육군군수사령부,물품(내자),가구,False,37.0,False,낙찰자선정,등록공고,Y,
20210819,공군 소형 차륜굴삭기 제조(재투자),2021,공군군수사령부,물품(내자),건설장비,True,0.0,True,유찰,등록공고,Y,
20210819,전투식량 S형(닭고기비빔밥) 조달,2021,육군군수사령부,물품(내자),식품,False,3.0,False,낙찰자선정,재공고,Y,
20210823,2021년 가솔린통(합성수지제통) 제조 구매 조달,2021,육군군수사령부,물품(내자),운반·포장,False,5.0,False,낙찰자선정,등록공고,Y,
20210906,공군 대테러작전지휘차량 제조,2021,공군군수사령부,물품(내자),차량·수송장비,True,2.0,False,유찰,등록공고,Y,
20210820,탄력붕대(외과용솜붕대) 구매,2021,육군군수사령부,물품(내자),의료장비,True,0.0,True,유찰,등록공고,Y,
20210820,21년 육군군수사령부 [소불고기덮밥소스] 조달,2021,육군군수사령부,물품(내자),식품,False,7.0,False,낙찰자선정,등록공고,Y,
20210820,(해군) 21년 초고분자량 폴리에틸렌 로프(48mm) 제조,2021,해군군수사령부,물품(내자),제조부품,False,2.0,False,낙찰자선정,재공고,Y,
20210825,21년 저상형 트레일러 제조,2021,해군군수사령부,물품(내자),차량·수송장비,True,0.0,True,유찰,등록공고,Y,
20210824,군용 헬멧위장포 제조,2021,육군군수사령부,물품(내자),스포츠·레저,False,12.0,False,낙찰자선정,등록공고,Y,
20210823,21년 육군 전투모 제조,2021,육군군수사령부,물품(내자),피복·개인용품,False,13.0,False,낙찰자선정,등록공고,Y,
20210830,"21년육군군수사령부 [도서함3,4호] 조달",2021,육군군수사령부,물품(내자),가구,False,14.0,False,낙찰자선정,등록공고,Y,
20210824,파김치(경쟁) 조달,2021,육군군수사령부,물품(내자),식품,False,2.0,False,낙찰자선정,등록공고,Y,
20210824,21년 정보자원 교체 및 개선사업,2021,방위사업청,물품(내자),정보통신,False,2.0,False,낙찰자선정,등록공고,,Y
20210824,김장김치(경쟁) 조달,2021,육군군수사령부,물품(내자),식품,False,18.0,False,낙찰자선정,등록공고,Y,
20210824,김장김치(경쟁) 조달,2021,육군군수사령부,물품(내자),식품,False,18.0,False,낙찰자선정,등록공고,Y,
20210824,김장김치(경쟁) 조달,2021,육군군수사령부,물품(내자),식품,False,18.0,False,낙찰자선정,등록공고,Y,
20210824,김장김치(경쟁) 조달,2021,육군군수사령부,물품(내자),식품,False,18.0,False,낙찰자선정,등록공고,Y,
20210824,김장김치(경쟁) 조달,2021,육군군수사령부,물품(내자),식품,False,18.0,False,낙찰자선정,등록공고,Y,
20210824,김장김치(경쟁) 조달,2021,육군군수사령부,물품(내자),식품,False,18.0,False,낙찰자선정,등록공고,Y,
20210824,김장김치(경쟁) 조달,2021,육군군수사령부,물품(내자),식품,False,18.0,False,낙찰자선정,등록공고,Y,
20210824,김장김치(경쟁) 조달,2021,육군군수사령부,물품(내자),식품,False,18.0,False,낙찰자선정,등록공고,Y,
20210825,육공군 기능성 방한복(군용방한복) 제조,2021,육군군수사령부,물품(내자),피복·개인용품,False,22.0,False,낙찰자선정,등록공고,Y,
20210825,산소공급기 구매,2021,육군군수사령부,물품(내자),의료장비,False,783.0,False,낙찰자선정,등록공고,N,
20210830,심장세동제거기 구매,2021,육군군수사령부,물품(내자),의료장비,False,899.0,False,낙찰자선정,등록공고,N,
20210826,2021년 육군군수사령부 가락국수 조달,2021,육군군수사령부,물품(내자),식품,False,3.0,False,낙찰자선정,변경공고,Y,
20210826,2021년 육군군수사령부 가락국수 조달,2021,육군군수사령부,물품(내자),식품,False,3.0,False,낙찰자선정,변경공고,Y,
20210826,2021년 육군군수사령부 가락국수 조달,2021,육군군수사령부,물품(내자),식품,True,3.0,False,유찰,변경공고,Y,
20210826,2021년 육군군수사령부 가락국수 조달,2021,육군군수사령부,물품(내자),식품,True,3.0,False,유찰,변경공고,Y,
20210826,백파이프 조달,2021,육군군수사령부,물품(내자),배관·공조,False,141.0,False,낙찰자선정,등록공고,N,
20210826,윤활유(유압작동유) 구매,2021,육군군수사령부,물품(내자),연료·유류,True,0.0,True,유찰,등록공고,Y,
20210826,강중유 구매,2021,육군군수사령부,물품(내자),연료·유류,False,7.0,False,낙찰자선정,재공고,N,
20210907,2021년 해군군수사령부 수통(물관5가론) 조달 의뢰,2021,육군군수사령부,물품(내자),운반·포장,True,0.0,True,유찰,등록공고,Y,
20210826,공군 소형 차륜굴삭기(재투자),2021,공군군수사령부,물품(내자),건설장비,True,0.0,True,유찰,등록공고,Y,
20210827,00 브리핑시스템 노후교체,2021,국방부 국군지휘통신사령부,물품(내자),정보통신,False,3.0,False,낙찰자선정,등록공고,N,Y
20210826,21년 윤활유급유차 제조,2021,해군군수사령부,물품(내자),차량·수송장비,True,0.0,True,유찰,재공고,Y,
20210827,21년 육군 방화장갑 구매,2021,육군군수사령부,물품(내자),국방·치안·보안,False,409.0,False,낙찰자선정,등록공고,N,Y
20210827,군용 수통 제조,2021,육군군수사령부,물품(내자),스포츠·레저,True,0.0,True,유찰,재공고,Y,
20210827,의료가스 중앙분배장치(350병상) 구매,2021,육군군수사령부,물품(내자),의료장비,False,4.0,False,낙찰자선정,등록공고,N,
20210827,21년 해군 정비화 제조,2021,해군군수사령부,물품(내자),국방·치안·보안,False,5.0,False,낙찰자선정,등록공고,Y,
20210830,"(육군) 21년 야전깔개, 숙영용(엠보싱) 제조",2021,육군군수사령부,물품(내자),가정용품,False,11.0,False,낙찰자선정,등록공고,Y,
20210827,고정형 호흡용 고압공기압축기 조달,2021,해군군수사령부,물품(내자),국방·치안·보안,True,0.0,True,유찰,재공고,Y,
20210827,탄력붕대(외과용솜붕대) 구매,2021,육군군수사령부,물품(내자),의료장비,False,228.0,False,낙찰자선정,등록공고,N,
20210827,공군 로더스쿠프 제조(재투자),2021,공군군수사령부,물품(내자),건설장비,True,0.0,True,유찰,등록공고,Y,
20210901,관제탑 콘솔장비 조달,2021,해군군수사령부,물품(내자),국방·치안·보안,True,0.0,True,유찰,등록공고,Y,
20210831,전투조끼(산업동원물자) 제조납품,2021,육군군수사령부,물품(내자),피복·개인용품,False,6.0,False,낙찰자선정,등록공고,Y,
20210830,21년 육군 중장비 수송용(60톤) 트랙터 제조,2021,육군군수사령부,물품(내자),차량·수송장비,True,0.0,True,유찰,재공고,Y,
20210830,군용 버클 제조,2021,공군군수사령부,물품(내자),피복·개인용품,False,6.0,False,낙찰자선정,등록공고,Y,
20210830,21년 해병 정복근무복 체촌,2021,해병대 군수단,물품(내자),피복·개인용품,False,20.0,False,낙찰자선정,등록공고,Y,
20210907,21년 육군 차량용 타이어 구매,2021,육군군수사령부,물품(내자),차량·수송장비,False,457.0,False,낙찰자선정,등록공고,N,
20210831,21년 육사 생도피복 체촌,2021,육군군수사령부,물품(내자),피복·개인용품,False,25.0,False,낙찰자선정,등록공고,,
20210831,식육가공품(햄버그스테이크) 조달,2021,육군군수사령부,물품(내자),식품,False,9.0,False,낙찰자선정,등록공고,Y,
20210831,음압캐리어 제조납품,2021,육군군수사령부,물품(내자),의료장비,True,0.0,True,유찰,재공고,Y,
20210831,주사기류 7품목 구매,2021,육군군수사령부,물품(내자),의료장비,False,58.0,False,낙찰자선정,등록공고,N,
20210831,21년 육군 간호복 체촌,2021,육군군수사령부,물품(내자),피복·개인용품,False,7.0,False,낙찰자선정,등록공고,Y,
20210901,식기보관함(200명분) 제조 조달,2021,육군군수사령부,물품(내자),서비스산업장비,False,4.0,False,낙찰자선정,등록공고,Y,
20210901,(공군) 21년 액상형 세탁세제(1형) 제조,2021,공군군수사령부,물품(내자),청소장비,False,16.0,False,낙찰자선정,등록공고,Y,
20210901,(육군) 21년 유흡착포 구매,2021,육군군수사령부,물품(내자),청소장비,False,494.0,False,낙찰자선정,등록공고,N,
20210901,금고(내화비밀보관함) 조달,2021,해군군수사령부,물품(내자),국방·치안·보안,False,,False,낙찰자선정,재공고,N,
20210906,해군 장비이동위장차 제조,2021,해군군수사령부,물품(내자),차량·수송장비,True,3.0,False,유찰,등록공고,Y,
20210902,21년 동계 조종화(해군) 제조,2021,해군군수사령부,물품(내자),국방·치안·보안,True,0.0,True,유찰,등록공고,,
20210902,21년 하계조종화(해군) 제조,2021,해군군수사령부,물품(내자),국방·치안·보안,False,2.0,False,낙찰자선정,등록공고,Y,
20210902,21년 해군 분진마스크 조달 구매,2021,해군군수사령부,물품(내자),국방·치안·보안,False,,False,낙찰자선정,등록공고,N,
20210903,(해병대) 21년 소대용 보온식관 제조,2021,해병대 군수단,물품(내자),가정용품,True,0.0,True,유찰,등록공고,Y,
20210902,백색방수캔바스 등 3품목 조달,2021,해군군수사령부,물품(내자),광물·원자재,False,,False,낙찰자선정,등록공고,N,
20210902,21년 저상형 트레일러 제조 재공고,2021,해군군수사령부,물품(내자),차량·수송장비,True,0.0,True,유찰,재공고,Y,
20210906,발전기 100kw 제조 입찰,2021,육군군수사령부,물품(내자),발전·배전,False,7.0,False,낙찰자선정,등록공고,Y,
20210903,윤활유(유압작동유) 구매,2021,육군군수사령부,물품(내자),연료·유류,True,0.0,True,유찰,등록공고,Y,
20210903,공군 소형 차륜굴삭기(재투자) 제조,2021,공군군수사령부,물품(내자),건설장비,True,0.0,True,유찰,등록공고,Y,
20210907,e시스템 노후장비교체 및 이중화 구축 사업,2021,방위사업청,물품(내자),정보통신,True,0.0,True,유찰,등록공고,N,Y
20210906,공군 BAT/F.O 차량 제조,2021,공군군수사령부,물품(내자),차량·수송장비,False,6.0,False,낙찰자선정,등록공고,Y,
20210916,해병대 투광조명세트 제조,2021,해군군수사령부,물품(내자),차량·수송장비,True,0.0,True,유찰,등록공고,Y,
20210908,"심전도계(사단용, 동물용) 구매",2021,육군군수사령부,물품(내자),의료장비,False,130.0,False,낙찰자선정,등록공고,N,
20210906,육군 대형 궤도굴삭기 제조,2021,육군군수사령부,물품(내자),건설장비,False,2.0,False,낙찰자선정,등록공고,Y,
20210906,디젤엔진식(60kw60hz)발전기 제조 입찰,2021,육군군수사령부,물품(내자),발전·배전,False,6.0,False,낙찰자선정,등록공고,Y,
20210907,공군 대테러물자적재차량 제조,2021,공군군수사령부,물품(내자),차량·수송장비,True,0.0,True,유찰,등록공고,Y,
20210908,21년 공군 및 해군 전투우의 제조 납품,2021,공군군수사령부,물품(내자),국방·치안·보안,False,22.0,False,낙찰자선정,등록공고,Y,
20210907,취사용고무장갑 구매조달,2021,공군군수사령부,물품(내자),서비스산업장비,False,,False,낙찰자선정,등록공고,N,
20210909,21년 해군 정복근무복 체촌,2021,해군군수사령부,물품(내자),피복·개인용품,False,27.0,False,낙찰자선정,등록공고,Y,
20210908,디젤발전기(30kw) 제조 입찰,2021,육군군수사령부,물품(내자),발전·배전,False,5.0,False,낙찰자선정,등록공고,Y,
20210908,"선반,취사장용 제조 조달",2021,육군군수사령부,물품(내자),서비스산업장비,False,13.0,False,낙찰자선정,등록공고,Y,
20210908,2021년 육군군수사령부 친환경제설제 조달,2021,육군군수사령부,물품(내자),청소장비,False,2.0,False,낙찰자선정,등록공고,Y,
20210908,공군 로더스쿠프 제조(재투자),2021,공군군수사령부,물품(내자),건설장비,True,0.0,True,유찰,재공고,Y,
20210910,21년 측정기구 세트 구매,2021,해군군수사령부,물품(내자),실험·측정기기,False,419.0,False,낙찰자선정,등록공고,N,
20210908,2021년 육군군수사령부 가락국수 조달(재공고),2021,육군군수사령부,물품(내자),식품,False,2.0,False,낙찰자선정,재공고,Y,
20210908,2021년 육군군수사령부 가락국수 조달(재공고),2021,육군군수사령부,물품(내자),식품,False,2.0,False,낙찰자선정,재공고,Y,
20210909,그릴팬 등 4품목 추가 조달,2021,육군군수사령부,물품(내자),서비스산업장비,False,7.0,False,낙찰자선정,등록공고,Y,
20210908,"분석키트, 폭발물 병기처리용(X-RAY 촬영기 및 노트북) 구매",2021,해군군수사령부,물품(내자),국방·치안·보안,False,29.0,False,낙찰자선정,등록공고,N,
20210909,해군 온열조끼 구매,2021,해군군수사령부,물품(내자),피복·개인용품,False,,False,낙찰자선정,등록공고,N,
20210909,21년 동계 조종화(해군) 제조,2021,해군군수사령부,물품(내자),국방·치안·보안,True,0.0,True,유찰,재공고,Y,
20210909,UDT 방한복(군용방한복) 제조 납품,2021,해군군수사령부,물품(내자),피복·개인용품,False,11.0,False,낙찰자선정,등록공고,Y,
20210909,의약품주입기구 등 8품목 구매,2021,육군군수사령부,물품(내자),의료장비,False,46.0,False,낙찰자선정,등록공고,N,
20210911,"2021년 육군군수사령부 탱크,액체저장용(2,000리터) 조달 요청",2021,육군군수사령부,물품(내자),운반·포장,False,3.0,False,낙찰자선정,등록공고,Y,
20210915,초음파진단기(심장용) 구매,2021,국방부 국군의무사령부,물품(내자),의료장비,False,2.0,False,낙찰자선정,등록공고,N,Y
20210913,"리치트럭, 오더피커 제조 입찰 건",2021,육군군수사령부,물품(내자),운반·포장,True,0.0,True,유찰,등록공고,Y,
20210910,관제탑 콘솔장비 조달,2021,해군군수사령부,물품(내자),국방·치안·보안,True,0.0,True,유찰,재공고,Y,
20210916,헬멧위장포(산업동원물자) 제조,2021,공군군수사령부,물품(내자),스포츠·레저,True,0.0,True,유찰,등록공고,Y,
20210914,21년 군사경찰 경호용 승용차 제조 구매,2021,육군군수사령부,물품(내자),차량·수송장비,False,4.0,False,낙찰자선정,등록공고,Y,
20210917,2021년 육군군수사령부 오염제거용 펌프장치(이동식 인체제독셋) 조달,2021,육군군수사령부,물품(내자),국방·치안·보안,False,911.0,False,낙찰자선정,등록공고,N,
20210914,공군 소형 차륜굴삭기(재투자) 제조,2021,공군군수사령부,물품(내자),건설장비,True,0.0,True,유찰,재공고,Y,
20210914,"(해군) 21년 구두약, 구두솔, 세탁비누 및 비누갑 등 4종 구매",2021,해군군수사령부,물품(내자),청소장비,False,180.0,False,개찰완료,등록공고,N,
20210924,초음파진단기(일반형) 구매,2021,국방부 국군의무사령부,물품(내자),의료장비,False,2.0,False,낙찰자선정,등록공고,N,Y
20210914,(육군) 21년 망원용 디지털카메라 구매,2021,육군군수사령부,물품(내자),인쇄·영상,False,134.0,False,개찰완료,등록공고,N,
20210927,2021년 육군군수사령부 콩기름 구매,2021,육군군수사령부,물품(내자),식품,True,0.0,True,유찰,등록공고,Y,
20210915,2021년 육군군수사령부 크림스파게티소스 조달,2021,육군군수사령부,물품(내자),식품,False,5.0,False,낙찰자선정,등록공고,Y,
20210916,체크 밸브 등 22종 제조,2021,해군군수사령부,물품(내자),배관·공조,True,0.0,True,유찰,등록공고,Y,
20210915,윤활유(유압작동유) 구매,2021,육군군수사령부,물품(내자),연료·유류,True,0.0,True,유찰,재공고,Y,
20210915,21년 이온크로마토그라피(액체크로마토그래피) 구매,2021,육군군수사령부,물품(내자),실험·측정기기,False,257.0,False,낙찰자선정,등록공고,N,
20210915,발전기 15kw 제조 입찰,2021,육군군수사령부,물품(내자),발전·배전,False,6.0,False,낙찰자선정,등록공고,Y,
20210915,해군 장비이동위장차 제조,2021,해군군수사령부,물품(내자),차량·수송장비,False,3.0,False,낙찰자선정,재공고,Y,
20210915,발전기 10kw 제조 입찰,2021,육군군수사령부,물품(내자),발전·배전,False,6.0,False,낙찰자선정,등록공고,Y,
20210916,21년 공군 정복근무복 체촌,2021,공군군수사령부,물품(내자),피복·개인용품,False,29.0,False,낙찰자선정,등록공고,,
20210916,21년 군사경찰용 오토바이 구매 재공고,2021,해군군수사령부,물품(내자),차량·수송장비,False,9.0,False,개찰완료,재공고,N,
20210916,21년 2차 오븐받침대 조달,2021,육군군수사령부,물품(내자),서비스산업장비,False,38.0,False,낙찰자선정,등록공고,Y,
20210916,공군 궤도형 굴착기 제조,2021,공군군수사령부,물품(내자),건설장비,True,0.0,True,유찰,등록공고,Y,
20210917,식육가공품(쇠고기장조림) 조달,2021,육군군수사령부,물품(내자),식품,False,3.0,False,낙찰자선정,등록공고,Y,
20210923,2021년 육군 및 해병대 수통(물관5가론) 조달 의뢰(재공고),2021,육군군수사령부,물품(내자),운반·포장,True,0.0,True,유찰,재공고,Y,
20210929,"21년 의무피복(환자베개, 담요) 구매",2021,육군군수사령부,물품(내자),가정용품,False,26.0,False,낙찰자선정,등록공고,Y,
20210924,21년 육군보호대류(무릎/팔꿈치) 제조,2021,육군군수사령부,물품(내자),국방·치안·보안,False,15.0,False,낙찰자선정,등록공고,Y,
20210930,해군 침낭류 제조,2021,해군군수사령부,물품(내자),스포츠·레저,True,4.0,False,유찰,등록공고,Y,
20210927,윤활유(유압작동유) 구매,2021,육군군수사령부,물품(내자),연료·유류,True,0.0,True,유찰,등록공고,Y,
20210927,강중유 구매,2021,육군군수사령부,물품(내자),연료·유류,False,16.0,False,낙찰자선정,등록공고,N,
20210927,21년 트렉터(해병) 제조,2021,해군군수사령부,물품(내자),차량·수송장비,True,0.0,True,유찰,등록공고,Y,
20210927,21년 균등기 구매,2021,육군군수사령부,물품(내자),실험·측정기기,False,309.0,False,낙찰자선정,등록공고,N,
20210928,양압식 공기호흡기 2형 조달,2021,국방부 국군화생방방호사령부,물품(내자),국방·치안·보안,False,114.0,False,낙찰자선정,등록공고,N,
20210929,가솔린 발전기 5kw 제조 건,2021,육군군수사령부,물품(내자),발전·배전,False,5.0,False,낙찰자선정,등록공고,Y,
20210928,21년 2차 육군 플리스형 스웨터 제조 납품,2021,육군군수사령부,물품(내자),피복·개인용품,False,5.0,False,낙찰자선정,등록공고,Y,
20210928,체크 밸브 등 22종 제조,2021,해군군수사령부,물품(내자),배관·공조,True,0.0,True,유찰,재공고,Y,Y
20210929,2021년 해군군수사령부 공구상자(휴대용) 조달,2021,해군군수사령부,물품(내자),운반·포장,True,0.0,True,유찰,등록공고,Y,
20210929,공군 궤도형 굴착기 제조,2021,공군군수사령부,물품(내자),건설장비,True,0.0,True,유찰,재공고,Y,
20210929,"리치트럭, 오더피커 제조 입찰 건",2021,육군군수사령부,물품(내자),운반·포장,False,2.0,False,낙찰자선정,재공고,Y,
20211007,(해병대) 2021년 황산전해질(납축전지용활성제) 구매,2021,해병대 군수단,물품(내자),화학·화공,False,2.0,False,낙찰자선정,등록공고,N,
20211001,21년 철주(2호) 조달,2021,육군군수사령부,물품(내자),건축자재,False,,False,낙찰자선정,등록공고,N,
20210930,21년 유자철조망 조달,2021,육군군수사령부,물품(내자),제조부품,False,,False,낙찰자선정,등록공고,N,
20210930,21년 윤형철조망 조달,2021,육군군수사령부,물품(내자),제조부품,False,3.0,False,낙찰자선정,등록공고,Y,
20210930,고무장갑(취사용) 구매 조달,2021,해군군수사령부,물품(내자),서비스산업장비,False,754.0,False,낙찰자선정,등록공고,N,
20211001,가솔린발전기1.5kw 구매 건,2021,육군군수사령부,물품(내자),발전·배전,False,4.0,False,낙찰자선정,등록공고,Y,
20211001,해병대 투광조명세트 제조,2021,해군군수사령부,물품(내자),차량·수송장비,True,0.0,True,유찰,재공고,Y,
20211001,투척용 바리케이트(바리케이드) 구매,2021,육군군수사령부,물품(내자),국방·치안·보안,False,541.0,False,낙찰자선정,등록공고,N,
20211001,공군 대테러물자적재차량 제조,2021,공군군수사령부,물품(내자),차량·수송장비,False,2.0,False,낙찰자선정,재공고,Y,
20211006,육군 제독장치(포말제독기) 구매,2021,육군군수사령부,물품(내자),국방·치안·보안,False,2.0,False,낙찰자선정,등록공고,N,
20211006,수동식의료용침대(3단 조절식) 제조납품,2021,육군군수사령부,물품(내자),의료장비,True,0.0,True,유찰,등록공고,Y,
20211006,군용 헬멧위장포(산업동원물자) 제조,2021,공군군수사령부,물품(내자),스포츠·레저,True,0.0,True,유찰,등록공고,Y,
20211014,21년 해군 무전기세트(휴대용 무전기) 제조,2021,해군군수사령부,물품(내자),정보통신,False,7.0,False,낙찰자선정,변경공고,Y,
20211006,항공등화(LCU) 구매,2021,공군제16전투비행단,물품(내자),국방·치안·보안,True,0.0,True,유찰,등록공고,Y,Y
20211006,소형선반 구매 건,2021,해군군수사령부,물품(내자),산업기계,False,468.0,False,낙찰자선정,등록공고,N,
20211007,해병대 현장지휘용 대형버스 제조,2021,해병 제9691부대,물품(내자),차량·수송장비,False,4.0,False,낙찰자선정,등록공고,Y,
20211007,해사박물관 전시실 디자인 및 전시물 제작설치,2021,국방부 해군사관학교,물품(내자),악기·교재,False,3.0,False,낙찰자선정,등록공고,Y,Y
20211012,"21년 해군 디젤발전기(1,000kW) 제조 납품",2021,해군군수사령부,물품(내자),발전·배전,False,8.0,False,낙찰자선정,등록공고,Y,
20211007,윤활유(유압작동유) 구매,2021,육군군수사령부,물품(내자),연료·유류,True,0.0,True,유찰,등록공고,Y,
20211007,21년 트렉터(해병) 제조,2021,해군군수사령부,물품(내자),차량·수송장비,True,0.0,True,유찰,재공고,Y,
20211013,다용도 릴호스,2021,육군군수사령부,물품(내자),배관·공조,False,,False,낙찰자선정,등록공고,N,
20211007,2021년 육군군수사령부 콩기름 구매,2021,육군군수사령부,물품(내자),식품,True,2.0,False,유찰,등록공고,Y,
20211008,식품절단기 추가조달 건,2021,공군군수사령부,물품(내자),산업기계,False,5.0,False,낙찰자선정,등록공고,Y,
20211012,공군 순찰승용차 제조,2021,공군군수사령부,물품(내자),차량·수송장비,True,2.0,False,유찰,등록공고,Y,
20211014,공군 이동수사감식차 제조,2021,공군군수사령부,물품(내자),차량·수송장비,False,3.0,False,낙찰자선정,등록공고,Y,
20211013,전기 솥(20인용) 구매 조달,2021,육군군수사령부,물품(내자),가정용품,False,205.0,False,낙찰자선정,등록공고,N,
20211008,2021년 육군 및 해병대 수통(물관5가론) 제조 구매,2021,육군군수사령부,물품(내자),운반·포장,True,0.0,True,유찰,등록공고,Y,
20211014,내시경 위(대장)용 구매,2021,해군군수사령부,물품(내자),의료장비,False,39.0,False,낙찰자선정,등록공고,N,
20211013,해군군수사령부 식탁용의자(프라스틱) 조달,2021,해군군수사령부,물품(내자),가구,True,0.0,True,유찰,등록공고,Y,
20211013,육군 권총집 제조 구매,2021,육군군수사령부,물품(내자),국방·치안·보안,False,3.0,False,낙찰자선정,등록공고,Y,
20211012,해군 침낭류 제조,2021,해군군수사령부,물품(내자),스포츠·레저,False,5.0,False,낙찰자선정,재공고,Y,
20211014,21년 방사능물질 폐처리세트 구매,2021,육군군수사령부,물품(내자),발전·배전,False,219.0,False,낙찰자선정,등록공고,N,
20211014,2021년 국군복지단 판매장비 양면진열대 제조,2021,국군복지단,물품(내자),운반·포장,True,7.0,False,유찰,등록공고,Y,
20211013,2021년 해군군수사령부 공구상자(휴대용) 조달(재공고),2021,해군군수사령부,물품(내자),운반·포장,True,0.0,True,유찰,재공고,Y,
20211019,21년 트럭트랙터 제조,2021,공군군수사령부,물품(내자),차량·수송장비,True,0.0,True,유찰,등록공고,Y,
20211014,1톤 냉동부식차 제조(4WD),2021,공군군수사령부,물품(내자),차량·수송장비,False,3.0,False,낙찰자선정,등록공고,Y,
20211014,21년 잔류항생제분석기 구매,2021,육군군수사령부,물품(내자),실험·측정기기,False,209.0,False,낙찰자선정,등록공고,N,
20211015,"권총집 제조(해군, 해병)",2021,해군군수사령부,물품(내자),국방·치안·보안,True,0.0,True,유찰,등록공고,Y,
20211014,"탄입대 제조(해군, 공군, 해병)",2021,해군군수사령부,물품(내자),국방·치안·보안,False,2.0,False,낙찰자선정,등록공고,Y,
20211014,윤활유(유압작동유) 구매,2021,육군군수사령부,물품(내자),연료·유류,True,0.0,True,유찰,등록공고,Y,
20211014,수동식의료용침대(3단 조절식) 제조납품,2021,육군군수사령부,물품(내자),의료장비,True,0.0,True,유찰,재공고,Y,
20211014,21년 공군 세수비누 제조,2021,공군군수사령부,물품(내자),피복·개인용품,True,0.0,True,유찰,등록공고,Y,
20211015,21년 공군 매트리스 패드 구매,2021,공군군수사령부,물품(내자),가정용품,False,31.0,False,낙찰자선정,등록공고,Y,Y
20211015,2021년 육군군수사령부 콩기름 구매,2021,육군군수사령부,물품(내자),식품,True,0.0,True,유찰,재공고,Y,
20211025,공군 민수용지프(경호용) 제조,2021,공군군수사령부,물품(내자),차량·수송장비,True,0.0,True,유찰,등록공고,Y,
20211019,21년 군사경찰용 오토바이 구매,2021,육군군수사령부,물품(내자),차량·수송장비,False,11.0,False,낙찰자선정,등록공고,N,
20211019,강중유 구매,2021,육군군수사령부,물품(내자),연료·유류,False,20.0,False,낙찰자선정,재공고,N,
20211019,2021년 육군군수사령부 수통(물관5가론) 제조,2021,육군군수사령부,물품(내자),운반·포장,True,0.0,True,유찰,재공고,Y,
20211019,2021년 해군군수사령부 공구상자(휴대용) 구매 조달,2021,해군군수사령부,물품(내자),운반·포장,False,2.0,False,낙찰자선정,재공고,N,
20211020,환자관찰장치(환자감시장치) 제조 납품,2021,육군군수사령부,물품(내자),의료장비,False,3.0,False,낙찰자선정,등록공고,Y,
20211020,공군 순찰승용차 제조,2021,공군군수사령부,물품(내자),차량·수송장비,True,0.0,True,유찰,재공고,Y,
20211020,환자중앙감시장치 구매,2021,육군군수사령부,물품(내자),의료장비,False,560.0,False,낙찰자선정,등록공고,N,
20211021,21년 육군 재충전불가식 전지 5종 구매,2021,육군군수사령부,물품(내자),발전·배전,False,,False,낙찰자선정,등록공고,N,
20211022,21년 고성능 그리스 구매,2021,육군군수사령부,물품(내자),연료·유류,True,0.0,True,유찰,등록공고,Y,
20211026,공군 유조형급수차 제조,2021,공군군수사령부,물품(내자),차량·수송장비,False,4.0,False,낙찰자선정,등록공고,Y,
20211022,윤활유(유압작동유) 구매,2021,육군군수사령부,물품(내자),연료·유류,True,0.0,True,유찰,재공고,Y,
20211025,21년 공군 세수비누 제조,2021,공군군수사령부,물품(내자),피복·개인용품,True,0.0,True,유찰,재공고,Y,
20211025,21년 해군 정비복(동계 및 하계) 제조 납품,2021,해군군수사령부,물품(내자),피복·개인용품,False,58.0,False,낙찰자선정,등록공고,Y,
20211026,육군 전투모 제조(긴급조달),2021,육군군수사령부,물품(내자),피복·개인용품,False,16.0,False,낙찰자선정,등록공고,Y,
20211025,"(해군) 21년 구두약, 구두솔, 세탁비누 및 비누갑 4종 구매",2021,해군군수사령부,물품(내자),청소장비,False,208.0,False,낙찰자선정,등록공고,N,
20211026,"권총집 제조(해군, 해병)",2021,해군군수사령부,물품(내자),국방·치안·보안,True,0.0,True,유찰,등록공고,Y,
20211026,21년도 육군 백파이프 구매,2021,육군군수사령부,물품(내자),배관·공조,False,109.0,False,개찰완료,등록공고,N,
20211026,해군군수사령부 식탁용의자(프라스틱) 조달,2021,해군군수사령부,물품(내자),가구,False,121.0,False,낙찰자선정,등록공고,N,
20211026,(공군) 21년 미용티슈 제조,2021,공군군수사령부,물품(내자),종이류,False,5.0,False,낙찰자선정,등록공고,Y,
20211026,2021년 육군군수사령부 콩기름 구매,2021,육군군수사령부,물품(내자),식품,True,2.0,False,유찰,등록공고,Y,
20211026,21년 해군 정비파카 제조,2021,해군군수사령부,물품(내자),피복·개인용품,False,36.0,False,낙찰자선정,등록공고,Y,
20211027,21-22년 일용품(샤워타월) 구매,2021,육군군수사령부,물품(내자),가정용품,False,5.0,False,낙찰자선정,등록공고,Y,
20211027,21년 유조트럭 제조,2021,공군군수사령부,물품(내자),차량·수송장비,False,3.0,False,낙찰자선정,등록공고,Y,
20211027,2021년 국군복지단 판매장비 양면진열대 제조(재공고),2021,국군복지단,물품(내자),운반·포장,False,7.0,False,낙찰자선정,재공고,Y,
20211103,21년도 군종도서(기독교) 제작,2021,국방부,물품(내자),출판물,True,5.0,False,유찰,변경공고,N,
20211027,21년 장력계(크레인저울) 등 3종 구매,2021,해군군수사령부,물품(내자),실험·측정기기,False,256.0,False,개찰완료,등록공고,N,
20211028,2021년 육군군수사령부 수통(물관5가론) 제조(재공고),2021,육군군수사령부,물품(내자),운반·포장,True,0.0,True,유찰,재공고,Y,
20211102,저시력자 안경테(K5 방독면) 제조 납품,2021,육군군수사령부,물품(내자),의료장비,False,5.0,False,낙찰자선정,등록공고,Y,
20211029,공군 대테러작전지휘차량 제조,2021,공군군수사령부,물품(내자),차량·수송장비,False,2.0,False,낙찰자선정,재공고,Y,
20211102,저시력자 안경테(전투용 안경) 제조 납품,2021,육군군수사령부,물품(내자),의료장비,False,6.0,False,낙찰자선정,등록공고,Y,Y
20211101,"수술용장갑 등 5품목 구매(진료용 장갑, 수술용 장갑)",2021,육군군수사령부,물품(내자),의료장비,False,124.0,False,낙찰자선정,등록공고,N,
20211101,21년 트럭트랙터 제조,2021,공군군수사령부,물품(내자),차량·수송장비,True,0.0,True,유찰,재공고,Y,
20211102,저시력자 안경테(K1 방독면) 제조 납품,2021,육군군수사령부,물품(내자),의료장비,True,0.0,True,유찰,등록공고,Y,Y
20211102,해병대 투광조명트레일러 구매,2021,해군군수사령부,물품(내자),차량·수송장비,False,150.0,False,낙찰자선정,등록공고,N,
20211102,고압증기멸균기(국군대전병원) 구매,2021,국군대전병원,물품(내자),의료장비,False,29.0,False,낙찰자선정,재공고,N,
20211102,21년 고성능 그리스 구매,2021,육군군수사령부,물품(내자),연료·유류,True,0.0,True,유찰,재공고,Y,
20211104,"탄입대 제조(해군, 공군, 해병)",2021,공군군수사령부,물품(내자),국방·치안·보안,False,2.0,False,개찰완료,재공고,Y,
20211103,21년도 배추김치(김장김치_경쟁(기타)) 조달,2021,육군군수사령부,물품(내자),식품,False,12.0,False,낙찰자선정,등록공고,Y,Y
20211103,21년 공군 세수비누 제조,2021,공군군수사령부,물품(내자),피복·개인용품,True,0.0,True,유찰,등록공고,Y,
20211104,4.5톤 상용유조차 제조,2021,국방부 국군화생방방호사령부,물품(내자),차량·수송장비,True,0.0,True,유찰,등록공고,Y,Y
20211103,21년 전투복 봉제(구형원단),2021,육군군수사령부,물품(내자),피복·개인용품,False,30.0,False,낙찰자선정,등록공고,Y,
20211103,21년 육군 생화학분석기 구매,2021,육군군수사령부,물품(내자),실험·측정기기,False,876.0,False,낙찰자선정,등록공고,N,
20211105,진단용 격리부스 구매 설치,2021,국방부 국군의무사령부,물품(내자),의료장비,True,0.0,True,유찰,등록공고,N,Y
20211104,분말소화기 2종 조달,2021,해군군수사령부,물품(내자),국방·치안·보안,False,6.0,False,낙찰자선정,등록공고,Y,
20211109,공군 민수용지프(경호용) 제조,2021,공군군수사령부,물품(내자),차량·수송장비,True,0.0,True,유찰,재공고,Y,
20211105,육군 소형 차륜굴삭기(추가조달) 제조,2021,육군군수사령부,물품(내자),건설장비,False,2.0,False,낙찰자선정,등록공고,Y,
20211105,간선IP 교환체계 구축사업,2021,국방부 국군지휘통신사령부,물품(내자),정보통신,False,3.0,False,낙찰자선정,등록공고,N,Y
20211109,강중유 구매,2021,육군군수사령부,물품(내자),연료·유류,False,40.0,False,낙찰자선정,등록공고,N,
20211110,"권총집 제조(해군, 해병)",2021,해군군수사령부,물품(내자),국방·치안·보안,True,0.0,True,유찰,재공고,Y,
20211109,21년 자동뇨검사기 2종 구매,2021,육군군수사령부,물품(내자),실험·측정기기,False,875.0,False,낙찰자선정,등록공고,N,
20211111,구형 관급원단 활용 방상내피 제조 납품,2021,육군군수사령부,물품(내자),피복·개인용품,False,2.0,False,낙찰자선정,등록공고,Y,
20211110,공군 이동수사감식차 제조,2021,공군군수사령부,물품(내자),차량·수송장비,True,0.0,True,유찰,등록공고,Y,
20211110,"(공군) 21년 화장지(2겹, 70m) 제조",2021,공군군수사령부,물품(내자),종이류,False,3.0,False,낙찰자선정,등록공고,Y,Y
20211111,4.5톤 상용유조차 제조,2021,국방부 국군화생방방호사령부,물품(내자),차량·수송장비,True,0.0,True,유찰,재공고,Y,Y
20211112,2021년 육군군수사령부 수통(물관5가론) 구매 조달,2021,육군군수사령부,물품(내자),운반·포장,False,127.0,False,낙찰자선정,등록공고,N,
20211115,2021년 해군군수사령부 공구상자(휴대용) 구매 조달,2021,해군군수사령부,물품(내자),운반·포장,False,6.0,False,낙찰자선정,재공고,N,
20211112,"양압식 공기호흡기(호흡장치, 자체완비식) 통신가능형 조달",2021,해군군수사령부,물품(내자),국방·치안·보안,False,2.0,False,낙찰자선정,등록공고,Y,
20211112,"양압식 공기호흡기(호흡장치, 자체완비식) 일반형 조달",2021,해군군수사령부,물품(내자),국방·치안·보안,False,3.0,False,낙찰자선정,등록공고,Y,
20211117,2021 정신전력교육 실감형(VR) 디지털 교재 VR장비 구매,2021,국방부,물품(내자),악기·교재,False,2.0,False,낙찰자선정,등록공고,N,Y
20211115,(육군) 21년 유흡착포 구매,2021,육군군수사령부,물품(내자),청소장비,False,197.0,False,낙찰자선정,등록공고,N,
20211115,(공군) 21년 액상형 세탁세제(1형) 제조,2021,공군군수사령부,물품(내자),청소장비,False,19.0,False,낙찰자선정,등록공고,Y,
20211115,21년 육군군수사 [캐비닛(리튬전지보관함)] 조달,2021,육군군수사령부,물품(내자),가구,False,25.0,False,낙찰자선정,등록공고,,
20211123,"육군 드릴,공압식,착암기용(시추기) 구매",2021,육군군수사령부,물품(내자),채광·건설기계,False,70.0,False,개찰완료,등록공고,N,
20211117,21년 해군 중소형함용 측심기 구매,2021,해군군수사령부,물품(내자),실험·측정기기,False,80.0,False,낙찰자선정,등록공고,N,
20211117,진단용 격리부스 구매 설치,2021,국방부 국군의무사령부,물품(내자),의료장비,True,0.0,True,유찰,등록공고,N,Y
20211117,21년도 군종도서(기독교) 제작,2021,국방부,물품(내자),출판물,True,2.0,False,유찰,재공고,N,
20211118,TICN 4차양산 상용장비 구매,2021,방위사업청,물품(내자),정보통신,False,146.0,False,낙찰자선정,등록공고,N,
20211119,공군 이동수사감식차 제조,2021,공군군수사령부,물품(내자),차량·수송장비,True,0.0,True,유찰,재공고,Y,
20211119,21년 4분기 전산소모품 구매,2021,방위사업청,물품(내자),사무기기,False,960.0,False,낙찰자선정,등록공고,N,
20211123,저상형 트레일러 제조,2021,해군군수사령부,물품(내자),차량·수송장비,True,0.0,True,유찰,등록공고,Y,
20211122,구형 관급원단 활용 방상내피 제조 납품,2021,육군군수사령부,물품(내자),피복·개인용품,True,0.0,True,유찰,재공고,Y,
20211125,"21년 방사능보호복(안전용덧옷) 제조(육군,공군)",2021,육군군수사령부,물품(내자),국방·치안·보안,False,32.0,False,낙찰자선정,등록공고,Y,
20211126,육군 인체측정기(체형측정기) 7set 구매,2021,육군군수사령부,물품(내자),스포츠·레저,False,145.0,False,낙찰자선정,등록공고,N,
20211130,2021년 해군군수사령부 호흡용기체3종 조달,2021,해군군수사령부,물품(내자),화학·화공,False,23.0,False,낙찰자선정,등록공고,N,
20211129,21년 공군 세수비누 제조,2021,공군군수사령부,물품(내자),피복·개인용품,False,4.0,False,낙찰자선정,등록공고,Y,
20211130,21년도 군종도서(기독교) 제작,2021,국방부,물품(내자),출판물,False,4.0,False,낙찰자선정,등록공고,N,
20211201,해군 인체측정기(체형측정기) 7set 구매,2021,해군군수사령부,물품(내자),스포츠·레저,False,205.0,False,낙찰자선정,등록공고,N,
20211206,저상형 트레일러 제조,2021,해군군수사령부,물품(내자),차량·수송장비,True,0.0,True,유찰,재공고,Y,
20211209,수술현미경 안과용(의료용현미경) 구매,2021,국군대전병원,물품(내자),의료장비,False,30.0,False,낙찰자선정,등록공고,N,
20211215,2021년 해군군수사령부 공구상자(휴대용) 구매 조달(재공고),2021,해군군수사령부,물품(내자),운반·포장,False,4.0,False,낙찰자선정,재공고,N,
20211224,함정정보시스템 고도화사업 DBMS 소프트웨어 구매,2021,방위사업청,물품(내자),정보통신,False,13.0,False,낙찰자선정,등록공고,N,Y
20210107,2021-2022년 국방인사정보체계 유지보수 사업,2021,국방부 국방전산정보원,일반용역,엔지니어링·연구,False,1.0,False,낙찰자선정,등록공고,,
20210112,21년 전군 바이러스 방역체계 운영,2021,4284부대,일반용역,엔지니어링·연구,False,1.0,False,낙찰자선정,등록공고,,
20210113,2021년 국방자원관리체계 통합유지보수 사업,2021,국방부 국방전산정보원,일반용역,엔지니어링·연구,False,1.0,False,낙찰자선정,등록공고,,
20210115,21년 국방아키텍처 유지보수 사업,2021,합동상호운용성기술센터,일반용역,엔지니어링·연구,False,1.0,False,낙찰자선정,등록공고,,
20210125,2021년도 국방일보 인쇄 및 배달 용역사업,2021,국방부 국방홍보원,일반용역,편집·디자인,False,1.0,False,낙찰자선정,등록공고,,Y
20210201,21년 예비군 안보교육 전문강사 단체선정,2021,국방부,일반용역,경영·행정서비스,False,1.0,False,낙찰자선정,등록공고,,
20210217,2021년 군사정보체계 유지보수 용역,2021,국방부 국방정보본부,일반용역,엔지니어링·연구,False,1.0,False,낙찰자선정,등록공고,,
20210209,21년 e-mu학위취득 지원체계 모바일시스템 고도화 구축사업,2021,국방부,일반용역,엔지니어링·연구,False,1.0,False,낙찰자선정,등록공고,,
20210512,21년 국방실험사업 지원 용역,2021,국방부,일반용역,경영·행정서비스,False,1.0,False,낙찰자선정,등록공고,,
20210219,육군경비정 추진기 교체사업,2021,육군군수사령부,일반용역,산업생산서비스,False,1.0,False,낙찰자선정,등록공고,,
20210302,국방부대코드관리시스템(UCMS) 연동개선 사업,2021,합동상호운용성기술센터,일반용역,엔지니어링·연구,False,1.0,False,낙찰자선정,등록공고,,Y
20210225,우수 상용품 시범사용 위탁운영,2021,국방부,일반용역,경영·행정서비스,False,1.0,False,낙찰자선정,등록공고,,Y
20210312,2021년 호국전몰용사 공훈록 작성 용역 계약 의뢰,2021,국방부 국방부군사편찬연구소,일반용역,경영·행정서비스,False,1.0,False,낙찰자선정,등록공고,,
20210317,21년 e-mu(전문학사 및 학사)학위취득 지원체계 유지보수사업,2021,국방부,일반용역,엔지니어링·연구,False,1.0,False,낙찰자선정,등록공고,,Y
20210319,21년 국방의료정보체계 통합유지보수용역,2021,국방부 국군의무사령부,일반용역,엔지니어링·연구,False,1.0,False,낙찰자선정,등록공고,,Y
20210324,국방정보기술표준(DITA) 현행화 사업,2021,합동상호운용성기술센터,일반용역,경영·행정서비스,False,1.0,False,낙찰자선정,등록공고,,
20210405,21년 귀환 국군포로 정착지원사업,2021,국방부,일반용역,경영·행정서비스,False,1.0,False,낙찰자선정,등록공고,,Y
20210409,국방대학교 학사관리시스템 고도화 PMO 사업,2021,국방부 국방대학교,일반용역,경영·행정서비스,False,1.0,False,개찰완료,등록공고,,Y
20210414,21년 정보화전략계획 사업관리,2021,국방부,일반용역,경영·행정서비스,False,1.0,False,낙찰자선정,등록공고,,
20210419,간선IP 교환체계 구축 PMO사업,2021,국방부 국군지휘통신사령부,일반용역,경영·행정서비스,False,1.0,False,낙찰자선정,등록공고,,
20210419,유엔임무단에 적용 가능한 스마트캠프 모델 설계,2021,국방부,일반용역,경영·행정서비스,False,1.0,False,낙찰자선정,등록공고,,Y
20210429,21년 PC보안체계 유지보수 사업,2021,4284부대,일반용역,엔지니어링·연구,False,1.0,False,낙찰자선정,등록공고,,Y
20210525,2021년 위문열차 공연 HD중계차 임대설치,2021,국방부 국방홍보원,일반용역,건설·시설서비스,False,1.0,False,낙찰자선정,등록공고,,Y
20210601,21년 전군 보안시스템 유지보수 용역,2021,국방부 국군지휘통신사령부,일반용역,엔지니어링·연구,False,1.0,False,낙찰자선정,등록공고,,Y
20210602,2021년 위문열차 공연 진행/분장/의자설치 등,2021,국방부 국방홍보원,일반용역,경영·행정서비스,False,1.0,False,낙찰자선정,등록공고,,
20210603,국방통합데이터센터(DIDC) 기반체계 유지보수 용역,2021,국방통합데이터센터,일반용역,엔지니어링·연구,False,1.0,False,낙찰자선정,등록공고,,
20210611,지능형 디지털 아카이브 구축사업 용역계약의뢰,2021,육군 인사사령부,일반용역,엔지니어링·연구,False,1.0,False,낙찰자선정,등록공고,,Y
20210625,국방 ICT 지원사업,2021,국방부,일반용역,경영·행정서비스,False,1.0,False,낙찰자선정,등록공고,,
20210623,교육정보통합시스템 유지보수 용역,2021,국군간호사관학교,일반용역,엔지니어링·연구,False,1.0,False,낙찰자선정,등록공고,,Y
20210624,동원능력분석 모의논리고도화 연구 용역,2021,국방부,일반용역,경영·행정서비스,False,1.0,False,낙찰자선정,등록공고,Y,
20210628,21년 화이트햇 콘테스트(+컨퍼런스) 행사,2021,4284부대,일반용역,경영·행정서비스,False,1.0,False,낙찰자선정,등록공고,,Y
20210716,국방영상미디어시스템 구축 정보화전략계획(ISP) 수립 사업,2021,국방부 국방홍보원,일반용역,경영·행정서비스,False,1.0,False,낙찰자선정,등록공고,,
20210818,급식 빅데이터 분석모델 구축 사업,2021,국방부 국방전산정보원,일반용역,엔지니어링·연구,False,1.0,False,낙찰자선정,등록공고,,
20210726,사이버인력 전문화 온라인 교육,2021,4284부대,일반용역,교육훈련,False,1.0,False,낙찰자선정,등록공고,,Y
20210727,방위사업감독정보시스템 구축,2021,방위사업청,일반용역,엔지니어링·연구,False,1.0,False,낙찰자선정,등록공고,,Y
20210729,군 장병 공개SW 역량강화 교육 지원,2021,국방부,일반용역,경영·행정서비스,False,1.0,False,낙찰자선정,등록공고,,
20210730,중요기록물 DB구축 및 마이크로필름 제작,2021,방위사업청,일반용역,엔지니어링·연구,False,1.0,False,낙찰자선정,등록공고,,Y
20210807,2021년 행정정보통합지원체계 성능개선 사업,2021,국방부 국방전산정보원,일반용역,엔지니어링·연구,False,1.0,False,낙찰자선정,등록공고,,Y
20210811,국방 전자서명 인증체계 고도화 PMO 사업,2021,국방부 국방전산정보원,일반용역,경영·행정서비스,False,1.0,False,낙찰자선정,등록공고,,Y
20210827,목록화 데이터 XML 변환,2021,방위사업청,일반용역,엔지니어링·연구,False,1.0,False,낙찰자선정,등록공고,,
20210910,계약법령정보시스템 구축 사업,2021,방위사업청,일반용역,엔지니어링·연구,False,1.0,False,낙찰자선정,등록공고,,
20210914,국방데이터 가시화 체계 구축 사업,2021,합동상호운용성기술센터,일반용역,엔지니어링·연구,False,1.0,False,낙찰자선정,등록공고,,Y
20210930,국방대학교 학사관리시스템 고도화 사업,2021,국방부 국방대학교,일반용역,엔지니어링·연구,False,1.0,False,낙찰자선정,등록공고,,Y
20211006,OOOO 성능개량 임대회선 구성사업,2021,국방부 국방정보본부,일반용역,엔지니어링·연구,False,1.0,False,낙찰자선정,등록공고,,
20211025,장병 온라인 문화예술 체험형 강의 콘텐츠 임차 및 위탁운영,2021,국방부,일반용역,교육훈련,False,1.0,False,낙찰자선정,등록공고,,
20211026,국방 증명서 통합발급체계 구축 PMO 사업,2021,국방부 국방전산정보원,일반용역,경영·행정서비스,False,1.0,False,낙찰자선정,등록공고,,Y
20211118,국방수송정보체계 고도화 개인정보영향평가 사업,2021,국방부 국방전산정보원,일반용역,경영·행정서비스,False,1.0,False,낙찰자선정,등록공고,,
20211201,22년 국내개발 무기효과자료 구축사업,2021,국방부 합동참모본부,일반용역,경영·행정서비스,False,1.0,False,낙찰자선정,등록공고,,
20211125,22년 민군작전모의모델 유지관리 용역사업,2021,국방부 합동참모본부,일반용역,엔지니어링·연구,False,1.0,False,낙찰자선정,등록공고,,Y
20211126,포병대대 사격지휘체계 성능개량(BTCS A2) 체계개발 감리용역사업,2021,방위사업청,일반용역,경영·행정서비스,False,1.0,False,낙찰자선정,등록공고,,
20211129,22년 지상무기효과분석모델 유지관리 용역사업,2021,국방부 합동참모본부,일반용역,엔지니어링·연구,False,1.0,False,낙찰자선정,등록공고,,Y
20211202,22년 대화력전 모의모델 유지관리 용역사업,2021,국방부 합동참모본부,일반용역,엔지니어링·연구,False,1.0,False,낙찰자선정,등록공고,,
20211130,22년 분석기술 용역사업,2021,국방부 합동참모본부,일반용역,경영·행정서비스,False,1.0,False,낙찰자선정,등록공고,,Y
20211129,22년 C4ISR분석모델 유지관리 용역사업,2021,국방부 합동참모본부,일반용역,엔지니어링·연구,False,1.0,False,낙찰자선정,등록공고,,Y
20211130,22년 합동정보모의모델 유지관리 용역사업,2021,국방부 합동참모본부,일반용역,엔지니어링·연구,False,1.0,False,낙찰자선정,등록공고,,
20211203,22년 한국형 합동작전분석모델 유지관리 용역,2021,국방부 합동참모본부,일반용역,엔지니어링·연구,False,1.0,False,낙찰자선정,등록공고,,Y
20211206,22년 전구급 분석모델 지상전 평가용역,2021,국방부 합동참모본부,일반용역,엔지니어링·연구,False,1.0,False,낙찰자선정,등록공고,,Y
20211207,22~23년 국방건축행정시스템 유지관리용역,2021,국방시설본부,일반용역,엔지니어링·연구,False,1.0,False,낙찰자선정,등록공고,,Y
20211209,22년 합동지속지원모의모델 유지관리 용역사업,2021,국방부 합동참모본부,일반용역,엔지니어링·연구,False,1.0,False,낙찰자선정,등록공고,,Y
20211210,2022년 국방홍보원 정보시스템 유지보수,2021,국방부 국방홍보원,일반용역,엔지니어링·연구,False,1.0,False,낙찰자선정,등록공고,,Y
20211213,22년 국방연동관리체계 유지보수,2021,국방부 국방전산정보원,일반용역,엔지니어링·연구,False,1.0,False,낙찰자선정,등록공고,,
20211216,2022년 국방TV NPS시스템 정기 유지관리 사업,2021,국방부 국방홍보원,일반용역,엔지니어링·연구,True,0.0,True,유찰,등록공고,,Y
20211215,2022년 국방자원관리정보체계 통합유지보수사업,2021,국방부 국방전산정보원,일반용역,엔지니어링·연구,False,1.0,False,낙찰자선정,등록공고,,
20211215,22년 MS-GRPS 유지보수용역 계약,2021,국군제9965부대,일반용역,엔지니어링·연구,False,1.0,False,낙찰자선정,등록공고,,
20211215,22년 전군 바이러스 방역체계 운영 사업,2021,4284부대,일반용역,엔지니어링·연구,False,1.0,False,낙찰자선정,등록공고,,
20211216,센서 데이터 기반 TAS-815K 상태기반정비 체계 구축,2021,국방부,일반용역,엔지니어링·연구,False,1.0,False,낙찰자선정,등록공고,,Y
20211217,GeoVIS 비밀체계 구축 용역사업,2021,국군제9965부대,일반용역,엔지니어링·연구,False,1.0,False,낙찰자선정,등록공고,,Y
20211220,센서 데이터 기반 해상감시레이더-II 모니터링 체계 구축,2021,국방부,일반용역,엔지니어링·연구,False,1.0,False,낙찰자선정,등록공고,,Y
20211224,2022년 국방빅데이터·통계정보체계 통합유지보수사업,2021,국방부 국방전산정보원,일반용역,엔지니어링·연구,False,1.0,False,낙찰자선정,등록공고,,
20211228,노후 LAN 교체 사업,2021,국군제9965부대,일반용역,엔지니어링·연구,False,1.0,False,낙찰자선정,등록공고,,Y
20210104,국방부대코드관리시스템(UCMS) 연동개선 사업,2021,합동상호운용성기술센터,일반용역,엔지니어링·연구,True,0.0,True,유찰,등록공고,,Y
20210106,21년 예비군 안보교육 전문강사 단체선정,2021,국방부,일반용역,경영·행정서비스,True,0.0,True,유찰,등록공고,,Y
20210104,21년 국방부 종합홍보용역,2021,국방부,일반용역,경영·행정서비스,False,3.0,False,낙찰자선정,등록공고,,Y
20210108,2021년도 국방일보 인쇄 및 배달 용역사업,2021,국방부 국방홍보원,일반용역,편집·디자인,True,0.0,True,유찰,등록공고,,Y
20210115,국방인사정보체계고도화 개인정보영향평가사업,2021,국방부 국방전산정보원,일반용역,경영·행정서비스,False,4.0,False,낙찰자선정,등록공고,,Y
20210115,21년 국방핵심역량강화교육 운영 위탁용역,2021,국방부,일반용역,경영·행정서비스,False,3.0,False,낙찰자선정,등록공고,,Y
20210122,21년 국방부 온라인 종합홍보 용역,2021,국방부,일반용역,경영·행정서비스,True,3.0,False,유찰,등록공고,,Y
20210121,국방재정정보체계 고도화 구축 PMO 사업,2021,국방부 국방전산정보원,일반용역,경영·행정서비스,False,3.0,False,낙찰자선정,등록공고,,
20210121,2021년 국방TV 외주제작 뮤직캠프 사업자 선정,2021,국방부 국방홍보원,일반용역,편집·디자인,False,7.0,False,낙찰자선정,등록공고,,Y
20210121,21년 e-mu학위취득 지원체계 모바일시스템 고도화 구축사업,2021,국방부,일반용역,엔지니어링·연구,True,0.0,True,유찰,등록공고,,
20210122,21년 국방부 영상 콘텐츠 기획 제작 용역,2021,국방부,일반용역,경영·행정서비스,False,4.0,False,낙찰자선정,등록공고,,Y
20210125,2021년도 나라사랑체험학습 교육 프로그램 운영 계약 의뢰,2021,국방부 국립서울현충원,일반용역,교육훈련,False,2.0,False,낙찰자선정,등록공고,,
20210129,국방수송정보체계 고도화 사업,2021,국방부 국방전산정보원,일반용역,엔지니어링·연구,False,3.0,False,낙찰자선정,등록공고,,
20210201,우수 상용품 시범사용 위탁운영,2021,국방부,일반용역,경영·행정서비스,True,0.0,True,유찰,등록공고,,Y
20210204,부대조달정보체계 고도화사업 감리용역,2021,국방부 국군재정관리단,일반용역,경영·행정서비스,False,4.0,False,낙찰자선정,등록공고,,Y
20210210,21년 국방의료정보체계 통합유지보수용역,2021,국방부 국군의무사령부,일반용역,엔지니어링·연구,True,0.0,True,유찰,등록공고,,Y
20210208,2021년 호국전몰용사 공훈록 작성 용역 계약 의뢰,2021,국방부 국방부군사편찬연구소,일반용역,경영·행정서비스,True,0.0,True,유찰,등록공고,,
20210209,21년 B그룹 북한 이탈주민 초빙교육,2021,국방부,일반용역,경영·행정서비스,False,10.0,False,낙찰자선정,등록공고,,Y
20210215,21년 C그룹 북한 이탈주민 초빙교육,2021,국방부,일반용역,경영·행정서비스,False,9.0,False,낙찰자선정,등록공고,,Y
20210216,21년 귀환 국군포로 정착지원사업,2021,국방부,일반용역,경영·행정서비스,True,0.0,True,유찰,등록공고,,Y
20210215,21년 A그룹 북한 이탈주민 초빙교육,2021,국방부,일반용역,경영·행정서비스,False,9.0,False,낙찰자선정,등록공고,,Y
20210218,2021년 C그룹 대대급 민간전문강사 초빙교육,2021,국방부,일반용역,경영·행정서비스,False,4.0,False,낙찰자선정,등록공고,,Y
20210215,21년 국방부 온라인 종합홍보 용역,2021,국방부,일반용역,경영·행정서비스,False,2.0,False,낙찰자선정,재공고,,Y
20210216,21년 A그룹 대대급 민간전문강사 초빙교육,2021,국방부,일반용역,경영·행정서비스,False,4.0,False,낙찰자선정,등록공고,,Y
20210218,21년 B그룹 대대급 민간전문강사 초빙교육,2021,국방부,일반용역,경영·행정서비스,False,5.0,False,낙찰자선정,등록공고,,Y
20210224,지능형 전군 통합보안관제체계 유지보수 사업,2021,4284부대,일반용역,엔지니어링·연구,False,2.0,False,낙찰자선정,등록공고,,Y
20210222,21년 e-mu(전문학사 및 학사)학위취득 지원체계 유지보수사업,2021,국방부,일반용역,엔지니어링·연구,True,0.0,True,유찰,등록공고,,Y
20210304,21년 4권역 장병 인성교육 위탁운영,2021,국방부,일반용역,경영·행정서비스,False,7.0,False,낙찰자선정,등록공고,,Y
20210303,21년 1권역 장병 인성교육 위탁 운영,2021,국방부,일반용역,경영·행정서비스,False,8.0,False,낙찰자선정,등록공고,,Y
20210226,2021년 국방홍보원 온라인 중계방송 소셜라이브 운영 용역,2021,국방부 국방홍보원,일반용역,건설·시설서비스,False,2.0,False,낙찰자선정,등록공고,Y,Y
20210303,유해발굴사업 통합홍보 용역,2021,국방부 국방부유해발굴감식단,일반용역,경영·행정서비스,False,3.0,False,낙찰자선정,등록공고,,Y
20210309,국방획득정보체계 구축 사업 감리 용역,2021,국방부 국방전산정보원,일반용역,경영·행정서비스,False,3.0,False,낙찰자선정,등록공고,,Y
20210303,미래 안보환경을 고려한 경항공모함 확보에 관한 연구,2021,국방부,일반용역,경영·행정서비스,True,0.0,True,유찰,등록공고,,
20210308,동아시아 안보전략 평가,2021,국방부,일반용역,경영·행정서비스,True,0.0,True,유찰,등록공고,,Y
20210309,21년 2권역 장병 인성교육 위탁 운영,2021,국방부,일반용역,경영·행정서비스,False,8.0,False,낙찰자선정,등록공고,,Y
20210308,21년 학군사관후보생 집중교육(문무캠프)운영,2021,국방부,일반용역,경영·행정서비스,False,2.0,False,낙찰자선정,등록공고,,Y
20210322,다출처 사이버위협 정첩보 획득 연구용역,2021,4284부대,일반용역,경영·행정서비스,False,2.0,False,낙찰자선정,변경공고,,
20210310,21년 3권역 장병 인성교육 위탁운영,2021,국방부,일반용역,경영·행정서비스,False,8.0,False,낙찰자선정,등록공고,,Y
20210311,방위사업청 주거래 여행사 선정 용역,2021,방위사업청,일반용역,여행·숙박,False,11.0,False,낙찰자선정,등록공고,Y,Y
20210315,유엔임무단에 적용 가능한 스마트캠프 모델 설계,2021,국방부,일반용역,경영·행정서비스,True,0.0,True,유찰,등록공고,,Y
20210316,21년 부품단종정보 획득 용역사업,2021,해군군수사령부,일반용역,엔지니어링·연구,False,2.0,False,낙찰자선정,등록공고,,
20210324,간선IP 교환체계 구축 PMO사업,2021,국방부 국군지휘통신사령부,일반용역,경영·행정서비스,True,0.0,True,유찰,등록공고,,
20210322,미래 안보환경을 고려한 경항공모함 확보에 관한 연구,2021,국방부,일반용역,경영·행정서비스,False,5.0,False,낙찰자선정,재공고,,
20210331,21년 PC보안체계 유지보수 사업,2021,4284부대,일반용역,엔지니어링·연구,True,0.0,True,유찰,등록공고,,Y
20210322,국방대학교 학사관리시스템 고도화 PMO 사업,2021,국방부 국방대학교,일반용역,경영·행정서비스,True,0.0,True,유찰,등록공고,,Y
20210402,국방부 기록관 비전자기록물 DB구축 사업,2021,국방부,일반용역,엔지니어링·연구,False,2.0,False,낙찰자선정,등록공고,,
20210325,21년 전군 보안시스템 유지보수 용역,2021,국방부 국군지휘통신사령부,일반용역,엔지니어링·연구,True,0.0,True,유찰,등록공고,,Y
20210401,OOOO 분석을 위한 연구용역,2021,4284부대,일반용역,경영·행정서비스,True,0.0,True,유찰,등록공고,,Y
20210329,동아시아 안보전략 평가,2021,국방부,일반용역,경영·행정서비스,False,2.0,False,낙찰자선정,재공고,,Y
20210331,2021년 국군의 날 특집 다큐멘터리 제작 사업자 선정,2021,국방부 국방홍보원,일반용역,편집·디자인,False,3.0,False,낙찰자선정,등록공고,,Y
20210406,주요국 핵전략분석을 통한 북핵대응방향 연구,2021,국방부,일반용역,경영·행정서비스,False,3.0,False,낙찰자선정,등록공고,,
20210407,2040년 미래 안보환경 대비 군구조 발전 방안 연구,2021,국방부,일반용역,경영·행정서비스,False,3.0,False,낙찰자선정,등록공고,,Y
20210408,"주변국(미국,중국,일본,러시아)의 미래 군사전략 분석을 통한 한국의 중장기 국방정책방향 수립",2021,국방부,일반용역,경영·행정서비스,False,2.0,False,낙찰자선정,등록공고,Y,Y
20210412,국방안전관리정보체계 구축 BPR/ISP 사업,2021,국방부,일반용역,경영·행정서비스,False,5.0,False,낙찰자선정,등록공고,,Y
20210414,21년 의료종합상황센터 통합관제시스템 ISP 사업,2021,국방부 국군의무사령부,일반용역,경영·행정서비스,False,2.0,False,낙찰자선정,등록공고,,Y
20210415,국방정보자원관리체계 성능개선 사업 감리 용역,2021,국방부 국방전산정보원,일반용역,경영·행정서비스,True,0.0,True,유찰,등록공고,,Y
20210416,2021년 위문열차 공연 HD중계차 임대설치,2021,국방부 국방홍보원,일반용역,건설·시설서비스,True,0.0,True,유찰,등록공고,,Y
20210419,21년 전군 보안시스템 유지보수 용역,2021,국방부 국군지휘통신사령부,일반용역,엔지니어링·연구,True,0.0,True,유찰,재공고,,Y
20210427,군수기술정보관리체계 구축 ISP,2021,국방부,일반용역,경영·행정서비스,True,0.0,True,유찰,등록공고,,Y
20210422,2021년 위문열차 공연 음향장비 설치,2021,국방부 국방홍보원,일반용역,경영·행정서비스,False,8.0,False,낙찰자선정,등록공고,,
20210421,2021 서울안보대화 행사용역,2021,국방부,일반용역,여행·숙박,False,2.0,False,낙찰자선정,등록공고,,Y
20210421,디지털 국방혁신을 추진하기 위한 국방정보화 조직 재설계,2021,국방부,일반용역,경영·행정서비스,False,2.0,False,낙찰자선정,등록공고,,
20210423,21년 군인요리대회 행사 용역,2021,국방부,일반용역,경영·행정서비스,False,2.0,False,낙찰자선정,등록공고,,
20210421,21년 한미 공동연구,2021,국방부,일반용역,경영·행정서비스,False,3.0,False,낙찰자선정,등록공고,Y,Y
20210422,2021년 위문열차 공연 진행/분장/의자설치 등,2021,국방부 국방홍보원,일반용역,경영·행정서비스,True,0.0,True,유찰,등록공고,,Y
20210422,OOOO 분석을 위한 연구용역,2021,4284부대,일반용역,경영·행정서비스,False,2.0,False,낙찰자선정,재공고,,Y
20210423,2021년 위문열차 공연 무대장비 설치(조명/무대/영상/발전차),2021,국방부 국방홍보원,일반용역,건설·시설서비스,False,3.0,False,낙찰자선정,등록공고,,Y
20210506,중장기 정보화전략계획(ISP) 수립사업,2021,국군제3707부대,일반용역,경영·행정서비스,False,2.0,False,낙찰자선정,등록공고,,
20210427,2021년 하반기 국방TV 외주제작 프로그램 ‘병영의 달인’ 사업자 선정,2021,국방부 국방홍보원,일반용역,편집·디자인,True,2.0,False,유찰,등록공고,,Y
20210427,‘21년 하반기 국방TV 외주제작 사업자 선정,2021,국방부 국방홍보원,일반용역,편집·디자인,False,2.0,False,낙찰자선정,등록공고,,Y
20210429,정예 사이버전문인력 양성 교육,2021,4284부대,일반용역,교육훈련,False,2.0,False,낙찰자선정,등록공고,,
20210430,21년 부품단종 정보획득 용역,2021,공군군수사령부,일반용역,경영·행정서비스,False,4.0,False,낙찰자선정,등록공고,,
20210430,2021년 위문열차 공연 HD중계차 임대설치,2021,국방부 국방홍보원,일반용역,건설·시설서비스,True,0.0,True,유찰,재공고,,Y
20210504,21년 화이트햇 콘테스트(+컨퍼런스) 행사,2021,4284부대,일반용역,경영·행정서비스,True,0.0,True,유찰,등록공고,,Y
20210511,방산수출입지원체계 추가개발 정보화전략계획(ISP) 수립,2021,방위사업청,일반용역,경영·행정서비스,False,2.0,False,낙찰자선정,등록공고,,
20210507,국군역사기념관(가칭)건립 종합계획 연구용역,2021,국방부 국방부군사편찬연구소,일반용역,경영·행정서비스,True,0.0,True,유찰,등록공고,,
20210517,창공모델 성능개량 체계개발 PMO사업,2021,방위사업청,일반용역,경영·행정서비스,False,2.0,False,낙찰자선정,등록공고,,Y
20210518,21년 군 상용드론 보험,2021,국방부 국군수송사령부,일반용역,금융·보험,False,6.0,False,낙찰자선정,등록공고,,
20210512,2021년 하반기 국방TV 외주제작 프로그램 ‘병영의 달인’ 사업자 선정,2021,국방부 국방홍보원,일반용역,편집·디자인,False,3.0,False,낙찰자선정,재공고,,Y
20210514,군수기술정보관리체계 구축 ISP,2021,국방부,일반용역,경영·행정서비스,True,0.0,True,유찰,재공고,,Y
20210514,자연어 처리기법을 활용한 보고서 핵심키워드 및 관계추출 검증,2021,국군제3707부대,일반용역,엔지니어링·연구,False,3.0,False,낙찰자선정,등록공고,,Y
20210521,육공군 스마트팩토리 구축 BPR/ISP,2021,국방부,일반용역,경영·행정서비스,False,4.0,False,낙찰자선정,등록공고,,Y
20210514,국방정보자원관리체계 성능개선 사업 감리 용역,2021,국방부 국방전산정보원,일반용역,경영·행정서비스,False,3.0,False,낙찰자선정,재공고,,Y
20210514,사이버인력 전문화 온라인 교육,2021,4284부대,일반용역,교육훈련,False,2.0,False,낙찰자선정,등록공고,,Y
20210521,동원능력분석 모의논리고도화 연구 용역,2021,국방부,일반용역,경영·행정서비스,True,0.0,True,유찰,변경공고,Y,
20210524,지능형 디지털 아카이브 구축사업 용역계약의뢰,2021,육군 인사사령부,일반용역,엔지니어링·연구,True,0.0,True,유찰,등록공고,,Y
20210525,국방영상미디어시스템 구축 정보화전략계획(ISP) 수립 사업,2021,국방부 국방홍보원,일반용역,경영·행정서비스,True,0.0,True,유찰,등록공고,,
20210527,21년 장애인 예술단체 부대 방문공연,2021,국방부,일반용역,경영·행정서비스,True,0.0,True,유찰,등록공고,,
20210526,21년 예비군 원격교육 위탁 운영,2021,국방부,일반용역,엔지니어링·연구,False,3.0,False,낙찰자선정,등록공고,,Y
20210528,21년 화이트햇 콘테스트(+컨퍼런스) 행사,2021,4284부대,일반용역,경영·행정서비스,True,0.0,True,유찰,재공고,,Y
20210603,국방통합재난관리정보체계 구축 PMO 사업,2021,국방부 국방전산정보원,일반용역,경영·행정서비스,False,2.0,False,낙찰자선정,등록공고,,
20210604,교육정보통합시스템 유지보수 용역,2021,국군간호사관학교,일반용역,엔지니어링·연구,True,0.0,True,유찰,등록공고,,Y
20210609,21년도 국방 린 6시그마 용역,2021,국방부,일반용역,경영·행정서비스,False,2.0,False,낙찰자선정,등록공고,,Y
20210609,대구 군 공항 양여재산 감정평가용역,2021,국방부,일반용역,경영·행정서비스,False,7.0,False,낙찰자선정,등록공고,,Y
20210609,국군역사기념관(가칭)건립 종합계획 연구용역,2021,국방부 국방부군사편찬연구소,일반용역,경영·행정서비스,False,2.0,False,낙찰자선정,등록공고,,
20210616,예비군훈련 모바일 전자고지 시스템 구축,2021,국방부 국방전산정보원,일반용역,엔지니어링·연구,False,2.0,False,낙찰자선정,등록공고,,
20210618,급식 빅데이터 분석모델 구축 사업,2021,국방부 국방전산정보원,일반용역,엔지니어링·연구,True,0.0,True,유찰,등록공고,,Y
20210628,국방정책 홍보 뉴미디어 동영상 콘텐츠 제작,2021,국방부 국방홍보원,일반용역,편집·디자인,False,2.0,False,낙찰자선정,변경공고,,Y
20210615,국방영상미디어시스템 구축 정보화전략계획(ISP) 수립 사업,2021,국방부 국방홍보원,일반용역,경영·행정서비스,True,0.0,True,유찰,재공고,,
20210616,21년 장애인 예술단체 부대 방문공연,2021,국방부,일반용역,경영·행정서비스,False,2.0,False,낙찰자선정,재공고,,
20210618,000 안정적 운영능력 개선,2021,국방부 국방정보본부,일반용역,엔지니어링·연구,False,2.0,False,낙찰자선정,등록공고,,Y
20210618,군 장병 공개SW 역량강화 교육 지원,2021,국방부,일반용역,경영·행정서비스,True,0.0,True,유찰,등록공고,,
20210625,차세대 국방통합재정정보체계 구축 사업,2021,국방부 국방전산정보원,일반용역,엔지니어링·연구,False,3.0,False,낙찰자선정,등록공고,,
20210630,국방인증체계 고도화 기반운영환경 구축사업,2021,국방통합데이터센터,일반용역,엔지니어링·연구,False,5.0,False,낙찰자선정,등록공고,,
20210702,사이버인력 전문화 온라인 교육,2021,4284부대,일반용역,교육훈련,True,0.0,True,유찰,재공고,,Y
20210702,2021년 국방과학기술과정 교육 운영 위탁,2021,국방부,일반용역,경영·행정서비스,True,0.0,True,유찰,등록공고,,
20210708,방위사업감독정보시스템 구축,2021,방위사업청,일반용역,엔지니어링·연구,True,0.0,True,유찰,등록공고,,Y
20210706,중요기록물 DB구축 및 마이크로필름 제작,2021,방위사업청,일반용역,엔지니어링·연구,True,0.0,True,유찰,등록공고,,Y
20210708,국방 전자서명 인증체계 고도화 PMO 사업,2021,국방부 국방전산정보원,일반용역,경영·행정서비스,True,0.0,True,유찰,등록공고,,Y
20210707,국립서울현충원 유품전시관용 교육영상 제작 용역,2021,국방부 국립서울현충원,일반용역,편집·디자인,False,6.0,False,낙찰자선정,등록공고,,
20210709,2021 유엔 평화유지 장관회의 기여공약 소개 영상 및 발표용 자료 제작,2021,국방부,일반용역,경영·행정서비스,False,6.0,False,낙찰자선정,등록공고,,
20210709,2021 정신전력교육 실감형(VR) 디지털 교재 제작,2021,국방부,일반용역,경영·행정서비스,False,3.0,False,낙찰자선정,등록공고,,Y
20210714,전군 공보정훈장교 워크숍 용역,2021,국방부 국군조직 국방정신전력원,일반용역,엔지니어링·연구,False,3.0,False,낙찰자선정,등록공고,,
20210716,2021년 행정정보통합지원체계 성능개선 사업,2021,국방부 국방전산정보원,일반용역,엔지니어링·연구,True,0.0,True,유찰,등록공고,,Y
20210723,21년 국방정보시스템 기반운영환경 노후교체 사업,2021,국방통합데이터센터,일반용역,엔지니어링·연구,False,2.0,False,낙찰자선정,등록공고,,Y
20210727,2021년 국방과학기술과정 교육 운영 위탁,2021,국방부,일반용역,경영·행정서비스,False,2.0,False,낙찰자선정,재공고,,
20210818,국방통합재정정보체계 고도화 기반운영환경 구축사업,2021,국방통합데이터센터,일반용역,엔지니어링·연구,False,3.0,False,낙찰자선정,등록공고,,Y
20210727,국방 사이버전력 구축 로드맵 수립,2021,국방부,일반용역,경영·행정서비스,False,2.0,False,낙찰자선정,등록공고,,
20210730,목록화 데이터 XML 변환,2021,방위사업청,일반용역,엔지니어링·연구,True,0.0,True,유찰,등록공고,,
20210730,서울 ADEX 2021 국방 무인전투체계 전시관 부스용역,2021,국방부,일반용역,건설·시설서비스,False,5.0,False,낙찰자선정,등록공고,,Y
20210804,지능형 RPA 도입을 위한 컨설팅 사업,2021,방위사업청,일반용역,경영·행정서비스,False,2.0,False,낙찰자선정,등록공고,,Y
20210812,계약법령정보시스템 구축 사업,2021,방위사업청,일반용역,엔지니어링·연구,True,0.0,True,유찰,등록공고,,Y
20210820,국방수송정보체계 고도화 감리,2021,국방부 국방전산정보원,일반용역,경영·행정서비스,False,3.0,False,낙찰자선정,등록공고,,Y
20210824,국방수송정보체계 고도화 개인정보영향평가 사업,2021,국방부 국방전산정보원,일반용역,경영·행정서비스,True,0.0,True,유찰,등록공고,,
20210824,국방획득정보체계 기반운영환경 구축사업,2021,국방통합데이터센터,일반용역,엔지니어링·연구,False,5.0,False,낙찰자선정,등록공고,,Y
20210825,육군합성전장훈련체계(Build-Ⅰ) 체계개발 PMO사업,2021,방위사업청,일반용역,경영·행정서비스,False,2.0,False,낙찰자선정,등록공고,,Y
20210824,OOOO 성능개량 임대회선 구성사업,2021,국방부 국방정보본부,일반용역,엔지니어링·연구,True,0.0,True,유찰,등록공고,,
20210825,국방대학교 학사관리시스템 고도화 사업,2021,국방부 국방대학교,일반용역,엔지니어링·연구,True,0.0,True,유찰,등록공고,,Y
20210827,국방데이터 가시화 체계 구축 사업,2021,합동상호운용성기술센터,일반용역,엔지니어링·연구,True,0.0,True,유찰,등록공고,,Y
20210827,함정정보시스템 고도화사업 감리용역,2021,방위사업청,일반용역,경영·행정서비스,False,2.0,False,낙찰자선정,등록공고,,Y
20210901,국방부 성인지 원격교육 콘텐츠 개발,2021,국방부,일반용역,교육훈련,False,2.0,False,낙찰자선정,등록공고,,Y
20210906,포병대대 사격지휘체계 성능개량(BTCS A2) 체계개발 감리용역사업,2021,방위사업청,일반용역,경영·행정서비스,True,0.0,True,유찰,등록공고,,
20210909,국방수송정보체계 고도화 개인정보영향평가 사업,2021,국방부 국방전산정보원,일반용역,경영·행정서비스,True,0.0,True,유찰,재공고,,
20210910,장병 온라인 문화예술 체험형 강의 콘텐츠 임차 및 위탁운영,2021,국방부,일반용역,교육훈련,True,0.0,True,유찰,등록공고,,Y
20210924,연합군사정보처리체계(MIMS-C)성능개량 체계개발사업 감리용역,2021,방위사업청,일반용역,경영·행정서비스,False,3.0,False,낙찰자선정,등록공고,,Y
20210928,국방 증명서 통합발급체계 구축사업,2021,국방부 국방전산정보원,일반용역,엔지니어링·연구,True,0.0,True,유찰,등록공고,,Y
20210928,국방 증명서 통합발급체계 구축 PMO 사업,2021,국방부 국방전산정보원,일반용역,경영·행정서비스,True,0.0,True,유찰,등록공고,,Y
20210929,장병 온라인 문화예술 체험형 강의 콘텐츠 임차 및 위탁운영,2021,국방부,일반용역,교육훈련,True,0.0,True,유찰,재공고,,Y
20211013,22년 국내개발 무기효과자료 구축사업,2021,국방부 합동참모본부,일반용역,경영·행정서비스,True,0.0,True,유찰,등록공고,,Y
20211008,22년 C4ISR분석모델 유지관리 용역사업,2021,국방부 합동참모본부,일반용역,엔지니어링·연구,True,0.0,True,유찰,등록공고,,Y
20211008,창공모델 성능개량 체계개발 감리용역사업,2021,방위사업청,일반용역,경영·행정서비스,False,3.0,False,낙찰자선정,등록공고,,Y
20211007,22~23년 국방건축행정시스템 유지관리용역,2021,국방시설본부,일반용역,엔지니어링·연구,True,0.0,True,유찰,등록공고,,Y
20211014,22년 합동정보모의모델 유지관리 용역사업,2021,국방부 합동참모본부,일반용역,엔지니어링·연구,True,0.0,True,유찰,등록공고,,Y
20211013,22년 분석기술 용역사업,2021,국방부 합동참모본부,일반용역,경영·행정서비스,True,0.0,True,유찰,등록공고,,Y
20211008,포병대대 사격지휘체계 성능개량(BTCS A2) 체계개발 감리용역사업,2021,방위사업청,일반용역,경영·행정서비스,True,0.0,True,유찰,재공고,,
20211012,2022년 국방TV 외주제작(나군인) 사업자 선정,2021,국방부 국방홍보원,일반용역,편집·디자인,False,3.0,False,낙찰자선정,등록공고,,Y
20211015,22년 대화력전 모의모델 유지관리 용역사업,2021,국방부 합동참모본부,일반용역,엔지니어링·연구,True,0.0,True,유찰,등록공고,,Y
20211012,22년 지상무기효과분석모델 유지관리 용역사업,2021,국방부 합동참모본부,일반용역,엔지니어링·연구,True,0.0,True,유찰,등록공고,,Y
20211014,22년 국방연동관리체계 유지보수,2021,국방부 국방전산정보원,일반용역,엔지니어링·연구,True,0.0,True,유찰,등록공고,,
20211015,국방 증명서 통합발급체계 구축사업,2021,국방부 국방전산정보원,일반용역,엔지니어링·연구,False,2.0,False,낙찰자선정,재공고,,
20211015,국방TV 외주제작 프로그램 ‘병영의 달인’ 사업자 선정,2021,국방부 국방홍보원,일반용역,편집·디자인,False,4.0,False,낙찰자선정,등록공고,,Y
20211019,22년 MS-GRPS 유지보수용역 계약,2021,국군제9965부대,일반용역,엔지니어링·연구,True,0.0,True,유찰,등록공고,,
20211019,대구 군 공항 이전사업 기본계획 타당성 분석 연구 용역,2021,국방부,일반용역,경영·행정서비스,False,2.0,False,낙찰자선정,등록공고,,Y
20211019,국방 전자서명 인증체계 고도화사업,2021,국방부 국방전산정보원,일반용역,엔지니어링·연구,False,2.0,False,낙찰자선정,등록공고,,Y
20211020,22년 민군작전모의모델 유지관리 용역사업,2021,국방부 합동참모본부,일반용역,엔지니어링·연구,True,0.0,True,유찰,등록공고,,Y
20211025,22년 합동지속지원모의모델 유지관리 용역사업,2021,국방부 합동참모본부,일반용역,엔지니어링·연구,True,0.0,True,유찰,등록공고,,Y
20211027,22년 지상무기효과분석모델 유지관리 용역사업,2021,국방부 합동참모본부,일반용역,엔지니어링·연구,True,0.0,True,유찰,재공고,,Y
20211028,국방TV 외주제작 프로그램 「뮤직 캠프」 사업자 선정,2021,국방부 국방홍보원,일반용역,편집·디자인,False,4.0,False,낙찰자선정,등록공고,,Y
20211029,국방통합원가시스템 고도화 1차 사업 감리용역,2021,방위사업청,일반용역,경영·행정서비스,False,3.0,False,낙찰자선정,등록공고,,Y
20211101,GeoVIS 비밀체계 구축 용역사업,2021,국군제9965부대,일반용역,엔지니어링·연구,True,0.0,True,유찰,등록공고,,Y
20211101,센서 데이터 기반 해상감시레이더-II 모니터링 체계 구축,2021,국방부,일반용역,엔지니어링·연구,True,0.0,True,유찰,등록공고,,Y
20211102,센서 데이터 기반 TAS-815K 상태기반정비 체계 구축,2021,국방부,일반용역,엔지니어링·연구,True,0.0,True,유찰,등록공고,,Y
20211103,22~23년 PC보안체계 유지보수 사업,2021,4284부대,일반용역,엔지니어링·연구,True,0.0,True,유찰,등록공고,,Y
20211104,22~23년 국방건축행정시스템 유지관리용역,2021,국방시설본부,일반용역,엔지니어링·연구,True,0.0,True,유찰,재공고,,Y
20211105,22년 전군 바이러스 방역체계 운영 사업,2021,4284부대,일반용역,엔지니어링·연구,True,0.0,True,유찰,등록공고,,Y
20211105,22년 통합유지보수,2021,4284부대,일반용역,엔지니어링·연구,False,3.0,False,낙찰자선정,등록공고,,Y
20211110,22년 한국형 합동작전분석모델 유지관리 용역,2021,국방부 합동참모본부,일반용역,엔지니어링·연구,True,0.0,True,유찰,등록공고,,Y
20211111,22년 연합연습정보체계(CEIS-K) 정비용역,2021,국방부 합동참모본부,일반용역,엔지니어링·연구,False,2.0,False,낙찰자선정,등록공고,,Y
20211111,22년 전구급 분석모델 지상전 평가용역,2021,국방부 합동참모본부,일반용역,엔지니어링·연구,True,0.0,True,유찰,등록공고,,Y
20211116,해군교전급분석모델(Build-I) 체계개발 PMO사업,2021,방위사업청,일반용역,경영·행정서비스,False,2.0,False,낙찰자선정,등록공고,,Y
20211116,2022년 국방홍보원 정보시스템 유지보수,2021,국방부 국방홍보원,일반용역,엔지니어링·연구,True,0.0,True,유찰,등록공고,,Y
20211116,22년 국방사이버훈련장 유지보수,2021,4284부대,일반용역,엔지니어링·연구,True,0.0,True,유찰,등록공고,,Y
20211116,센서 데이터 기반 TAS-815K 상태기반정비 체계 구축,2021,국방부,일반용역,엔지니어링·연구,True,0.0,True,유찰,재공고,,Y
20211117,2022년 국방TV NPS시스템 정기 유지관리 사업,2021,국방부 국방홍보원,일반용역,엔지니어링·연구,True,0.0,True,유찰,등록공고,,Y
20211117,센서 데이터 기반 해상감시레이더-II 모니터링 체계 구축,2021,국방부,일반용역,엔지니어링·연구,True,0.0,True,유찰,재공고,,Y
20211122,GeoVIS 비밀체계 구축 용역사업,2021,국군제9965부대,일반용역,엔지니어링·연구,True,0.0,True,유찰,재공고,,Y
20211123,22~23년 PC보안체계 유지보수 사업,2021,4284부대,일반용역,엔지니어링·연구,True,0.0,True,유찰,재공고,,
20211123,22~23년 상호운용성지원시스템 통합유지보수 용역,2021,합동상호운용성기술센터,일반용역,엔지니어링·연구,False,2.0,False,낙찰자선정,등록공고,,Y
20211124,2022년도 국방일보 인쇄 및 배달 용역사업,2021,국방부 국방홍보원,일반용역,편집·디자인,True,0.0,True,유찰,등록공고,,Y
20211125,2022년 국방일보 온라인 뉴스레터 발행 및 뉴미디어 홍보용역,2021,국방부 국방홍보원,일반용역,경영·행정서비스,False,3.0,False,낙찰자선정,등록공고,,
20211126,육군합성전장훈련체계(Build-I) 체계개발 감리용역 사업,2021,방위사업청,일반용역,경영·행정서비스,False,2.0,False,낙찰자선정,등록공고,,Y
20211130,2022년 귀환 국군포로 정착지원사업,2021,국방부,일반용역,경영·행정서비스,True,0.0,True,유찰,등록공고,,
20211130,센서 데이터 기반 TAS-815K 상태기반정비 체계 구축,2021,국방부,일반용역,엔지니어링·연구,True,0.0,True,유찰,등록공고,,Y
20211130,2022년 정보화교육 위탁 사업,2021,국방부 국방전산정보원,일반용역,교육훈련,False,2.0,False,낙찰자선정,등록공고,,
20211223,온나라 시스템 노후교체 사업,2021,국군제9965부대,일반용역,엔지니어링·연구,True,2.0,False,유찰,변경공고,,Y
20211201,2022년 국방부 종합홍보용역,2021,국방부,일반용역,경영·행정서비스,True,0.0,True,유찰,등록공고,,Y
20211203,2022년도 간부 e-지식복지사업,2021,국방부,일반용역,경영·행정서비스,False,2.0,False,낙찰자선정,등록공고,,Y
20211203,차세대 국방통합재정정보체계 구축사업 감리 용역,2021,국방부 국방전산정보원,일반용역,경영·행정서비스,False,3.0,False,낙찰자선정,등록공고,,Y
20211202,센서 데이터 기반 해상감시레이더-II 모니터링 체계 구축,2021,국방부,일반용역,엔지니어링·연구,True,0.0,True,유찰,등록공고,,Y
20211202,2022년 국방 사이버지식정보방 유지보수 사업,2021,국방부 국방전산정보원,일반용역,엔지니어링·연구,False,3.0,False,낙찰자선정,등록공고,,Y
20211210,노후 LAN 교체 사업,2021,국군제9965부대,일반용역,엔지니어링·연구,True,0.0,True,유찰,등록공고,,Y
20211209,2021년 군 성폭력 실태 전수조사,2021,국방부,일반용역,경영·행정서비스,True,0.0,True,유찰,등록공고,,
20211210,군 책임운영기관 2021년 업무성과 평가 용역,2021,국방부,일반용역,경영·행정서비스,False,2.0,False,낙찰자선정,등록공고,,
20211209,22년 국방사이버훈련장 유지보수,2021,4284부대,일반용역,엔지니어링·연구,True,0.0,True,유찰,재공고,,Y
20211209,2022년도 국방일보 인쇄 및 배달 용역사업,2021,국방부 국방홍보원,일반용역,편집·디자인,True,0.0,True,유찰,재공고,,Y
20211210,2022년도 장병자기개발 학습콘텐츠,2021,국방부,일반용역,경영·행정서비스,True,0.0,True,유찰,등록공고,,Y
20211214,22년 예비군 웹사이트 휴대폰 본인확인 서비스 운영,2021,국방부,일반용역,경영·행정서비스,False,3.0,False,낙찰자선정,등록공고,,
20211215,국방통합재난관리정보체계 개발사업,2021,국방부 국방전산정보원,일반용역,엔지니어링·연구,False,3.0,False,낙찰자선정,등록공고,,
20211221,차세대 국방통합재정정보체계 구축 개인정보영향평가 사업,2021,국방부 국방전산정보원,일반용역,경영·행정서비스,False,3.0,False,낙찰자선정,등록공고,,Y
20211222,22~23년 PC보안체계 유지보수 사업,2021,4284부대,일반용역,엔지니어링·연구,True,0.0,True,유찰,재공고,,
20211223,2021년 군 성폭력 실태 전수조사,2021,국방부,일반용역,경영·행정서비스,True,0.0,True,유찰,재공고,,
20211230,국방실험사업 VR기반 운전자 교육훈련 체계 구축,2021,육군본부 기획관리참모부,일반용역,엔지니어링·연구,True,0.0,True,유찰,등록공고,,Y
20211231,22년 국방부 온라인 종합홍보 용역,2021,국방부,일반용역,경영·행정서비스,True,2.0,False,유찰,등록공고,,Y
20211231,국방실험사업 AR기반 다자간 전술토의 체계 구축,2021,육군본부 기획관리참모부,일반용역,엔지니어링·연구,False,3.0,False,낙찰자선정,등록공고,,Y
20200110,문화상품권 구매(취업견문록 잡아라),2020,국방부 국방홍보원,물품(내자),종이류,False,6.0,False,낙찰자선정,등록공고,N,N
20201028,제9회 장병강연대회 입상자 및 참가자 지급용 문화상품권 구매,2020,국방부 국방홍보원,물품(내자),종이류,False,7.0,False,낙찰자선정,등록공고,N,N
20200108,2020년도 국방일보 조판시스템(CTS) 유지보수 사업(재공고),2020,국방부 국방홍보원,일반용역,,True,0.0,True,유찰,재공고,,N
20200409,뉴미디어 그래픽콘텐츠 제작용역,2020,국방부 국방홍보원,일반용역,,False,5.0,False,낙찰자선정,등록공고,,N
20200713,2020년 국방FM 청취형태 조사,2020,국방부 국방홍보원,일반용역,,False,2.0,False,낙찰자선정,등록공고,,N
20200716,국군의 날 특집콘텐츠 제작용역,2020,국방부 국방홍보원,일반용역,,False,2.0,False,낙찰자선정,등록공고,,N
20200721,뉴미디어 콘텐츠 군넘버 스토리(가제) 사업자 선정,2020,국방부 국방홍보원,일반용역,,False,2.0,False,낙찰자선정,등록공고,,Y
20200727,국방TV 채널 네트워크 디자인 제작,2020,국방부 국방홍보원,일반용역,,False,2.0,False,낙찰자선정,등록공고,,Y
20200812,국방TV 외주제작 요리조리 맛있軍,2020,국방부 국방홍보원,일반용역,,False,3.0,False,낙찰자선정,등록공고,,Y
20200812,국방TV외주제작 성공하려면 군에 가라 사업자 선정,2020,국방부 국방홍보원,일반용역,,False,2.0,False,낙찰자선정,등록공고,,Y
20200902,뉴미디어 웹애니메이션 제작,2020,국방부 국방홍보원,일반용역,,True,0.0,True,유찰,등록공고,,Y
20200918,뉴미디어 웹애니메이션 제작,2020,국방부 국방홍보원,일반용역,,False,2.0,False,낙찰자선정,재공고,,Y
20201110,2021년도 국방홍보원 구내식당 위탁운영,2020,국방부 국방홍보원,일반용역,,True,0.0,True,유찰,등록공고,,Y
20201111,2021년 국방저널 편집용역,2020,국방부 국방홍보원,일반용역,,False,4.0,False,낙찰자선정,등록공고,,Y
20201111,2021년 국방일보 조판시스템(CTS) 유지보수 사업,2020,국방부 국방홍보원,일반용역,,True,0.0,True,유찰,등록공고,,Y
20201123,2021년 국방TV 분장 코디 용역,2020,국방부 국방홍보원,일반용역,,False,4.0,False,낙찰자선정,등록공고,,Y
20201123,2021년도 국방TV 프로그램 세트 설치 해체 용역,2020,국방부 국방홍보원,일반용역,,False,3.0,False,낙찰자선정,등록공고,,Y
20201124,2021년 국방일보 조판시스템(CTS) 유지보수 사업,2020,국방부 국방홍보원,일반용역,,True,0.0,True,유찰,재공고,,Y
20201216,2021년도 국방홍보원 구내식당 위탁운영,2020,국방부 국방홍보원,일반용역,,False,5.0,False,낙찰자선정,재공고,,Y
20200818,미활용군용지 휀스 설치 공사,2020,국방시설본부,공사,,False,47.0,False,낙찰자선정,등록공고,,
20200910,"국방홍보원 신축 시설공사(건축, 토목)",2020,국방부 국방홍보원,공사,,False,955.0,False,낙찰자선정,등록공고,,
20201021,유품전시관 전시물 개선 관련 부대시설공사 설계용역,2020,국방부 국립서울현충원,기술용역,,False,10.0,False,낙찰자선정,등록공고,,
20200302,장티푸스 백신,2020,육군군수사령부,물품(내자),기타(51),True,0.0,True,유찰,등록공고,N,
20200420,장티푸스 백신,2020,육군군수사령부,물품(내자),기타(51),False,1.0,False,낙찰자선정,등록공고,,
20200907,"20년 육군 화장지 조달요구(수의계약, 상이군경회)",2020,육군군수사령부,물품(내자),종이류,False,1.0,False,낙찰자선정,등록공고,,
20200911,"20년 육군 화장지 조달요구(수의계약, 우선구매사업단)",2020,육군군수사령부,물품(내자),종이류,False,1.0,False,낙찰자선정,등록공고,,
20200914,"20년 육군 화장지 조달요구(수의계약, 한마음사업단)",2020,육군군수사령부,물품(내자),종이류,False,1.0,False,낙찰자선정,등록공고,,
20200615,20년 조달 밀가루(전분) 조달요청서,2020,육군군수사령부,물품(내자),식품,False,1.0,False,낙찰자선정,등록공고,Y,
20200615,20년 조달 설탕 조달요청서,2020,육군군수사령부,물품(내자),식품,False,1.0,False,낙찰자선정,등록공고,Y,
20200109,수도병원 19년 14차 의무장비(X선기 디지털 고정형),2020,국군수도병원,물품(내자),의료장비,True,0.0,True,유찰,등록공고,N,
20200218,MF/HF조난통신기 4대 구매,2020,해군군수사령부,물품(내자),정보통신,False,1.0,False,낙찰자선정,등록공고,Y,
20200220,20년 마닐라로프 조달 의뢰,2020,육군군수사령부,물품(내자),제조부품,False,1.0,False,낙찰자선정,등록공고,Y,
20200225,문화센터 신축 관급자재(빌딩자동제어장치) 설치 납품,2020,국방부 계룡대근무지원단,물품(내자),전기·조명,False,1.0,False,낙찰자선정,등록공고,,
20200228,예비실린더 제조,2020,육군군수사령부,물품(내자),국방·치안·보안,False,1.0,False,낙찰자선정,등록공고,N,
20200302,산소소생기 자동식,2020,해군군수사령부,물품(내자),국방·치안·보안,False,1.0,False,낙찰자선정,등록공고,,
20200304,19년 의무장비(혈관조영-전산화단층 촬영장치) 구매,2020,국군수도병원,물품(내자),의료장비,True,0.0,True,유찰,등록공고,N,
20200303,수온음속측정기 3대 구매,2020,해군군수사령부,물품(내자),실험·측정기기,False,1.0,False,낙찰자선정,등록공고,Y,
20200320,대형 굴삭기 차륜형 등 2종 3set 제조,2020,해군군수사령부,물품(내자),건설장비,False,1.0,False,낙찰자선정,등록공고,N,
20200320,60톤 유압기중기 2set 제조,2020,해군군수사령부,물품(내자),운반·포장,False,1.0,False,낙찰자선정,등록공고,Y,
20200403,전주오거크레인 1set 제조 납품,2020,해군군수사령부,물품(내자),채광·건설기계,False,1.0,False,낙찰자선정,등록공고,Y,
20200407,20년 지형분석장비 구매(리스실행조건),2020,국방부 합동참모본부,물품(내자),정보통신,False,1.0,False,낙찰자선정,등록공고,,
20200417,문화센터 신축 관급자재(지열히트펌프) 설치 납품,2020,국방부 계룡대근무지원단,물품(내자),배관·공조,False,1.0,False,낙찰자선정,등록공고,,
20200421,백색방수캔바스등 3품목,2020,해군군수사령부,물품(내자),광물·원자재,False,1.0,False,낙찰자선정,등록공고,,
20200420,수액류 구매,2020,육군군수사령부,물품(내자),기타(51),False,1.0,False,낙찰자선정,등록공고,,
20200423,(수도병원)19-35차 의무장비 X-선기 병원용 디지털(천정형) 구매,2020,국군수도병원,물품(내자),의료장비,False,1.0,False,낙찰자선정,등록공고,N,
20200427,20년 육군 합성단화 조달(수의),2020,육군군수사령부,물품(내자),피복·개인용품,True,0.0,True,유찰,등록공고,Y,
20200427,"20-E-63, 알루미늄 접절식 야전침대 구매",2020,공군군수사령부,물품(내자),스포츠·레저,False,1.0,False,낙찰자선정,등록공고,Y,
20200506,20년 관물함 조달 요청,2020,육군군수사령부,물품(내자),가구,False,1.0,False,낙찰자선정,등록공고,,
20200506,2020년 FM무전기자동시험세트(제조),2020,육군군수사령부,물품(내자),실험·측정기기,False,1.0,False,낙찰자선정,등록공고,Y,
20200512,작전시설 전력/설비 개선 관급자재(단단벌류트펌프),2020,공군작전사령부근무지원단,물품(내자),배관·공조,False,1.0,False,낙찰자선정,등록공고,N,
20200520,20년 식탁상판 조달 의뢰,2020,육군군수사령부,물품(내자),가구,False,1.0,False,낙찰자선정,등록공고,,
20200520,전산화단층촬영기,2020,해군군수사령부,물품(내자),의료장비,False,1.0,False,낙찰자선정,등록공고,N,
20200520,기동장비(군사경찰용 오토바이)[군수장비2020-006],2020,국방부 계룡대근무지원단,물품(내자),차량·수송장비,False,1.0,False,낙찰자선정,등록공고,N,
20200527,20년 차량용 축전지 조달,2020,육군군수사령부,물품(내자),발전·배전,False,1.0,False,낙찰자선정,변경공고,Y,
20200525,이동식유압기중기,2020,방위사업청,물품(내자),운반·포장,False,1.0,False,낙찰자선정,등록공고,Y,Y
20200527,여과기시험셋 구매,2020,국방부 국군화생방방호사령부,물품(내자),국방·치안·보안,False,1.0,False,낙찰자선정,등록공고,N,
20200608,HDTV방송 자동 녹화기,2020,해군군수사령부,물품(내자),가정용품,False,1.0,False,낙찰자선정,등록공고,,
20200605,6.25전쟁 70주년 특별전시회 이동형 전시물 제작 및 설치,2020,국방부,물품(내자),악기·교재,False,1.0,False,낙찰자선정,재공고,,Y
20200603,20년 육군 늄침대(알루미늄 접이식 야전침대),2020,육군군수사령부,물품(내자),스포츠·레저,False,1.0,False,낙찰자선정,등록공고,Y,
20200618,(해병) 로다스코프 1대,2020,해병 제9691부대,물품(내자),건설장비,False,1.0,False,낙찰자선정,등록공고,Y,
20200618,오더피커 제조납품,2020,육군군수사령부,물품(내자),운반·포장,False,1.0,False,낙찰자선정,등록공고,Y,
20200623,보건용 마스크(정책물량),2020,육군군수사령부,물품(내자),국방·치안·보안,False,1.0,False,낙찰자선정,등록공고,,
20200622,"20-E-12, 면도기 및 면도날",2020,공군군수사령부,물품(내자),피복·개인용품,True,0.0,True,유찰,등록공고,N,
20200624,휴대용 영상전송장비,2020,해군군수사령부,물품(내자),정보통신,False,1.0,False,낙찰자선정,등록공고,,
20200701,기름흡착제,2020,해군군수사령부,물품(내자),청소장비,False,1.0,False,낙찰자선정,등록공고,,
20200625,해병대 잠수사추진기,2020,해병 제9691부대,물품(내자),스포츠·레저,False,1.0,False,낙찰자선정,등록공고,Y,
20200625,보건용 마스크 동원용 정책물량,2020,육군군수사령부,물품(내자),국방·치안·보안,False,1.0,False,낙찰자선정,등록공고,,
20200626,[의무장비]디지털 엑스선기 600mA TFT 구매,2020,공군군수사령부,물품(내자),의료장비,False,1.0,False,낙찰자선정,등록공고,Y,
20200626,7인승 고속 고무보트 등 2종 15set 제조,2020,해군군수사령부,물품(내자),차량·수송장비,False,1.0,False,낙찰자선정,등록공고,Y,Y
20200629,보건용 마스크 본조(정책물량),2020,육군군수사령부,물품(내자),국방·치안·보안,False,1.0,False,낙찰자선정,등록공고,,
20200703,20년 육군 면도기 조달,2020,육군군수사령부,물품(내자),피복·개인용품,True,0.0,True,유찰,등록공고,N,
20200723,20년 마닐라로프 조달 의뢰(2차),2020,육군군수사령부,물품(내자),제조부품,False,1.0,False,낙찰자선정,등록공고,Y,
20200723,20년 육군 면도기 조달,2020,육군군수사령부,물품(내자),피복·개인용품,False,1.0,False,낙찰자선정,등록공고,N,
20200729,해군 피복팀 면도기 구매,2020,해군군수사령부,물품(내자),피복·개인용품,False,1.0,False,낙찰자선정,등록공고,,
20200810,윤활유 분광분석기,2020,해군군수사령부,물품(내자),실험·측정기기,False,1.0,False,낙찰자선정,등록공고,,
20200804,"20-E-12, 면도기 및 면도날",2020,공군군수사령부,물품(내자),피복·개인용품,False,1.0,False,낙찰자선정,등록공고,N,
20200810,20년 소형 유조차 제조납품,2020,해군군수사령부,물품(내자),차량·수송장비,False,1.0,False,낙찰자선정,등록공고,Y,
20200901,20년 신형야전선 구매,2020,육군군수사령부,물품(내자),발전·배전,False,1.0,False,낙찰자선정,등록공고,Y,
20200831,20년 내시경 인후두용 구매,2020,국방부 국군의무사령부,물품(내자),의료장비,False,1.0,False,낙찰자선정,등록공고,N,
20200902,JP-8(차량),2020,공군군수사령부,물품(내자),연료·유류,False,1.0,False,낙찰자선정,등록공고,N,
20200902,20년 효소면역측정기 중형 구매,2020,국방부 국군의무사령부,물품(내자),실험·측정기기,False,1.0,False,낙찰자선정,등록공고,N,
20200907,20년 의무장비(자기공명영상촬영장치) 구매,2020,국방부 국군의무사령부,물품(내자),의료장비,False,1.0,False,낙찰자선정,등록공고,N,
20200907,20년 X-선기 병원용 이동식,2020,국방부 국군의무사령부,물품(내자),의료장비,False,1.0,False,낙찰자선정,등록공고,N,
20200914,'20년 정보지원 교체 및 개선사업 발주,2020,방위사업청,물품(내자),정보통신,False,1.0,False,낙찰자선정,등록공고,,
20200917,JP-8(화차),2020,공군군수사령부,물품(내자),연료·유류,True,0.0,True,유찰,등록공고,N,
20200917,JP-8(송유관),2020,공군군수사령부,물품(내자),연료·유류,True,0.0,True,유찰,등록공고,N,
20200921,JP-8(송유관),2020,공군군수사령부,물품(내자),연료·유류,True,0.0,True,유찰,재공고,N,
20200921,JP-8(화차),2020,공군군수사령부,물품(내자),연료·유류,False,1.0,False,낙찰자선정,재공고,N,
20200925,양압식공기호흡기 예비실린더 등 2품목,2020,해군군수사령부,물품(내자),국방·치안·보안,False,1.0,False,낙찰자선정,등록공고,,
20200929,전산화단층엑스선촬영장치[20-3차 의무장비(CT)] 구매,2020,국군대전병원,물품(내자),의료장비,False,1.0,False,낙찰자선정,등록공고,N,Y
20201006,과산화수소이온발생기구매 2대,2020,국방부 국군화생방방호사령부,물품(내자),실험·측정기기,False,1.0,False,낙찰자선정,등록공고,N,Y
20201012,20년 8차 의무장비(단일광자방출 단층촬영기(SPECT-CT)) 구매,2020,국군수도병원,물품(내자),의료장비,False,1.0,False,낙찰자선정,등록공고,N,Y
20201013,지게차 구매,2020,공군종합보급창,물품(내자),운반·포장,False,1.0,False,낙찰자선정,등록공고,Y,
20201013,우수상용품 시범사용 장비 구매(건식바닥청소기),2020,국방부 육군사관학교,물품(내자),청소장비,False,1.0,False,낙찰자선정,등록공고,,
20201013,육사 금속 3D프린터 구매,2020,국방부 육군사관학교,물품(내자),산업기계,False,1.0,False,낙찰자선정,등록공고,,
20201016,JP-8(송유관),2020,공군군수사령부,물품(내자),연료·유류,True,0.0,True,유찰,등록공고,Y,
20201016,20년 의무장비(엑스선기 일반용디지털 600mA),2020,국방부 국군의무사령부,물품(내자),의료장비,False,1.0,False,낙찰자선정,등록공고,N,
20201016,20년 X-선기 병원용디지털 1000mA 구매,2020,국방부 국군의무사령부,물품(내자),의료장비,False,1.0,False,낙찰자선정,등록공고,N,Y
20201028,20년 하반기 시범사용 품목구매(소형건식 노면청소기),2020,육군3사관학교,물품(내자),청소장비,False,1.0,False,낙찰자선정,등록공고,,
20201028,2기갑 본청 신축 관급(AV),2020,육군 제1군단,물품(내자),인쇄·영상,False,1.0,False,낙찰자선정,등록공고,,
20201111,차기다련장 7차사업 자동제어설비,2020,육군제25보병사단,물품(내자),전기·조명,False,1.0,False,낙찰자선정,등록공고,,
20201030,해병대 우수상용품 노면청소기,2020,해병 제9691부대,물품(내자),청소장비,False,1.0,False,낙찰자선정,등록공고,,
20201101,군단 다목적체육관 관급(무대장치),2020,육군 제1군단,물품(내자),건축자재,False,1.0,False,낙찰자선정,등록공고,,
20201127,휴대용 영상전송 장비(지휘통제장비),2020,국방부 국군화생방방호사령부,물품(내자),정보통신,False,1.0,False,낙찰자선정,등록공고,,
20201118,JP-8(송유관),2020,공군군수사령부,물품(내자),연료·유류,False,1.0,False,낙찰자선정,등록공고,N,
20201123,"응급흉부외상패드 구매(수의계약, (주)메디시온)",2020,육군군수사령부,물품(내자),의료장비,True,0.0,True,유찰,등록공고,,
20201126,2기갑 29전차 행정시설 등 2건 신축 자동제어,2020,육군 제1군단,물품(내자),전기·조명,False,1.0,False,낙찰자선정,등록공고,,
20201214,한국형기동헬기 후속양산 시설사업(빌딩 자동제어 시스템),2020,제31보병사단,물품(내자),전기·조명,False,1.0,False,낙찰자선정,등록공고,,
20201222,상무대 보일러실 자동제어시스템 구축,2020,육군상무대근무지원단,물품(내자),전기·조명,False,1.0,False,낙찰자선정,등록공고,,Y
20200723,공군 취사용 장화 구매,2020,공군군수사령부,물품(내자),피복·개인용품,False,2.0,False,낙찰자선정,등록공고,Y,
20200812,기능성 전투화 통합구매,2020,육군군수사령부,물품(내자),국방·치안·보안,False,1.0,False,낙찰자선정,등록공고,,
20201105,군용 보온수통 제조 납품,2020,육군군수사령부,물품(내자),스포츠·레저,True,1.0,False,유찰,등록공고,Y,
20201118,공수훈련지상장비 제조납품,2020,육군군수사령부,물품(내자),국방·치안·보안,True,0.0,True,유찰,등록공고,Y,
20201125,나일론로프 구매,2020,육군군수사령부,물품(내자),제조부품,False,1.0,False,낙찰자선정,등록공고,Y,
20201125,군용 보온수통 제조 납품,2020,육군군수사령부,물품(내자),스포츠·레저,True,1.0,False,유찰,등록공고,Y,
20200302,20년 육군 귀덮개 구매,2020,육군군수사령부,물품(내자),피복·개인용품,False,21.0,False,낙찰자선정,등록공고,Y,
20200304,2020년 충혼당 봉안명패 계약,2020,국방부 국립서울현충원,물품(내자),출판물,False,6.0,False,낙찰자선정,등록공고,Y,
20200305,20년 육군 칫솔 조달,2020,육군군수사령부,물품(내자),피복·개인용품,True,0.0,True,유찰,등록공고,Y,
20200305,20년 육군 치약 조달,2020,육군군수사령부,물품(내자),피복·개인용품,False,2.0,False,낙찰자선정,등록공고,Y,
20200305,20년 육군 칫솔케이스 조달,2020,육군군수사령부,물품(내자),피복·개인용품,False,,False,낙찰자선정,등록공고,N,
20200309,20년 육군 비누갑 조달,2020,육군군수사령부,물품(내자),건축자재,False,2.0,False,낙찰자선정,등록공고,Y,
20200317,20년 육군 무릎덮개(매복용) 구매,2020,육군군수사령부,물품(내자),스포츠·레저,False,13.0,False,낙찰자선정,등록공고,Y,
20200312,20년 육군 방한장갑 구매,2020,육군군수사령부,물품(내자),피복·개인용품,False,16.0,False,낙찰자선정,등록공고,Y,
20200312,"20년 서류함3,4,5호 조달 요청",2020,육군군수사령부,물품(내자),가구,False,17.0,False,낙찰자선정,등록공고,Y,
20200312,20년 회의용탁자 조달 요청,2020,육군군수사령부,물품(내자),가구,False,31.0,False,낙찰자선정,등록공고,Y,
20200312,20년 신발장 조달 요청,2020,육군군수사령부,물품(내자),가구,False,82.0,False,낙찰자선정,등록공고,Y,
20200321,20년 육군 샤워타월 조달,2020,육군군수사령부,물품(내자),가정용품,False,7.0,False,낙찰자선정,등록공고,Y,
20200317,20년 육군 칫솔 조달,2020,육군군수사령부,물품(내자),피복·개인용품,False,3.0,False,낙찰자선정,등록공고,Y,
20200320,20년 육군 세탁망 조달,2020,육군군수사령부,물품(내자),운반·포장,False,20.0,False,낙찰자선정,등록공고,Y,
20200402,20년 침상형 매트리스 패드 구매,2020,육군군수사령부,물품(내자),가구,False,4.0,False,낙찰자선정,등록공고,Y,
20200320,20년 의자 조달 요청,2020,육군군수사령부,물품(내자),가구,False,15.0,False,낙찰자선정,등록공고,Y,
20200323,20년 구두솔 조달,2020,육군군수사령부,물품(내자),청소장비,False,2.0,False,개찰완료,등록공고,Y,
20200323,20년 육군 인식표줄용 튜브관 및 고무링 조달요구,2020,육군군수사령부,물품(내자),제조부품,False,,False,낙찰자선정,등록공고,N,
20200401,20년 의무피복 조달,2020,국방부,물품(내자),의료장비,False,6.0,False,낙찰자선정,등록공고,N,
20200401,국방부 슬리퍼 구매,2020,해군군수사령부,물품(내자),피복·개인용품,False,5.0,False,낙찰자선정,등록공고,Y,
20200402,20년 육군 세수비누,2020,육군군수사령부,물품(내자),피복·개인용품,False,3.0,False,낙찰자선정,등록공고,Y,
20200413,20년 육군 미용티슈(각티슈) 조달,2020,육군군수사령부,물품(내자),종이류,False,7.0,False,낙찰자선정,등록공고,Y,
20200413,"20년 보관함,의류용 조달 요청",2020,육군군수사령부,물품(내자),가구,False,22.0,False,낙찰자선정,등록공고,Y,
20200414,20년 육군 세면주머니 조달요구,2020,국방부,물품(내자),피복·개인용품,False,26.0,False,낙찰자선정,등록공고,Y,
20200421,20년 육군 손톱깎이세트 조달,2020,육군군수사령부,물품(내자),피복·개인용품,False,3.0,False,낙찰자선정,등록공고,Y,
20200427,보온대 구매,2020,공군군수사령부,물품(내자),피복·개인용품,False,13.0,False,낙찰자선정,등록공고,Y,
20200427,20년 육군 넥타이 4종 제조,2020,육군군수사령부,물품(내자),피복·개인용품,False,35.0,False,낙찰자선정,등록공고,Y,
20200512,20년 책상 조달 요청,2020,육군군수사령부,물품(내자),가구,False,19.0,False,낙찰자선정,등록공고,Y,
20200519,20년 육군 인식표줄 조달요구,2020,육군군수사령부,물품(내자),제조부품,False,2.0,False,낙찰자선정,등록공고,Y,
20200520,"20년 도서함 3,4호 조달 요청",2020,육군군수사령부,물품(내자),가구,False,12.0,False,낙찰자선정,등록공고,Y,
20200527,20년 액상형 세탁세제 조달,2020,육군군수사령부,물품(내자),청소장비,False,14.0,False,낙찰자선정,등록공고,Y,
20200710,20년 육군 화장지,2020,육군군수사령부,물품(내자),종이류,False,12.0,False,낙찰자선정,등록공고,Y,
20200717,20년 육군 액상비누(손세정제) 조달,2020,육군군수사령부,물품(내자),피복·개인용품,True,5.0,False,유찰,등록공고,Y,
20200730,20년 육군 액상비누(손세정제) 조달,2020,육군군수사령부,물품(내자),피복·개인용품,False,5.0,False,낙찰자선정,재공고,Y,
20200918,20년 육군 사각팬티,2020,육군군수사령부,물품(내자),피복·개인용품,False,37.0,False,낙찰자선정,등록공고,Y,
20201221,해군 백단화 등 3종(주문 제작),2020,해군군수사령부,물품(내자),피복·개인용품,False,3.0,False,낙찰자선정,등록공고,Y,
20200128,액체산소 등 5종 구매,2020,공군군수사령부,물품(내자),화학·화공,False,4.0,False,낙찰자선정,등록공고,N,
20200129,Td 백신,2020,육군군수사령부,물품(내자),기타(51),False,4.0,False,낙찰자선정,등록공고,N,
20200129,MMR 백신,2020,육군군수사령부,물품(내자),기타(51),False,4.0,False,낙찰자선정,등록공고,N,
20200203,20년 육군 다기능작전모 구매,2020,육군군수사령부,물품(내자),피복·개인용품,False,19.0,False,낙찰자선정,등록공고,Y,
20200130,장티푸스 백신,2020,육군군수사령부,물품(내자),기타(51),True,0.0,True,유찰,등록공고,N,
20200206,신증후군 백신,2020,육군군수사령부,물품(내자),기타(51),True,4.0,False,유찰,등록공고,N,
20200206,수막구균 백신,2020,육군군수사령부,물품(내자),기타(51),False,8.0,False,낙찰자선정,등록공고,N,
20200206,A형간염 백신,2020,육군군수사령부,물품(내자),기타(51),False,6.0,False,낙찰자선정,등록공고,N,
20200206,2020년 육군 가죽요대 구매,2020,육군군수사령부,물품(내자),피복·개인용품,False,20.0,False,낙찰자선정,등록공고,Y,
20200214,Tdap 백신,2020,육군군수사령부,물품(내자),기타(51),True,10.0,False,유찰,등록공고,N,
20200214,Td 백신,2020,육군군수사령부,물품(내자),기타(51),True,3.0,False,유찰,재공고,N,
20200216,장티푸스 백신,2020,육군군수사령부,물품(내자),기타(51),True,0.0,True,유찰,재공고,N,
20200220,신증후군 백신,2020,육군군수사령부,물품(내자),기타(51),False,4.0,False,낙찰자선정,재공고,N,
20200221,Td 백신,2020,육군군수사령부,물품(내자),기타(51),False,4.0,False,낙찰자선정,재공고,N,
20200224,20년 주공급자 일반의약품(제1성분),2020,육군군수사령부,물품(내자),기타(51),False,185.0,False,낙찰자선정,등록공고,N,
20200224,20년 주공급자 일반의약품(제2성분),2020,육군군수사령부,물품(내자),기타(51),False,184.0,False,낙찰자선정,등록공고,N,
20200226,Tdap 백신,2020,육군군수사령부,물품(내자),기타(51),False,11.0,False,낙찰자선정,재공고,N,
20200226,20년 주공급자 퇴장방지의약품,2020,육군군수사령부,물품(내자),기타(51),False,5.0,False,낙찰자선정,등록공고,N,
20200316,신증후군 백신,2020,육군군수사령부,물품(내자),기타(51),False,3.0,False,낙찰자선정,재공고,N,
20200331,20년 조달 밀가루(전분) 조달요청서,2020,육군군수사령부,물품(내자),식품,True,0.0,True,유찰,등록공고,Y,
20200331,20년 조달 설탕 조달요청서,2020,육군군수사령부,물품(내자),식품,True,0.0,True,유찰,등록공고,Y,
20200408,20년 조달 설탕 조달요청서,2020,육군군수사령부,물품(내자),식품,True,0.0,True,유찰,재공고,Y,
20200408,20년 조달 밀가루(전분) 조달요청서,2020,육군군수사령부,물품(내자),식품,True,0.0,True,유찰,등록공고,Y,
20200417,20년 조달 밀가루(전분) 조달요청서,2020,육군군수사령부,물품(내자),식품,True,0.0,True,유찰,등록공고,Y,
20200429,20년 조달 밀가루(전분) 조달요청서,2020,육군군수사령부,물품(내자),식품,True,0.0,True,유찰,재공고,Y,
20200526,20년 조달 밀가루(전분) 조달요청서,2020,육군군수사령부,물품(내자),식품,True,0.0,True,유찰,등록공고,Y,
20200526,20년 조달 설탕 조달요청서,2020,육군군수사령부,물품(내자),식품,True,0.0,True,유찰,등록공고,Y,
20200604,20년 조달 밀가루(전분) 조달요청서,2020,육군군수사령부,물품(내자),식품,True,0.0,True,유찰,재공고,Y,
20200604,20년 조달 설탕 조달요청서,2020,육군군수사령부,물품(내자),식품,True,0.0,True,유찰,재공고,Y,
20200115,20년 경정비복(함상용 작업복) 구매,2020,해군군수사령부,물품(내자),국방·치안·보안,False,7.0,False,낙찰자선정,등록공고,Y,
20200115,20년 해군 동계취사화 구매,2020,해군군수사령부,물품(내자),피복·개인용품,False,2.0,False,낙찰자선정,등록공고,Y,
20200114,건식제습기,2020,해군군수사령부,물품(내자),배관·공조,False,12.0,False,낙찰자선정,등록공고,Y,
20200114,고압공기압축기,2020,해군군수사령부,물품(내자),배관·공조,False,,False,낙찰자선정,등록공고,N,
20200130,20년 표준파렛트 구매,2020,육군군수사령부,물품(내자),운반·포장,False,11.0,False,낙찰자선정,등록공고,Y,
20200115,X-RAY 발생 촬영기,2020,해군군수사령부,물품(내자),실험·측정기기,False,4.0,False,낙찰자선정,등록공고,N,
20200115,독시사이클린캡슐,2020,육군군수사령부,물품(내자),기타(51),False,5.0,False,낙찰자선정,등록공고,N,
20200115,염산시프로플록사신,2020,육군군수사령부,물품(내자),기타(51),False,50.0,False,낙찰자선정,등록공고,N,
20200116,전기현대화 공사 관급자재(전자자동제어),2020,해군인천해역방어사령부,물품(내자),전기·조명,False,240.0,False,낙찰자선정,등록공고,Y,
20200116,"수정체도수측정기(2020년 안경도수측정기, 시력측정판 2품목) 구매요청",2020,육군군수사령부,물품(내자),의료장비,False,10.0,False,낙찰자선정,등록공고,N,
20200116,"유압식 잭, 30톤",2020,해군군수사령부,물품(내자),운반·포장,False,790.0,False,낙찰자선정,등록공고,N,
20200117,투광 조명등 조립체,2020,해군군수사령부,물품(내자),전기·조명,False,,False,낙찰자선정,등록공고,N,
20200120,19년 의무장비(혈관조영-전산화단층 촬영장치) 구매,2020,국군수도병원,물품(내자),의료장비,True,0.0,True,유찰,재공고,N,Y
20200117,이동식 가열기 히터,2020,해군군수사령부,물품(내자),배관·공조,False,268.0,False,낙찰자선정,등록공고,N,
20200120,경화학소방차,2020,해군군수사령부,물품(내자),차량·수송장비,False,3.0,False,낙찰자선정,등록공고,Y,
20200120,수조용소방차,2020,해군군수사령부,물품(내자),차량·수송장비,False,2.0,False,낙찰자선정,등록공고,Y,
20200120,게이트밸브 등 13종,2020,해군군수사령부,물품(내자),배관·공조,False,250.0,False,개찰완료,등록공고,N,
20200128,개인인명구조경보기,2020,해군군수사령부,물품(내자),국방·치안·보안,False,,False,낙찰자선정,등록공고,N,
20200121,영현백,2020,해군군수사령부,물품(내자),의료장비,False,,False,낙찰자선정,등록공고,N,
20200121,에어컨(스탠드),2020,해군군수사령부,물품(내자),배관·공조,False,,False,낙찰자선정,등록공고,N,
20200121,20년 독서대(관물함용) 조달 요청,2020,육군군수사령부,물품(내자),가구,False,20.0,False,낙찰자선정,등록공고,Y,
20200121,탄약크레인,2020,해군군수사령부,물품(내자),차량·수송장비,False,2.0,False,낙찰자선정,등록공고,Y,
20200123,친환경 금속 녹 세정제 3종,2020,해군군수사령부,물품(내자),연료·유류,False,,False,낙찰자선정,등록공고,N,
20200128,오일펜스 등 2품목,2020,해군군수사령부,물품(내자),배관·공조,False,,False,낙찰자선정,등록공고,N,
20200128,보어스코프,2020,해군군수사령부,물품(내자),실험·측정기기,False,658.0,False,낙찰자선정,등록공고,N,
20200128,내화비밀보관함,2020,해군군수사령부,물품(내자),국방·치안·보안,False,,False,낙찰자선정,등록공고,N,
20200128,와이퍼 울라이트 1종 구매,2020,해군군수사령부,물품(내자),청소장비,False,,False,낙찰자선정,등록공고,N,
20200129,진동식 롤러 1set 구매,2020,해군군수사령부,물품(내자),건설장비,False,57.0,False,낙찰자선정,등록공고,N,
20200129,요소수 구매,2020,육군군수사령부,물품(내자),고무·플라스틱,False,,False,낙찰자선정,등록공고,N,
20200130,국립서울현충원 2020년 현충일 대비 묘역 헌화용 무궁화 조화 구매,2020,국방부 국립서울현충원,물품(내자),가구,False,733.0,False,낙찰자선정,등록공고,N,
20200130,국립서울현충원 2020년 현충일 대비 묘역 설치용 소형 태극기 구매 의뢰,2020,국방부 국립서울현충원,물품(내자),출판물,False,13.0,False,낙찰자선정,등록공고,Y,
20200129,초음파 균열검사기,2020,해군군수사령부,물품(내자),실험·측정기기,False,399.0,False,낙찰자선정,등록공고,N,
20200129,20년 총기보관함 조달 요청,2020,육군군수사령부,물품(내자),가구,False,7.0,False,낙찰자선정,등록공고,Y,
20200129,(해병)디지털 인쇄 시스템,2020,해병 제9691부대,물품(내자),인쇄·영상,False,20.0,False,낙찰자선정,등록공고,N,
20200130,항공기 구조용 소방차 구매,2020,해군군수사령부,물품(내자),차량·수송장비,False,2.0,False,낙찰자선정,등록공고,Y,
20200129,20년 운송용상자 구매 의뢰,2020,육군군수사령부,물품(내자),운반·포장,False,10.0,False,낙찰자선정,등록공고,Y,
20200129,호스조립체 등 4종,2020,해군군수사령부,물품(내자),국방·치안·보안,False,2.0,False,낙찰자선정,등록공고,Y,
20200203,비닐아크릴헤지 등 2종,2020,해군군수사령부,물품(내자),제조부품,False,6.0,False,낙찰자선정,등록공고,Y,
20200131,대형 굴삭기 궤도형 1set 제조,2020,해군군수사령부,물품(내자),건설장비,False,2.0,False,낙찰자선정,등록공고,Y,
20200131,"등,연장형 1종",2020,해군군수사령부,물품(내자),전기·조명,False,74.0,False,낙찰자선정,등록공고,Y,
20200131,치과유니트,2020,육군군수사령부,물품(내자),의료장비,False,80.0,False,낙찰자선정,등록공고,N,
20200131,"전지, 재충전불가식 등 9품목",2020,해군군수사령부,물품(내자),발전·배전,False,153.0,False,낙찰자선정,등록공고,N,
20200131,전지 조립체,2020,해군군수사령부,물품(내자),발전·배전,False,,False,낙찰자선정,등록공고,N,
20200217,동력체인톱 등 2품목,2020,해군군수사령부,물품(내자),공구,False,,False,낙찰자선정,변경공고,N,
20200203,히알루론산나트륨점안액 구매,2020,육군군수사령부,물품(내자),기타(51),False,43.0,False,낙찰자선정,등록공고,N,
20200203,변비약 구매,2020,육군군수사령부,물품(내자),기타(51),False,8.0,False,낙찰자선정,등록공고,N,
20200203,비닐도료희석제 1종,2020,해군군수사령부,물품(내자),제조부품,False,,False,낙찰자선정,등록공고,N,
20200203,세파졸린나트륨 및 무좀약 구매,2020,육군군수사령부,물품(내자),기타(51),True,2.0,False,유찰,등록공고,N,
20200203,세프라딘캡슐 구매,2020,육군군수사령부,물품(내자),기타(51),False,45.0,False,낙찰자선정,등록공고,N,
20200203,에폭시페인트 등 5종,2020,해군군수사령부,물품(내자),제조부품,False,7.0,False,낙찰자선정,등록공고,Y,
20200203,실리콘알키드 등 6종,2020,해군군수사령부,물품(내자),제조부품,False,4.0,False,낙찰자선정,등록공고,Y,
20200203,탄성폴리우레탄 상도 등 3종,2020,해군군수사령부,물품(내자),제조부품,False,8.0,False,낙찰자선정,등록공고,Y,
20200203,"솔,페인트용 등 7종",2020,해군군수사령부,물품(내자),제조부품,False,,False,낙찰자선정,등록공고,N,
20200203,에나멜(노랑) 등 9종,2020,해군군수사령부,물품(내자),제조부품,False,5.0,False,낙찰자선정,등록공고,Y,
20200203,도료용희석제 등 6종,2020,해군군수사령부,물품(내자),제조부품,False,,False,낙찰자선정,등록공고,N,
20200203,20년 육군 방청윤활유,2020,육군군수사령부,물품(내자),연료·유류,False,,False,낙찰자선정,등록공고,N,
20200203,19년 의무장비(혈관조영-전산화단층 촬영장치) 구매,2020,국군수도병원,물품(내자),의료장비,True,0.0,True,유찰,재공고,N,Y
20200203,아세트아미노펜 구매,2020,육군군수사령부,물품(내자),기타(51),False,10.0,False,낙찰자선정,등록공고,N,
20200203,이부프로펜 구매,2020,육군군수사령부,물품(내자),기타(51),False,5.0,False,낙찰자선정,등록공고,N,
20200203,소형제빙기 등 4품목,2020,해군군수사령부,물품(내자),운반·포장,False,,False,낙찰자선정,등록공고,N,
20200204,아목시실린 구매,2020,육군군수사령부,물품(내자),기타(51),False,9.0,False,낙찰자선정,등록공고,N,
20200204,아세클로페낙 구매,2020,육군군수사령부,물품(내자),기타(51),False,9.0,False,낙찰자선정,등록공고,N,
20200204,습식선체청락기,2020,해군군수사령부,물품(내자),청소장비,False,320.0,False,낙찰자선정,등록공고,N,
20200204,MF/HF조난통신기 4대 구매,2020,해군군수사령부,물품(내자),정보통신,True,2.0,False,유찰,등록공고,Y,
20200204,신호변환기(DMHS) 구매,2020,해군군수사령부,물품(내자),전기·조명,False,535.0,False,낙찰자선정,등록공고,N,
20200205,20년 지형분석장비 구매(리스실행조건),2020,국방부 합동참모본부,물품(내자),정보통신,True,0.0,True,유찰,등록공고,,
20200204,산악용소방차,2020,해군군수사령부,물품(내자),차량·수송장비,False,4.0,False,낙찰자선정,등록공고,Y,
20200204,냉난방기,2020,해군군수사령부,물품(내자),배관·공조,False,,False,낙찰자선정,등록공고,N,
20200205,20년 K2전차전용 부동액 구매,2020,육군군수사령부,물품(내자),차량·수송장비,False,,False,낙찰자선정,등록공고,N,
20200205,신우경(20-1차 조달 의무장비 신장경) 구매,2020,국군대전병원,물품(내자),의료장비,False,15.0,False,낙찰자선정,등록공고,N,
20200205,2020년 국립서울현충원 묘역 석재화병 구매 설치 의뢰,2020,국방부 국립서울현충원,물품(내자),서비스산업장비,False,2.0,False,낙찰자선정,등록공고,Y,
20200205,비금속절단기,2020,해군군수사령부,물품(내자),산업기계,False,230.0,False,낙찰자선정,등록공고,N,
20200205,비금속 3D 프린터,2020,해군군수사령부,물품(내자),산업기계,False,195.0,False,낙찰자선정,등록공고,N,
20200205,20년 마닐라로프 조달 의뢰,2020,육군군수사령부,물품(내자),제조부품,True,0.0,True,유찰,등록공고,Y,
20200206,20년 비문보관함 1호 조달 요청,2020,육군군수사령부,물품(내자),가구,False,12.0,False,낙찰자선정,등록공고,Y,
20200206,한방파스 구매,2020,육군군수사령부,물품(내자),기타(51),False,12.0,False,낙찰자선정,등록공고,N,
20200206,프레가발린 구매,2020,육군군수사령부,물품(내자),기타(51),False,52.0,False,낙찰자선정,등록공고,N,
20200206,안과용제 구매,2020,육군군수사령부,물품(내자),기타(51),False,36.0,False,낙찰자선정,등록공고,N,
20200206,외용 진통소염제,2020,육군군수사령부,물품(내자),기타(51),False,6.0,False,낙찰자선정,등록공고,N,
20200211,파스류 구매,2020,육군군수사령부,물품(내자),기타(51),False,6.0,False,낙찰자선정,등록공고,N,
20200206,수조용소방차,2020,해군군수사령부,물품(내자),차량·수송장비,False,2.0,False,낙찰자선정,재공고,Y,
20200210,"방부제, 디젤연료용(함정용 연료탱크 미생물제거제) 1종",2020,해군군수사령부,물품(내자),화학·화공,False,287.0,False,낙찰자선정,등록공고,N,
20200212,함정용 다목적조리기 100/200인분 17대 제조 설치,2020,해군군수사령부,물품(내자),서비스산업장비,False,3.0,False,낙찰자선정,등록공고,Y,
20200210,호흡조절기,2020,해군군수사령부,물품(내자),스포츠·레저,False,,False,낙찰자선정,등록공고,N,
20200214,드럼세탁기,2020,해군군수사령부,물품(내자),가정용품,False,,False,낙찰자선정,등록공고,N,
20200211,차량용 네비게이션 구매 건,2020,육군군수사령부,물품(내자),차량·수송장비,False,858.0,False,낙찰자선정,등록공고,N,
20200211,차량용 블랙박스 구매 건,2020,육군군수사령부,물품(내자),차량·수송장비,False,,False,낙찰자선정,등록공고,N,
20200210,보조선용표면레이더 10대 구매,2020,해군군수사령부,물품(내자),국방·치안·보안,False,113.0,False,낙찰자선정,등록공고,N,
20200210,안전헬멧 구매,2020,해군군수사령부,물품(내자),국방·치안·보안,False,,False,낙찰자선정,등록공고,N,
20200210,카본헬멧 구매,2020,해군군수사령부,물품(내자),국방·치안·보안,False,,False,낙찰자선정,등록공고,N,
20200211,20년 포장지류 구매 의뢰,2020,육군군수사령부,물품(내자),종이류,True,0.0,True,유찰,등록공고,Y,
20200211,20년 식기세척기용 세제 구매,2020,육군군수사령부,물품(내자),청소장비,False,2.0,False,낙찰자선정,등록공고,Y,
20200211,20년 이발용의자 구매 의뢰,2020,육군군수사령부,물품(내자),가구,False,,False,낙찰자선정,등록공고,N,
20200218,20년 해군 춘추운동복 구매,2020,해군군수사령부,물품(내자),피복·개인용품,False,40.0,False,낙찰자선정,등록공고,Y,
20200211,미세먼지방지마스크 구매 계약,2020,육군군수사령부,물품(내자),국방·치안·보안,False,,False,낙찰자선정,등록공고,N,
20200224,"기동장비(오토바이,군사경찰용) 구매",2020,국방부 계룡대근무지원단,물품(내자),차량·수송장비,True,2.0,False,유찰,등록공고,N,
20200212,오실로스코프 1GHz 구매,2020,해군군수사령부,물품(내자),실험·측정기기,False,610.0,False,낙찰자선정,등록공고,N,
20200212,MF/HF조난통신기 4대 구매,2020,해군군수사령부,물품(내자),정보통신,True,0.0,True,유찰,재공고,Y,
20200217,(수도병원)19-35차 의무장비 X-선기 병원용 디지털(천정형) 구매,2020,국군수도병원,물품(내자),의료장비,True,0.0,True,유찰,등록공고,N,Y
20200212,상용 위성항법장치(GPS) 25대 구매설치,2020,해군군수사령부,물품(내자),실험·측정기기,False,51.0,False,낙찰자선정,등록공고,N,
20200212,20년 포장용 랩 구매,2020,육군군수사령부,물품(내자),서비스산업장비,False,162.0,False,낙찰자선정,등록공고,N,
20200213,진통제 구매,2020,육군군수사령부,물품(내자),기타(51),False,26.0,False,낙찰자선정,등록공고,N,
20200214,20년 일반부동액 20ℓ구매,2020,육군군수사령부,물품(내자),차량·수송장비,False,5.0,False,낙찰자선정,등록공고,Y,
20200213,2020년 병리재료 90종 구매,2020,국방부 국군의무사령부,물품(내자),기타(51),False,400.0,False,낙찰자선정,등록공고,N,
20200214,호흡용기체 6종,2020,해군군수사령부,물품(내자),화학·화공,False,29.0,False,낙찰자선정,등록공고,N,
20200218,휴대용탐조등(투광조명) 제조 건,2020,육군군수사령부,물품(내자),전기·조명,False,10.0,False,낙찰자선정,등록공고,Y,
20200228,2020년 국방FM 방송시스템 구매설치,2020,국방부 국방홍보원,물품(내자),정보통신,False,2.0,False,낙찰자선정,등록공고,N,Y
20200218,20년 해군 하운동복 구매,2020,해군군수사령부,물품(내자),피복·개인용품,False,49.0,False,낙찰자선정,등록공고,Y,
20200214,세파졸린나트륨 및 무좀약 구매,2020,육군군수사령부,물품(내자),기타(51),True,0.0,True,유찰,재공고,N,
20200214,수평밀링기,2020,해군군수사령부,물품(내자),산업기계,False,440.0,False,낙찰자선정,등록공고,N,
20200214,폼드레싱(의무물자 창상드레싱) 구매,2020,육군군수사령부,물품(내자),의료장비,False,517.0,False,낙찰자선정,등록공고,N,
20200214,20년 마닐라로프 조달 의뢰,2020,육군군수사령부,물품(내자),제조부품,True,0.0,True,유찰,재공고,Y,
20200214,강중유 구매,2020,육군군수사령부,물품(내자),연료·유류,False,58.0,False,낙찰자선정,등록공고,N,
20200214,20년 해군 동운동복 구매,2020,해군군수사령부,물품(내자),피복·개인용품,False,55.0,False,낙찰자선정,등록공고,Y,
20200217,압박붕대(의무물자 접착식탄력붕대 등 3품목) 구매,2020,육군군수사령부,물품(내자),의료장비,False,335.0,False,낙찰자선정,등록공고,N,
20200217,수온음속측정기 3대 구매,2020,해군군수사령부,물품(내자),실험·측정기기,True,0.0,True,유찰,등록공고,Y,
20200217,오실로스코프교정기 1대 구매,2020,해군군수사령부,물품(내자),실험·측정기기,False,69.0,False,낙찰자선정,등록공고,N,
20200217,세레콕시브 구매,2020,육군군수사령부,물품(내자),기타(51),False,44.0,False,낙찰자선정,등록공고,N,
20200217,반창고(의무물자 반창고류) 구매,2020,육군군수사령부,물품(내자),의료장비,False,164.0,False,낙찰자선정,등록공고,N,
20200217,중앙공급식공기압축기,2020,해군군수사령부,물품(내자),배관·공조,False,8.0,False,낙찰자선정,등록공고,Y,
20200218,(해병대) 폭발물탐지기(폭약성분분석기) 3대,2020,해병 제9691부대,물품(내자),국방·치안·보안,False,,False,낙찰자선정,등록공고,N,
20200217,절단기 2대,2020,해군군수사령부,물품(내자),산업기계,False,,False,낙찰자선정,등록공고,N,
20200217,(해병대) 대형리프트 1대,2020,해병 제9691부대,물품(내자),운반·포장,False,,False,낙찰자선정,등록공고,N,
20200217,황산전해질 구매,2020,육군군수사령부,물품(내자),화학·화공,False,4.0,False,낙찰자선정,등록공고,N,
20200218,냉면그릇,2020,해군군수사령부,물품(내자),가정용품,False,,False,낙찰자선정,등록공고,N,
20200218,(해병) 소형굴삭기(차륜) 1대,2020,해병 제9691부대,물품(내자),건설장비,True,0.0,True,유찰,등록공고,Y,
20200218,내시경 후두용 냉광공급식,2020,해군군수사령부,물품(내자),의료장비,False,4.0,False,낙찰자선정,등록공고,N,
20200218,(해병) 전주오거크레인 1대,2020,해병 제9691부대,물품(내자),채광·건설기계,False,2.0,False,낙찰자선정,등록공고,Y,
20200218,치과유니트 및 의자,2020,해군군수사령부,물품(내자),의료장비,False,28.0,False,낙찰자선정,등록공고,N,
20200219,포비돈스틱 구매,2020,육군군수사령부,물품(내자),기타(51),False,2.0,False,낙찰자선정,등록공고,N,
20200218,(해병) 대형굴삭기(궤도) 1대,2020,해병 제9691부대,물품(내자),건설장비,True,0.0,True,유찰,등록공고,Y,
20200218,20년 지형분석장비 구매(리스실행조건),2020,국방부 합동참모본부,물품(내자),정보통신,True,0.0,True,유찰,재공고,,
20200306,기록물 분쇄 압축기 1set 제조,2020,해군군수사령부,물품(내자),사무기기,False,64.0,False,낙찰자선정,등록공고,N,
20200219,75마력 아웃보드모터 구매,2020,육군군수사령부,물품(내자),발전·배전,False,21.0,False,낙찰자선정,등록공고,N,
20200219,진동식 롤러 구매,2020,국방부 계룡대근무지원단,물품(내자),건설장비,False,71.0,False,낙찰자선정,등록공고,N,
20200219,20년 표백제 구매,2020,육군군수사령부,물품(내자),청소장비,False,,False,낙찰자선정,등록공고,N,
20200220,위성방송수신안테나 구매,2020,해군군수사령부,물품(내자),정보통신,False,36.0,False,낙찰자선정,등록공고,N,
20200220,만능절단기,2020,해군군수사령부,물품(내자),산업기계,False,,False,낙찰자선정,등록공고,N,
20200220,철판원형가공기,2020,해군군수사령부,물품(내자),산업기계,False,,False,낙찰자선정,등록공고,N,
20200220,다관절리프트 5대,2020,해군군수사령부,물품(내자),건설장비,False,426.0,False,낙찰자선정,등록공고,N,
20200224,대형 굴삭기 차륜형 등 2종 3set 제조,2020,해군군수사령부,물품(내자),건설장비,True,0.0,True,유찰,등록공고,N,
20200225,20년 함정용 매트리스,2020,해군군수사령부,물품(내자),가구,False,16.0,False,낙찰자선정,등록공고,Y,
20200221,20년 포장용테이프류 구매 의뢰,2020,육군군수사령부,물품(내자),제조부품,False,971.0,False,낙찰자선정,등록공고,N,
20200221,20년 포장지류 구매 의뢰,2020,육군군수사령부,물품(내자),종이류,False,2.0,False,낙찰자선정,재공고,Y,
20200224,14차 의무장비(X-선기 디지털 고정형),2020,국군수도병원,물품(내자),의료장비,True,0.0,True,유찰,등록공고,N,Y
20200224,멸균용소독방포(일회용 수술팩) 구매,2020,육군군수사령부,물품(내자),의료장비,False,323.0,False,낙찰자선정,등록공고,N,
20200224,수술복(일회용 수술가운) 구매,2020,육군군수사령부,물품(내자),의료장비,False,312.0,False,낙찰자선정,등록공고,N,
20200224,말라리아,2020,육군군수사령부,물품(내자),기타(51),False,3.0,False,낙찰자선정,등록공고,N,
20200226,20년 평식기(스테인리스) 조달,2020,육군군수사령부,물품(내자),서비스산업장비,False,,False,낙찰자선정,등록공고,N,
20200225,보건용마스크 구매계약,2020,육군군수사령부,물품(내자),국방·치안·보안,False,,False,낙찰자선정,등록공고,N,
20200225,60톤 유압기중기 2set 제조,2020,해군군수사령부,물품(내자),운반·포장,True,0.0,True,유찰,등록공고,Y,
20200225,수액류 구매,2020,육군군수사령부,물품(내자),기타(51),True,0.0,True,유찰,등록공고,N,
20200227,국립서울현충원 유골함(충혼당 및 묘역용) 구매,2020,국방부 국립서울현충원,물품(내자),서비스산업장비,False,3.0,False,낙찰자선정,등록공고,Y,
20200225,소독기 저온멸균형(EO 가스식),2020,해군군수사령부,물품(내자),의료장비,False,572.0,False,낙찰자선정,등록공고,N,
20200225,활성탄 구매,2020,육군군수사령부,물품(내자),광물·원자재,False,5.0,False,낙찰자선정,등록공고,Y,
20200225,버터플라이 밸브 등 16종,2020,해군군수사령부,물품(내자),배관·공조,False,24.0,False,낙찰자선정,등록공고,Y,
20200227,해군 비누갑 등 5종 구매,2020,해군군수사령부,물품(내자),피복·개인용품,False,,False,낙찰자선정,등록공고,N,
20200225,수온음속측정기 3대 구매,2020,해군군수사령부,물품(내자),실험·측정기기,True,0.0,True,유찰,재공고,Y,
20200226,발전기 500kw 등 2종 2대 제조 설치,2020,해군군수사령부,물품(내자),발전·배전,False,8.0,False,낙찰자선정,등록공고,Y,
20200225,체크밸브 등 40종,2020,해군군수사령부,물품(내자),배관·공조,False,6.0,False,낙찰자선정,등록공고,Y,
20200225,고속단정 15인승 제조 구매,2020,국군제9965부대,물품(내자),차량·수송장비,False,18.0,False,낙찰자선정,등록공고,Y,
20200225,외용 진통소염제,2020,육군군수사령부,물품(내자),기타(51),True,0.0,True,유찰,재공고,N,
20200226,고정세탁기 제조 설치 건,2020,육군군수사령부,물품(내자),청소장비,False,9.0,False,낙찰자선정,등록공고,Y,
20200226,전주오거크레인 1set 제조 납품,2020,해군군수사령부,물품(내자),채광·건설기계,True,0.0,True,유찰,등록공고,Y,
20200226,발전기 200kw 4set 제조 설치,2020,해군군수사령부,물품(내자),발전·배전,False,9.0,False,낙찰자선정,등록공고,Y,
20200226,"시험세트, 응답기세트 구매",2020,해군군수사령부,물품(내자),실험·측정기기,False,39.0,False,낙찰자선정,등록공고,N,
20200226,넥워머 구매,2020,해병대 군수단,물품(내자),피복·개인용품,False,21.0,False,낙찰자선정,등록공고,Y,
20200226,아세트아미노펜 구매,2020,육군군수사령부,물품(내자),기타(51),True,0.0,True,유찰,재공고,N,
20200226,자동혈구계산기,2020,육군군수사령부,물품(내자),의료장비,False,679.0,False,낙찰자선정,등록공고,N,
20200226,(해병) 15CFM 공기압축기 12대,2020,해병 제9691부대,물품(내자),배관·공조,False,,False,낙찰자선정,등록공고,N,
20200226,게이트밸브 등 13종,2020,해군군수사령부,물품(내자),배관·공조,False,,False,낙찰자선정,등록공고,N,
20200226,볼밸브 등 9종,2020,해군군수사령부,물품(내자),배관·공조,False,,False,낙찰자선정,등록공고,N,
20200226,글로브밸브 등 25종,2020,해군군수사령부,물품(내자),배관·공조,False,554.0,False,낙찰자선정,등록공고,N,
20200227,2020년 주입구 조달,2020,육군군수사령부,물품(내자),공구,True,2.0,False,유찰,등록공고,Y,
20200227,20년 제빙기(대형) 구매,2020,육군군수사령부,물품(내자),운반·포장,False,2.0,False,낙찰자선정,등록공고,Y,
20200227,"XRAY촬영기, 노트북 1대",2020,해군군수사령부,물품(내자),국방·치안·보안,False,17.0,False,낙찰자선정,등록공고,N,
20200317,20년 진동식롤러 조달 요청,2020,육군군수사령부,물품(내자),건설장비,False,47.0,False,낙찰자선정,등록공고,N,
20200228,20년 체인톱 조달 의뢰,2020,육군군수사령부,물품(내자),농업기계,False,,False,낙찰자선정,등록공고,N,
20200228,(해병) 소형굴삭기(차륜) 1대,2020,해병 제9691부대,물품(내자),건설장비,True,0.0,True,유찰,등록공고,Y,
20200228,(해병) 대형굴삭기(궤도) 1대,2020,해병 제9691부대,물품(내자),건설장비,False,2.0,False,낙찰자선정,등록공고,Y,
20200302,재료분석기,2020,해군군수사령부,물품(내자),실험·측정기기,False,4.0,False,낙찰자선정,등록공고,N,
20200302,엑스선기 전치아동시촬영기,2020,해군군수사령부,물품(내자),의료장비,False,225.0,False,낙찰자선정,등록공고,N,
20200302,소독기 소형,2020,해군군수사령부,물품(내자),의료장비,True,0.0,True,유찰,등록공고,Y,
20200304,마이크로필름촬영기 3set 구매,2020,해군군수사령부,물품(내자),인쇄·영상,False,84.0,False,낙찰자선정,등록공고,N,
20200303,포비돈스틱 구매,2020,육군군수사령부,물품(내자),기타(51),True,0.0,True,유찰,재공고,N,
20200304,15마력 아웃보드모터 구매,2020,육군군수사령부,물품(내자),발전·배전,False,190.0,False,낙찰자선정,등록공고,N,
20200304,40마력 아웃보드모터 구매,2020,육군군수사령부,물품(내자),발전·배전,False,81.0,False,낙찰자선정,등록공고,N,
20200304,(해병) 4주식리프트 5대 및 대형차량리프트 1대,2020,해병 제9691부대,물품(내자),운반·포장,False,6.0,False,낙찰자선정,등록공고,Y,
20200304,"기동장비(오토바이,군사경찰용) 구매",2020,국방부 계룡대근무지원단,물품(내자),차량·수송장비,True,2.0,False,유찰,재공고,N,
20200305,(수도병원)19-35차 의무장비 X-선기 병원용 디지털(천정형) 구매,2020,국군수도병원,물품(내자),의료장비,True,0.0,True,유찰,재공고,N,
20200318,안저카메라[20-2차 조달 의무장비 구매(광 간섭촬영기)] 구매,2020,국군대전병원,물품(내자),의료장비,False,58.0,False,낙찰자선정,변경공고,N,
20200313,20년 유자철조망 조달요구,2020,육군군수사령부,물품(내자),제조부품,False,,False,낙찰자선정,변경공고,N,
20200305,수액류 구매,2020,육군군수사령부,물품(내자),기타(51),True,0.0,True,유찰,재공고,N,
20200305,20년 육군 모래주머니 조달,2020,육군군수사령부,물품(내자),운반·포장,False,19.0,False,낙찰자선정,등록공고,Y,
20200305,대형 굴삭기 차륜형 등 2종 3set 제조,2020,해군군수사령부,물품(내자),건설장비,True,0.0,True,유찰,재공고,N,
20200306,2020년 국군의 날 묘역 헌화용 무궁화 조화 구매,2020,국방부 국립서울현충원,물품(내자),가구,False,849.0,False,낙찰자선정,등록공고,N,
20200309,2020년 국방TV 방송장비 구매설치 사업,2020,국방부 국방홍보원,물품(내자),인쇄·영상,False,5.0,False,낙찰자선정,등록공고,N,Y
20200309,(해병) 타이어 탈착기 대형 9대 등 4개 품목,2020,해병 제9691부대,물품(내자),차량·수송장비,False,,False,낙찰자선정,등록공고,N,
20200306,"고정물,전등용 1종",2020,해군군수사령부,물품(내자),전기·조명,False,80.0,False,낙찰자선정,등록공고,N,
20200306,비상발전기 100kw 등 2종 3set 제조/설치,2020,해군군수사령부,물품(내자),발전·배전,False,10.0,False,낙찰자선정,등록공고,Y,
20200309,알곤용기 등 2종,2020,해군군수사령부,물품(내자),운반·포장,False,291.0,False,낙찰자선정,등록공고,N,
20200309,전기치료기 초음파발생용,2020,해군군수사령부,물품(내자),의료장비,False,30.0,False,낙찰자선정,등록공고,N,
20200309,20년 육군 고무링 조달요구,2020,육군군수사령부,물품(내자),사무기기,False,,False,낙찰자선정,등록공고,N,
20200309,전주오거크레인 1set 제조 납품,2020,해군군수사령부,물품(내자),채광·건설기계,True,0.0,True,유찰,재공고,Y,
20200309,20년 백파이프 조달요구,2020,육군군수사령부,물품(내자),배관·공조,True,0.0,True,유찰,등록공고,Y,
20200312,20년 비닐장판 조달,2020,육군군수사령부,물품(내자),건축자재,False,504.0,False,낙찰자선정,등록공고,N,
20200317,기상정보수신장비 10대 구매,2020,해군군수사령부,물품(내자),사무기기,False,33.0,False,낙찰자선정,등록공고,N,
20200310,체크밸브 등 40종,2020,해군군수사령부,물품(내자),배관·공조,False,5.0,False,낙찰자선정,재공고,Y,
20200310,(해병) 소형굴삭기(차륜) 1대,2020,해병 제9691부대,물품(내자),건설장비,True,0.0,True,유찰,등록공고,Y,
20200310,"기동장비(오토바이,군사경찰용) 구매",2020,국방부 계룡대근무지원단,물품(내자),차량·수송장비,False,3.0,False,개찰완료,재공고,N,
20200312,렌치 토크용 등 108품목,2020,해군군수사령부,물품(내자),공구,False,,False,낙찰자선정,등록공고,N,
20200312,줄자 측정용 등 28품목,2020,해군군수사령부,물품(내자),공구,False,,False,낙찰자선정,등록공고,N,
20200312,기어 뽑게 유압식 등 26품목,2020,해군군수사령부,물품(내자),공구,False,,False,낙찰자선정,등록공고,N,
20200311,세균검출장비,2020,육군군수사령부,물품(내자),실험·측정기기,False,35.0,False,낙찰자선정,등록공고,N,
20200311,소독제 구매,2020,육군군수사령부,물품(내자),기타(51),True,0.0,True,유찰,등록공고,N,
20200312,20년도 1분기 전산소모품 구매,2020,방위사업청,물품(내자),사무기기,False,297.0,False,낙찰자선정,등록공고,,
20200311,표면오염도검사기(신속미생물분석기),2020,해군군수사령부,물품(내자),실험·측정기기,False,225.0,False,낙찰자선정,등록공고,N,
20200311,2020년 치과재료 166종 구매,2020,국방부 국군의무사령부,물품(내자),의료장비,False,181.0,False,낙찰자선정,등록공고,N,
20200311,2020년 주입구 조달,2020,육군군수사령부,물품(내자),공구,False,2.0,False,낙찰자선정,재공고,Y,
20200311,15인승 고속단정 3set 제조,2020,해군군수사령부,물품(내자),차량·수송장비,False,6.0,False,낙찰자선정,등록공고,Y,
20200311,"수술용장갑(장갑,외과의사용 등 5품목) 구매",2020,육군군수사령부,물품(내자),의료장비,False,73.0,False,낙찰자선정,등록공고,N,
20200311,소독기 소형,2020,해군군수사령부,물품(내자),의료장비,False,2.0,False,낙찰자선정,재공고,Y,
20200312,60톤 유압기중기 2set 제조,2020,해군군수사령부,물품(내자),운반·포장,True,0.0,True,유찰,재공고,Y,
20200312,VRT세트 2set 구매,2020,해군군수사령부,물품(내자),인쇄·영상,False,67.0,False,낙찰자선정,등록공고,N,
20200312,해군 화장지 구매,2020,해군군수사령부,물품(내자),종이류,False,11.0,False,낙찰자선정,등록공고,Y,
20200313,14차 의무장비(X-선기 디지털 고정형),2020,국군수도병원,물품(내자),의료장비,True,0.0,True,유찰,재공고,N,Y
20200313,그레이더 1set 구매,2020,해군군수사령부,물품(내자),건설장비,False,6.0,False,낙찰자선정,등록공고,N,
20200316,2.5톤 냉동부식차,2020,해군군수사령부,물품(내자),차량·수송장비,False,3.0,False,낙찰자선정,등록공고,Y,
20200313,"중형버스, 이동감호용",2020,해군군수사령부,물품(내자),차량·수송장비,False,5.0,False,낙찰자선정,등록공고,Y,
20200319,해머 수동식 등 57품목,2020,해군군수사령부,물품(내자),공구,False,,False,낙찰자선정,등록공고,N,
20200316,안과유니트,2020,해군군수사령부,물품(내자),의료장비,False,57.0,False,낙찰자선정,등록공고,N,
20200316,귀마개 등 2품목 구매,2020,육군군수사령부,물품(내자),국방·치안·보안,False,,False,낙찰자선정,등록공고,N,
20200316,미생물동정기(표면오염도측정기) 구매,2020,육군군수사령부,물품(내자),실험·측정기기,False,,False,낙찰자선정,등록공고,N,
20200316,(해병대) X-ray촬영기 및 노트북,2020,해병 제9691부대,물품(내자),국방·치안·보안,False,17.0,False,낙찰자선정,등록공고,N,
20200316,단백질분석기(단백질 분리기) 구매,2020,육군군수사령부,물품(내자),실험·측정기기,False,62.0,False,낙찰자선정,등록공고,N,
20200316,20년 로다스코프 조달 요청,2020,육군군수사령부,물품(내자),건설장비,False,2.0,False,낙찰자선정,등록공고,Y,
20200316,20년 그레이더 조달 요청,2020,육군군수사령부,물품(내자),건설장비,False,4.0,False,낙찰자선정,등록공고,N,
20200316,절곡기,2020,해군군수사령부,물품(내자),산업기계,False,,False,낙찰자선정,등록공고,N,
20200318,나일론 로프 등 14종,2020,해군군수사령부,물품(내자),제조부품,False,2.0,False,낙찰자선정,등록공고,Y,
20200319,액체크로마토그래피(이온크로마토그래피) 구매,2020,육군군수사령부,물품(내자),실험·측정기기,False,22.0,False,개찰완료,등록공고,N,
20200317,(해병) 3톤 구난차 1대,2020,해병 제9691부대,물품(내자),차량·수송장비,False,3.0,False,낙찰자선정,등록공고,Y,
20200323,인조가죽 1종,2020,해군군수사령부,물품(내자),광물·원자재,False,211.0,False,낙찰자선정,등록공고,N,
20200318,인산 오셀타미비르 구매,2020,육군군수사령부,물품(내자),기타(51),False,8.0,False,낙찰자선정,등록공고,N,
20200319,전주오거크레인 1set 제조 납품,2020,해군군수사령부,물품(내자),채광·건설기계,True,0.0,True,유찰,등록공고,Y,
20200319,디지털 컬러 인쇄기 1set 구매,2020,해군군수사령부,물품(내자),인쇄·영상,False,140.0,False,낙찰자선정,등록공고,N,
20200319,20년 백파이프 조달요구,2020,육군군수사령부,물품(내자),배관·공조,False,41.0,False,낙찰자선정,재공고,N,
20200330,워터젯절단기,2020,해군군수사령부,물품(내자),산업기계,False,73.0,False,낙찰자선정,등록공고,N,
20200324,20년 매트리스 패드 조달 요청,2020,육군군수사령부,물품(내자),가구,False,6.0,False,낙찰자선정,등록공고,Y,
20200324,여과기시험셋 구매,2020,국방부 국군화생방방호사령부,물품(내자),국방·치안·보안,True,0.0,True,유찰,등록공고,N,Y
20200320,영상편집기,2020,해군군수사령부,물품(내자),인쇄·영상,False,970.0,False,낙찰자선정,등록공고,N,
20200319,윤활유 분광분석기 구매,2020,해군군수사령부,물품(내자),실험·측정기기,False,45.0,False,개찰완료,등록공고,N,
20200319,(수도병원)19-35차 의무장비 X-선기 병원용 디지털(천정형) 구매,2020,국군수도병원,물품(내자),의료장비,True,0.0,True,유찰,재공고,N,
20200319,상용 트레일러,2020,해군군수사령부,물품(내자),차량·수송장비,False,5.0,False,낙찰자선정,등록공고,Y,
20200319,3톤 구난트럭,2020,해군군수사령부,물품(내자),차량·수송장비,False,2.0,False,낙찰자선정,등록공고,Y,
20200319,각티슈,2020,해병대 군수단,물품(내자),종이류,False,,False,낙찰자선정,등록공고,N,
20200324,백색방수캔바스등 3품목,2020,해군군수사령부,물품(내자),광물·원자재,True,0.0,True,유찰,등록공고,Y,
20200324,11000LB 디젤지게차 등 3종 제조납품 요청,2020,육군군수사령부,물품(내자),운반·포장,False,2.0,False,낙찰자선정,등록공고,Y,
20200323,18인승 고속단정 4set 제조,2020,해군군수사령부,물품(내자),차량·수송장비,False,10.0,False,낙찰자선정,등록공고,Y,
20200320,소독제 구매,2020,육군군수사령부,물품(내자),기타(51),True,0.0,True,유찰,재공고,N,
20200320,20년 TV받침대 조달 요청,2020,육군군수사령부,물품(내자),가구,False,14.0,False,낙찰자선정,등록공고,Y,
20200323,기동-군사경찰(이동감호차 2대)구매,2020,육군군수사령부,물품(내자),차량·수송장비,False,6.0,False,낙찰자선정,등록공고,Y,
20200323,20년 내시경 인후두용,2020,국방부 국군의무사령부,물품(내자),의료장비,True,0.0,True,유찰,등록공고,N,Y
20200323,치과유니트,2020,국방부 국군의무사령부,물품(내자),의료장비,False,3.0,False,낙찰자선정,등록공고,N,Y
20200323,상무대 훈련장 자연발효식 이동식 화장실 제조설치납품,2020,상무대근무지원단,물품(내자),건축자재,False,17.0,False,낙찰자선정,등록공고,Y,
20200323,20년 요분석기 구매,2020,국방부 국군의무사령부,물품(내자),실험·측정기기,False,2.0,False,낙찰자선정,등록공고,N,Y
20200325,20년 안과세극등 구매,2020,국방부 국군의무사령부,물품(내자),의료장비,False,4.0,False,낙찰자선정,등록공고,,Y
20200325,20년 효소면역측정기 중형 구매,2020,국방부 국군의무사령부,물품(내자),실험·측정기기,True,0.0,True,유찰,등록공고,N,Y
20200326,20년 멸균소독기 중형 전기식 구매,2020,국방부 국군의무사령부,물품(내자),의료장비,False,5.0,False,낙찰자선정,등록공고,N,
20200325,혈관내튜브·카테터(카테터 및 바늘유니트 등 5품목) 구매,2020,육군군수사령부,물품(내자),의료장비,False,26.0,False,낙찰자선정,등록공고,N,
20200326,20년 벌목기(펠러번처) 조달 요청,2020,육군군수사령부,물품(내자),농업기계,False,90.0,False,낙찰자선정,등록공고,N,
20200326,(해병)도쟈 1대,2020,해병 제9691부대,물품(내자),건설장비,False,2.0,False,낙찰자선정,등록공고,N,
20200326,(해병)그레이더 1대,2020,해병 제9691부대,물품(내자),건설장비,False,2.0,False,낙찰자선정,등록공고,N,
20200327,20년 이비인후과유니트 병원용 구매,2020,국방부 국군의무사령부,물품(내자),의료장비,False,3.0,False,낙찰자선정,등록공고,N,
20200326,중소형함용 측심기 1대,2020,해군군수사령부,물품(내자),실험·측정기기,False,47.0,False,낙찰자선정,등록공고,N,
20200327,박판직곡기,2020,해군군수사령부,물품(내자),산업기계,False,,False,낙찰자선정,등록공고,N,
20200401,20년 육군 야전깔개(숙영용) 조달,2020,육군군수사령부,물품(내자),가정용품,False,9.0,False,낙찰자선정,등록공고,Y,
20200327,전주오거크레인 1set 제조 납품,2020,해군군수사령부,물품(내자),채광·건설기계,True,0.0,True,유찰,재공고,Y,
20200330,기동-군사경찰(경호용승용차3대) 구매,2020,육군군수사령부,물품(내자),차량·수송장비,False,2.0,False,낙찰자선정,등록공고,Y,
20200330,20년 차량용 타이어 조달,2020,육군군수사령부,물품(내자),차량·수송장비,False,172.0,False,낙찰자선정,등록공고,N,
20200330,20년 차량용 타이어 조달,2020,육군군수사령부,물품(내자),차량·수송장비,False,186.0,False,낙찰자선정,등록공고,N,
20200330,머시닝센터,2020,해군군수사령부,물품(내자),산업기계,False,65.0,False,낙찰자선정,등록공고,N,
20200331,세탁기 구매,2020,해병대 군수단,물품(내자),가정용품,False,,False,낙찰자선정,등록공고,N,
20200330,(해병) 소형굴삭기(차륜) 1대,2020,해병 제9691부대,물품(내자),건설장비,False,15.0,False,낙찰자선정,등록공고,N,
20200331,아세트아미노펜 복합정 구매,2020,육군군수사령부,물품(내자),기타(51),True,3.0,False,유찰,등록공고,N,
20200331,아세트아미노펜 650mg 구매,2020,육군군수사령부,물품(내자),기타(51),False,16.0,False,낙찰자선정,등록공고,N,
20200331,수액류 구매,2020,육군군수사령부,물품(내자),기타(51),True,0.0,True,유찰,등록공고,N,
20200331,세파졸린나트륨 구매,2020,육군군수사령부,물품(내자),기타(51),True,0.0,True,유찰,등록공고,N,
20200331,외용 진통소염제 구매,2020,육군군수사령부,물품(내자),기타(51),False,3.0,False,낙찰자선정,등록공고,N,
20200331,의무물자 포비돈스틱 구매,2020,육군군수사령부,물품(내자),기타(51),False,9.0,False,낙찰자선정,등록공고,N,
20200401,20년 전기이발기계 구매 의뢰,2020,육군군수사령부,물품(내자),가정용품,False,7.0,False,낙찰자선정,등록공고,Y,
20200407,요화학분석기(자동뇨검사기) 구매,2020,육군군수사령부,물품(내자),실험·측정기기,False,533.0,False,낙찰자선정,등록공고,N,
20200401,20년 자동주유기 조달 의뢰,2020,육군군수사령부,물품(내자),공구,False,3.0,False,낙찰자선정,등록공고,Y,
20200402,압박붕대(응급지혈거즈) 구매,2020,육군군수사령부,물품(내자),의료장비,False,288.0,False,낙찰자선정,등록공고,N,
20200402,의무물자 스프린트 등 6품목 구매,2020,육군군수사령부,물품(내자),의료장비,False,306.0,False,낙찰자선정,등록공고,N,
20200402,거즈스펀지(상처드레싱 패드) 구매,2020,육군군수사령부,물품(내자),의료장비,False,211.0,False,낙찰자선정,등록공고,N,
20200402,독감진단킷트 구매,2020,육군군수사령부,물품(내자),기타(51),False,510.0,False,낙찰자선정,등록공고,N,
20200406,20년 X-선기 병원용 이동식 구매,2020,국방부 국군의무사령부,물품(내자),의료장비,True,0.0,True,유찰,등록공고,N,Y
20200403,전치아동시촬영기,2020,육군군수사령부,물품(내자),의료장비,False,3.0,False,낙찰자선정,등록공고,N,
20200408,(해병대) 해상방송시스템,2020,해병 제9691부대,물품(내자),인쇄·영상,False,256.0,False,낙찰자선정,등록공고,Y,
20200403,20년 병영생활관 침대 조달 요청,2020,육군군수사령부,물품(내자),가구,False,25.0,False,낙찰자선정,등록공고,Y,
20200403,냉매 4종,2020,해군군수사령부,물품(내자),화학·화공,False,12.0,False,낙찰자선정,등록공고,N,
20200403,자동선반,2020,해군군수사령부,물품(내자),산업기계,True,0.0,True,유찰,등록공고,Y,
20200406,백색방수캔바스등 3품목,2020,해군군수사령부,물품(내자),광물·원자재,True,0.0,True,유찰,재공고,Y,
20200409,"로프, 섬유제 1종",2020,해군군수사령부,물품(내자),제조부품,False,4.0,False,낙찰자선정,등록공고,Y,
20200409,섬유 로프 조립체 등 4종,2020,해군군수사령부,물품(내자),제조부품,False,4.0,False,낙찰자선정,등록공고,Y,
20200406,"20-E-63, 알루미늄 접절식 야전침대 구매",2020,공군군수사령부,물품(내자),스포츠·레저,True,0.0,True,유찰,등록공고,Y,
20200406,20년 대철류 구매 의뢰,2020,육군군수사령부,물품(내자),운반·포장,False,262.0,False,낙찰자선정,등록공고,N,
20200406,"20-E-13, 손 세정제 구매",2020,공군군수사령부,물품(내자),피복·개인용품,False,,False,낙찰자선정,등록공고,N,
20200407,2020년 FM무전기자동시험세트(제조),2020,육군군수사령부,물품(내자),실험·측정기기,True,0.0,True,유찰,등록공고,Y,
20200407,이미지인텐시화이어엑스선투시촬영장치[20-3차 의무장비(C-arm)] 구매,2020,국군대전병원,물품(내자),의료장비,False,4.0,False,낙찰자선정,등록공고,N,
20200407,20년 육군 고압세척기 2종 조달 의뢰,2020,육군군수사령부,물품(내자),청소장비,False,769.0,False,낙찰자선정,등록공고,N,
20200410,[의무장비]초음파진단기,2020,공군군수사령부,물품(내자),의료장비,False,488.0,False,낙찰자선정,등록공고,N,
20200410,[의무장비]안과유니트 구매,2020,공군군수사령부,물품(내자),의료장비,False,49.0,False,낙찰자선정,등록공고,N,
20200410,[의무장비]엑스선기 전치아 동시촬영기 구매,2020,공군군수사령부,물품(내자),의료장비,False,45.0,False,낙찰자선정,등록공고,N,
20200410,[의무장비]시력측정장비 구매,2020,공군군수사령부,물품(내자),의료장비,False,402.0,False,낙찰자선정,등록공고,N,
20200421,전산화단층촬영기,2020,해군군수사령부,물품(내자),의료장비,True,0.0,True,유찰,등록공고,N,
20200409,"피복 05 - 지퍼식 넥타이 10,000점",2020,해군군수사령부,물품(내자),피복·개인용품,False,33.0,False,낙찰자선정,등록공고,Y,
20200413,아세트아미노펜 복합정 구매,2020,육군군수사령부,물품(내자),기타(51),False,4.0,False,낙찰자선정,재공고,N,
20200409,만능제도기,2020,해군군수사령부,물품(내자),정보통신,False,3.0,False,낙찰자선정,등록공고,N,
20200409,20년 전관방송장비 구매 설치,2020,국방부 국군의무사령부,물품(내자),인쇄·영상,False,2.0,False,낙찰자선정,등록공고,Y,
20200409,수액류 구매,2020,육군군수사령부,물품(내자),기타(51),True,0.0,True,유찰,재공고,N,
20200409,미디어편집 공유 스토리지,2020,해군군수사령부,물품(내자),정보통신,False,79.0,False,낙찰자선정,등록공고,N,
20200413,세파졸린나트륨 구매,2020,육군군수사령부,물품(내자),기타(51),False,2.0,False,개찰완료,재공고,N,
20200410,무정전전원공급장치 구매,2020,해군군수사령부,물품(내자),전기·조명,False,20.0,False,낙찰자선정,등록공고,Y,
20200410,손소독제 구매,2020,육군군수사령부,물품(내자),기타(51),False,,False,낙찰자선정,등록공고,N,
20200410,기동장비(군사경찰용 오토바이)[군수장비2020-006],2020,국방부 계룡대근무지원단,물품(내자),차량·수송장비,False,4.0,False,낙찰자선정,등록공고,N,
20200410,질식방지구명구함 등 5종,2020,해군군수사령부,물품(내자),국방·치안·보안,False,128.0,False,낙찰자선정,등록공고,N,
20200410,소음 및 진동측정기 3종,2020,해군군수사령부,물품(내자),실험·측정기기,False,11.0,False,낙찰자선정,등록공고,N,
20200410,2020년 가솔린통 조달의뢰,2020,육군군수사령부,물품(내자),운반·포장,False,4.0,False,낙찰자선정,등록공고,Y,
20200410,MW통신소 전원공급장치 교체,2020,국방부 국군지휘통신사령부,물품(내자),발전·배전,False,10.0,False,낙찰자선정,등록공고,Y,
20200414,"20-J-17, 2.9톤 견인차 제조",2020,공군군수사령부,물품(내자),차량·수송장비,False,4.0,False,낙찰자선정,등록공고,Y,
20200414,20년 효소면역측정기 중형 구매,2020,국방부 국군의무사령부,물품(내자),실험·측정기기,True,0.0,True,유찰,재공고,N,
20200414,20년 의무장비(초음파진단기 산부인과용) 통합 구매,2020,국방부 국군의무사령부,물품(내자),의료장비,False,4.0,False,낙찰자선정,등록공고,N,Y
20200414,"20-J-16, 트럭 트랙터 제조",2020,공군군수사령부,물품(내자),차량·수송장비,True,0.0,True,유찰,등록공고,Y,
20200414,10톤 트랙터 제조납품,2020,육군군수사령부,물품(내자),차량·수송장비,False,3.0,False,낙찰자선정,등록공고,Y,
20200421,공기압축 휀다 2종 구매,2020,해군군수사령부,물품(내자),차량·수송장비,False,145.0,False,낙찰자선정,변경공고,N,
20200414,고정형 호흡용 고압공기 압축기 2set 제조 설치,2020,해군군수사령부,물품(내자),국방·치안·보안,False,4.0,False,낙찰자선정,등록공고,Y,
20200414,자동선반,2020,해군군수사령부,물품(내자),산업기계,True,0.0,True,유찰,재공고,Y,
20200414,평면연마기 1대,2020,해군군수사령부,물품(내자),산업기계,False,3.0,False,낙찰자선정,등록공고,N,
20200420,소둔열처리기,2020,해군군수사령부,물품(내자),산업기계,False,5.0,False,낙찰자선정,등록공고,Y,
20200417,취약점 진단 도구 구매,2020,4284부대,물품(내자),정보통신,False,15.0,False,낙찰자선정,등록공고,,
20200512,압력시험기(함포용),2020,해군군수사령부,물품(내자),실험·측정기기,False,3.0,False,낙찰자선정,등록공고,Y,
20200423,6.25전쟁 70주년 기장제작사업,2020,국방부,물품(내자),스포츠·레저,False,2.0,False,낙찰자선정,등록공고,Y,Y
20200416,(해병대) 전관방송시스템,2020,해병 제9691부대,물품(내자),인쇄·영상,False,318.0,False,낙찰자선정,등록공고,Y,
20200416,"20-J-1, 경화학소방차 구매",2020,공군군수사령부,물품(내자),차량·수송장비,False,6.0,False,낙찰자선정,등록공고,Y,
20200416,"20-R-4, 지게차 6,000파운드 구매",2020,공군군수사령부,물품(내자),운반·포장,False,3.0,False,낙찰자선정,등록공고,Y,
20200416,"20-R-3, 지게차 11,000파운드 구매",2020,공군군수사령부,물품(내자),운반·포장,False,2.0,False,낙찰자선정,등록공고,Y,
20200416,"20-E-14, 세숫비누 구매",2020,공군군수사령부,물품(내자),피복·개인용품,False,2.0,False,낙찰자선정,등록공고,Y,
20200421,적외선 열화상 카메라,2020,공군군수사령부,물품(내자),인쇄·영상,False,127.0,False,개찰완료,등록공고,N,
20200417,중장비수송차량(상용HET) 22대(제조),2020,육군군수사령부,물품(내자),차량·수송장비,False,4.0,False,낙찰자선정,등록공고,Y,
20200417,20년 소형궤도굴삭기 조달 요청,2020,육군군수사령부,물품(내자),건설장비,False,2.0,False,낙찰자선정,등록공고,Y,
20200417,20년 중형궤도굴삭기 조달 요청,2020,육군군수사령부,물품(내자),건설장비,False,3.0,False,낙찰자선정,등록공고,Y,
20200417,"20년 로더스쿠프형,무한궤도식(다목적 트랙로더)",2020,육군군수사령부,물품(내자),건설장비,False,7.0,False,낙찰자선정,등록공고,N,
20200417,"20-E-63, 알루미늄 접절식 야전침대 구매",2020,공군군수사령부,물품(내자),스포츠·레저,True,0.0,True,유찰,재공고,Y,
20200417,20년 육군 구명조끼 조달 요구,2020,육군군수사령부,물품(내자),국방·치안·보안,False,8.0,False,낙찰자선정,등록공고,Y,
20200417,여과기시험셋 구매,2020,국방부 국군화생방방호사령부,물품(내자),국방·치안·보안,True,0.0,True,유찰,재공고,N,Y
20200417,2020년 FM무전기자동시험세트(제조),2020,육군군수사령부,물품(내자),실험·측정기기,True,0.0,True,유찰,재공고,Y,
20200421,(해병) 5톤 냉동부식차 6대,2020,해병 제9691부대,물품(내자),차량·수송장비,False,8.0,False,낙찰자선정,등록공고,Y,
20200421,5톤 냉동부식차,2020,해군군수사령부,물품(내자),차량·수송장비,False,6.0,False,낙찰자선정,등록공고,Y,
20200420,사이버 침해사고 조사도구 라이선스 구매,2020,4284부대,물품(내자),정보통신,False,12.0,False,낙찰자선정,등록공고,,
20200420,외용 진통소염제 구매,2020,육군군수사령부,물품(내자),기타(51),False,3.0,False,낙찰자선정,재공고,N,
20200421,"TICN 3차양산 2차 상용장비 구매(노트북,프린터 등)",2020,방위사업청,물품(내자),정보통신,False,352.0,False,낙찰자선정,등록공고,N,
20200421,상용 트랙터,2020,해군군수사령부,물품(내자),차량·수송장비,True,0.0,True,유찰,등록공고,Y,
20200421,캐비넷(보온형) 등 3품목 구매,2020,육군군수사령부,물품(내자),의료장비,False,36.0,False,낙찰자선정,등록공고,N,
20200421,20년 육군 패딩형 동계점퍼 구매(1차),2020,육군군수사령부,물품(내자),피복·개인용품,False,22.0,False,낙찰자선정,등록공고,Y,
20200423,20년 X-선기 병원용 이동식 구매,2020,국방부 국군의무사령부,물품(내자),의료장비,True,0.0,True,유찰,등록공고,N,
20200506,20년 해병대 동운동복 구매,2020,해병대 군수단,물품(내자),피복·개인용품,False,35.0,False,낙찰자선정,등록공고,Y,
20200422,"20-J-16, 트럭 트랙터 제조",2020,공군군수사령부,물품(내자),차량·수송장비,False,3.0,False,낙찰자선정,재공고,Y,
20200506,20년 육군 방수포 구매,2020,육군군수사령부,물품(내자),스포츠·레저,False,3.0,False,낙찰자선정,등록공고,Y,
20200423,기록물 분쇄 압축기 1set 제조,2020,해군군수사령부,물품(내자),사무기기,False,5.0,False,낙찰자선정,재공고,N,
20200423,"20-E-12, 면도기 및 면도날",2020,공군군수사령부,물품(내자),피복·개인용품,True,3.0,False,유찰,등록공고,N,
20200425,이동식유압기중기,2020,방위사업청,물품(내자),운반·포장,True,0.0,True,유찰,등록공고,Y,
20200424,5톤 디젤지게차 등 3종 7set 제조,2020,해군군수사령부,물품(내자),운반·포장,False,2.0,False,낙찰자선정,등록공고,Y,
20200428,20년 조달 3.3kg 소화기 조달요청 의뢰,2020,육군군수사령부,물품(내자),국방·치안·보안,False,9.0,False,낙찰자선정,등록공고,Y,
20200515,20-4차 판매비품 진열대 구매,2020,국군복지단,물품(내자),운반·포장,False,27.0,False,낙찰자선정,등록공고,Y,
20200506,"20년 해군 허리띠/바클 구매 - 각 12,000개",2020,해군군수사령부,물품(내자),피복·개인용품,False,26.0,False,낙찰자선정,등록공고,N,
20200506,"20년 조달 의무장비(X-선기 병원용디지털, 1000mA) 통합 구매",2020,국방부 국군의무사령부,물품(내자),의료장비,True,0.0,True,유찰,등록공고,N,
20200428,"시트, 수세식 변기용 등 11종",2020,해군군수사령부,물품(내자),건축자재,False,,False,낙찰자선정,등록공고,N,
20200506,20년 차량용 축전지 구매,2020,육군군수사령부,물품(내자),발전·배전,True,0.0,True,유찰,등록공고,Y,
20200508,공군 드로즈형 팬티 구매(20년~21년),2020,공군군수사령부,물품(내자),피복·개인용품,False,27.0,False,낙찰자선정,등록공고,Y,
20200428,20년 조달 20kg 소화기 등 3품목 조달요청 의뢰,2020,육군군수사령부,물품(내자),국방·치안·보안,False,7.0,False,낙찰자선정,등록공고,Y,
20200429,일반세탁기,2020,해군군수사령부,물품(내자),가정용품,False,,False,낙찰자선정,등록공고,N,
20200429,전산화단층촬영기,2020,해군군수사령부,물품(내자),의료장비,True,0.0,True,유찰,재공고,N,
20200429,상용 트랙터,2020,해군군수사령부,물품(내자),차량·수송장비,False,3.0,False,낙찰자선정,재공고,Y,
20200504,20년 2차 육군 패딩형 동계점퍼 구매,2020,육군군수사령부,물품(내자),피복·개인용품,False,25.0,False,낙찰자선정,등록공고,Y,
20200508,환자관찰장치,2020,육군군수사령부,물품(내자),의료장비,False,3.0,False,낙찰자선정,등록공고,Y,
20200602,부력조절기 등 2종,2020,해군군수사령부,물품(내자),스포츠·레저,False,,False,낙찰자선정,등록공고,N,
20200507,20-E-61 귀덮개,2020,공군군수사령부,물품(내자),피복·개인용품,False,19.0,False,낙찰자선정,등록공고,Y,
20200513,TICN 3차양산 2차 상용장비 구매(정합기세트용노트북),2020,방위사업청,물품(내자),정보통신,False,63.0,False,낙찰자선정,등록공고,,
20200511,경계용 CCTV,2020,해군군수사령부,물품(내자),국방·치안·보안,False,515.0,False,낙찰자선정,등록공고,Y,
20200508,의료용산소발생기(산소소생기자동식),2020,육군군수사령부,물품(내자),의료장비,False,566.0,False,낙찰자선정,등록공고,N,
20200508,의료내시경(동물용내시경) 구매,2020,육군군수사령부,물품(내자),의료장비,False,8.0,False,낙찰자선정,등록공고,N,
20200508,(해병대) 주야간전선관측장비,2020,해병 제9691부대,물품(내자),국방·치안·보안,False,209.0,False,낙찰자선정,등록공고,N,
20200508,심전도계 1식,2020,육군군수사령부,물품(내자),의료장비,False,278.0,False,낙찰자선정,등록공고,N,
20200511,중소형함용 측심기 1대,2020,해군군수사령부,물품(내자),실험·측정기기,False,20.0,False,낙찰자선정,재공고,N,
20200511,브래킷 앵글형 1종,2020,해군군수사령부,물품(내자),제조부품,False,173.0,False,낙찰자선정,등록공고,N,
20200512,20년 세탁기 조달 요청,2020,육군군수사령부,물품(내자),가정용품,False,,False,낙찰자선정,등록공고,N,
20200512,"로프, UHWMPE, 56mm 1품목",2020,해군군수사령부,물품(내자),제조부품,False,,False,낙찰자선정,등록공고,N,
20200512,"20-S-2 투광조명세트, 전기용",2020,공군군수사령부,물품(내자),전기·조명,False,923.0,False,낙찰자선정,등록공고,N,
20200512,20년 육군 늄침대(알루미늄 접이식 야전침대),2020,육군군수사령부,물품(내자),스포츠·레저,True,0.0,True,유찰,등록공고,Y,
20200513,기동장비(군사경찰용 오토바이)[군수장비2020-006],2020,국방부 계룡대근무지원단,물품(내자),차량·수송장비,True,0.0,True,유찰,재공고,N,
20200514,엑스선기디지털 1식,2020,육군군수사령부,물품(내자),의료장비,False,2.0,False,낙찰자선정,등록공고,N,
20200514,엑스선기 600mA 디지털 TFT식 4대,2020,해군군수사령부,물품(내자),의료장비,True,0.0,True,유찰,등록공고,Y,
20200513,전관방송시스템 1식,2020,해군군수사령부,물품(내자),인쇄·영상,False,348.0,False,낙찰자선정,등록공고,Y,
20200513,LED 수심게이지,2020,해군군수사령부,물품(내자),스포츠·레저,False,,False,낙찰자선정,등록공고,N,
20200514,20년 공군 병사 하운동복 구매,2020,공군군수사령부,물품(내자),피복·개인용품,False,45.0,False,낙찰자선정,등록공고,Y,
20200514,20년 해군 패딩형동계점퍼 구매,2020,해군군수사령부,물품(내자),피복·개인용품,False,24.0,False,낙찰자선정,등록공고,Y,
20200513,6.25전쟁 70주년 특별전시회 이동형 전시물 제작 및 설치,2020,국방부,물품(내자),악기·교재,True,0.0,True,유찰,등록공고,Y,Y
20200513,"20-E-10, 화장지 2종 구매",2020,공군군수사령부,물품(내자),종이류,False,8.0,False,낙찰자선정,등록공고,Y,
20200514,해군 피복팀 면도기 구매,2020,해군군수사령부,물품(내자),피복·개인용품,True,0.0,True,유찰,등록공고,N,
20200513,"20-K-1, GPS라디오 존대 등 3종 구매",2020,공군군수사령부,물품(내자),실험·측정기기,False,9.0,False,낙찰자선정,등록공고,N,
20200514,(해병) 대형차량리프트 1대,2020,해병 제9691부대,물품(내자),운반·포장,False,4.0,False,낙찰자선정,등록공고,Y,
20200514,이동식유압기중기,2020,방위사업청,물품(내자),운반·포장,True,0.0,True,유찰,재공고,Y,Y
20200514,7인승 고속 고무보트 등 2종 15set 제조,2020,해군군수사령부,물품(내자),차량·수송장비,True,0.0,True,유찰,등록공고,Y,Y
20200514,"20-E-12, 면도기 및 면도날",2020,공군군수사령부,물품(내자),피복·개인용품,True,2.0,False,유찰,재공고,N,
20200515,20년 3차 육군 패딩형동계점퍼 구매,2020,육군군수사령부,물품(내자),피복·개인용품,False,27.0,False,낙찰자선정,등록공고,Y,
20200515,20년 공군 병사 동운동복,2020,공군군수사령부,물품(내자),피복·개인용품,False,57.0,False,낙찰자선정,등록공고,Y,
20200515,20년 다목적 송풍기 조달 의뢰,2020,육군군수사령부,물품(내자),공구,False,2.0,False,낙찰자선정,등록공고,Y,
20200515,20년 피피상자 구매의뢰,2020,육군군수사령부,물품(내자),운반·포장,False,4.0,False,낙찰자선정,등록공고,Y,
20200515,20년 플라스틱 의자 조달 의뢰,2020,육군군수사령부,물품(내자),가구,False,6.0,False,낙찰자선정,등록공고,Y,
20200515,20년 망원용디지털카메라 조달의뢰,2020,육군군수사령부,물품(내자),인쇄·영상,False,97.0,False,낙찰자선정,등록공고,N,
20200515,플레이너 1대,2020,육군군수사령부,물품(내자),산업기계,False,73.0,False,낙찰자선정,등록공고,N,
20200515,20년 차량용 축전지 구매 재공고,2020,육군군수사령부,물품(내자),발전·배전,True,0.0,True,유찰,재공고,Y,
20200525,"20-E-84, 공군 넥타이(20년~21년)",2020,공군군수사령부,물품(내자),피복·개인용품,False,42.0,False,낙찰자선정,등록공고,Y,
20200519,인플루엔자 백신,2020,육군군수사령부,물품(내자),기타(51),False,12.0,False,낙찰자선정,등록공고,N,
20200518,항해자료기록장치 8대 구매 설치,2020,해군군수사령부,물품(내자),정보통신,False,82.0,False,낙찰자선정,등록공고,N,
20200519,육군 용접기류 2종 구매,2020,육군군수사령부,물품(내자),산업기계,False,966.0,False,낙찰자선정,등록공고,N,
20200520,"해병대 정비화(안전화) 1,231족 구매",2020,해병대 군수단,물품(내자),국방·치안·보안,False,7.0,False,낙찰자선정,등록공고,Y,
20200519,육군 프리즈마절단기 1종 구매,2020,육군군수사령부,물품(내자),산업기계,False,,False,낙찰자선정,등록공고,N,
20200519,"20년 육군 분석기,차량엔진용 조달 의뢰",2020,육군군수사령부,물품(내자),차량·수송장비,False,437.0,False,낙찰자선정,등록공고,N,
20200520,"20-E-107, 공군 넥타이 핀(20년~21년)",2020,공군군수사령부,물품(내자),기타(54),False,17.0,False,낙찰자선정,등록공고,Y,
20200521,"공군 정비화(안전화) 16,092족 구매 (20~21년)",2020,공군군수사령부,물품(내자),국방·치안·보안,False,4.0,False,낙찰자선정,등록공고,Y,
20200520,20년 학군단(3사) 가방,2020,육군군수사령부,물품(내자),피복·개인용품,False,30.0,False,낙찰자선정,등록공고,Y,
20200520,20년 육군 면도기 조달,2020,육군군수사령부,물품(내자),피복·개인용품,True,0.0,True,유찰,등록공고,N,Y
20200520,20년 해병대 패딩형 동계점퍼 구매,2020,해병대 군수단,물품(내자),피복·개인용품,False,24.0,False,낙찰자선정,등록공고,Y,
20200520,20년 공군 병사 춘추 운동복,2020,공군군수사령부,물품(내자),피복·개인용품,False,51.0,False,낙찰자선정,등록공고,Y,
20200520,20년 조달장비(양압식공기호흡기 2형) 구매,2020,국방부 국군화생방방호사령부,물품(내자),국방·치안·보안,True,0.0,True,유찰,등록공고,N,Y
20200520,의무물자 드레싱폼 4종 구매,2020,육군군수사령부,물품(내자),의료장비,False,585.0,False,낙찰자선정,등록공고,N,
20200521,관절보호대 등 3품목 구매,2020,육군군수사령부,물품(내자),의료장비,False,453.0,False,낙찰자선정,등록공고,N,
20200521,"20년 조달 의무장비(X-선기 병원용디지털, 1000mA) 통합 구매",2020,국방부 국군의무사령부,물품(내자),의료장비,True,0.0,True,유찰,재공고,N,
20200521,캐비넷(보온형) 등 3품목 구매,2020,육군군수사령부,물품(내자),의료장비,False,436.0,False,낙찰자선정,재공고,N,
20200521,엑스선기 치과용 디지털,2020,육군군수사령부,물품(내자),의료장비,False,2.0,False,낙찰자선정,등록공고,N,
20200521,14차 의무장비(X-선기 병원용 디지털 고정형),2020,국군수도병원,물품(내자),의료장비,False,2.0,False,낙찰자선정,등록공고,N,Y
20200525,"20-E-90, 공군 슬리퍼(20년~21년)",2020,공군군수사령부,물품(내자),피복·개인용품,False,4.0,False,낙찰자선정,등록공고,Y,
20200529,(해병) 로다스코프 1대,2020,해병 제9691부대,물품(내자),건설장비,True,0.0,True,유찰,등록공고,Y,
20200522,(해병) 정설기 1대,2020,해병 제9691부대,물품(내자),산업기계,False,34.0,False,낙찰자선정,등록공고,N,
20200522,2020년 야전전투용앰프(오디오앰프),2020,육군군수사령부,물품(내자),가정용품,False,14.0,False,낙찰자선정,등록공고,Y,
20200522,고배율쌍안경 25대,2020,해군군수사령부,물품(내자),실험·측정기기,False,2.0,False,낙찰자선정,등록공고,Y,
20200525,20년 육군 늄침대(알루미늄 접이식 야전침대),2020,육군군수사령부,물품(내자),스포츠·레저,True,0.0,True,유찰,재공고,Y,
20200527,엑스선기 600mA 디지털 TFT식 4대,2020,해군군수사령부,물품(내자),의료장비,True,2.0,False,유찰,변경공고,Y,
20200525,"실린더조립체, 공기식, 잠수장비용 등  2종",2020,해군군수사령부,물품(내자),스포츠·레저,False,,False,낙찰자선정,등록공고,N,
20200527,자유형밀링기 1대,2020,해군군수사령부,물품(내자),산업기계,False,3.0,False,낙찰자선정,등록공고,N,Y
20200527,20년 윤형철조망 조달요구,2020,육군군수사령부,물품(내자),제조부품,False,3.0,False,낙찰자선정,등록공고,Y,
20200527,약품포장기 자동식,2020,육군군수사령부,물품(내자),의료장비,False,,False,낙찰자선정,등록공고,N,
20200527,전자해도전시체계 13대 구매 설치,2020,해군군수사령부,물품(내자),실험·측정기기,False,78.0,False,낙찰자선정,등록공고,N,
20200529,심장세동제거기,2020,육군군수사령부,물품(내자),의료장비,False,661.0,False,낙찰자선정,등록공고,N,
20200528,20년 다목적 이동형 작업등세트,2020,육군군수사령부,물품(내자),전기·조명,False,,False,낙찰자선정,등록공고,N,
20200529,경화학소방차 제조납품,2020,육군군수사령부,물품(내자),차량·수송장비,False,6.0,False,낙찰자선정,등록공고,Y,
20200708,5차 대보수 3창 고압선로 보수공사-관급(전력케이블),2020,육군탄약지원사령부,물품(내자),발전·배전,False,13.0,False,낙찰자선정,등록공고,N,
20200529,7인승 고속 고무보트 등 2종 15set 제조,2020,해군군수사령부,물품(내자),차량·수송장비,True,0.0,True,유찰,재공고,Y,Y
20200529,(해병) 중장비 수송차량 1대(저상형트레일러),2020,해병 제9691부대,물품(내자),차량·수송장비,False,5.0,False,낙찰자선정,등록공고,Y,
20200529,리치트럭 제조납품,2020,육군군수사령부,물품(내자),운반·포장,True,0.0,True,유찰,등록공고,Y,
20200529,오더피커 제조납품,2020,육군군수사령부,물품(내자),운반·포장,True,0.0,True,유찰,등록공고,Y,
20200529,"20-J-15, 항공기 사고구조용 비상출동차량",2020,공군군수사령부,물품(내자),차량·수송장비,False,8.0,False,낙찰자선정,등록공고,Y,
20200602,"20-J-2, 항공기 구조 소방차 구매",2020,공군군수사령부,물품(내자),차량·수송장비,False,2.0,False,낙찰자선정,등록공고,N,Y
20200601,"20-E-85, 정글모(20~21년)",2020,공군군수사령부,물품(내자),피복·개인용품,False,17.0,False,낙찰자선정,등록공고,Y,
20200602,20년 의무장비(자기공명영상촬영장치) 구매,2020,국방부 국군의무사령부,물품(내자),의료장비,True,0.0,True,유찰,등록공고,N,
20200602,인플루엔자 백신,2020,육군군수사령부,물품(내자),기타(51),False,9.0,False,낙찰자선정,재공고,N,
20200602,교류아크용접기(육군 용접기류 2종) 구매,2020,육군군수사령부,물품(내자),산업기계,False,,False,낙찰자선정,등록공고,N,
20200608,"20년 오븐기 부수기재(오븐기 팬 4종류, 받침대) 조달 의뢰",2020,육군군수사령부,물품(내자),가정용품,False,,False,낙찰자선정,등록공고,N,
20200603,엑스선기디지털 1식,2020,육군군수사령부,물품(내자),의료장비,False,2.0,False,낙찰자선정,재공고,N,
20200604,해군 피복팀 면도기 구매,2020,해군군수사령부,물품(내자),피복·개인용품,True,14.0,False,유찰,재공고,N,
20200603,엑스선기 600mA 디지털 TFT식 4대,2020,해군군수사령부,물품(내자),의료장비,False,2.0,False,낙찰자선정,재공고,Y,
20200604,공군 하정비복 T형(20년~21년),2020,공군군수사령부,물품(내자),피복·개인용품,False,35.0,False,낙찰자선정,등록공고,Y,
20200604,공군 취사용 장화,2020,공군군수사령부,물품(내자),피복·개인용품,False,2.0,False,낙찰자선정,등록공고,Y,
20200604,안전헬멧 1종,2020,해군군수사령부,물품(내자),국방·치안·보안,False,835.0,False,낙찰자선정,등록공고,N,
20200609,20년 다기능작전모 추가조달(1차분),2020,육군군수사령부,물품(내자),피복·개인용품,False,23.0,False,낙찰자선정,등록공고,Y,
20200608,20년 의무장비(PACS 350병상 500병상) 통합 구매,2020,국방부 국군의무사령부,물품(내자),의료장비,False,2.0,False,낙찰자선정,등록공고,N,
20200608,수중선체청소로봇 5대,2020,해군군수사령부,물품(내자),산업기계,False,2.0,False,낙찰자선정,등록공고,Y,Y
20200608,생화학분석기 구매,2020,육군군수사령부,물품(내자),실험·측정기기,False,593.0,False,낙찰자선정,등록공고,N,
20200608,20-E-109 개선 비상취사세트,2020,공군군수사령부,물품(내자),서비스산업장비,False,4.0,False,낙찰자선정,등록공고,Y,
20200608,"공기 실린더, 다이버용, 비상용",2020,해군군수사령부,물품(내자),스포츠·레저,False,653.0,False,낙찰자선정,등록공고,N,
20200617,요소수 구매,2020,육군군수사령부,물품(내자),고무·플라스틱,False,,False,낙찰자선정,등록공고,N,
20200609,보온대 구매 납품,2020,해병대 군수단,물품(내자),피복·개인용품,False,11.0,False,낙찰자선정,등록공고,Y,
20200610,"로프,초고분자량폴리에틸렌,30mm 등 6품목",2020,해군군수사령부,물품(내자),제조부품,False,3.0,False,낙찰자선정,등록공고,Y,
20200609,"20-E-110, 개선 비행장갑",2020,공군군수사령부,물품(내자),피복·개인용품,False,9.0,False,낙찰자선정,등록공고,Y,
20200611,전산화단층엑스선촬영장치[20-3차 의무장비(CT)] 구매,2020,국군대전병원,물품(내자),의료장비,True,0.0,True,유찰,등록공고,N,
20200610,저상형트레일러 제조납품,2020,육군군수사령부,물품(내자),차량·수송장비,False,11.0,False,낙찰자선정,등록공고,Y,
20200617,[의무장비]이빈인후과 유니트,2020,공군군수사령부,물품(내자),의료장비,False,3.0,False,낙찰자선정,등록공고,N,
20200611,00부대 신원확인센터 GHP 구매설치,2020,국방부 국방부유해발굴감식단,물품(내자),배관·공조,False,402.0,False,낙찰자선정,등록공고,N,Y
20200610,(해병) 로다스코프 1대,2020,해병 제9691부대,물품(내자),건설장비,True,0.0,True,유찰,재공고,Y,
20200610,리치트럭 제조납품,2020,육군군수사령부,물품(내자),운반·포장,False,2.0,False,낙찰자선정,재공고,Y,
20200610,오더피커 제조납품,2020,육군군수사령부,물품(내자),운반·포장,True,0.0,True,유찰,재공고,Y,
20200615,20년도 2분기 전산소모품 구매,2020,방위사업청,물품(내자),사무기기,False,349.0,False,낙찰자선정,등록공고,N,
20200611,[의무장비]디지털 엑스선기 600mA TFT 구매,2020,공군군수사령부,물품(내자),의료장비,True,0.0,True,유찰,등록공고,Y,
20200611,20년 공군 패딩형 동계점퍼(20년~21년),2020,공군군수사령부,물품(내자),피복·개인용품,False,28.0,False,낙찰자선정,등록공고,Y,
20200611,"20-K-2, UPS축전지 구매",2020,공군군수사령부,물품(내자),발전·배전,False,219.0,False,낙찰자선정,등록공고,N,
20200611,"20-R-2, 궤도형 굴착기 구매",2020,공군군수사령부,물품(내자),건설장비,False,2.0,False,낙찰자선정,등록공고,Y,
20200611,"20-E-11, 세탁세제 2종 구매",2020,공군군수사령부,물품(내자),청소장비,False,12.0,False,낙찰자선정,등록공고,Y,
20200611,20년 육군 면도기 조달 재공고,2020,육군군수사령부,물품(내자),피복·개인용품,True,0.0,True,유찰,재공고,N,Y
20200612,20-E-59 세탁기 15~16kg,2020,공군군수사령부,물품(내자),가정용품,False,,False,낙찰자선정,등록공고,N,Y
20200612,20년 유해동물기피제,2020,육군군수사령부,물품(내자),농축수산,False,,False,낙찰자선정,등록공고,N,
20200612,20년 아이젠(짚신형) 조달 의뢰,2020,육군군수사령부,물품(내자),스포츠·레저,False,,False,낙찰자선정,등록공고,N,
20200615,단일실린더 등 3종,2020,해군군수사령부,물품(내자),스포츠·레저,False,,False,낙찰자선정,등록공고,N,
20200615,20년 다기능작전모 추가조달(2차분),2020,육군군수사령부,물품(내자),피복·개인용품,False,23.0,False,낙찰자선정,등록공고,Y,
20200617,공구류 시범조달,2020,육군군수사령부,물품(내자),산업기계,False,166.0,False,낙찰자선정,등록공고,N,
20200618,육군 면마스크 1품목 구매,2020,육군군수사령부,물품(내자),국방·치안·보안,False,8.0,False,낙찰자선정,등록공고,Y,
20200619,국립서울현충원 유품전시관 전시물 설계 및 제작·설치,2020,국방부 국립서울현충원,물품(내자),악기·교재,False,2.0,False,낙찰자선정,등록공고,Y,
20200618,카레소스 시범조달,2020,육군군수사령부,물품(내자),식품,True,8.0,False,유찰,등록공고,Y,
20200618,카레소스 시범조달,2020,육군군수사령부,물품(내자),식품,False,8.0,False,낙찰자선정,등록공고,Y,
20200618,카레소스 시범조달,2020,육군군수사령부,물품(내자),식품,False,8.0,False,낙찰자선정,등록공고,Y,
20200618,카레소스 시범조달,2020,육군군수사령부,물품(내자),식품,False,8.0,False,낙찰자선정,등록공고,Y,
20200617,2020년 사무용 전산장비 도입사업-데스크톱,2020,국방부 국방전산정보원,물품(내자),정보통신,False,4.0,False,낙찰자선정,등록공고,Y,Y
20200618,육군 머시닝센타 2종 구매,2020,육군군수사령부,물품(내자),산업기계,False,79.0,False,낙찰자선정,등록공고,N,
20200619,일반우의 시범조달,2020,육군군수사령부,물품(내자),국방·치안·보안,False,16.0,False,낙찰자선정,등록공고,Y,
20200619,공군 취사용 장화 재공고,2020,공군군수사령부,물품(내자),피복·개인용품,True,0.0,True,유찰,재공고,Y,
20200619,[의무장비]디지털 엑스선기 600mA TFT 구매,2020,공군군수사령부,물품(내자),의료장비,True,0.0,True,유찰,재공고,Y,
20200622,엔진밸브연마기,2020,해군군수사령부,물품(내자),차량·수송장비,False,155.0,False,낙찰자선정,등록공고,N,
20200622,서버보안 기능보강사업,2020,국방통합데이터센터,물품(내자),정보통신,False,6.0,False,낙찰자선정,등록공고,,Y
20200622,폭발물 탐지기 구매,2020,육군군수사령부,물품(내자),국방·치안·보안,False,,False,낙찰자선정,등록공고,,
20200623,응급처치배낭,2020,육군군수사령부,물품(내자),의료장비,False,19.0,False,낙찰자선정,등록공고,Y,
20200623,20년 X-선기 병원용 이동식,2020,국방부 국군의무사령부,물품(내자),의료장비,True,0.0,True,유찰,등록공고,N,
20200624,잠수용 시계 등 2종,2020,해군군수사령부,물품(내자),기타(54),False,,False,낙찰자선정,등록공고,N,
20200625,20년 의무장비(자기공명영상촬영장치) 구매,2020,국방부 국군의무사령부,물품(내자),의료장비,True,0.0,True,유찰,재공고,N,
20200626,마스크 등 5종,2020,해군군수사령부,물품(내자),스포츠·레저,False,,False,낙찰자선정,등록공고,N,
20200629,카레소스 시범조달,2020,육군군수사령부,물품(내자),식품,False,10.0,False,낙찰자선정,재공고,Y,
20200630,세파졸린나트륨주사약 구매,2020,육군군수사령부,물품(내자),기타(51),False,3.0,False,낙찰자선정,등록공고,N,
20200706,2020년 노후 LAN 교체사업,2020,국방부 국군의무사령부,물품(내자),정보통신,False,4.0,False,낙찰자선정,등록공고,N,
20200701,20년 조달장비(양압식공기호흡기 2형) 구매,2020,국방부 국군화생방방호사령부,물품(내자),국방·치안·보안,True,0.0,True,유찰,재공고,N,Y
20200707,훈련기자재 구매,2020,4284부대,물품(내자),정보통신,False,19.0,False,낙찰자선정,등록공고,N,
20200707,공군 취사용 장화 구매 재공고,2020,공군군수사령부,물품(내자),피복·개인용품,True,0.0,True,유찰,등록공고,Y,
20200706,20년 마닐라로프 조달 의뢰(2차),2020,육군군수사령부,물품(내자),제조부품,True,0.0,True,유찰,등록공고,Y,
20200706,조사체계 SW라이선스 및 HW구매,2020,4284부대,물품(내자),정보통신,False,8.0,False,낙찰자선정,등록공고,N,
20200713,'20년 정보지원 교체 및 개선사업 발주,2020,방위사업청,물품(내자),정보통신,True,0.0,True,유찰,등록공고,,
20200706,"20-E-12, 면도기 및 면도날",2020,공군군수사령부,물품(내자),피복·개인용품,True,7.0,False,유찰,등록공고,N,Y
20200722,오리발 등 2종,2020,해군군수사령부,물품(내자),스포츠·레저,False,,False,낙찰자선정,등록공고,N,
20200709,20년 X-선기 병원용 이동식,2020,국방부 국군의무사령부,물품(내자),의료장비,True,0.0,True,유찰,재공고,N,
20200709,전기이발기 구매 납품,2020,해병대 군수단,물품(내자),가정용품,False,290.0,False,낙찰자선정,등록공고,N,
20200710,20년 차량용 타이어(중형) 조달,2020,육군군수사령부,물품(내자),차량·수송장비,False,545.0,False,낙찰자선정,등록공고,N,
20200710,기능성 전투화 통합구매,2020,육군군수사령부,물품(내자),국방·치안·보안,True,0.0,True,유찰,등록공고,Y,
20200710,20년 차량용 타이어(소형) 조달,2020,육군군수사령부,물품(내자),차량·수송장비,False,875.0,False,낙찰자선정,등록공고,N,
20200710,탐조등 등 2종,2020,해군군수사령부,물품(내자),전기·조명,False,,False,낙찰자선정,등록공고,N,
20200710,3사교 훈련장 자연발효식 이동식 화장실 제조설치납품,2020,육군3사관학교,물품(내자),건축자재,False,23.0,False,낙찰자선정,등록공고,Y,Y
20200713,20년 의무장비(자기공명영상촬영장치) 구매,2020,국방부 국군의무사령부,물품(내자),의료장비,True,0.0,True,유찰,재공고,N,
20200713,20년 다목적 송풍기(2차) 조달 의뢰,2020,육군군수사령부,물품(내자),공구,False,4.0,False,낙찰자선정,등록공고,Y,
20200716,조절기 백  등 2종,2020,해군군수사령부,물품(내자),스포츠·레저,False,,False,낙찰자선정,등록공고,N,
20200716,20년 마닐라로프 조달 의뢰(2차),2020,육군군수사령부,물품(내자),제조부품,True,0.0,True,유찰,재공고,Y,
20200716,20년 소형유조차 제조납품,2020,해군군수사령부,물품(내자),차량·수송장비,True,0.0,True,유찰,등록공고,Y,
20200729,20년 공군 간부 춘추운동복 구매,2020,공군군수사령부,물품(내자),피복·개인용품,False,33.0,False,낙찰자선정,등록공고,Y,
20200729,20년 공군 간부 하운동복 구매,2020,공군군수사령부,물품(내자),피복·개인용품,False,46.0,False,낙찰자선정,등록공고,Y,
20200729,20년 공군 간부 동운동복 구매,2020,공군군수사령부,물품(내자),피복·개인용품,False,34.0,False,낙찰자선정,등록공고,Y,
20200717,세파졸린나트륨주사약 구매,2020,육군군수사령부,물품(내자),기타(51),True,0.0,True,유찰,재공고,N,
20200717,"20-E-12, 면도기 및 면도날",2020,공군군수사령부,물품(내자),피복·개인용품,True,7.0,False,유찰,재공고,N,Y
20200720,이온크로마토그라피(액체크로마토그래피) 구매,2020,육군군수사령부,물품(내자),실험·측정기기,False,153.0,False,낙찰자선정,등록공고,N,
20200721,20년 연성세제,2020,육군군수사령부,물품(내자),청소장비,False,6.0,False,낙찰자선정,등록공고,Y,
20200723,기능성 전투화 통합구매,2020,육군군수사령부,물품(내자),국방·치안·보안,True,0.0,True,유찰,재공고,Y,
20200723,20년 내시경 인후두용 구매,2020,국방부 국군의무사령부,물품(내자),의료장비,True,0.0,True,유찰,등록공고,N,Y
20200723,20년 해군 형조각기 구매,2020,해군군수사령부,물품(내자),산업기계,False,3.0,False,낙찰자선정,등록공고,N,
20200723,육군 CNC선반(소형) 구매,2020,육군군수사령부,물품(내자),산업기계,False,892.0,False,낙찰자선정,등록공고,N,
20200723,전산화단층엑스선촬영장치[20-3차 의무장비(CT)] 구매,2020,국군대전병원,물품(내자),의료장비,True,0.0,True,유찰,재공고,N,
20200805,페인트 박리제 구매,2020,육군종합정비창,물품(내자),화학·화공,False,2.0,False,개찰완료,등록공고,Y,Y
20200727,20년 4차 의무장비(혈관조영 시뮬레이터) 구매,2020,국군수도병원,물품(내자),악기·교재,False,2.0,False,낙찰자선정,등록공고,N,
20200727,20년 4차 의무장비(형광안저 사진기) 구매,2020,국군수도병원,물품(내자),의료장비,False,2.0,False,낙찰자선정,등록공고,N,
20200810,20년 군종문고 구매 및 배포,2020,국방부,물품(내자),출판물,False,,False,낙찰자선정,등록공고,N,
20200729,20년 소형유조차 제조납품,2020,해군군수사령부,물품(내자),차량·수송장비,True,0.0,True,유찰,재공고,Y,
20200731,유흡착포 구매,2020,육군군수사령부,물품(내자),청소장비,False,2.0,False,낙찰자선정,등록공고,Y,
20200803,20년 효소면역측정기 중형 구매,2020,국방부 국군의무사령부,물품(내자),실험·측정기기,True,0.0,True,유찰,등록공고,N,
20200803,기능성 전투화 통합구매(재공고),2020,육군군수사령부,물품(내자),국방·치안·보안,True,0.0,True,유찰,재공고,Y,
20200803,동계 함상복,2020,해군군수사령부,물품(내자),피복·개인용품,False,25.0,False,낙찰자선정,등록공고,Y,
20200805,해군 난연성 함상전투화 구매,2020,해군군수사령부,물품(내자),국방·치안·보안,False,6.0,False,낙찰자선정,등록공고,Y,
20200804,육해공군 기능성 방한복 통합구매,2020,육군군수사령부,물품(내자),피복·개인용품,False,12.0,False,낙찰자선정,등록공고,Y,
20200811,육군 방한화 구매,2020,육군군수사령부,물품(내자),국방·치안·보안,False,3.0,False,낙찰자선정,변경공고,Y,
20200814,"방한화 통합구매(해군,공군,해병대)",2020,공군군수사령부,물품(내자),국방·치안·보안,False,2.0,False,낙찰자선정,등록공고,Y,
20200818,동계 함상복 맞춤,2020,해군군수사령부,물품(내자),피복·개인용품,False,12.0,False,낙찰자선정,등록공고,Y,
20200812,진단용 격리부스 제조,2020,공군군수사령부,물품(내자),의료장비,False,3.0,False,낙찰자선정,등록공고,Y,
20200811,JP-8(화차),2020,공군군수사령부,물품(내자),연료·유류,True,0.0,True,유찰,등록공고,N,
20200811,JP-8(차량),2020,공군군수사령부,물품(내자),연료·유류,True,0.0,True,유찰,등록공고,N,
20200811,JP-8(송유관),2020,공군군수사령부,물품(내자),연료·유류,True,0.0,True,유찰,등록공고,N,
20200818,20년 일반전투용 천막 부속류 제조납품,2020,육군군수사령부,물품(내자),스포츠·레저,False,9.0,False,낙찰자선정,등록공고,Y,
20200819,20년 4차 의무장비(수술대 정형외과용) 구매,2020,국군수도병원,물품(내자),의료장비,False,3.0,False,낙찰자선정,등록공고,N,
20200820,조종 및 통제장비세트,2020,해군군수사령부,물품(내자),차량·수송장비,False,9.0,False,낙찰자선정,등록공고,N,
20200821,JP-8(화차),2020,공군군수사령부,물품(내자),연료·유류,True,0.0,True,유찰,재공고,N,
20200821,JP-8(차량),2020,육군군수사령부,물품(내자),연료·유류,True,0.0,True,유찰,재공고,N,
20200821,JP-8(송유관),2020,공군군수사령부,물품(내자),연료·유류,True,0.0,True,유찰,재공고,N,
20200824,[의무장비]적외선 열화상 카메라,2020,공군군수사령부,물품(내자),인쇄·영상,False,276.0,False,낙찰자선정,등록공고,N,
20200824,전산화단층엑스선촬영장치[20-3차 의무장비(CT)] 구매,2020,국군대전병원,물품(내자),의료장비,True,0.0,True,유찰,등록공고,N,Y
20200824,20년 0000분석장비(스토리지 랙형) 구매(리스실행조건),2020,국방부 합동참모본부,물품(내자),정보통신,False,3.0,False,낙찰자선정,등록공고,,
20200901,20년 전투조끼 부속류 제조 납품,2020,육군군수사령부,물품(내자),피복·개인용품,False,18.0,False,낙찰자선정,등록공고,Y,
20200825,20년 피피상자 2차 구매의뢰,2020,육군군수사령부,물품(내자),운반·포장,False,4.0,False,낙찰자선정,등록공고,Y,
20200826,의무장비(혈관조영-전산화단층 촬영장치) 구매,2020,국군수도병원,물품(내자),의료장비,False,4.0,False,낙찰자선정,등록공고,N,Y
20200826,국방동원정보체계 교육용 정보시스템 교체사업,2020,국방통합데이터센터,물품(내자),정보통신,False,81.0,False,낙찰자선정,등록공고,N,
20200826,20년 일반전투용 천막(신형) 제조납품,2020,육군군수사령부,물품(내자),스포츠·레저,False,4.0,False,낙찰자선정,등록공고,Y,
20200828,수중 다방향 카메라,2020,해군군수사령부,물품(내자),인쇄·영상,False,193.0,False,낙찰자선정,등록공고,N,
20200831,20년 플리스형스웨터(재킷) 본조분 조달,2020,육군군수사령부,물품(내자),피복·개인용품,True,0.0,True,유찰,등록공고,Y,
20200908,20년 X-선기 병원용디지털 1000mA 구매,2020,국방부 국군의무사령부,물품(내자),의료장비,True,0.0,True,유찰,등록공고,N,Y
20200908,20년 의무장비(엑스선기 일반용디지털 600mA),2020,국방부 국군의무사령부,물품(내자),의료장비,True,0.0,True,유찰,등록공고,N,
20200907,탑승식 청소차 구매,2020,공군종합보급창,물품(내자),차량·수송장비,False,702.0,False,낙찰자선정,등록공고,N,
20200910,JP-8(송유관),2020,공군군수사령부,물품(내자),연료·유류,True,0.0,True,유찰,등록공고,N,Y
20200910,JP-8(화차),2020,공군군수사령부,물품(내자),연료·유류,True,0.0,True,유찰,등록공고,N,Y
20200908,과산화수소이온발생기구매 2대,2020,국방부 국군화생방방호사령부,물품(내자),실험·측정기기,True,0.0,True,유찰,등록공고,N,Y
20200909,지게차 구매,2020,공군종합보급창,물품(내자),운반·포장,True,0.0,True,유찰,등록공고,Y,
20200910,20년 8차 의무장비(단일광자방출 단층촬영기(SPECT-CT)) 구매,2020,국군수도병원,물품(내자),의료장비,True,0.0,True,유찰,등록공고,N,Y
20200909,통합백업체계 구축 사업,2020,국방부 국방전산정보원,물품(내자),정보통신,False,8.0,False,낙찰자선정,등록공고,N,Y
20200910,20년 플리스형스웨터(재킷) 본조분 조달,2020,육군군수사령부,물품(내자),피복·개인용품,False,4.0,False,낙찰자선정,등록공고,Y,
20200916,0000라이선스 구매,2020,4284부대,물품(내자),정보통신,False,2.0,False,낙찰자선정,등록공고,N,Y
20200916,휴대용 초음파 밀도(두께) 측정기,2020,해군군수사령부,물품(내자),실험·측정기기,False,200.0,False,낙찰자선정,등록공고,N,
20200916,20년 전투조끼 제조납품,2020,육군군수사령부,물품(내자),피복·개인용품,False,28.0,False,낙찰자선정,등록공고,Y,
20200929,20년 진동식 룰러 구매,2020,공군군수사령부,물품(내자),건설장비,False,74.0,False,낙찰자선정,등록공고,N,
20200921,20년 육군 생물학보호의(Level C) 구매,2020,육군군수사령부,물품(내자),국방·치안·보안,False,,False,낙찰자선정,등록공고,N,
20200918,페인트 박리제 구매,2020,육군종합정비창,물품(내자),화학·화공,True,0.0,True,유찰,등록공고,Y,Y
20200921,20년도 3분기 전산소모품 구매,2020,방위사업청,물품(내자),사무기기,False,773.0,False,낙찰자선정,등록공고,N,
20200921,호흡조정기(잠수용호흡기),2020,해군군수사령부,물품(내자),스포츠·레저,False,,False,낙찰자선정,등록공고,N,
20200921,"거품액체, 소화용(6%) 1품목(소화약제)",2020,해군군수사령부,물품(내자),국방·치안·보안,False,2.0,False,낙찰자선정,등록공고,Y,
20200921,양압식 공기호흡기 2형 구매,2020,국방부 국군화생방방호사령부,물품(내자),국방·치안·보안,True,0.0,True,유찰,등록공고,N,
20201008,디지털 홍보시스템 및 디지털 전자게시판 구축사업,2020,국방부,물품(내자),인쇄·영상,True,0.0,True,유찰,등록공고,N,
20200924,일반전투용천막 로프 및 핀류,2020,육군군수사령부,물품(내자),스포츠·레저,True,0.0,True,유찰,등록공고,Y,
20200925,비금속 및 금속 탐지기(지뢰탐지기),2020,해병 제9691부대,물품(내자),국방·치안·보안,False,455.0,False,낙찰자선정,등록공고,N,
20200928,"20-R-6, 지게차 2톤 2종(지게차)",2020,공군군수사령부,물품(내자),운반·포장,False,75.0,False,낙찰자선정,등록공고,N,
20201005,20년 4차 의무장비(체중계형침대 마비환자용) 구매,2020,국군수도병원,물품(내자),의료장비,False,646.0,False,낙찰자선정,등록공고,N,
20200929,페인트 박리제 구매,2020,육군종합정비창,물품(내자),화학·화공,False,2.0,False,낙찰자선정,재공고,Y,Y
20201006,후반기 궤도형굴착기 구매,2020,육군군수사령부,물품(내자),건설장비,False,2.0,False,낙찰자선정,등록공고,Y,
20201005,의무장비(자동세척 건조기 대형)구매,2020,국군수도병원,물품(내자),의료장비,False,44.0,False,낙찰자선정,등록공고,N,
20201007,3함대 생존훈련장 방수훈련장비 구매사업,2020,해군군수사령부,물품(내자),국방·치안·보안,False,2.0,False,낙찰자선정,등록공고,N,
20201007,"20년 야전배낭(Ⅰ형, 육군형) 제조 납품",2020,육군군수사령부,물품(내자),피복·개인용품,False,5.0,False,낙찰자선정,등록공고,Y,
20201006,4000LB 전동지게차 제조납품,2020,육군군수사령부,물품(내자),운반·포장,False,2.0,False,낙찰자선정,등록공고,Y,
20201007,"공기정화기,흡입용(22CFM) 제조 납품",2020,육군군수사령부,물품(내자),배관·공조,False,2.0,False,낙찰자선정,등록공고,Y,
20201008,JP-8(송유관),2020,공군군수사령부,물품(내자),연료·유류,True,0.0,True,유찰,등록공고,Y,Y
20201008,자동선반 1대,2020,해군군수사령부,물품(내자),산업기계,False,4.0,False,낙찰자선정,등록공고,N,
20201013,유무선내시경 조달(내면조사장치),2020,육군군수사령부,물품(내자),실험·측정기기,False,308.0,False,낙찰자선정,등록공고,N,
20201014,양압식 공기호흡기 2형 구매,2020,국방부 국군화생방방호사령부,물품(내자),국방·치안·보안,True,0.0,True,유찰,등록공고,N,Y
20201019,공군 춘추 체육복,2020,공군군수사령부,물품(내자),피복·개인용품,False,46.0,False,낙찰자선정,등록공고,Y,
20201020,2020년 사이버지식정보방 네트워크 장비 등 교체사업,2020,국방부 국방전산정보원,물품(내자),정보통신,False,5.0,False,낙찰자선정,등록공고,N,Y
20201021,군용 보온수통 제조 납품,2020,육군군수사령부,물품(내자),스포츠·레저,True,0.0,True,유찰,등록공고,Y,
20201020,20년 군종도서(성경)제작,2020,국방부,물품(내자),출판물,True,0.0,True,유찰,등록공고,N,
20201020,디지털 홍보시스템 및 디지털 전자게시판 구축사업,2020,국방부,물품(내자),인쇄·영상,False,2.0,False,낙찰자선정,재공고,N,
20201027,20년 위협관리체계 구매,2020,4284부대,물품(내자),정보통신,False,4.0,False,낙찰자선정,등록공고,,Y
20201028,공수훈련지상장비 제조납품,2020,육군군수사령부,물품(내자),국방·치안·보안,False,4.0,False,낙찰자선정,등록공고,Y,
20201028,전군 PC 보안체계 보안용 SW 구매,2020,4284부대,물품(내자),정보통신,False,100.0,False,낙찰자선정,등록공고,N,
20201104,하계 함상복 제조 납품,2020,해군군수사령부,물품(내자),피복·개인용품,False,28.0,False,낙찰자선정,등록공고,Y,
20201104,하계 함상복 맞춤 제조 납품,2020,해군군수사령부,물품(내자),피복·개인용품,False,13.0,False,낙찰자선정,등록공고,Y,
20201102,난연 안면마스크(두건) 제조납품,2020,육군군수사령부,물품(내자),국방·치안·보안,False,19.0,False,낙찰자선정,등록공고,Y,
20201028,치과 기공용 CAD / CAM 시스템 구매,2020,국군수도병원,물품(내자),의료장비,False,2.0,False,낙찰자선정,등록공고,N,Y
20201029,나일론로프 구매,2020,육군군수사령부,물품(내자),제조부품,True,0.0,True,유찰,등록공고,Y,
20201029,20년 5차 의무장비(멸균소독기 대형 벽부형) 구매,2020,국군수도병원,물품(내자),의료장비,False,3.0,False,낙찰자선정,등록공고,N,Y
20201030,군용 보온수통 제조 납품,2020,육군군수사령부,물품(내자),스포츠·레저,True,0.0,True,유찰,재공고,Y,
20201102,"20년 알카라인전지(LR-3, LR-6, LR-14) 3종 구매",2020,육군군수사령부,물품(내자),발전·배전,False,592.0,False,낙찰자선정,등록공고,N,
20201102,20년 군종도서(성경)제작,2020,국방부,물품(내자),출판물,False,2.0,False,낙찰자선정,등록공고,N,
20201119,20년 공군 개선 남군용 하체육복,2020,공군군수사령부,물품(내자),피복·개인용품,False,28.0,False,낙찰자선정,등록공고,Y,
20201110,X선 장비 및 노트북 구매,2020,육군군수사령부,물품(내자),국방·치안·보안,False,28.0,False,낙찰자선정,등록공고,N,
20201109,나일론로프 구매,2020,육군군수사령부,물품(내자),제조부품,True,0.0,True,유찰,재공고,Y,
20201119,20년 공군 병사 하운동복,2020,공군군수사령부,물품(내자),피복·개인용품,False,49.0,False,낙찰자선정,등록공고,Y,
20201110,군용 보온수통 제조 납품,2020,육군군수사령부,물품(내자),스포츠·레저,True,0.0,True,유찰,등록공고,Y,
20201112,JP-8(송유관),2020,공군군수사령부,물품(내자),연료·유류,True,0.0,True,유찰,등록공고,Y,Y
20201112,공수훈련지상장비 제조납품,2020,육군군수사령부,물품(내자),국방·치안·보안,True,0.0,True,유찰,재공고,Y,
20201112,나일론로프 구매,2020,육군군수사령부,물품(내자),제조부품,True,0.0,True,유찰,등록공고,Y,
20201119,압박붕대류 2품목 구매,2020,육군군수사령부,물품(내자),의료장비,False,33.0,False,낙찰자선정,등록공고,N,
20201119,멸균기 소형 구매,2020,육군군수사령부,물품(내자),의료장비,False,691.0,False,낙찰자선정,변경공고,N,
20201116,"피복01-넥타이핀(28,000개)제조 납품",2020,해군군수사령부,물품(내자),기타(54),False,15.0,False,낙찰자선정,등록공고,Y,
20201119,21년 해군 벨트 제조납품,2020,해군군수사령부,물품(내자),피복·개인용품,False,20.0,False,낙찰자선정,등록공고,Y,
20201118,군용 보온수통 제조 납품,2020,육군군수사령부,물품(내자),스포츠·레저,True,0.0,True,유찰,재공고,Y,
20201119,나일론로프 구매,2020,육군군수사령부,물품(내자),제조부품,True,0.0,True,유찰,재공고,Y,
20201124,20년 군종도서(성경)제작,2020,국방부,물품(내자),출판물,False,4.0,False,낙찰자선정,재공고,N,Y
20201125,X선 장비 및 노트북 구매,2020,공군제19전투비행단,물품(내자),국방·치안·보안,False,25.0,False,낙찰자선정,등록공고,N,
20201204,20년도 4분기 전산소모품 구매,2020,방위사업청,물품(내자),사무기기,False,614.0,False,낙찰자선정,등록공고,N,
20201207,육군 생물학보호의(Level A세트) 구매,2020,육군군수사령부,물품(내자),국방·치안·보안,False,445.0,False,낙찰자선정,등록공고,,
20201210,레귤레이터(잠수용호흡기) 구매,2020,육군군수사령부,물품(내자),스포츠·레저,False,,False,낙찰자선정,등록공고,N,
20201214,"거품액체, 소화용(6%) 1품목(소화약제) 긴급 구매",2020,해군군수사령부,물품(내자),국방·치안·보안,False,2.0,False,낙찰자선정,등록공고,Y,Y
20200103,19년 군 책임운영기관 업무성과평가 연구용역,2020,국방부,일반용역,경영·행정서비스,False,1.0,False,낙찰자선정,등록공고,,
20200107,2020년 국방홍보원 홈페이지(모바일포함) 통합운영유지 및 개선사업,2020,국방부 국방홍보원,일반용역,엔지니어링·연구,False,1.0,False,낙찰자선정,등록공고,,Y
20200114,2020년 국방인사정보체계 유지보수 사업,2020,국방부 국방전산정보원,일반용역,엔지니어링·연구,False,1.0,False,낙찰자선정,등록공고,,
20200114,2020년 위문열차 공연 HD중계장비 임대설치,2020,국방부 국방홍보원,일반용역,건설·시설서비스,False,1.0,False,낙찰자선정,등록공고,,
20200116,20년 국방아키텍처 유지보수 사업,2020,합동상호운용성기술센터,일반용역,엔지니어링·연구,False,1.0,False,낙찰자선정,등록공고,,
20200129,육군경비정 추진기 교체 사업,2020,육군군수사령부,일반용역,건설·시설서비스,False,1.0,False,낙찰자선정,등록공고,,
20200129,2020년 위문열차 공연 공연진행·분장 및 의자설치,2020,국방부 국방홍보원,일반용역,경영·행정서비스,False,1.0,False,낙찰자선정,등록공고,,
20200204,2020년 군사정보체계 유지보수 용역,2020,국방부 국방정보본부,일반용역,엔지니어링·연구,False,1.0,False,낙찰자선정,등록공고,,
20200205,20년 상호운용성 지원시스템 통합유지보수 용역,2020,합동상호운용성기술센터,일반용역,엔지니어링·연구,False,1.0,False,낙찰자선정,등록공고,,
20200205,20년 지상무기 효과분석모델 유지관리 용역,2020,국방부 합동참모본부,일반용역,엔지니어링·연구,False,1.0,False,낙찰자선정,등록공고,,
20200220,20~21년 AKJCCS  통합 유지보수 용역,2020,국방부 국군지휘통신사령부,일반용역,엔지니어링·연구,False,1.0,False,낙찰자선정,등록공고,,
20200213,2020년 국방의료정보체계 통합유지보수용역,2020,국방부 국군의무사령부,일반용역,엔지니어링·연구,False,1.0,False,낙찰자선정,등록공고,,
20200219,20~21년 JFOS K 통합 유지보수 용역,2020,국방부 국군지휘통신사령부,일반용역,엔지니어링·연구,False,1.0,False,낙찰자선정,등록공고,,
20200219,20~21년 KJCCS 통합 유지보수 용역,2020,국방부 국군지휘통신사령부,일반용역,엔지니어링·연구,False,1.0,False,낙찰자선정,등록공고,,Y
20200220,2020년 예비군 안보교육 전문강사 단체선정,2020,국방부,일반용역,경영·행정서비스,False,1.0,False,낙찰자선정,등록공고,,
20200304,2020년 국방빅데이터 통합 유지보수 사업,2020,국방부 국방전산정보원,일반용역,엔지니어링·연구,False,1.0,False,낙찰자선정,등록공고,,
20200309,ㅇㅇㅇ ㅇㅇ 장비 연구개발 용역,2020,국방부 국군지휘통신사령부,일반용역,경영·행정서비스,False,1.0,False,낙찰자선정,등록공고,,
20200310,20년 MS-GRPS 유지보수 용역,2020,국군제9965부대,일반용역,엔지니어링·연구,False,1.0,False,낙찰자선정,등록공고,,
20200330,20년 장병자기개발 학습콘텐츠 임차 위탁운영사업,2020,국방부,일반용역,교육훈련,False,1.0,False,낙찰자선정,등록공고,,
20200412,20년 귀환 국군포로 정착지원사업 용역,2020,국방부,일반용역,경영·행정서비스,False,1.0,False,낙찰자선정,등록공고,,Y
20200413,기관장 전용차량 임차,2020,방위사업청,일반용역,운송·물류,False,1.0,False,낙찰자선정,등록공고,,Y
20200414,20년 국방 린 6시그마 용역,2020,국방부,일반용역,경영·행정서비스,False,1.0,False,낙찰자선정,등록공고,,Y
20200429,20년 국방정보기술표준(DITA)현행화사업,2020,합동상호운용성기술센터,일반용역,경영·행정서비스,False,1.0,False,낙찰자선정,등록공고,,
20200427,20년 국방실험사업 지원 용역사업,2020,국방부,일반용역,경영·행정서비스,False,1.0,False,낙찰자선정,등록공고,,
20200522,중요기록물 DB구축 및 마이크로필름 제작 사업,2020,방위사업청,일반용역,엔지니어링·연구,False,1.0,False,낙찰자선정,등록공고,,
20200521,20년 국방 지능형 플랫폼 구축 ISP 사업,2020,국방부,일반용역,경영·행정서비스,False,1.0,False,낙찰자선정,등록공고,,
20200529,부대조달정보체계 고도화 PMO사업,2020,국방부 국군재정관리단,일반용역,경영·행정서비스,False,1.0,False,낙찰자선정,등록공고,,
20200619,20년 전군 보안시스템 유지보수 용역,2020,국방부 국군지휘통신사령부,일반용역,엔지니어링·연구,False,1.0,False,낙찰자선정,등록공고,,Y
20200623,2020년 행정정보통합지원체계 성능개선,2020,국방부 국방전산정보원,일반용역,엔지니어링·연구,False,1.0,False,낙찰자선정,등록공고,,Y
20200624,청 공용차량 운영실태 및 신규차량 임차,2020,방위사업청,일반용역,운송·물류,False,1.0,False,낙찰자선정,등록공고,,
20200709,20년 부품단종정보 획득 용역,2020,해군군수사령부,일반용역,엔지니어링·연구,False,1.0,False,낙찰자선정,등록공고,,
20200710,20~21 국방수송정보체계 유지보수 사업,2020,국방부 국군수송사령부,일반용역,엔지니어링·연구,False,1.0,False,낙찰자선정,등록공고,,
20200713,국방자료교환체계 Active-X제거 사업,2020,국방부 국방전산정보원,일반용역,엔지니어링·연구,False,1.0,False,낙찰자선정,등록공고,,
20200727,정예 사이버전문인력 양성 교육,2020,4284부대,일반용역,교육훈련,False,1.0,False,낙찰자선정,등록공고,,
20200806,국방교육훈련관리체계 ISP사업,2020,국방부,일반용역,경영·행정서비스,False,1.0,False,낙찰자선정,등록공고,,
20200825,방산수출입지원시스템 등 3개 정보시스템 기능개선 사업,2020,방위사업청,일반용역,엔지니어링·연구,False,1.0,False,낙찰자선정,등록공고,,Y
20200825,국방시설정책 발전 로드맵 수립 연구,2020,국방부,일반용역,경영·행정서비스,False,1.0,False,낙찰자선정,등록공고,,
20200904,훈련분석 및 평가모델 개발,2020,4284부대,일반용역,경영·행정서비스,False,1.0,False,낙찰자선정,등록공고,,
20201030,공용차량 임차,2020,방위사업청,일반용역,운송·물류,False,1.0,False,낙찰자선정,등록공고,,
20201030,국방정책 홍보 영상 콘텐츠 제작 및 전시사업,2020,국방부,일반용역,여행·숙박,False,1.0,False,낙찰자선정,등록공고,,Y
20201110,4차산업 신기술 심화 교육용 콘텐츠 임대 사업,2020,국방부 국방전산정보원,일반용역,교육훈련,False,1.0,False,낙찰자선정,등록공고,,
20201112,21년 C4ISR 분석모델 유지관리 용역,2020,국방부 합동참모본부,일반용역,엔지니어링·연구,False,1.0,False,낙찰자선정,등록공고,,
20201116,2021 국방연동관리시스템 유지보수,2020,국방부 국방전산정보원,일반용역,엔지니어링·연구,False,1.0,False,낙찰자선정,등록공고,,
20201118,군수지원분석체계 고도화 사업,2020,방위사업청,일반용역,엔지니어링·연구,False,1.0,False,낙찰자선정,등록공고,,
20201125,2021년 정보화교육 위탁사업,2020,국방부 국방전산정보원,일반용역,교육훈련,False,1.0,False,낙찰자선정,등록공고,,
20201123,민간 클라우드 기반 AI/빅데이터 실습 환경 구축사업,2020,국방부 국방전산정보원,일반용역,엔지니어링·연구,False,1.0,False,낙찰자선정,등록공고,,Y
20201208,21년 민군작전 모의모델 유지관리 용역사업,2020,국방부 합동참모본부,일반용역,엔지니어링·연구,False,1.0,False,낙찰자선정,등록공고,,
20201201,21년 국내개발 무기효과자료 구축사업,2020,국방부 합동참모본부,일반용역,경영·행정서비스,False,1.0,False,낙찰자선정,등록공고,,Y
20201201,21년 합동정보모의모델 유지관리,2020,국방부 합동참모본부,일반용역,엔지니어링·연구,False,1.0,False,낙찰자선정,등록공고,,Y
20201201,21년 분석기술 용역사업,2020,국방부 합동참모본부,일반용역,경영·행정서비스,False,1.0,False,낙찰자선정,등록공고,,Y
20201202,21년 MS-GRPS 유지보수 용역,2020,국군제9965부대,일반용역,엔지니어링·연구,False,1.0,False,낙찰자선정,등록공고,,
20201208,21~22년 합참 기술지원관용역,2020,국방부 합동참모본부,일반용역,경영·행정서비스,False,1.0,False,낙찰자선정,등록공고,,
20201209,21년 합동지속지원 모의모델 유지관리 용역,2020,국방부 합동참모본부,일반용역,엔지니어링·연구,False,1.0,False,낙찰자선정,등록공고,,Y
20201211,21~22년 합참 운용지원관 용역,2020,국방부 합동참모본부,일반용역,경영·행정서비스,False,1.0,False,낙찰자선정,등록공고,,
20201215,21년 한국형 합동작전 분석모델 유지관리 용역,2020,국방부 합동참모본부,일반용역,엔지니어링·연구,False,1.0,False,낙찰자선정,등록공고,,Y
20201222,21년 대화력전 모의모델 유지관리 용역,2020,국방부 합동참모본부,일반용역,엔지니어링·연구,False,1.0,False,낙찰자선정,등록공고,,Y
20201214,2021년도 국방TV 송출대행사 선정,2020,국방부 국방홍보원,일반용역,경영·행정서비스,False,1.0,False,낙찰자선정,등록공고,,Y
20201215,21년 분석실험실 운용장비 정비용역,2020,국방부 합동참모본부,일반용역,엔지니어링·연구,False,1.0,False,낙찰자선정,등록공고,,Y
20201215,21년 지상무기효과분석모델 유지관리 용역,2020,국방부 합동참모본부,일반용역,엔지니어링·연구,False,1.0,False,낙찰자선정,등록공고,,
20201222,20년 군 책임운영기관 업무성과평가 용역,2020,국방부,일반용역,경영·행정서비스,False,1.0,False,낙찰자선정,등록공고,,
20201216,21년 간부 e-지식복지사업,2020,국방부,일반용역,경영·행정서비스,False,1.0,False,낙찰자선정,등록공고,,
20201217,21년도 장병자기개발 학습콘텐츠,2020,국방부,일반용역,경영·행정서비스,False,1.0,False,낙찰자선정,등록공고,,Y
20201218,2021년 국방홍보원 홈페이지(모바일포함) 통합운영유지 및 개선사업,2020,국방부 국방홍보원,일반용역,엔지니어링·연구,False,1.0,False,낙찰자선정,등록공고,,Y
20201221,2021-2022년 행정관리체계 통합 유지보수 사업,2020,국방부 국방전산정보원,일반용역,엔지니어링·연구,False,1.0,False,낙찰자선정,등록공고,,Y
20201221,21년 연합연습정보체계(CEIS-K) 정비용역,2020,국방부 합동참모본부,일반용역,엔지니어링·연구,False,1.0,False,낙찰자선정,등록공고,,
20201221,21년 상호운용성 지원시스템 통합유지보수 용역,2020,합동상호운용성기술센터,일반용역,엔지니어링·연구,True,0.0,True,유찰,등록공고,,Y
20201228,21년 전구급 분석모델 지상전 평가 용역,2020,국방부 합동참모본부,일반용역,엔지니어링·연구,False,1.0,False,낙찰자선정,등록공고,,
20201230,21년 상호운용성 지원시스템 통합유지보수 용역,2020,합동상호운용성기술센터,일반용역,엔지니어링·연구,False,1.0,False,낙찰자선정,등록공고,,Y
20200103,2020년 국방의료정보체계 통합유지보수용역,2020,국방부 국군의무사령부,일반용역,엔지니어링·연구,True,0.0,True,유찰,등록공고,,Y
20200108,20~21년 JFOS K 통합 유지보수 용역,2020,국방부 국군지휘통신사령부,일반용역,엔지니어링·연구,True,2.0,False,유찰,등록공고,,
20200108,2020년 맞춤형복지제도 단체보험,2020,국방부,일반용역,금융·보험,True,0.0,True,유찰,재공고,,
20200110,20~21년 KJCCS 통합 유지보수 용역,2020,국방부 국군지휘통신사령부,일반용역,엔지니어링·연구,True,0.0,True,유찰,등록공고,,Y
20200110,20년 지상무기 효과분석모델 유지관리 용역,2020,국방부 합동참모본부,일반용역,엔지니어링·연구,True,0.0,True,유찰,재공고,,
20200113,국방표준종합정보시스템 나토메일박스 XML 개선 사업,2020,방위사업청,일반용역,엔지니어링·연구,False,2.0,False,낙찰자선정,등록공고,,Y
20200114,20년 상호운용성 지원시스템 통합유지보수 용역,2020,합동상호운용성기술센터,일반용역,엔지니어링·연구,True,0.0,True,유찰,재공고,,
20200114,2020년 국방의료정보체계 통합유지보수용역,2020,국방부 국군의무사령부,일반용역,엔지니어링·연구,True,0.0,True,유찰,재공고,,
20200115,2020년 예비군 안보교육 전문강사 단체선정,2020,국방부,일반용역,경영·행정서비스,True,0.0,True,유찰,등록공고,,Y
20200116,우수상용품 시범사용 위탁운영,2020,국방부,일반용역,경영·행정서비스,False,2.0,False,낙찰자선정,등록공고,,Y
20200120,20년 국방부 온라인 종합홍보 용역,2020,국방부,일반용역,경영·행정서비스,False,4.0,False,낙찰자선정,등록공고,,Y
20200117,20년 MS-GRPS 유지보수 용역,2020,국군제9965부대,일반용역,엔지니어링·연구,True,0.0,True,유찰,등록공고,,Y
20200120,2020년 호국전몰용사 공훈록 작성 용역 계약의뢰,2020,국방부 국방부군사편찬연구소,일반용역,경영·행정서비스,False,2.0,False,낙찰자선정,등록공고,,
20200123,전군 사용자정보통합관리 단일인증로그인 시스템 구축사업 감리용역,2020,국방부,일반용역,경영·행정서비스,False,4.0,False,낙찰자선정,등록공고,,
20200121,2020~2022년 군 차량보험 가입,2020,국방부 국군수송사령부,일반용역,금융·보험,False,2.0,False,낙찰자선정,등록공고,,
20200122,20년 정신전력교육 영상교재 제작 사업,2020,국방부,일반용역,경영·행정서비스,False,4.0,False,낙찰자선정,등록공고,,
20200129,20년 자원관리정보체계 정보화전략계획 품질 컨설팅,2020,국방부,일반용역,경영·행정서비스,True,0.0,True,유찰,등록공고,,Y
20200123,20~21년 JFOS K 통합 유지보수 용역,2020,국방부 국군지휘통신사령부,일반용역,엔지니어링·연구,True,0.0,True,유찰,재공고,,
20200130,통합표준관리시스템 구축사업 감리용역,2020,국방부,일반용역,경영·행정서비스,False,3.0,False,낙찰자선정,등록공고,,
20200131,20~21년 KJCCS 통합 유지보수 용역,2020,국방부 국군지휘통신사령부,일반용역,엔지니어링·연구,True,0.0,True,유찰,재공고,,Y
20200131,2020년 예비군 안보교육 전문강사 단체선정,2020,국방부,일반용역,경영·행정서비스,True,0.0,True,유찰,재공고,,
20200203,2020년 국방빅데이터 통합 유지보수 사업,2020,국방부 국방전산정보원,일반용역,엔지니어링·연구,True,0.0,True,유찰,등록공고,,
20200203,2020년 나라사랑 체험학습 교육프로그램 운영,2020,국방부 국립서울현충원,일반용역,교육훈련,False,2.0,False,낙찰자선정,등록공고,,
20200210,2020년 국방부 영상 콘텐츠 기획·제작 용역,2020,국방부,일반용역,경영·행정서비스,False,7.0,False,낙찰자선정,등록공고,,Y
20200203,20년 학군사관후보생 집중교육(문무캠프)용역,2020,국방부,일반용역,경영·행정서비스,True,0.0,True,유찰,등록공고,,Y
20200211,20년 A그룹 북한 이탈주민 초빙교육,2020,국방부,일반용역,경영·행정서비스,False,5.0,False,낙찰자선정,등록공고,,Y
20200207,20년 1권역 장병 인성교육 위탁운영,2020,국방부,일반용역,경영·행정서비스,False,16.0,False,낙찰자선정,등록공고,,Y
20200207,20년 4권역 장병 인성교육 위탁운영,2020,국방부,일반용역,경영·행정서비스,False,11.0,False,낙찰자선정,등록공고,,Y
20200207,국가재난안전통신망을 활용한 군수품현장관리자동화체계 무선적용 시범사업 인증SW 분리발주,2020,국방부 국방전산정보원,일반용역,엔지니어링·연구,False,4.0,False,낙찰자선정,등록공고,,
20200207,20년 2권역 장병 인성교육 위탁운영,2020,국방부,일반용역,경영·행정서비스,False,16.0,False,낙찰자선정,등록공고,,Y
20200210,20년 3권역 장병 인성교육 위탁운영,2020,국방부,일반용역,경영·행정서비스,False,13.0,False,낙찰자선정,등록공고,,Y
20200221,2020년 국방의료정보체계 성능개선 ISP사업,2020,국방부 국군의무사령부,일반용역,경영·행정서비스,False,2.0,False,낙찰자선정,변경공고,,Y
20200211,20년 C권역 대대급 민간전문강사 초빙교육,2020,국방부,일반용역,경영·행정서비스,False,9.0,False,낙찰자선정,등록공고,,Y
20200210,20년 B권역 대대급 민간전문강사 초빙교육,2020,국방부,일반용역,경영·행정서비스,False,8.0,False,낙찰자선정,등록공고,,Y
20200211,20년 B그룹 북한 이탈주민 초빙교육,2020,국방부,일반용역,경영·행정서비스,False,5.0,False,낙찰자선정,등록공고,,Y
20200211,20년 C권역 북한 이탈주민 초빙교육,2020,국방부,일반용역,경영·행정서비스,False,5.0,False,낙찰자선정,등록공고,,Y
20200211,20년 MS-GRPS 유지보수 용역,2020,국군제9965부대,일반용역,엔지니어링·연구,True,0.0,True,유찰,재공고,,
20200213,20년 동아시아 안보전략 평가 연구용역,2020,국방부,일반용역,경영·행정서비스,False,2.0,False,낙찰자선정,등록공고,,Y
20200212,20년 A그룹 대대급 민간전문강사 초빙교육,2020,국방부,일반용역,경영·행정서비스,False,8.0,False,낙찰자선정,등록공고,,Y
20200213,20년 e-MU(전문학사 및 학사)학위취득 지원체계 유지보수사업,2020,국방부,일반용역,엔지니어링·연구,False,2.0,False,낙찰자선정,등록공고,,
20200213,20년 장병자기개발 학습콘텐츠 임차 위탁운영사업,2020,국방부,일반용역,교육훈련,True,0.0,True,유찰,등록공고,,Y
20200214,2020년 국방빅데이터 통합 유지보수 사업,2020,국방부 국방전산정보원,일반용역,엔지니어링·연구,True,0.0,True,유찰,재공고,,
20200218,20년 자원관리정보체계 정보화전략계획 품질 컨설팅,2020,국방부,일반용역,경영·행정서비스,False,2.0,False,낙찰자선정,재공고,,Y
20200221,데이터 품질관리 업무체계 구축사업 감리용역,2020,방위사업청,일반용역,경영·행정서비스,False,3.0,False,낙찰자선정,등록공고,,
20200219,20년 학군사관후보생 집중교육(문무캠프)용역,2020,국방부,일반용역,경영·행정서비스,False,4.0,False,낙찰자선정,재공고,,Y
20200220,20년 전시동원능력 모의집행결과 전문분석 연구,2020,국방부,일반용역,경영·행정서비스,True,0.0,True,유찰,등록공고,,
20200226,미활용 군용지 폐기물 처리 용역(긴급),2020,국방시설본부,일반용역,환경서비스,True,0.0,True,유찰,등록공고,,
20200312,20년 국방 지능형 플랫폼 구축 ISP 사업,2020,국방부,일반용역,경영·행정서비스,True,0.0,True,유찰,등록공고,,
20200302,20년 국방 린 6시그마 용역,2020,국방부,일반용역,경영·행정서비스,True,0.0,True,유찰,등록공고,,Y
20200228,20년 국방통합보안관제체계 유지보수 용역,2020,4284부대,일반용역,엔지니어링·연구,False,3.0,False,낙찰자선정,등록공고,,
20200302,6.25 통합홍보 용역,2020,국방부 국방부유해발굴감식단,일반용역,경영·행정서비스,False,4.0,False,낙찰자선정,등록공고,,Y
20200305,20년 국방 핵심역량 강화 교육 운영 위탁용역,2020,국방부,일반용역,경영·행정서비스,False,2.0,False,낙찰자선정,등록공고,,Y
20200305,20년 귀환 국군포로 정착지원사업 용역,2020,국방부,일반용역,경영·행정서비스,True,0.0,True,유찰,등록공고,,Y
20200303,20년 장병자기개발 학습콘텐츠 임차 위탁운영사업,2020,국방부,일반용역,교육훈련,True,0.0,True,유찰,재공고,,
20200304,학습관리체계(LMS) 개발 사업,2020,국군간호사관학교,일반용역,엔지니어링·연구,False,3.0,False,낙찰자선정,등록공고,,Y
20200305,미활용 군용지 폐기물 처리 용역(긴급),2020,국방시설본부,일반용역,환경서비스,True,0.0,True,유찰,재공고,,
20200403,20년 클라우드 정보자원 증설사업,2020,국방통합데이터센터,일반용역,엔지니어링·연구,False,2.0,False,낙찰자선정,등록공고,,Y
20200306,20년 전시동원능력 모의집행결과 전문분석 연구,2020,국방부,일반용역,경영·행정서비스,True,0.0,True,유찰,등록공고,,
20200309,기관장 전용차량 임차,2020,방위사업청,일반용역,운송·물류,True,0.0,True,유찰,등록공고,,Y
20200310,국방표준종합정보시스템 고도화를 위한 정보화전략계획(ISP)수립 사업,2020,방위사업청,일반용역,경영·행정서비스,False,3.0,False,낙찰자선정,등록공고,,
20200311,20년 DIDC 고도화 정보화 전략계획(ISP) 컨설팅 용역사업,2020,국방통합데이터센터,일반용역,경영·행정서비스,True,0.0,True,유찰,등록공고,,
20200325,2020년 ADB체계 유지보수용역,2020,국방부 국방정보본부,일반용역,엔지니어링·연구,True,0.0,True,유찰,등록공고,,
20200316,20년 국방 린 6시그마 용역,2020,국방부,일반용역,경영·행정서비스,True,0.0,True,유찰,재공고,,Y
20200316,20~22년 해군 컴퓨터체계 통합유지보수 용역,2020,해군본부,일반용역,엔지니어링·연구,False,6.0,False,낙찰자선정,등록공고,,
20200317,20년 귀환 국군포로 정착지원사업 용역,2020,국방부,일반용역,경영·행정서비스,True,0.0,True,유찰,재공고,,Y
20200317,기관장 전용차량 임차,2020,방위사업청,일반용역,운송·물류,True,0.0,True,유찰,등록공고,,Y
20200319,20년 전시동원능력 모의집행결과 전문분석 연구,2020,국방부,일반용역,경영·행정서비스,True,0.0,True,유찰,재공고,,
20200320,한국군 피복 레이어링 체계 연구,2020,국방부,일반용역,경영·행정서비스,False,3.0,False,낙찰자선정,등록공고,,Y
20200323,국방 빅데이터 인공지능 공통 분석서비스 사업,2020,국방부 국방전산정보원,일반용역,엔지니어링·연구,True,2.0,False,유찰,등록공고,,Y
20200323,20년 자원체계 통합 유지보수 용역,2020,국방부 국군지휘통신사령부,일반용역,엔지니어링·연구,False,3.0,False,낙찰자선정,등록공고,,Y
20200325,기관장 전용차량 임차,2020,방위사업청,일반용역,운송·물류,True,0.0,True,유찰,재공고,,Y
20200327,예비군 홈페이지 휴대폰 본인확인서비스 운용,2020,국방부,일반용역,경영·행정서비스,False,5.0,False,낙찰자선정,등록공고,,
20200326,부대조달정보체계 고도화 PMO사업,2020,국방부 국군재정관리단,일반용역,경영·행정서비스,True,0.0,True,유찰,등록공고,,
20200326,20년 국방 지능형 플랫폼 구축 ISP 사업,2020,국방부,일반용역,경영·행정서비스,True,0.0,True,유찰,재공고,,
20200408,중요기록물 DB구축 및 마이크로필름 제작 사업,2020,방위사업청,일반용역,엔지니어링·연구,True,0.0,True,유찰,등록공고,,Y
20200401,기관장 전용차량 임차,2020,방위사업청,일반용역,운송·물류,True,0.0,True,유찰,재공고,,Y
20200402,6.25전쟁 70주년 온라인 종합홍보 용역,2020,국방부,일반용역,경영·행정서비스,False,4.0,False,낙찰자선정,등록공고,,Y
20200407,20~21 국방수송정보체계 유지보수 사업,2020,국방부 국군수송사령부,일반용역,엔지니어링·연구,True,0.0,True,유찰,등록공고,,
20200414,20년 전시동원능력 모의집행결과 전문분석 연구,2020,국방부,일반용역,경영·행정서비스,False,3.0,False,낙찰자선정,등록공고,,
20200414,6.25전쟁 주요전투 VR/AR콘텐츠 제작 용역,2020,국방부,일반용역,교육훈련,False,2.0,False,낙찰자선정,등록공고,,Y
20200416,2020년 ADB체계 유지보수용역,2020,국방부 국방정보본부,일반용역,엔지니어링·연구,True,0.0,True,유찰,재공고,,
20200416,20년 정신전력교육 실감형 디지털교재 제작 용역,2020,국방부,일반용역,교육훈련,False,2.0,False,낙찰자선정,등록공고,,Y
20200417,정예 사이버전문인력 양성 교육,2020,4284부대,일반용역,교육훈련,True,0.0,True,유찰,등록공고,,
20200421,20년 전군 보안시스템 유지보수 용역,2020,국방부 국군지휘통신사령부,일반용역,엔지니어링·연구,True,0.0,True,유찰,등록공고,,Y
20200424,국가 감염병과 생물학작용제 위기 극복 사례분석을 통한 한국군 생물방어역량 발전 방향 연구,2020,국방부,일반용역,경영·행정서비스,True,0.0,True,유찰,등록공고,,Y
20200420,중요시설경계시스템 3차사업 실시설계용역,2020,방위사업청,일반용역,엔지니어링·연구,False,3.0,False,낙찰자선정,등록공고,,Y
20200420,20년 ~ 21년 전산장비 통합 유지보수 용역,2020,국군제9965부대,일반용역,엔지니어링·연구,False,53.0,False,낙찰자선정,등록공고,,
20200422,20년 DIDC 고도화 정보화 전략계획(ISP) 컨설팅 용역사업,2020,국방통합데이터센터,일반용역,경영·행정서비스,False,3.0,False,낙찰자선정,재공고,,
20200421,625전쟁 70주년 청년 평화 발걸음 사업,2020,국방부,일반용역,경영·행정서비스,False,5.0,False,낙찰자선정,등록공고,,
20200421,국방 빅데이터 인공지능 공통 분석서비스 사업,2020,국방부 국방전산정보원,일반용역,엔지니어링·연구,False,3.0,False,낙찰자선정,재공고,,Y
20200422,한국전쟁 이후 주요 시점별 주변국의 한반도 지정학적 가치 평가와 안보정책 및 군사전략 연구,2020,국방부,일반용역,경영·행정서비스,False,4.0,False,낙찰자선정,등록공고,,Y
20200422,2020년 국방TV 외주제작 밀리터리 M 사업자 선정,2020,국방부 국방홍보원,일반용역,편집·디자인,False,7.0,False,낙찰자선정,등록공고,,Y
20200422,중요기록물 DB구축 및 마이크로필름 제작 사업,2020,방위사업청,일반용역,엔지니어링·연구,True,0.0,True,유찰,재공고,,Y
20200424,국방통합급여정보체계(DIPIS) 개념연구(ISP/PBR) 용역,2020,국방부 국군재정관리단,일반용역,경영·행정서비스,False,2.0,False,낙찰자선정,등록공고,,Y
20200427,20년 정보자원 도입 및 교체사업,2020,국방통합데이터센터,일반용역,엔지니어링·연구,False,3.0,False,낙찰자선정,등록공고,,Y
20200504,사이버 00정보 및 시각화체계 구축,2020,4284부대,일반용역,엔지니어링·연구,False,4.0,False,낙찰자선정,등록공고,,
20200618,다출처 사이버 정·첩보 획득 연구용역(과제2),2020,4284부대,일반용역,경영·행정서비스,False,2.0,False,낙찰자선정,등록공고,,
20200514,2020년 행정정보통합지원체계 성능개선,2020,국방부 국방전산정보원,일반용역,엔지니어링·연구,True,0.0,True,유찰,등록공고,,Y
20200508,부대조달정보체계 고도화 PMO사업,2020,국방부 국군재정관리단,일반용역,경영·행정서비스,True,0.0,True,유찰,재공고,,
20200508,20년 전군 보안시스템 유지보수 용역,2020,국방부 국군지휘통신사령부,일반용역,엔지니어링·연구,True,0.0,True,유찰,재공고,,Y
20200513,국가 감염병과 생물학작용제 위기 극복 사례분석을 통한 한국군 생물방어역량 발전 방향 연구,2020,국방부,일반용역,경영·행정서비스,True,2.0,False,유찰,재공고,,Y
20200525,국방획득정보체계 구축 PMO 사업,2020,국방부 국방전산정보원,일반용역,경영·행정서비스,False,3.0,False,낙찰자선정,등록공고,,
20200519,20년 부품단종정보 획득 용역,2020,해군군수사령부,일반용역,엔지니어링·연구,True,0.0,True,유찰,등록공고,,
20200521,2020년 국방TV 외주제작 병영의 달인 사업자 선정,2020,국방부 국방홍보원,일반용역,편집·디자인,False,5.0,False,낙찰자선정,등록공고,,
20200520,국방인사정보체계 고도화 감리,2020,국방부 국방전산정보원,일반용역,경영·행정서비스,False,2.0,False,낙찰자선정,등록공고,,Y
20200522,20년 부품단종정보획득 용역,2020,공군군수사령부,일반용역,경영·행정서비스,False,2.0,False,낙찰자선정,등록공고,,
20200528,국방교육훈련관리체계 ISP사업,2020,국방부,일반용역,경영·행정서비스,True,0.0,True,유찰,등록공고,,
20200528,빅데이터 분석체계 구축사업,2020,국군제9965부대,일반용역,엔지니어링·연구,False,6.0,False,낙찰자선정,등록공고,,
20200529,정예 사이버전문인력 양성 교육,2020,4284부대,일반용역,교육훈련,True,0.0,True,유찰,재공고,,
20200602,스마트팩토리 관리 및 원격정비지원체계 구축사업 BPR/ISP,2020,국방부,일반용역,경영·행정서비스,False,3.0,False,낙찰자선정,등록공고,,Y
20200602,20년 부품단종정보 획득 용역,2020,해군군수사령부,일반용역,엔지니어링·연구,True,0.0,True,유찰,등록공고,,
20200604,청 공용차량 운영실태 및 신규차량 임차,2020,방위사업청,일반용역,운송·물류,True,0.0,True,유찰,등록공고,,
20200608,2020년 국방TV 외주제작 뮤직 플레이어 원 프로그램 사업자 선정,2020,국방부 국방홍보원,일반용역,편집·디자인,False,3.0,False,낙찰자선정,등록공고,,
20200609,국방교육훈련관리체계 ISP사업,2020,국방부,일반용역,경영·행정서비스,True,0.0,True,유찰,등록공고,,
20200612,국방자료교환체계 Active-X제거 사업,2020,국방부 국방전산정보원,일반용역,엔지니어링·연구,True,0.0,True,유찰,등록공고,,Y
20200612,학습관리체계(LMS) 개발 사업 감리용역,2020,국군간호사관학교,일반용역,경영·행정서비스,False,6.0,False,낙찰자선정,등록공고,,Y
20200612,청 공용차량 운영실태 및 신규차량 임차,2020,방위사업청,일반용역,운송·물류,True,0.0,True,유찰,등록공고,,
20200619,훈련컨텐츠 개발,2020,4284부대,일반용역,교육훈련,False,3.0,False,낙찰자선정,등록공고,,Y
20200617,군수 빅데이터 수집/분석체계 구축 BPR/ISP,2020,국방부,일반용역,경영·행정서비스,False,4.0,False,낙찰자선정,등록공고,,Y
20200618,다출처 사이버 정·첩보 획득 연구용역(과제1),2020,4284부대,일반용역,경영·행정서비스,False,2.0,False,낙찰자선정,등록공고,,
20200618,20년 부품단종정보 획득 용역,2020,해군군수사령부,일반용역,엔지니어링·연구,True,0.0,True,유찰,재공고,,
20200703,국방시설정책 발전 로드맵 수립 연구,2020,국방부,일반용역,경영·행정서비스,True,0.0,True,유찰,등록공고,,
20200622,사이버 작전경연대회 문제출제 및 대회운영,2020,4284부대,일반용역,경영·행정서비스,False,2.0,False,낙찰자선정,등록공고,,
20200626,20년 ADB체계 유지보수사업,2020,국방부 국방정보본부,일반용역,엔지니어링·연구,True,0.0,True,유찰,등록공고,,
20200626,국방교육훈련관리체계 ISP사업,2020,국방부,일반용역,경영·행정서비스,True,0.0,True,유찰,등록공고,,
20200630,성인지 원격교육 콘텐츠 개발,2020,국방부,일반용역,교육훈련,False,4.0,False,낙찰자선정,등록공고,,
20200709,20년 ADB체계 유지보수사업,2020,국방부 국방정보본부,일반용역,엔지니어링·연구,False,3.0,False,낙찰자선정,재공고,,
20200710,20년 서울안보대화 특별세미나 행사용역,2020,국방부,일반용역,여행·숙박,False,5.0,False,낙찰자선정,등록공고,,Y
20200713,훈련분석 및 평가모델 개발,2020,4284부대,일반용역,경영·행정서비스,True,0.0,True,유찰,등록공고,,
20200717,국방시설정책 발전 로드맵 수립 연구,2020,국방부,일반용역,경영·행정서비스,True,0.0,True,유찰,재공고,,
20200731,빅데이터 활용 AI 기반의 IT운영체계 도입사업,2020,국방통합데이터센터,일반용역,엔지니어링·연구,False,7.0,False,낙찰자선정,변경공고,,Y
20200731,군사법정보시스템 구축을 위한 ISP 용역,2020,국방부 국방부검찰단,일반용역,경영·행정서비스,False,3.0,False,낙찰자선정,등록공고,,Y
20200729,방산수출입지원시스템 등 3개 정보시스템 기능개선 사업,2020,방위사업청,일반용역,엔지니어링·연구,True,0.0,True,유찰,등록공고,,Y
20200804,국방수송정보체계 구축 PMO 사업,2020,국방부 국방전산정보원,일반용역,경영·행정서비스,False,2.0,False,낙찰자선정,등록공고,,
20200805,예비군 원격교육을 위한 교육(동영상) 서비스 임차,2020,국방부,일반용역,교육훈련,False,2.0,False,낙찰자선정,등록공고,,Y
20200812,국방전자도서관체계 고도화 및 군사자료 디지털 아카이브체계 구축 사업,2020,국방부 국방전산정보원,일반용역,엔지니어링·연구,False,2.0,False,낙찰자선정,등록공고,,Y
20200813,국방정보체계 프로젝트관리시스템 성능개선 사업,2020,국방부 국방전산정보원,일반용역,엔지니어링·연구,True,2.0,False,유찰,등록공고,,Y
20200813,국방부 군무원채용관리체계 보안강화 사업,2020,국방부 국방전산정보원,일반용역,엔지니어링·연구,False,2.0,False,낙찰자선정,등록공고,,
20200821,20년 군인요리대회 행사 용역,2020,국방부,일반용역,경영·행정서비스,False,4.0,False,낙찰자선정,등록공고,,Y
20200821,국방전자도서관체계 고도화 및 군사자료 디지털 아카이브체계 구축사업 PMO용역,2020,국방부 국방전산정보원,일반용역,경영·행정서비스,True,0.0,True,유찰,등록공고,,Y
20200909,20년 장애인 예술단체 부대 방문공연 용역,2020,국방부,일반용역,여행·숙박,False,4.0,False,낙찰자선정,등록공고,,
20200902,국방TV외주제작 프로그램 다큐팩토리 사업자 선정,2020,국방부 국방홍보원,일반용역,편집·디자인,False,6.0,False,낙찰자선정,등록공고,,Y
20200904,국방정보체계 프로젝트관리시스템 성능개선 사업,2020,국방부 국방전산정보원,일반용역,엔지니어링·연구,False,4.0,False,낙찰자선정,재공고,,Y
20200908,국방전자도서관체계 고도화 및 군사자료 디지털 아카이브체계 구축사업 PMO용역,2020,국방부 국방전산정보원,일반용역,경영·행정서비스,False,4.0,False,낙찰자선정,재공고,,Y
20200915,방위사업교육센터 IT교육장 개선 사업,2020,방위사업청,일반용역,엔지니어링·연구,True,2.0,False,유찰,등록공고,,
20200916,전구합동화력운용체계(JFOS-K)성능개량 체계개발사업 감리용역,2020,방위사업청,일반용역,경영·행정서비스,True,0.0,True,유찰,등록공고,,
20200918,부대조달정보체계 고도화 사업 체계개발용역,2020,국방부 국군재정관리단,일반용역,엔지니어링·연구,False,2.0,False,낙찰자선정,등록공고,,
20200922,군수지원분석체계 고도화 사업,2020,방위사업청,일반용역,엔지니어링·연구,True,0.0,True,유찰,등록공고,,
20201102,20 ~ 21년도 함정정보시스템 유지관리 용역,2020,방위사업청,일반용역,엔지니어링·연구,False,9.0,False,낙찰자선정,등록공고,,
20200929,2021-2022 전산장비 유지보수사업,2020,국방부 국방전산정보원,일반용역,엔지니어링·연구,False,4.0,False,낙찰자선정,등록공고,,
20201015,합동연합지휘통제체계 경미한성능개량 체계개발 감리용역,2020,방위사업청,일반용역,경영·행정서비스,True,0.0,True,유찰,등록공고,,
20200929,국방정책 홍보 영상 콘텐츠 제작 및 전시사업,2020,국방부,일반용역,여행·숙박,True,0.0,True,유찰,등록공고,,Y
20201020,21 ~ 22년 보안관제 용역,2020,방위사업청,일반용역,엔지니어링·연구,False,2.0,False,낙찰자선정,등록공고,,
20201007,2021 국방연동관리시스템 유지보수,2020,국방부 국방전산정보원,일반용역,엔지니어링·연구,True,0.0,True,유찰,등록공고,,Y
20201008,국방획득정보체계 구축 체계개발사업,2020,국방부 국방전산정보원,일반용역,엔지니어링·연구,False,2.0,False,낙찰자선정,등록공고,,
20201014,공용차량 임차,2020,방위사업청,일반용역,운송·물류,True,2.0,False,유찰,등록공고,,
20201030,21년 합동지속지원 모의모델 유지관리 용역,2020,국방부 합동참모본부,일반용역,엔지니어링·연구,True,0.0,True,유찰,등록공고,,Y
20201013,21년 국내개발 무기효과자료 구축사업,2020,국방부 합동참모본부,일반용역,경영·행정서비스,True,0.0,True,유찰,등록공고,,Y
20201015,21년 분석기술 용역사업,2020,국방부 합동참모본부,일반용역,경영·행정서비스,True,0.0,True,유찰,등록공고,,Y
20201014,21년 C4ISR 분석모델 유지관리 용역,2020,국방부 합동참모본부,일반용역,엔지니어링·연구,True,0.0,True,유찰,등록공고,,Y
20201016,민간 클라우드 기반 AI/빅데이터 실습 환경 구축사업,2020,국방부 국방전산정보원,일반용역,엔지니어링·연구,True,0.0,True,유찰,등록공고,,Y
20201016,21년 MS-GRPS 유지보수 용역,2020,국군제9965부대,일반용역,엔지니어링·연구,True,0.0,True,유찰,등록공고,,Y
20201019,4차산업 신기술 심화 교육용 콘텐츠 임대 사업,2020,국방부 국방전산정보원,일반용역,교육훈련,True,0.0,True,유찰,등록공고,,Y
20201023,4차산업 신기술 군 특화 심화 교육용 콘텐츠 제작 사업,2020,국방부 국방전산정보원,일반용역,교육훈련,False,2.0,False,낙찰자선정,등록공고,,Y
20201023,21년 민군작전 모의모델 유지관리 용역사업,2020,국방부 합동참모본부,일반용역,엔지니어링·연구,True,0.0,True,유찰,등록공고,,Y
20201028,전구합동화력운용체계(JFOS-K)성능개량 체계개발사업 감리용역,2020,방위사업청,일반용역,경영·행정서비스,False,2.0,False,낙찰자선정,재공고,,
20201028,2021년도 국방TV 송출대행사 선정,2020,국방부 국방홍보원,일반용역,경영·행정서비스,True,0.0,True,유찰,등록공고,,Y
20201029,방위사업교육센터 IT교육장 개선 사업,2020,방위사업청,일반용역,엔지니어링·연구,False,2.0,False,낙찰자선정,재공고,,
20201030,21년 JWSC 워게임장비 정비용역,2020,국방부 합동참모본부,일반용역,엔지니어링·연구,False,2.0,False,낙찰자선정,등록공고,,Y
20201104,21년 대화력전 모의모델 유지관리 용역,2020,국방부 합동참모본부,일반용역,엔지니어링·연구,True,0.0,True,유찰,등록공고,,Y
20201030,21년 합동정보모의모델 유지관리,2020,국방부 합동참모본부,일반용역,엔지니어링·연구,True,0.0,True,유찰,등록공고,,Y
20201111,21년 연합연습정보체계(CEIS-K) 정비용역,2020,국방부 합동참모본부,일반용역,엔지니어링·연구,True,0.0,True,유찰,등록공고,,
20201103,2021년 정보화교육 위탁사업,2020,국방부 국방전산정보원,일반용역,교육훈련,True,0.0,True,유찰,등록공고,,
20201103,21~22년 합참 기술지원관용역,2020,국방부 합동참모본부,일반용역,경영·행정서비스,True,0.0,True,유찰,등록공고,,
20201104,2021-2022년 행정관리체계 통합 유지보수 사업,2020,국방부 국방전산정보원,일반용역,엔지니어링·연구,True,0.0,True,유찰,등록공고,,Y
20201104,클라우드 기반 온-나라 2.0 전환 사업,2020,방위사업청,일반용역,엔지니어링·연구,False,2.0,False,낙찰자선정,등록공고,,Y
20201105,2021년 국방TV외주제작 프로그램 사업자선정,2020,국방부 국방홍보원,일반용역,편집·디자인,False,3.0,False,낙찰자선정,등록공고,,Y
20201106,합동연합지휘통제체계 경미한성능개량 체계개발 감리용역,2020,방위사업청,일반용역,경영·행정서비스,False,2.0,False,낙찰자선정,재공고,,
20201105,21~22년 합참 운용지원관 용역,2020,국방부 합동참모본부,일반용역,경영·행정서비스,True,0.0,True,유찰,등록공고,,Y
20201112,21년 한국형 합동작전 분석모델 유지관리 용역,2020,국방부 합동참모본부,일반용역,엔지니어링·연구,True,0.0,True,유찰,등록공고,,Y
20201112,21년 분석실험실 운용장비 정비용역,2020,국방부 합동참모본부,일반용역,엔지니어링·연구,True,0.0,True,유찰,등록공고,,Y
20201111,21년~22년 방위사업청 정보시스템 통합 유지보수,2020,방위사업청,일반용역,엔지니어링·연구,False,3.0,False,낙찰자선정,등록공고,,
20201109,2021년 국방TV외주제작 프로그램 병영의 달인 사업자선정,2020,국방부 국방홍보원,일반용역,편집·디자인,False,3.0,False,낙찰자선정,등록공고,,Y
20201109,21년 전구급 분석모델 지상전 평가 용역,2020,국방부 합동참모본부,일반용역,엔지니어링·연구,True,0.0,True,유찰,등록공고,,
20201111,21년 지상무기효과분석모델 유지관리 용역,2020,국방부 합동참모본부,일반용역,엔지니어링·연구,True,0.0,True,유찰,등록공고,,
20201112,21년 간부 e-지식복지사업,2020,국방부,일반용역,경영·행정서비스,True,0.0,True,유찰,등록공고,,Y
20201117,국방정보자원관리체계 성능개선,2020,국방부 국방전산정보원,일반용역,엔지니어링·연구,False,2.0,False,낙찰자선정,등록공고,,Y
20201116,2021년도 국방TV 송출대행사 선정,2020,국방부 국방홍보원,일반용역,경영·행정서비스,True,0.0,True,유찰,재공고,,Y
20201117,21년도 장병자기개발 학습콘텐츠,2020,국방부,일반용역,경영·행정서비스,True,0.0,True,유찰,등록공고,,Y
20201119,2021년 국방홍보원 홈페이지(모바일포함) 통합운영유지 및 개선사업,2020,국방부 국방홍보원,일반용역,엔지니어링·연구,True,0.0,True,유찰,등록공고,,Y
20201119,20년 군 책임운영기관 업무성과평가 용역,2020,국방부,일반용역,경영·행정서비스,True,0.0,True,유찰,등록공고,,
20201125,2021-2022년 국방인사정보체계 유지보수 사업,2020,국방부 국방전산정보원,일반용역,엔지니어링·연구,True,0.0,True,유찰,등록공고,,Y
20201123,20년 국O망 전환 및 노후장비 교체사업,2020,국군제9965부대,일반용역,엔지니어링·연구,False,3.0,False,낙찰자선정,등록공고,,Y
20201124,2021년 국방홍보원 정보시스템 유지보수 사업,2020,국방부 국방홍보원,일반용역,엔지니어링·연구,False,3.0,False,낙찰자선정,등록공고,,Y
20201124,통합정비관리체계(CIMMS) 유지관리 용역(2021~2022),2020,육군종합정비창,일반용역,엔지니어링·연구,False,2.0,False,낙찰자선정,등록공고,,Y
20201124,2021년도 국방일보 인쇄 및 배달 위탁사업,2020,국방부 국방홍보원,일반용역,편집·디자인,False,2.0,False,개찰완료,등록공고,,Y
20201201,국방광대역통합망(M-BcN) 임대회선,2020,국방부 국군지휘통신사령부,일반용역,엔지니어링·연구,False,2.0,False,낙찰자선정,등록공고,,
20201126,2021년 국방 사이버지식정보방 유지보수 사업,2020,국방부 국방전산정보원,일반용역,엔지니어링·연구,False,4.0,False,낙찰자선정,등록공고,,Y
20201126,2021년 국방TV NPS시스템 정기 유지보수 사업,2020,국방부 국방홍보원,일반용역,엔지니어링·연구,False,2.0,False,낙찰자선정,등록공고,,Y
20201130,21년 상호운용성 지원시스템 통합유지보수 용역,2020,합동상호운용성기술센터,일반용역,엔지니어링·연구,True,0.0,True,유찰,등록공고,,Y
20201201,전시 작전지속지원체계 구축 ISP 용역 사업,2020,육군본부 기획관리참모부,일반용역,경영·행정서비스,False,4.0,False,낙찰자선정,등록공고,,Y
20201201,21년 연합연습정보체계(CEIS-K) 정비용역,2020,국방부 합동참모본부,일반용역,엔지니어링·연구,True,0.0,True,유찰,재공고,,
20201208,21년 자원체계 통합 유지보수 용역,2020,국방부 국군지휘통신사령부,일반용역,엔지니어링·연구,False,3.0,False,낙찰자선정,등록공고,,Y
20201207,21년 전군 바이러스 방역체계 운영,2020,4284부대,일반용역,엔지니어링·연구,True,0.0,True,유찰,등록공고,,Y
20201211,21년 예비군 홈페이지/모바일앱 휴대폰 본인확인 서비스 운영,2020,국방부,일반용역,경영·행정서비스,False,3.0,False,낙찰자선정,등록공고,,Y
20201215,국방전자도서관체계 고도화 사업 감리 용역,2020,국방부 국방전산정보원,일반용역,경영·행정서비스,False,4.0,False,낙찰자선정,등록공고,,
20201211,21년 통합유지보수,2020,4284부대,일반용역,엔지니어링·연구,False,2.0,False,낙찰자선정,등록공고,,Y
20201217,군수지원분석체계 고도화사업 감리용역,2020,방위사업청,일반용역,경영·행정서비스,False,4.0,False,낙찰자선정,등록공고,,
20201230,함정정보시스템 고도화 사업,2020,방위사업청,일반용역,엔지니어링·연구,False,3.0,False,낙찰자선정,등록공고,,Y
20250507,25-N-본관 증축 및 리모델링 설계용역(C029),2025,국방부 국군재정관리단,기술용역,,False,23.0,False,낙찰자선정,등록공고,,Y
20250515,25-D-00부대 설계용역(B567),2025,국방부 국군재정관리단,기술용역,,False,29.0,False,낙찰자선정,등록공고,,Y
20250814,25-D-00부대 설계용역(B590),2025,국방부 국군재정관리단,기술용역,,False,36.0,False,낙찰자선정,등록공고,,Y
20250814,25-D-00부대 BTL 전기감리용역(B594),2025,국방부 국군재정관리단,기술용역,,False,152.0,False,낙찰자선정,등록공고,,Y
20250819,25-A-00부대 설계용역(A269),2025,국방부 국군재정관리단,기술용역,,False,39.0,False,낙찰자선정,등록공고,,Y
20250820,25-A-00부대 전기감리용역(A267),2025,국방부 국군재정관리단,기술용역,,False,126.0,False,낙찰자선정,등록공고,,Y
20250829,25-D-00부대 설계용역(B598),2025,국방부 국군재정관리단,기술용역,,False,40.0,False,낙찰자선정,등록공고,,Y
20250918,25-D-00부대 BTL 전기감리용역(B599),2025,국방부 국군재정관리단,기술용역,,False,176.0,False,낙찰자선정,등록공고,,Y
20251014,25-N-00관 리모델링 등 3건 전기공사감리(C074),2025,국방부 국군재정관리단,기술용역,,False,166.0,False,낙찰자선정,변경공고,,Y
20251014,25-F-K사업 소방감리용역,2025,공군 제18전투비행단,기술용역,,False,46.0,False,낙찰자선정,등록공고,,Y
20251015,25-N-00기지 계류시설 증설 전기공사감리용역(C068),2025,국방부 국군재정관리단,기술용역,,False,44.0,False,낙찰자선정,등록공고,,Y
20251023,25-D-00부대 설계용역(B601),2025,국방부 국군재정관리단,기술용역,,False,44.0,False,낙찰자선정,등록공고,,Y
20251028,25-D-00부대 BTL 전기감리용역(B602),2025,국방부 국군재정관리단,기술용역,,False,176.0,False,낙찰자선정,등록공고,,Y
20251028,25-D-00부대 설계용역(B600),2025,국방부 국군재정관리단,기술용역,,False,31.0,False,낙찰자선정,등록공고,,Y
20251104,육군회관 리모델링 소방감리용역,2025,국방부 국방부근무지원단,기술용역,,False,38.0,False,낙찰자선정,등록공고,,Y
20251106,25-D-00부대 건축물등재 설계용역(B603),2025,국방부 국군재정관리단,기술용역,,False,8.0,False,낙찰자선정,등록공고,,Y
20251107,25-D-00부대 건축물 등재 설계용역(B604),2025,국방부 국군재정관리단,기술용역,,False,8.0,False,낙찰자선정,등록공고,,Y
20251113,25-D-00부대 설계용역(B605),2025,국방부 국군재정관리단,기술용역,,False,31.0,False,낙찰자선정,등록공고,,Y
20251113,25-D-00부대 건축물등재 설계용역(B609),2025,국방부 국군재정관리단,기술용역,,False,16.0,False,낙찰자선정,등록공고,,Y
20251119,25-D-00부대 설계용역(B613),2025,국방부 국군재정관리단,기술용역,,False,38.0,False,낙찰자선정,변경공고,,Y
20251120,18비 유도로 신설 및 활주로 재포장 소방감리용역,2025,공군 제18전투비행단,기술용역,,False,32.0,False,낙찰자선정,등록공고,,Y
20251120,25-D-00부대 설계용역(B611),2025,국방부 국군재정관리단,기술용역,,False,35.0,False,낙찰자선정,등록공고,,Y
20251120,25-D-00부대 설계용역(B614),2025,국방부 국군재정관리단,기술용역,,False,42.0,False,낙찰자선정,등록공고,,Y
20251120,25-D-00부대 기본계획용역(B607),2025,국방부 국군재정관리단,기술용역,,False,26.0,False,낙찰자선정,등록공고,,Y
20251120,25-D-00부대 기본계획용역(B612),2025,국방부 국군재정관리단,기술용역,,False,28.0,False,낙찰자선정,등록공고,,Y
20251121,25-D-00부대 설계용역(B616),2025,국방부 국군재정관리단,기술용역,,False,37.0,False,낙찰자선정,등록공고,,Y
20251124,25-F- 유도로 및 활주로 재포장 전기감리용역(D102),2025,국방부 국군재정관리단,기술용역,,False,11.0,False,낙찰자선정,등록공고,,Y
20251125,25-D-00부대 설계용역(B615),2025,국방부 국군재정관리단,기술용역,,False,25.0,False,낙찰자선정,등록공고,,Y
20251203,동화천 간부숙소 BTL 사업 소방공사 감리용역,2025,육군 제7보병사단,기술용역,,False,28.0,False,낙찰자선정,등록공고,,Y
20251215,계성리 간부숙소 신축 등 4건 소방감리용역,2025,육군 제7보병사단,기술용역,,False,20.0,False,낙찰자선정,등록공고,,Y
20250711,남세종 동원훈련장 관급자재(제로에너지시스템 자동제어) 구매,2025,육군 제32보병사단,물품(내자),전기·조명,False,1.0,False,낙찰자선정,등록공고,N,Y
20250312,[25-육-91] 무선도청탐지시스템 구매,2025,육군본부 기획관리참모부,물품(내자),정보통신,False,1.0,False,낙찰자선정,등록공고,N,Y
20250320,대보수-3차 00부대 풋살장 보수 관급자재(인조잔디 배수판),2025,육군 제 37보병사단,물품(내자),건축자재,False,1.0,False,낙찰자선정,등록공고,N,Y
20250321,35사단 103여단 3대대 풋살장 보수,2025,육군제2632부대,물품(내자),건축자재,False,1.0,False,낙찰자선정,등록공고,N,
20250325,육군학생군사학교 인조잔디 배수판 구매,2025,육군학생군사학교,물품(내자),건축자재,False,1.0,False,낙찰자선정,등록공고,N,
20250326,96여단 1대대 풋살장 인조잔디 배수판 구매,2025,제31보병사단,물품(내자),건축자재,False,1.0,False,낙찰자선정,등록공고,N,Y
20250331,장신리 간부숙소 신축 관급자재(다기능페인트),2025,제22보병사단,물품(내자),제조부품,False,1.0,False,낙찰자선정,등록공고,N,
20250508,25년 1차 안전물자(웨어러블 에어백),2025,국방부 국군조직 육군 군사령부 제2작전사령부,물품(내자),국방·치안·보안,False,1.0,False,낙찰자선정,등록공고,N,
20250620,운학 동원훈련장 개보수 및 내진보강(관급-친환경페인트),2025,제55보병사단,물품(내자),제조부품,False,1.0,False,낙찰자선정,등록공고,N,
20250620,93여단 병영생활관 신축 다기능페인트 구매,2025,제31보병사단,물품(내자),제조부품,True,0.0,True,유찰,등록공고,N,
20250630,93여단 병영생활관 신축 다기능페인트 구매,2025,제31보병사단,물품(내자),제조부품,False,1.0,False,낙찰자선정,재공고,N,
20251020,(25-C-20)00부대 TOD승하강기 설치 관급자재(TOD거치대 폴),2025,제22보병사단,물품(내자),건축자재,False,1.0,False,낙찰자선정,변경공고,N,
20251029,수사장비 취득비 물품 구매(25-2차),2025,국방부 국방부조사본부,물품(내자),국방·치안·보안,False,1.0,False,낙찰자선정,등록공고,N,
20251217,정남진소초 라돈저감시설 설치납품,2025,제31보병사단,물품(내자),기타(99),False,1.0,False,낙찰자선정,등록공고,N,
20250107,(246402-F) PLS세트 제조,2025,육군본부 전력지원체계사업단,물품(내자),운반·포장,True,0.0,True,유찰,등록공고,N,Y
20250204,(246402-F) PLS세트 제조,2025,육군본부 전력지원체계사업단,물품(내자),운반·포장,True,0.0,True,유찰,재공고,N,Y
20250218,[국방홍보원 신축사업] 관급자재 무대장치(그리드아이언) 제조 설치,2025,국방부 국방홍보원,물품(내자),건축자재,False,6.0,False,낙찰자선정,등록공고,Y,
20250228,(256003-G)전자기스펙트럼측정/분석장비2차구매(개조),2025,국방부 국군재정관리단,물품(내자),전기·조명,True,0.0,True,유찰,등록공고,N,Y
20250313,(256017-D) 궤도류 다기종 조립기 제조설치,2025,국방부 국군재정관리단,물품(내자),산업기계,False,2.0,False,낙찰자선정,등록공고,N,Y
20250319,(256021-D)신호탄 시험장비세트 제조설치,2025,국방부 국군재정관리단,물품(내자),산업생산서비스,True,0.0,True,유찰,등록공고,N,Y
20250327,(256038-E) 궤도분해기 제조설치,2025,국방부 국군재정관리단,물품(내자),산업기계,True,0.0,True,유찰,등록공고,N,Y
20250422,"(256109-C) 155mm 추진(모듈, 단위)장약 팔레트 제조",2025,국방부 국군재정관리단,물품(내자),연료·유류,False,3.0,False,낙찰자선정,등록공고,N,Y
20250423,25-N-디지털 교육환경 구축,2025,국방부 해군사관학교,물품(내자),정보통신,False,2.0,False,개찰완료,등록공고,N,Y
20250425,(256021-D)신호탄 시험장비세트 제조설치,2025,국방부 국군재정관리단,물품(내자),산업생산서비스,True,0.0,True,유찰,등록공고,N,Y
20250425,(256038-E) 궤도분해기 제조설치,2025,국방부 국군재정관리단,물품(내자),산업기계,False,2.0,False,낙찰자선정,재공고,N,Y
20250509,(25S1001-A1) 청력보호헤드셋(연구개발),2025,국방부 국군재정관리단,물품(내자),정보통신,False,4.0,False,개찰완료,변경공고,N,
20250502,(256012-G)25년 영상통합공유체계 구축사업(리스자산),2025,국방부 국군재정관리단,물품(내자),정보통신,False,6.0,False,낙찰자선정,등록공고,N,Y
20250502,(256014-G)25년 TOD 원격운용체계 구축(리스자산) 및 CCTV 보호체계 설치,2025,국방부 국군재정관리단,물품(내자),정보통신,False,2.0,False,낙찰자선정,등록공고,N,Y
20250514,(256110-D) 155밀리 추진장약 팔레트 3종 제조,2025,국방부 국군재정관리단,물품(내자),연료·유류,False,4.0,False,낙찰자선정,등록공고,N,Y
20250515,(257079-E) 선수 공통피복 제조,2025,국방부 국군재정관리단,물품(내자),피복·개인용품,False,2.0,False,낙찰자선정,등록공고,N,Y
20250521,(256016-G) 25년 LAN 교체사업(리스자산),2025,국방부 국군재정관리단,물품(내자),발전·배전,False,4.0,False,낙찰자선정,등록공고,N,Y
20250522,(257027-H)사이버 교육용 HW 및 SW 구매,2025,국방부 국군재정관리단,물품(내자),정보통신,False,3.0,False,낙찰자선정,등록공고,N,Y
20250522,(256111-E) 155밀리 탄두 팔레트 5종 제조,2025,국방부 국군재정관리단,물품(내자),연료·유류,False,3.0,False,낙찰자선정,등록공고,N,Y
20250527,(256022-G) 1보급단 물류센터 출고장 분류 자동화시스템 장비 구매설치,2025,국방부 국군재정관리단,물품(내자),건축자재,True,2.0,False,유찰,등록공고,N,Y
20250528,25-N-B737 비행절차 훈련장비 확보,2025,해군항공사령부,물품(내자),정보통신,False,2.0,False,개찰완료,등록공고,N,Y
20250529,(256015-G)25년 지능형 사이버위협분석 대응체계 구축사업(리스자산),2025,국방부 국군재정관리단,물품(내자),정보통신,False,2.0,False,낙찰자선정,등록공고,N,Y
20250602,(256029-G) 25년 VoIP 교환기 교체사업(리스자산),2025,국방부 국군재정관리단,물품(내자),정보통신,False,2.0,False,낙찰자선정,등록공고,N,Y
20250605,(256108-B) 파라핀 지환통 2종 제조,2025,국방부 국군재정관리단,물품(내자),화학·화공,True,0.0,True,유찰,등록공고,N,
20250605,25-F-기지 네트워크 개선(리스자산),2025,공군군수사령부,물품(내자),정보통신,False,0.0,True,개찰완료,등록공고,N,
20250610,(256138-B) 25년 데스크탑PC도입사업(리스자산),2025,국방부 국군재정관리단,물품(내자),정보통신,False,4.0,False,낙찰자선정,등록공고,Y,Y
20250612,25-N-해·육상부대 교환기 교체(리스자산),2025,해군군수사령부,물품(내자),정보통신,False,2.0,False,개찰완료,등록공고,N,Y
20250612,25~26-F-감시장비 교체,2025,공군군수사령부,물품(내자),정보통신,False,2.0,False,개찰완료,등록공고,N,
20250616,(256022-G) 1보급단 물류센터 출고장 분류 자동화시스템 장비 구매설치,2025,국방부 국군재정관리단,물품(내자),건축자재,False,3.0,False,낙찰자선정,재공고,N,Y
20250618,(256151-F) 권총조준경 구매,2025,국방부 국군재정관리단,물품(내자),스포츠·레저,False,3.0,False,낙찰자선정,등록공고,N,
20250619,25-F-브리핑시스템 도입(리스자산),2025,공군군수사령부,물품(내자),정보통신,False,4.0,False,개찰완료,등록공고,N,Y
20250620,25-N-자동소음측정망 구축 사업,2025,국방부 국군재정관리단,물품(내자),정보통신,False,4.0,False,개찰완료,등록공고,N,Y
20250625,(256035-G) 25년 스마트훈련병관리체계 확대구축(리스자산),2025,국방부 국군재정관리단,물품(내자),정보통신,False,2.0,False,낙찰자선정,등록공고,N,Y
20250626,25-N-브리핑화상회의체계 도입(리스자산),2025,해군군수사령부,물품(내자),인쇄·영상,False,4.0,False,개찰완료,등록공고,N,Y
20250630,국방 사이버보안 지원체계 구축(HW 구매)(리스자산),2025,국군제1068부대,물품(내자),정보통신,False,6.0,False,낙찰자선정,등록공고,N,Y
20250709,(256162-D) 권총 전술라이트 구매,2025,국방부 국군재정관리단,물품(내자),인쇄·영상,True,0.0,True,유찰,등록공고,N,Y
20250709,(257132-F) M-MOOC 스튜디오 방송장비 교체사업(리스자산),2025,국방부 국군재정관리단,물품(내자),인쇄·영상,False,2.0,False,낙찰자선정,등록공고,N,Y
20250711,25-F-T-50계열 TIMS 노후장비 교체,2025,공군 제1전투비행단,물품(내자),정보통신,False,0.0,True,개찰완료,등록공고,N,Y
20250715,(256163-E) 노트북 도입사업(리스자산),2025,국방부 국군재정관리단,물품(내자),정보통신,False,4.0,False,낙찰자선정,등록공고,N,Y
20250723,25-N-근거리전산망(LAN) 도입(리스자산),2025,해군본부,물품(내자),발전·배전,False,0.0,True,개찰완료,등록공고,N,Y
20250724,(256188-F) 생도 활동복류 제조,2025,국방부 국군재정관리단,물품(내자),피복·개인용품,False,4.0,False,낙찰자선정,등록공고,N,Y
20250728,(256036-G) 25년 화상회의 교체사업(리스자산),2025,국방부 국군재정관리단,물품(내자),인쇄·영상,True,0.0,True,유찰,등록공고,N,Y
20250729,(256108-B) 파라핀 지환통 2종 제조,2025,국방부 국군재정관리단,물품(내자),화학·화공,False,2.0,False,낙찰자선정,재공고,N,Y
20250729,25-N-별관신축 네트워크 장비 도입사업(리스자산),2025,기동함대사령부,물품(내자),정보통신,False,0.0,True,개찰완료,등록공고,N,Y
20250730,(25S1001-B1) 지능형 스마트부대 확대구축(리스자산),2025,육군본부 정보체계관리단,물품(내자),정보통신,False,4.0,False,낙찰자선정,등록공고,N,Y
20250807,25-N-해군 역사 만화책 및 팝업북 제작,2025,해군본부,물품(내자),편집·디자인,True,0.0,True,유찰,등록공고,N,Y
20250807,25-N-00사 국방망 무선랜 시범 구축(리스자산),2025,해군교육사령부,물품(내자),정보통신,False,0.0,True,개찰완료,등록공고,N,Y
20250811,(256199-E) 생도 운동복류 제조,2025,국방부 국군재정관리단,물품(내자),피복·개인용품,False,3.0,False,낙찰자선정,등록공고,N,Y
20250813,(257041-H)정보유출 방지용 시스템 보강,2025,국방부 국군재정관리단,물품(내자),기타(99),False,2.0,False,낙찰자선정,등록공고,N,Y
20250820,(256036-G) 25년 화상회의 교체사업(리스자산),2025,국방부 국군재정관리단,물품(내자),인쇄·영상,False,0.0,True,개찰완료,등록공고,N,Y
20250826,(25S2001-C1)25-N-통합기상해양정보체계 교체(리스자산),2025,국방부 국군재정관리단,물품(내자),정보통신,False,0.0,True,개찰완료,등록공고,N,Y
20250826,(256222-F) oo조사 피복류 제조납품,2025,국방부 국군재정관리단,물품(내자),피복·개인용품,False,2.0,False,낙찰자선정,등록공고,N,Y
20250827,(257040-H)유사통신망 네트워크 통합사업(리스자산),2025,국방부 국군재정관리단,물품(내자),정보통신,False,0.0,True,낙찰자선정,등록공고,N,Y
20250828,(256196-F) 입고세척 자동화체계 제조설치,2025,국방부 국군재정관리단,물품(내자),기타(99),False,4.0,False,낙찰자선정,등록공고,N,Y
20250829,25-N-근거리전산망(LAN) 도입(리스자산),2025,해군본부,물품(내자),발전·배전,False,0.0,True,개찰완료,등록공고,N,Y
20250919,(256218-F) 자동소음측정망 구축(서버미설치 수방사),2025,국방부 국군재정관리단,물품(내자),실험·측정기기,False,0.0,True,개찰완료,등록공고,N,Y
20250919,(256213-F) 자동소음측정망 구축(서버미설치 1군단),2025,국방부 국군재정관리단,물품(내자),실험·측정기기,False,0.0,True,개찰완료,등록공고,N,Y
20250919,(256216-D) 자동소음측정망 구축(서버 미설치 교육사),2025,국방부 국군재정관리단,물품(내자),실험·측정기기,False,4.0,False,낙찰자선정,등록공고,N,Y
20250919,(256214-F) 자동소음측정망 구축(서버미설치 2군단),2025,국방부 국군재정관리단,물품(내자),실험·측정기기,False,0.0,True,개찰완료,등록공고,N,Y
20250919,"(256209-C) 자동소음측정망 구축(서버설치, 2307부대)",2025,국방부 국군재정관리단,물품(내자),실험·측정기기,False,4.0,False,낙찰자선정,등록공고,N,Y
20250919,(256219-D) 자동소음측정망 구축(서버 미설치 특전사),2025,국방부 국군재정관리단,물품(내자),실험·측정기기,False,4.0,False,낙찰자선정,등록공고,N,Y
20250919,"(256211-C) 자동소음측정망 구축(서버설치, 항공사)",2025,국방부 국군재정관리단,물품(내자),실험·측정기기,False,4.0,False,낙찰자선정,등록공고,N,Y
20250919,(256208-E) 자동소음측정망 구축(서버설치 2작사),2025,국방부 국군재정관리단,물품(내자),실험·측정기기,False,4.0,False,낙찰자선정,등록공고,N,Y
20250919,(256210-E) 자동소음측정망 구축(서버설치 5군단),2025,국방부 국군재정관리단,물품(내자),실험·측정기기,False,4.0,False,낙찰자선정,등록공고,N,Y
20250919,(256217-D) 자동소음측정망 구축(서버미설치 수도군단),2025,국방부 국군재정관리단,물품(내자),실험·측정기기,False,4.0,False,낙찰자선정,등록공고,N,Y
20250919,(256215-D) 자동소음측정망 구축(서버 미설치 7군단),2025,국방부 국군재정관리단,물품(내자),실험·측정기기,False,4.0,False,낙찰자선정,등록공고,N,Y
20250923,(25S1001-B3)25~26년 피아식별IR 제조,2025,육군본부 전력지원체계사업단,물품(내자),전기·조명,True,0.0,True,유찰,등록공고,N,
20250924,(25S1001-B6) 다목적 모듈 복합드론 제조,2025,국방부 국군재정관리단,물품(내자),차량·수송장비,False,2.0,False,낙찰자선정,등록공고,Y,Y
20250924,(25S1001-B7)사족형 견마로봇 제조,2025,국방부 국군재정관리단,물품(내자),서비스산업장비,True,0.0,True,유찰,등록공고,Y,Y
20250924,(25S1001-B8)폭발물 탐지기 제조,2025,국방부 국군재정관리단,물품(내자),국방·치안·보안,True,0.0,True,유찰,등록공고,Y,Y
20251014,(25S1001-B4)25~26년 PLS세트 제조,2025,국방부 국군재정관리단,물품(내자),운반·포장,True,0.0,True,유찰,등록공고,N,Y
20251016,(25S1001-B8)폭발물 탐지기 제조,2025,국방부 국군재정관리단,물품(내자),국방·치안·보안,True,0.0,True,유찰,등록공고,Y,Y
20251027,25-덕-홍보품 제작 구매,2025,해병 제9691부대,물품(내자),사무기기,True,0.0,True,유찰,등록공고,N,Y
20251030,(25S2001-C2) 스마트 항공기지 시범부대 구축 사업(리스자산),2025,국방부 국군재정관리단,물품(내자),정보통신,False,0.0,True,개찰완료,등록공고,N,Y
20251105,(25S1001-B4)25~26년 PLS세트 제조,2025,국방부 국군재정관리단,물품(내자),운반·포장,True,0.0,True,유찰,재공고,N,Y
20251106,25-덕-홍보품 제작 구매,2025,해병 제9691부대,물품(내자),사무기기,True,0.0,True,유찰,재공고,N,Y
20251120,25~26-M-비궁 시뮬레이터 도입,2025,해병대 군수단,물품(내자),정보통신,False,0.0,True,개찰완료,등록공고,N,Y
20251125,(25S1001-B9)XR기반 지뢰훈련 교육훈련체계 구축,2025,국방부 국군재정관리단,물품(내자),악기·교재,False,0.0,True,개찰완료,등록공고,N,Y
20251127,(25S1001-C3) 대대급 합성훈련환경(STE) 체계구축사업,2025,국방부 국군재정관리단,물품(내자),정보통신,False,0.0,True,개찰완료,등록공고,N,
20251211,25~26년 피아식별IR 제조 사업,2025,육군군수사령부,물품(내자),전기·조명,False,0.0,True,개찰완료,등록공고,N,Y
20251219,2026년 KFN TV 프로그램 분장 및 코디 용역,2025,국방부 국방홍보원,일반용역,,False,1.0,False,낙찰자선정,등록공고,N,
20251219,2026년 KFN TV 프로그램 설치 및 해체 용역,2025,국방부 국방홍보원,일반용역,,False,1.0,False,낙찰자선정,등록공고,N,
20250318,25년 탄약관리지원사업 시설부대비 차량 임차 용역,2025,육군탄약지원사령부,일반용역,운송·물류,True,0.0,True,유찰,등록공고,,N
20250318,25~28년 임차용 비데 용역계약,2025,육군제73보병사단,일반용역,산업생산서비스,True,0.0,True,유찰,등록공고,,N
20250521,25-J-비데 임차 용역,2025,해병대제9여단,일반용역,산업생산서비스,True,0.0,True,유찰,등록공고,,N
20250526,25-Y-비데 임차용역(25~28),2025,해병대9518부대,일반용역,산업생산서비스,True,0.0,True,유찰,등록공고,,Y
20250527,25-J-비데 임차 용역,2025,해병대제9여단,일반용역,산업생산서비스,False,2.0,False,낙찰자선정,등록공고,,N
20250715,25년 비데 임차 용역,2025,육군제23경비여단,일반용역,산업생산서비스,False,2.0,False,낙찰자선정,등록공고,,Y
20250722,25~28년 비데 임차용역(25-23),2025,제3공병여단,일반용역,산업생산서비스,False,2.0,False,낙찰자선정,등록공고,,Y
20251017,25-덕-비데 임차 용역,2025,해병 제9691부대,일반용역,산업생산서비스,True,0.0,True,유찰,등록공고,,N
20251024,25-덕-비데 임차 용역,2025,해병 제9691부대,일반용역,산업생산서비스,True,0.0,True,유찰,등록공고,,N
20251030,25년 ~ 28년 00부대 비데 임차용역,2025,육군 과학화 전투훈련단,일반용역,산업생산서비스,False,4.0,False,개찰완료,등록공고,,N
20251031,25-덕-비데 임차 용역,2025,해병 제9691부대,일반용역,산업생산서비스,False,2.0,False,낙찰자선정,등록공고,,Y
20251110,개편부대 비데 임차 계약,2025,제3보병사단,일반용역,산업생산서비스,True,0.0,True,유찰,등록공고,,N
20251114,개편부대 비데 임차 계약(36개월),2025,제3보병사단,일반용역,산업생산서비스,False,3.0,False,낙찰자선정,등록공고,,N
20250109,(24F084-G)메타버스기반모집홍보센터 유지관리/고도화,2025,국방부 국군재정관리단,일반용역,,False,2.0,False,낙찰자선정,등록공고,N,Y
20250113,[25-육-2] 안보교육 홍보물(DID 숏츠 등) 제작 용역,2025,육군본부 기획관리참모부,일반용역,,False,2.0,False,낙찰자선정,변경공고,N,Y
20250113,[25-육-3] 영상콘텐츠 제작용역(스케치드라마),2025,육군본부 기획관리참모부,일반용역,,False,6.0,False,낙찰자선정,변경공고,N,Y
20250113,[25-육-4] 영상콘텐츠 제작용역(ROKA대백과사전),2025,육군본부 기획관리참모부,일반용역,,True,0.0,True,유찰,등록공고,N,Y
20250113,[25-육-5] 육군지 편집디자인 용역,2025,육군본부 기획관리참모부,일반용역,,True,0.0,True,유찰,등록공고,N,Y
20250114,(24G301-A) 안전관리자 위탁용역,2025,국방부 국군재정관리단,일반용역,,True,0.0,True,유찰,등록공고,N,
20250117,(24G328-B1) 분석모델 전문분석관 운용용역,2025,국방부 국군재정관리단,일반용역,,True,0.0,True,유찰,등록공고,N,
20250120,(24G323-I) 국외영주권자 등 병사 주거래여행사 용역,2025,국방부 국군재정관리단,일반용역,,False,4.0,False,낙찰자선정,등록공고,N,Y
20250124,(25F003-B) 호국미술대전 행사대행 용역,2025,국방부 국군재정관리단,일반용역,,False,3.0,False,개찰완료,변경공고,N,Y
20250124,25년 학군장교 임관식 행사용역,2025,육군학생군사학교,일반용역,,False,2.0,False,낙찰자선정,등록공고,N,Y
20250124,25-M-분석모델 운영 사업,2025,국방부 국군재정관리단,일반용역,,True,0.0,True,유찰,등록공고,N,Y
20250124,25~26-F-정비창 스마트팩토리체계 구축 감리,2025,국방부 국군재정관리단,일반용역,,False,4.0,False,개찰완료,등록공고,N,Y
20250211,[25-육-35] 제11회 육군력 포럼,2025,육군본부 기획관리참모부,일반용역,,True,0.0,True,유찰,등록공고,N,Y
20250211,(25F014-A) 홍보전략컨설팅 종합홍보영역,2025,국방부 국군재정관리단,일반용역,,False,2.0,False,개찰완료,등록공고,N,Y
20250211,25-N-일하는 문화 혁신 연구용역,2025,국방부 국군재정관리단,일반용역,,False,2.0,False,개찰완료,등록공고,N,Y
20250211,[25-육-26] 정신전력교육 영상교재 제작(군인정신),2025,육군본부 기획관리참모부,일반용역,,False,3.0,False,낙찰자선정,등록공고,N,Y
20250212,"25-F-국지계기절차,비행안전영향평가 체계 유지보수",2025,국방부 국군재정관리단,일반용역,,True,0.0,True,유찰,등록공고,N,Y
20250212,(24G328-B1) 분석모델 전문분석관 운용용역,2025,국방부 국군재정관리단,일반용역,,False,2.0,False,낙찰자선정,재공고,N,Y
20250212,(25G007-B)25년 정신전력 영상교재 제작 용역,2025,국방부 국군재정관리단,일반용역,,False,5.0,False,낙찰자선정,등록공고,N,Y
20250217,(25F023-I) GOP 및 해강안 소초 찾아가는 문화공연,2025,국방부 국군재정관리단,일반용역,,False,4.0,False,낙찰자선정,등록공고,N,Y
20250217,(25F029-I) 2025년 육군 기획공연 제작 및 공연 용역,2025,국방부 국군재정관리단,일반용역,,False,2.0,False,개찰완료,등록공고,N,Y
20250218,25-N-교과목형 R-CBT 콘텐츠 개발,2025,국방부 국군재정관리단,일반용역,,False,4.0,False,개찰완료,등록공고,N,Y
20250219,25-F-공군 분석모델 운영사업,2025,국방부 국군재정관리단,일반용역,,False,3.0,False,개찰완료,등록공고,N,Y
20250219,(25F035-I) 25년 안전진단 민간용역,2025,국방부 국군재정관리단,일반용역,,False,2.0,False,개찰완료,등록공고,N,Y
20250222,25년 학군후보생 집중정신전력교육 운영 용역,2025,육군학생군사학교,일반용역,,False,2.0,False,낙찰자선정,등록공고,N,Y
20250224,(25G003-H)25~26합동전파관리체계개선및유지관리용역,2025,국방부 국군재정관리단,일반용역,,True,0.0,True,유찰,등록공고,N,
20250224,[25-육-56] 육군 SNS 운영전략 컨설팅 용역,2025,육군본부 기획관리참모부,일반용역,,False,2.0,False,낙찰자선정,등록공고,N,Y
20250225,25-N-다영역 전장 교훈분석과 미래 해양전 발전방안 연구,2025,국방부 국군재정관리단,일반용역,,True,0.0,True,유찰,등록공고,N,Y
20250225,(25F004-G)AI기반해안경계작전체계SW시범도입감리용역,2025,국방부 국군재정관리단,일반용역,,False,3.0,False,낙찰자선정,등록공고,N,Y
20250226,25-F-공군 전투부대 순회 집중정신전력교육 용역,2025,공군본부,일반용역,,False,3.0,False,개찰완료,등록공고,N,Y
20250226,25-N-함정 EMP 방호수준 강화를 위한 함정설계 적용 방안 연구,2025,해군본부,일반용역,,False,2.0,False,개찰완료,등록공고,N,Y
20250227,(24F022-A) 정신전력 교육영상교재(국가관 안보관) 제작용역,2025,국방부 국군재정관리단,일반용역,,False,4.0,False,개찰완료,등록공고,N,
20250227,25-1차 개념설계 기술지원 연구용역,2025,해군본부,일반용역,,False,2.0,False,개찰완료,등록공고,N,Y
20250227,25-2차 개념설계 기술지원 연구용역,2025,해군본부,일반용역,,True,0.0,True,유찰,등록공고,N,Y
20250227,(25G040-I) OO지역 지형정보 제작,2025,국방부 국군재정관리단,일반용역,,False,2.0,False,개찰완료,등록공고,N,Y
20250318,25-N-상용 무인이동체를 활용한 동원선박 실제훈련,2025,해군본부,일반용역,,False,2.0,False,개찰완료,변경공고,N,Y
20250228,25-N-창끝부대 안보콘서트 공연 대행 용역(259049-J),2025,국방부 해군본부,일반용역,,False,7.0,False,낙찰자선정,등록공고,N,Y
20250304,25-N-상용 무인체계의 예비전력 활용방안 연구,2025,해군본부,일반용역,,True,0.0,True,유찰,등록공고,N,Y
20250304,[25-육-62] 육군 다큐멘터리 제작 용역,2025,육군본부 기획관리참모부,일반용역,,True,0.0,True,유찰,등록공고,N,Y
20250304,[25-육-63] 미래 군 간부 급여 적정수준 연구용역,2025,육군본부 기획관리참모부,일반용역,,True,0.0,True,유찰,등록공고,N,Y
20250304,[25-육-64] 육군 부사관 모집제도 개선 연구,2025,육군본부 기획관리참모부,일반용역,,True,0.0,True,유찰,등록공고,N,Y
20250305,(25F037-A) 인력획득 홍보영상 콘텐츠 제작용역,2025,국방부 국군재정관리단,일반용역,,False,7.0,False,개찰완료,등록공고,N,
20250305,25-N-생성형 AI 기술의 함정 설계건조 기준 활용 연구,2025,해군본부,일반용역,,False,2.0,False,개찰완료,등록공고,N,Y
20250306,(25F036-I) 25년 문화예술단체 대대급 부대 순회공연,2025,국방부 국군재정관리단,일반용역,,False,2.0,False,개찰완료,등록공고,N,Y
20250306,(25G052-I) 25년 군사지도제작 용역,2025,국방부 국군재정관리단,일반용역,,True,0.0,True,유찰,등록공고,N,Y
20250307,(25G044-I) 25년 한국 안보·역사·문화탐방 대행용역,2025,국방부 국군재정관리단,일반용역,,True,0.0,True,유찰,등록공고,N,Y
20250307,"25-F-국지계기절차,비행안전영향평가 체계 유지보수",2025,공군항공우주안전단,일반용역,,True,0.0,True,유찰,재공고,N,Y
20250307,25-N-첨단기술기반 미래 무인잠수함(정) 발전방향연구,2025,해군본부,일반용역,,True,2.0,False,유찰,등록공고,N,Y
20250307,25-F-국민과 함께하는 공군 정기음악회 대행 용역,2025,공군본부,일반용역,,True,0.0,True,유찰,등록공고,N,Y
20250311,(25G008-H)3차원 디지털 지형정보 구축,2025,국방부 국군재정관리단,일반용역,,True,0.0,True,유찰,등록공고,N,Y
20250311,(25F001-G) 25년 교육정보종합시스템 SW 유지보수용역,2025,국방부 국군재정관리단,일반용역,,True,0.0,True,유찰,등록공고,N,Y
20250311,25-N-차세대 첨단함정 건조가능성 검토 연구용역(Ⅱ),2025,해군본부,일반용역,,True,0.0,True,유찰,등록공고,N,Y
20250311,25-N-0사령부 해상근무자 정신전력 집체교육 대행용역,2025,해군본부,일반용역,,False,4.0,False,개찰완료,등록공고,N,Y
20250312,25-N-수중무인전력 무선충전 활용현황 및 적용 가능성,2025,해군본부,일반용역,,True,0.0,True,유찰,등록공고,N,Y
20250313,(25G009-H)25년 사이버 최고 전문가 교육과정,2025,국방부 국군재정관리단,일반용역,,True,0.0,True,유찰,등록공고,N,Y
20250320,[25-육-89] 인권교육 영상교재 제작,2025,육군본부 기획관리참모부,일반용역,,False,8.0,False,낙찰자선정,변경공고,N,Y
20250317,25-M-교과목형 CBT 콘텐츠 개발,2025,해병대교육훈련단,일반용역,,False,8.0,False,개찰완료,등록공고,N,Y
20250317,25-N-장병 정신전력교육용 영상 제작 용역,2025,해군본부,일반용역,,False,3.0,False,개찰완료,등록공고,N,Y
20250317,25-3차 개념설계 기술지원 연구용역,2025,해군본부,일반용역,,True,0.0,True,유찰,등록공고,N,Y
20250318,25-F-공군 학군사관후보생 집중정신전력교육 용역,2025,공군본부,일반용역,,False,4.0,False,개찰완료,등록공고,N,Y
20250318,(25G010-H)국방정보화표준관리시스템 표준 확대,2025,국방부 국군재정관리단,일반용역,,False,2.0,False,낙찰자선정,등록공고,N,Y
20250318,25-N-해군 해상근무자 및 중견간부 정신전력 집체교육 대행 용역,2025,해군본부,일반용역,,False,4.0,False,개찰완료,등록공고,N,Y
20250318,25-N-해군 영상 콘텐츠 기획·제작 용역,2025,해군본부,일반용역,,False,6.0,False,개찰완료,등록공고,N,Y
20250319,25~26-N-00사 함포 모의장비형 R-CBT 성능개선,2025,해군교육사령부,일반용역,,False,3.0,False,개찰완료,등록공고,N,Y
20250319,25~26-N-00사 유도탄기만체계 모의장비형 R-CBT 개선,2025,해군교육사령부,일반용역,,False,2.0,False,개찰완료,등록공고,N,Y
20250319,25-F-딘 헤스 대령 10주기 추모행사 대행용역,2025,공군본부,일반용역,,False,3.0,False,개찰완료,등록공고,N,Y
20250319,25-N-해상풍력발전의 해군작전 영향성 평가,2025,해군본부,일반용역,,False,4.0,False,개찰완료,등록공고,N,Y
20250319,25-N-연안 해저작전환경 조사 용역,2025,해군본부,일반용역,,False,6.0,False,개찰완료,등록공고,N,Y
20250319,25-N-주요 군항만 기뢰매몰률 특성조사 용역,2025,해군본부,일반용역,,False,2.0,False,개찰완료,등록공고,N,Y
20250319,25-N-해군 해양환경 DB 표준화 및 품질관리 용역,2025,해군본부,일반용역,,True,2.0,False,유찰,등록공고,N,Y
20250319,25-F-공군역사 교육 및 홍보 영상물 제작용역,2025,공군본부,일반용역,,False,4.0,False,개찰완료,등록공고,N,Y
20250321,25-N-해군창설 80주년 기념 정기연주회 대행용역,2025,해군본부,일반용역,,False,2.0,False,개찰완료,등록공고,N,Y
20250321,25-F-공군 홍보영상 제작 용역,2025,공군본부,일반용역,,False,13.0,False,개찰완료,등록공고,N,Y
20250321,25-N-위성영상 기반 특정해역 연안 해저 작전환경조사,2025,해군작전사령부,일반용역,,False,2.0,False,개찰완료,등록공고,N,Y
20250324,(25F006-G)국방교육훈련관리체계(DTMS)SW개발감리용역,2025,국방부 국군재정관리단,일반용역,,False,2.0,False,낙찰자선정,등록공고,N,Y
20250325,장병 테러예방 교육 콘텐츠제작 용역,2025,국군제1068부대,일반용역,,True,0.0,True,유찰,등록공고,N,Y
20250325,[25-육-62] 육군 다큐멘터리 제작 용역,2025,육군본부 기획관리참모부,일반용역,,True,0.0,True,유찰,재공고,N,Y
20250325,[25-육-63] 미래 군 간부 급여 적정수준 연구용역,2025,육군본부 기획관리참모부,일반용역,,False,3.0,False,낙찰자선정,재공고,N,Y
20250325,(25G011-H)KVMF 표준적합성시험도구 성능개량,2025,국방부 국군재정관리단,일반용역,,False,2.0,False,낙찰자선정,등록공고,N,Y
20250326,25-F-우주기상 영향연구 용역,2025,공군작전사령부,일반용역,,False,2.0,False,개찰완료,등록공고,N,Y
20250327,[25-육-104] 부대정신 브랜드 개발 사업 용역,2025,육군본부 기획관리참모부,일반용역,,False,8.0,False,낙찰자선정,변경공고,N,Y
20250331,[25-육-64] 육군 부사관 모집제도 개선 연구,2025,육군본부 기획관리참모부,일반용역,,True,0.0,True,유찰,재공고,N,Y
20250331,(25F088-A) XR기반지뢰교육 훈련체계 2차 선행연구 용역,2025,국방부 국군재정관리단,일반용역,,False,3.0,False,개찰완료,등록공고,N,
20250401,25-N-MRO 사업 추진을 위한 군직 외주정비 기준 정립,2025,해군군수사령부,일반용역,,False,2.0,False,개찰완료,등록공고,N,Y
20250402,25-N-국제해양방위산업전 해군 홍보부스 설치 및 운영,2025,해군본부,일반용역,,False,2.0,False,낙찰자선정,등록공고,N,Y
20250402,25-N-탄약고 내 탄약 다단(4단 이상) 적재 방안 개발,2025,해군군수사령부,일반용역,,False,2.0,False,낙찰자선정,등록공고,N,Y
20250403,(25G003-H)25~26합동전파관리체계개선및유지관리용역,2025,국방부 국군재정관리단,일반용역,,True,0.0,True,유찰,재공고,N,Y
20250403,(25G008-H)3차원 디지털 지형정보 구축,2025,국방부 국군재정관리단,일반용역,,True,0.0,True,유찰,재공고,N,Y
20250403,25-F-공군 정신전력교육 영상 제작 용역,2025,공군본부,일반용역,,False,2.0,False,개찰완료,등록공고,N,Y
20250403,25-N-교전급 분석모델 활용 전투실험 수행방안 연구,2025,해군본부,일반용역,,True,0.0,True,유찰,등록공고,N,Y
20250403,25-N-계약자 운용형태의 해군 유무인복합전투체계연구,2025,해군본부,일반용역,,False,2.0,False,개찰완료,등록공고,N,Y
20250403,25-F-국민과 함께하는 공군 정기음악회 대행 용역,2025,공군본부,일반용역,,False,2.0,False,개찰완료,재공고,N,Y
20250404,(25G044-I) 25년 한국 안보·역사·문화탐방 대행용역,2025,국방부 국군재정관리단,일반용역,,True,0.0,True,유찰,재공고,N,Y
20250408,25-F-KAF-WRF 강수 예측 성능 향상 연구,2025,공군본부,일반용역,,True,0.0,True,유찰,등록공고,N,Y
20250408,[25-육-123] 맞춤형 집중정신전력교육 프로그램 설계,2025,육군본부 기획관리참모부,일반용역,,True,0.0,True,유찰,등록공고,N,Y
20250410,25-N-해군 해양환경 DB 표준화 및 품질관리 용역,2025,해군본부,일반용역,,False,2.0,False,개찰완료,재공고,N,Y
20250410,25-F-비행장 피해복구 통합관리체계 작전운용성능 보완 연구용역,2025,공군본부,일반용역,,True,0.0,True,유찰,등록공고,N,Y
20250415,[25-육-133] 성인지교육 콘텐츠 제작 용역,2025,육군본부 기획관리참모부,일반용역,,False,3.0,False,낙찰자선정,등록공고,N,Y
20250415,25-N-기뢰(K-701) 낙하산 투하장치 구성품 대체 연구,2025,해군군수사령부,일반용역,,True,0.0,True,유찰,등록공고,N,Y
20250416,25-N-수중건설 작전수행능력 강화를 위한 유무인 복합전투체계 구축 및 운용방안 연구,2025,해군본부,일반용역,,True,0.0,True,유찰,등록공고,N,Y
20250416,25-F-스페이스챌린지 2025 행사용역,2025,공군본부,일반용역,,False,3.0,False,개찰완료,등록공고,N,Y
20250417,전력기획과 연구용역,2025,국방부 합동참모본부,일반용역,,True,0.0,True,유찰,등록공고,N,N
20250421,(25G092-A) 범국민 안보의식조사연구용역,2025,국방부 국군재정관리단,일반용역,,False,5.0,False,개찰완료,등록공고,N,
20250422,25~26-N-수중음향 표적식별 모델 학습용 데이터 구축 감리,2025,해군군수사령부,일반용역,,False,2.0,False,개찰완료,등록공고,N,Y
20250423,25년 주요 해상교통로의 선종별 통항 선박규모 연구용역,2025,해군본부,일반용역,,True,2.0,False,유찰,등록공고,N,Y
20250423,25년 해군 물류체계 최적화 방안 연구용역,2025,해군본부,일반용역,,False,3.0,False,낙찰자선정,등록공고,N,Y
20250424,"25-N-해군전력(함정,항공기) 아웃소싱 방안 연구",2025,해군본부,일반용역,,True,0.0,True,유찰,등록공고,N,Y
20250425,25-N-해군창설 80주년 기념 해군 문화공연 대행 용역,2025,해군본부,일반용역,,False,3.0,False,개찰완료,등록공고,N,Y
20250425,25-F-군 기후변화 감시 및 대응 방안 연구 용역,2025,공군본부,일반용역,,True,0.0,True,유찰,등록공고,N,Y
20250425,(25F011-G)25년 육군 모바일업무수행체계유지보수사업,2025,국방부 국군재정관리단,일반용역,,False,3.0,False,낙찰자선정,등록공고,N,Y
20250516,(25F108-A) 생도 안보동맹 현장방문 용역,2025,국방부 국군재정관리단,일반용역,,False,7.0,False,개찰완료,변경공고,N,
20250430,(25F112-I) 25년 생도 국토순례 용역,2025,국방부 국군재정관리단,일반용역,,True,0.0,True,유찰,등록공고,N,Y
20250501,[25-육-145] 물자동원업무 영상교재 제작,2025,육군본부 기획관리참모부,일반용역,,True,0.0,True,유찰,등록공고,N,Y
20250501,[25-육-123] 맞춤형 집중정신전력교육 프로그램 설계,2025,육군본부 기획관리참모부,일반용역,,False,2.0,False,낙찰자선정,재공고,N,Y
20250502,(25G013-H)생성형AI적용내부망정보검색및요약기술실증,2025,국방부 국군재정관리단,일반용역,,False,8.0,False,낙찰자선정,등록공고,N,
20250502,25-F-소형급 무인항공기 사고조사 표준절차 연구 용역,2025,공군항공우주안전단,일반용역,,False,2.0,False,개찰완료,등록공고,N,Y
20250502,25-F-KAF-WRF 강수 예측 성능 향상 연구,2025,공군본부,일반용역,,True,0.0,True,유찰,재공고,N,Y
20250502,25-F-4차 산업혁명기술적용공군모의모델발전방향 연구,2025,공군본부,일반용역,,False,2.0,False,낙찰자선정,등록공고,N,Y
20250507,(25F115-A) 부품단종정보 획득 용역,2025,국방부 국군재정관리단,일반용역,,False,2.0,False,개찰완료,등록공고,N,Y
20250507,K-RMF 제로트러스트 오버레이 및 SRG 개발 연구용역,2025,국군제1068부대,일반용역,,False,2.0,False,낙찰자선정,등록공고,N,
20250508,25-해병-NCS 기반 직무표준화 교육 위탁 용역,2025,해병 제9691부대,일반용역,,True,0.0,True,유찰,등록공고,N,
20250509,25-F-비행장 피해복구 통합관리체계 작전운용성능 보완 연구용역,2025,공군본부,일반용역,,True,0.0,True,유찰,재공고,N,Y
20250513,(25G114-A) 한미동맹 강화콘서트 대행용역,2025,국방부 국군재정관리단,일반용역,,False,2.0,False,개찰완료,등록공고,N,Y
20250513,(25G106-A) 군장병 정신건강 실태조사용역,2025,국방부 국군재정관리단,일반용역,,False,2.0,False,개찰완료,등록공고,N,Y
20250515,(25G021-H)전군 사이버인력 전문화 온라인교육,2025,국방부 국군재정관리단,일반용역,,False,4.0,False,낙찰자선정,등록공고,N,Y
20250515,[25-육-156] 육군 온라인 콘텐츠 제작,2025,육군본부 기획관리참모부,일반용역,,False,2.0,False,낙찰자선정,등록공고,N,Y
20250515,25-F-공군 통합정보작전 과학적 효과평가 방법 연구,2025,공군본부,일반용역,,True,0.0,True,유찰,등록공고,N,Y
20250516,25-F-화학전 하 비행기지 화생방 작전절차 개선 연구,2025,공군본부,일반용역,,False,2.0,False,개찰완료,등록공고,N,Y
20250516,조종사 전역에 따른 기회비용 및 원가 분석 연구,2025,공군본부,일반용역,,True,0.0,True,유찰,등록공고,N,
20250516,공군 능력평가 연구,2025,공군본부,일반용역,,True,0.0,True,유찰,등록공고,N,
20250516,공군 병사 피복류의 효율적 운영 방안 연구,2025,공군본부,일반용역,,False,2.0,False,낙찰자선정,등록공고,N,
20250519,25-F-공군 기상레이다 영상 품질보정기술 연구,2025,공군본부,일반용역,,True,0.0,True,유찰,등록공고,N,Y
20250520,25년 해양감시 군집위성 전력소요 및 운영방안 연구용역,2025,해군본부,일반용역,,False,3.0,False,낙찰자선정,등록공고,N,Y
20250520,25-F-비행장 피해복구 통합관리체계 작전운용성능 보완 연구용역,2025,공군본부,일반용역,,False,2.0,False,낙찰자선정,등록공고,N,Y
20250521,25-F-군 기후변화 감시 및 대응 방안 연구 용역,2025,공군본부,일반용역,,True,0.0,True,유찰,재공고,N,
20250522,(25F021-G) 객체식별 AI 모델 신뢰성 검증 기술 실증,2025,국방부 국군재정관리단,일반용역,,False,2.0,False,낙찰자선정,등록공고,N,Y
20250522,25-해병-NCS 기반 직무표준화 교육 위탁 용역,2025,해병 제9691부대,일반용역,,True,0.0,True,유찰,재공고,N,
20250523,25-N-수중건설 작전수행능력 강화를 위한 유무인 복합전투체계 구축 및 운용방안 연구,2025,해군본부,일반용역,,True,0.0,True,유찰,재공고,N,
20250523,25-N-상륙함 탑재 항공기의 효과적인 S/T창출률 연구,2025,해군본부,일반용역,,True,0.0,True,유찰,등록공고,N,Y
20250526,25년 주요 해상교통로의 선종별 통항 선박규모 연구용역,2025,해군본부,일반용역,,False,2.0,False,낙찰자선정,재공고,N,Y
20250526,25-F-사고예방 영상콘텐츠 제작 용역,2025,공군본부,일반용역,,False,7.0,False,개찰완료,등록공고,N,Y
20250527,25-해병대 홍보 영상 제작 용역,2025,해병 제9691부대,일반용역,,False,5.0,False,낙찰자선정,등록공고,N,
20250528,(25F128-I) 25년 육군 모범간부 제주도 견학 대행용역,2025,국방부 국군재정관리단,일반용역,,False,2.0,False,개찰완료,등록공고,N,Y
20250528,"25-N-해군전력(함정,항공기) 아웃소싱 방안 연구",2025,해군본부,일반용역,,False,3.0,False,낙찰자선정,재공고,N,
20250528,군 방첩교육 동영상 제작 용역,2025,국군제1068부대,일반용역,,False,3.0,False,낙찰자선정,등록공고,N,
20250529,(25G028-H)2025 사이버전 콘퍼런스(문제출제),2025,국방부 국군재정관리단,일반용역,,True,0.0,True,유찰,등록공고,N,Y
20250529,공군 능력평가 연구,2025,공군본부,일반용역,,True,0.0,True,유찰,재공고,N,
20250529,조종사 전역에 따른 기회비용 및 원가 분석 연구,2025,공군본부,일반용역,,True,0.0,True,유찰,재공고,N,
20250529,25-N-함정 복원력 모니터 시스템 구축,2025,해군군수사령부,일반용역,,False,3.0,False,개찰완료,등록공고,N,Y
20250530,(25G022-H)생성형AI 적용 내부망OO정보 분석기술 실증,2025,국방부 국군재정관리단,일반용역,,False,8.0,False,낙찰자선정,등록공고,N,Y
20250530,[25-육-145] 물자동원업무 영상교재 제작,2025,육군본부 기획관리참모부,일반용역,,False,3.0,False,낙찰자선정,재공고,N,Y
20250602,2025년 해병대 군악대 연주회 시행 용역,2025,해병 제9691부대,일반용역,,True,0.0,True,유찰,등록공고,N,
20250602,25-N-제주 수중잠수훈련장 구축 연구용역,2025,해군본부,일반용역,,True,0.0,True,유찰,등록공고,N,Y
20250605,25-N-해군 오프라인 홍보 대행 용역,2025,해군본부,일반용역,,False,4.0,False,개찰완료,등록공고,N,Y
20250609,(25G023-H)전장관리체계데이터공유구조개선기술실증,2025,국방부 국군재정관리단,일반용역,,False,2.0,False,낙찰자선정,등록공고,N,
20250610,(25F122-A) 경계부대 집중정신전력교육 용역,2025,국방부 국군재정관리단,일반용역,,True,2.0,False,유찰,등록공고,N,Y
20250610,25-N-수중건설 작전수행능력 강화를 위한 유무인 복합전투체계 구축 및 운용방안 연구,2025,해군본부,일반용역,,False,2.0,False,낙찰자선정,재공고,N,
20250610,전력기획과 연구용역,2025,국방부 합동참모본부,일반용역,,True,0.0,True,유찰,재공고,N,Y
20250610,25-F-공군자원분석모델 운영 개념 및 요구능력 연구,2025,공군본부,일반용역,,True,0.0,True,유찰,등록공고,N,Y
20250611,25-N-상용 무인체계를 활용한 연합지속지원훈련 용역,2025,해군본부,일반용역,,False,2.0,False,개찰완료,등록공고,N,Y
20250611,25-N-심해구조잠수정 조종모의훈련장비 성능개선,2025,해군작전사령부,일반용역,,False,2.0,False,개찰완료,등록공고,N,Y
20250613,25-N-해 군용비행장 소음영향도 조사용역,2025,해군본부,일반용역,,False,4.0,False,개찰완료,등록공고,N,Y
20250616,2025년 해병대 군악대 연주회 시행 용역,2025,해병 제9691부대,일반용역,,True,0.0,True,유찰,재공고,N,
20250616,25-N-AI신기술 선박 안전항해 및 인적자원 대체 연구,2025,해군본부,일반용역,,False,2.0,False,개찰완료,등록공고,N,Y
20250617,25-N-상용드론 군 시범운용(임차),2025,해군본부,일반용역,,False,2.0,False,개찰완료,등록공고,N,Y
20250619,25-N-상륙함 탑재 항공기의 효과적인 S/T창출률 연구,2025,해군본부,일반용역,,False,3.0,False,개찰완료,재공고,N,
20250619,(25F126-I)신소재신기술적용탄약고설계기술개발연구,2025,국방부 국군재정관리단,일반용역,,True,0.0,True,유찰,변경공고,N,
20250619,[25-육-175] 안전교육 영상 콘텐츠 제작,2025,육군본부 기획관리참모부,일반용역,,False,7.0,False,낙찰자선정,등록공고,N,Y
20250619,"(25F138-B)지상군페스티벌 육군홍보관 설치,철거 용역",2025,국방부 국군재정관리단,일반용역,,False,5.0,False,낙찰자선정,등록공고,N,Y
20250619,25-D-차단벽 구조 사격장 설계지침 연구용역,2025,국방시설본부,일반용역,,True,0.0,True,유찰,등록공고,N,Y
20250619,25-D-방호시설(엄체호) 설계기준 및 설계/시공지침 연구,2025,국방시설본부,일반용역,,True,0.0,True,유찰,등록공고,N,Y
20250620,25-N-딥러닝 기반 함정선박 영상식별체계 구축,2025,해군본부,일반용역,,True,0.0,True,유찰,등록공고,N,Y
20250623,(25G148-A) 사이버전 컴퍼런스 행사용역,2025,국방부 국군재정관리단,일반용역,,True,2.0,False,유찰,등록공고,N,Y
20250623,갈등영향분석 연구용역,2025,공군본부,일반용역,,False,3.0,False,낙찰자선정,등록공고,N,Y
20250623,미래 지휘통제 구축을 위한 공군 추진전략 및 로드맵 연구,2025,공군본부,일반용역,,False,2.0,False,낙찰자선정,등록공고,N,Y
20250623,격오지부대 급지 평가 기준 및 조정주기 검토연구용역,2025,공군본부,일반용역,,True,0.0,True,유찰,등록공고,N,Y
20250623,(25F031-G) 육군 국방망 응용체계 통합사업 ISP,2025,국방부 국군재정관리단,일반용역,,False,2.0,False,낙찰자선정,등록공고,N,Y
20250626,(259070-E) 25-F-지능형 스마트비행단 표준플랫폼 구축,2025,공군군수사령부,일반용역,,False,4.0,False,개찰완료,등록공고,N,Y
20250626,25-N-중대재해 예방 부대 안전보건진단사업 용역,2025,해군본부,일반용역,,True,0.0,True,유찰,등록공고,N,Y
20250627,25-N-제주 수중잠수훈련장 구축 연구용역,2025,해군본부,일반용역,,True,0.0,True,유찰,재공고,N,
20250701,25-F-UAM AAM 도입 대비 운영개념 정립 및 실증 용역,2025,공군본부,일반용역,,False,0.0,True,낙찰자선정,등록공고,N,Y
20250708,(25G152-A) 한미연홥 정책포럼 행사 대행 용역,2025,국방부 국군재정관리단,일반용역,,False,0.0,True,개찰완료,등록공고,N,Y
20250708,(25G111-A) 생물안전3등급 유지 관리용역,2025,국방부 국군재정관리단,일반용역,,False,0.0,True,개찰완료,등록공고,N,Y
20250708,(25G031-H)지능형 병영상담 지원 기술 실증,2025,국방부 국군재정관리단,일반용역,,False,3.0,False,낙찰자선정,등록공고,N,Y
20250708,[25-육-196] 예비군 안보교육 영상교재 제작,2025,육군본부 기획관리참모부,일반용역,,False,5.0,False,낙찰자선정,등록공고,N,Y
20250708,격오지부대 급지 평가 기준 및 조정주기 검토연구용역,2025,공군본부,일반용역,,True,0.0,True,유찰,재공고,N,
20250709,(25F122-A) 경계부대 집중정신전력교육 용역,2025,국방부 국군재정관리단,일반용역,,False,3.0,False,개찰완료,재공고,N,Y
20250710,(25G150-A) 세계 안보학대회 행사용역,2025,국방부 국군재정관리단,일반용역,,True,0.0,True,유찰,등록공고,N,Y
20250710,25~26-N-출입통제체계 유지보수,2025,해군본부,일반용역,,False,0.0,True,개찰완료,등록공고,N,Y
20250711,25-N-2025 대한민국 해군 관함식 행사대행 용역,2025,해군본부,일반용역,,False,0.0,True,개찰완료,등록공고,N,Y
20250715,25-F-병영문화개선 및 조직 활성화를 위한 컨설팅용역,2025,공군본부,일반용역,,False,0.0,True,개찰완료,등록공고,N,Y
20250716,2025년 해병대 디자인 콘텐츠(웹툰) 제작 용역,2025,해병 제9691부대,일반용역,,False,4.0,False,낙찰자선정,등록공고,N,
20250718,(25G149-A)  해외안보 현장견학 용역,2025,국방부 국군재정관리단,일반용역,,False,0.0,True,개찰완료,등록공고,N,Y
20250718,25-D-건군 77주년 국군의 날 행사 영상제작 용역,2025,국방부,일반용역,,False,0.0,True,개찰완료,등록공고,N,Y
20250718,25-N-해군창설 80주년 광고영상 제작 용역,2025,해군본부,일반용역,,False,0.0,True,개찰완료,등록공고,N,Y
20250718,25-N-중대재해 예방 부대 안전보건진단사업 용역,2025,해군본부,일반용역,,True,0.0,True,유찰,재공고,N,
20250718,총장배 드론 종합경연대회 운영 용역,2025,공군본부,일반용역,,True,0.0,True,유찰,등록공고,N,Y
20250718,ADEX 2025 드론 엔터존 운영 용역,2025,공군본부,일반용역,,True,0.0,True,유찰,등록공고,N,Y
20250722,25-F-우주기반 우주감시체계 구축방안 연구,2025,공군본부,일반용역,,False,0.0,True,개찰완료,등록공고,N,Y
20250723,공군지 과월호 한글화 용역,2025,공군본부,일반용역,,True,0.0,True,유찰,등록공고,N,Y
20250723,(25G148-A) 사이버전 컴퍼런스 행사용역,2025,국방부 국군재정관리단,일반용역,,False,0.0,True,개찰완료,재공고,N,Y
20250724,25-F-국가관 함양교육 용역,2025,공군본부,일반용역,,False,0.0,True,개찰완료,등록공고,N,Y
20250724,25-M-서측도서 및 해ㆍ강안 경계작전부대 문화예술공연 용역,2025,해병 제9691부대,일반용역,,False,0.0,True,개찰완료,등록공고,N,Y
20250729,(25G034-H)정신건강 예진기술 실증,2025,국방부 국군재정관리단,일반용역,,False,3.0,False,낙찰자선정,등록공고,N,Y
20250730,25-해병-사고에방영상 제작 용역,2025,해병 제9691부대,일반용역,,False,0.0,True,개찰완료,등록공고,N,
20250804,[25-육-215] 안전진단 민간용역,2025,육군본부 기획관리참모부,일반용역,,True,0.0,True,유찰,등록공고,N,Y
20250730,(24G118-A)군 정찰위성  전문인력 양성교육 용역,2025,국방부 국군재정관리단,일반용역,,True,0.0,True,유찰,등록공고,N,Y
20250731,(25F126-I)신소재신기술적용탄약고설계기술개발연구,2025,국방부 국군재정관리단,일반용역,,True,0.0,True,유찰,재공고,N,
20250804,(25G151-A) 사이버네트워크 작전AI활용방안 연구 용역,2025,국방부 국군재정관리단,일반용역,,False,0.0,True,개찰완료,등록공고,N,Y
20250804,25-M-해병대 서북도서 순회 문화예술공연 시행 용역,2025,해병대 군수단,일반용역,,False,0.0,True,개찰완료,등록공고,N,Y
20250806,(25F042-G) AI 적용 사건·사고 예보 기술 실증사업,2025,국방부 국군재정관리단,일반용역,,True,0.0,True,유찰,등록공고,N,Y
20250808,25-해병-모병 홈페이지 성능개선 용역,2025,해병 제9691부대,일반용역,,False,3.0,False,낙찰자선정,등록공고,N,
20250808,25-F-AI기반 기상예측모델 데이터셋 구축 감리,2025,공군본부,일반용역,,False,0.0,True,개찰완료,등록공고,N,Y
20250811,25-D-제77주년 국군의 날 행사대행 용역,2025,국방부,일반용역,,False,0.0,True,개찰완료,등록공고,N,Y
20250811,25-N-중대재해 예방 부대 안전진단사업 용역,2025,해군본부,일반용역,,False,0.0,True,개찰완료,등록공고,N,Y
20250812,ADEX 2025 드론 엔터존 운영 용역,2025,공군본부,일반용역,,True,0.0,True,유찰,등록공고,N,Y
20250814,(25G039-H)모바일 기반 전술지리공간정보 기술 실증,2025,국방부 국군재정관리단,일반용역,,False,4.0,False,낙찰자선정,등록공고,N,Y
20250814,(25F157-B) 육군분석평가 민간연구센터 용역,2025,국방부 국군재정관리단,일반용역,,False,2.0,False,낙찰자선정,등록공고,N,Y
20250814,블랙이글스 두바이 에어쇼 참가지원 용역,2025,공군본부,일반용역,,False,2.0,False,낙찰자선정,등록공고,N,Y
20250814,"공군 성희롱, 성폭력 예방 콘텐츠 제작 용역",2025,공군본부,일반용역,,False,4.0,False,낙찰자선정,등록공고,N,Y
20250820,[25-육-215] 안전진단 민간용역,2025,육군본부 기획관리참모부,일반용역,,False,2.0,False,낙찰자선정,재공고,N,Y
20250822,(25G042-H)생성형AI적용KJCCS정보검색및운영기술실증,2025,국방부 국군재정관리단,일반용역,,False,0.0,True,개찰완료,등록공고,N,Y
20250822,(25F158-I)25년보급부대근무분야민간위탁용역(수성),2025,국방부 국군재정관리단,일반용역,,False,3.0,False,낙찰자선정,변경공고,N,Y
20250822,25-N-탄약분야 전쟁지속능력평가 개선 연구 용역,2025,해군본부,일반용역,,True,0.0,True,유찰,등록공고,N,Y
20250825,25-N-해군 창설 80주년 팝업스토어 운영 용역,2025,해군본부,일반용역,,True,0.0,True,유찰,등록공고,N,Y
20250825,(25F171-B) 미디어아트관 조성사업,2025,국방부 국군재정관리단,일반용역,,False,5.0,False,낙찰자선정,등록공고,N,Y
20250826,(25S1001-B2)지능형 스마트부대 확대구축 감리용역,2025,육군본부 정보체계관리단,일반용역,,False,0.0,True,개찰완료,등록공고,N,Y
20250827,(25F042-G) AI 적용 사건·사고 예보 기술 실증사업,2025,국방부 국군재정관리단,일반용역,,False,2.0,False,낙찰자선정,재공고,N,Y
20250901,(25G159-A)  국제안보학술회의 행사용역,2025,국방부 국군재정관리단,일반용역,,False,0.0,True,개찰완료,등록공고,N,
20250903,(24G118-A)군 정찰위성  전문인력 양성교육 용역,2025,국방부 국군재정관리단,일반용역,,False,0.0,True,개찰완료,재공고,N,Y
20250903,25~26-F-AI기반 우주기상예측모델 데이터셋 구축 감리,2025,공군작전사령부근무지원단,일반용역,,False,0.0,True,개찰완료,등록공고,N,Y
20250904,(25F167-I)25년보급부대근무분야민간위탁용역(원주),2025,국방부 국군재정관리단,일반용역,,False,0.0,True,개찰완료,등록공고,N,Y
20250905,25-D-저장 및 정비시설 기준 제개정 연구용역,2025,국방시설본부,일반용역,,False,0.0,True,개찰완료,등록공고,N,Y
20250908,(25SC001-D2)25-F-전투임무기 공대공 교전비행임무계획 3차원 실증,2025,공군제17전투비행단,일반용역,,False,0.0,True,개찰완료,등록공고,N,Y
20250911,25-N-이충무공 및 해군 중요 유물 정밀 복제 ,2025,국방부 해군사관학교,일반용역,,True,0.0,True,유찰,등록공고,N,Y
20250912,(25G043-H)AI 객체식별 기반 지리공간분석 기술 실증,2025,국방부 국군재정관리단,일반용역,,True,0.0,True,유찰,등록공고,N,Y
20250916,25-해병-VR 사고예방 콘텐츠 영상 제작 용역,2025,해병 제9691부대,일반용역,,False,0.0,True,개찰완료,등록공고,N,
20250916,25-M-000시설 신축 선행연구용역,2025,해병 제9691부대,일반용역,,True,0.0,True,유찰,등록공고,N,
20250917,격오지부대 급지 평가 기준 및 조정주기 검토연구용역,2025,공군본부,일반용역,,False,2.0,False,낙찰자선정,등록공고,N,Y
20250917,공중 무인체계 총수명주기관리방안 연구,2025,공군본부,일반용역,,True,0.0,True,유찰,등록공고,N,Y
20250917,2026 공군모집 홍보영상 제작 용역,2025,공군본부,일반용역,,False,8.0,False,낙찰자선정,등록공고,N,Y
20250917,25~27-N-소프트웨어 통합 유지보수 및 기능개선,2025,해군군수사령부,일반용역,,False,0.0,True,개찰완료,등록공고,N,Y
20250918,25-덕-해병대 발전 심포지엄 행사 대행 용역,2025,해병 제9691부대,일반용역,,True,0.0,True,유찰,등록공고,N,
20250919,(25G046-H)국방급여정보체계 유지보수 용역,2025,국방부 국군재정관리단,일반용역,,False,0.0,True,개찰완료,등록공고,N,Y
20250919,(25G044-H)수술실운영 통합관제 및 정보제공 기술실증,2025,국방부 국군재정관리단,일반용역,,False,0.0,True,개찰완료,등록공고,N,Y
20250919,25F044-G실전성강화혼합현실근접전투훈련체계시범구축,2025,국방부 국군재정관리단,일반용역,,False,4.0,False,낙찰자선정,등록공고,N,Y
20250922,25-D-라돈 저감시설 설계ㆍ시공 및 유지관리 지침 개정 연구 용역,2025,국방시설본부,일반용역,,True,0.0,True,유찰,등록공고,N,Y
20251013,25-덕-해병대 발전 심포지엄 행사 대행 용역,2025,해병 제9691부대,일반용역,,False,2.0,False,낙찰자선정,재공고,N,
20251014,(25SA001-B5)AI기반 해안경계작전체계(0작전사)(1차),2025,국방부 국군재정관리단,일반용역,,False,0.0,True,개찰완료,등록공고,N,
20251014,25-M-상천리 종합 전술훈련장 구축사업 연구용역,2025,해병대제9여단,일반용역,,True,0.0,True,유찰,등록공고,N,Y
20251015,[25-육-270] 온라인 콘텐츠 제작,2025,육군본부 기획관리참모부,일반용역,,True,0.0,True,유찰,등록공고,N,Y
20251016,(25G161-J) 전군 정훈장교 워크숍 용역,2025,국방부 국군재정관리단,일반용역,,True,0.0,True,유찰,등록공고,N,Y
20251016,(25F047-G) AI기반 경계작전체계 라이다 기술 실증,2025,국방부 국군재정관리단,일반용역,,False,3.0,False,낙찰자선정,등록공고,N,Y
20251021,25-N-해군박물관 건립 및 운영방안 분석 연구용역,2025,해군본부,일반용역,,False,0.0,True,개찰완료,등록공고,N,Y
20251021,25-M-000시설 신축 선행연구용역,2025,해병 제9691부대,일반용역,,False,4.0,False,낙찰자선정,등록공고,N,Y
20251022,공중 무인체계 총수명주기관리방안 연구,2025,공군본부,일반용역,,True,0.0,True,유찰,재공고,N,
20251023,(25G043-H)AI 객체식별 기반 지리공간분석 기술 실증,2025,국방부 국군재정관리단,일반용역,,False,0.0,True,개찰완료,재공고,N,Y
20251024,(25F045-G)26~27년 KCTC 과학화전투훈련체계 유지보수,2025,국방부 국군재정관리단,일반용역,,True,0.0,True,유찰,등록공고,N,Y
20251028,(25G045-H)26-27년 학사관리시스템 유지보수 용역,2025,국방부 국군재정관리단,일반용역,,False,0.0,True,낙찰자선정,등록공고,N,Y
20251029,(25F046-G)육군체력단련장통합관리시스템고도화용역,2025,국방부 국군재정관리단,일반용역,,False,0.0,True,개찰완료,등록공고,N,Y
20251028,(25SC001-D3)25-F-SW개발 산출물 형상 및 품질관리 실증,2025,공군제20 전투비행단,일반용역,,False,0.0,True,개찰완료,등록공고,N,Y
20251029,(25SA001-D5)해안감시레이다-II시뮬레이터선행연구,2025,육군군수사령부,일반용역,,False,0.0,True,개찰완료,등록공고,N,
20251031,25~26-N-스마트 유류고 표준모델 2단계 실증,2025,해군군수사령부,일반용역,,True,0.0,True,유찰,등록공고,N,Y
20251104,25~26-N-백두산함 모형 및 전시물 제작설치 용역,2025,해군본부,일반용역,,True,0.0,True,유찰,등록공고,N,Y
20251104,25~26-N-해상화생방훈련장 과학화 전술훈련체계 구축,2025,해군작전사령부,일반용역,,False,0.0,True,개찰완료,등록공고,N,Y
20251106,(25G161-J) 전군 정훈장교 워크숍 용역,2025,국방부 국군재정관리단,일반용역,,False,0.0,True,개찰완료,재공고,N,Y
20251106,(25F050-G) 26~27년 분석용모델 통합유지보수 용역사업,2025,국방부 국군재정관리단,일반용역,,False,0.0,True,개찰완료,등록공고,N,Y
20251114,(25F181-B) 26년 육군MS센터 전문분석관 운용사업,2025,국방부 국군재정관리단,일반용역,,True,0.0,True,유찰,등록공고,N,Y
20251114,(25F052-G) 육군 체력단련장 통합관리시스템 고도화 감리용역,2025,국방부 국군재정관리단,일반용역,,False,0.0,True,개찰완료,등록공고,N,Y
20251117,25-N-이충무공 및 해군 중요 유물 정밀 복제,2025,국방부 해군사관학교,일반용역,,False,0.0,True,개찰완료,등록공고,N,Y
20251118,(25F048-G)26~27년 과학화훈련예산 도입장비 유지보수,2025,국방부 국군재정관리단,일반용역,,False,0.0,True,개찰완료,등록공고,N,Y
20251119,25~26-N-백두산함 모형 및 전시물 제작설치 용역,2025,해군본부,일반용역,,False,0.0,True,개찰완료,재공고,N,Y
20251119,25-D-군 시설사업에 적합한 건설사업관리 방안 연구,2025,국방시설본부,일반용역,,True,0.0,True,유찰,등록공고,N,Y
20251119,2026년 국방일보 모바일 뉴스레터 발행 및 뉴미디어 홍보용역,2025,국방부 국방홍보원,일반용역,,False,3.0,False,낙찰자선정,등록공고,N,Y
20251125,26-F-블랙이글스 사우디에어쇼 지원용역,2025,공군본부,일반용역,,False,0.0,True,개찰완료,등록공고,N,Y
20251125,(25G185-B) 26년 분석모델 전문분석관 운용 용역,2025,국방부 국군재정관리단,일반용역,,False,0.0,True,개찰완료,등록공고,N,Y
20251126,(25G056-H)2627년 실시간 스펙트럼탐지체계 유지보수,2025,국방부 국군재정관리단,일반용역,,True,0.0,True,유찰,등록공고,N,Y
20251126,(25F056-G)사단급 실전적과학화훈련장 시스템구축사업,2025,국방부 국군재정관리단,일반용역,,False,0.0,True,개찰완료,등록공고,N,Y
20251127,2026년 KFN TV 프로그램 분장 및 코디 용역,2025,국방부 국방홍보원,일반용역,,True,0.0,True,유찰,등록공고,N,
20251127,2026년 KFN TV 프로그램 세트 설치 및 해체 용역,2025,국방부 국방홍보원,일반용역,,True,0.0,True,유찰,등록공고,N,
20251128,(25G052-H)26~27년 워게임 연동체계(KSIMS) 유지보수 용역,2025,국방부 국군재정관리단,일반용역,,True,0.0,True,유찰,등록공고,N,Y
20251128,(25G059-H)26-27년 지휘통신 신속대응 장비 유지보수 용역,2025,국방부 국군재정관리단,일반용역,,True,0.0,True,유찰,등록공고,N,Y
20251201,25~26-F-드론 자율회피 및 감시통제 기능 실증,2025,공군본부,일반용역,,True,0.0,True,유찰,등록공고,N,Y
20251204,(25G061-H)26-27년 스펙트럼측정분석장비 유지보수 용역,2025,국방부 국군재정관리단,일반용역,,True,0.0,True,유찰,등록공고,N,Y
20251210,(25F195-I)군급식류구매요구서(품질개선) 연구용역,2025,국방부 국군재정관리단,일반용역,,True,0.0,True,유찰,등록공고,N,Y
20251212,25-D-군 시설사업에 적합한 건설사업관리 방안 연구,2025,국방시설본부,일반용역,,False,0.0,True,개찰완료,재공고,N,
20251212,해병대 M&S 홍보영상 제작 용역,2025,해병 제9691부대,일반용역,,True,0.0,True,유찰,등록공고,N,Y
20251218,26~28-N-통합기상해양정보체계 SW 성능개선,2025,해군군수사령부,일반용역,,False,0.0,True,개찰완료,등록공고,N,
20251223,26-F-국지계기절차 및 비행안전영향평가체계 유지보수,2025,공군항공우주안전단,일반용역,,True,0.0,True,유찰,등록공고,N,Y
20251224,(25G053-H)26-27년상호운용성지원시스템통합유지보수,2025,국방부 국군재정관리단,일반용역,,True,0.0,True,유찰,등록공고,N,Y
20251224,(25F195-I)군급식류구매요구서(품질개선) 연구용역,2025,국방부 국군재정관리단,일반용역,,True,0.0,True,유찰,재공고,N,Y
20251231,26-F-분석모델 운영사업,2025,공군작전사령부근무지원단,일반용역,,True,0.0,True,유찰,등록공고,N,Y
20250414,국방정보시스템 구축·운영 단계별 데이터품질 확보를 위한 가이드 및 모범사례 연구,2025,국방부 국방전산정보원,일반용역,,True,0.0,True,유찰,등록공고,N,Y
20250512,아름수리아파트 주민커뮤니티시설 관리위탁 업체 선정,2025,특수전사령부,일반용역,,True,0.0,True,유찰,등록공고,N,Y
20250827,7사단 덕비끼네 과학화훈련장 신축 등 7건 지형현황측량용역,2025,국방시설본부,기술용역,,False,64.0,False,낙찰자선정,등록공고,,Y
20250312,25년 급식류-설탕(단가계약) 제조,2025,육군군수사령부,물품(내자),식품,False,1.0,False,낙찰자선정,재공고,Y,
20250326,"2025년 전투식량(발열-22형, 1식단) 제조",2025,국방부,물품(내자),식품,False,1.0,False,낙찰자선정,재공고,Y,
20250326,"2025년 전투식량(발열-22형, 2식단) 제조",2025,국방부,물품(내자),식품,False,1.0,False,낙찰자선정,재공고,Y,
20250326,"2025년 전투식량(발열-22형, 3식단) 제조",2025,국방부,물품(내자),식품,False,1.0,False,낙찰자선정,재공고,Y,
20250326,"2025년 전투식량(발열-22형, 4식단) 제조",2025,국방부,물품(내자),식품,False,1.0,False,낙찰자선정,재공고,Y,
20250326,"2025년 전투식량(발열-22형, 5식단) 제조",2025,국방부,물품(내자),식품,False,1.0,False,낙찰자선정,재공고,Y,
20250326,"2025년 전투식량(발열-22형, 6식단) 제조",2025,국방부,물품(내자),식품,False,1.0,False,낙찰자선정,재공고,Y,
20250326,"2025년 전투식량(발열-22형, 7식단) 제조",2025,국방부,물품(내자),식품,False,1.0,False,낙찰자선정,재공고,Y,
20250326,"2025년 전투식량(발열-22형, 8식단) 제조",2025,국방부,물품(내자),식품,False,1.0,False,낙찰자선정,재공고,Y,
20250326,"2025년 전투식량(발열-22형, 9식단) 제조",2025,국방부,물품(내자),식품,False,1.0,False,낙찰자선정,재공고,Y,
20250326,"2025년 전투식량(발열-22형, 10식단) 제조",2025,국방부,물품(내자),식품,False,1.0,False,낙찰자선정,재공고,Y,
20250326,"2025년 전투식량(발열-22형, 12식단) 제조",2025,국방부,물품(내자),식품,False,1.0,False,낙찰자선정,재공고,Y,
20250513,2025년 전투복 수의계약(부산의용촌),2025,육군군수사령부,물품(내자),피복·개인용품,False,1.0,False,낙찰자선정,등록공고,N,
20250513,2025년 전투복 수의계약(전우),2025,공군군수사령부,물품(내자),피복·개인용품,False,1.0,False,낙찰자선정,등록공고,N,
20250513,2025년 전투복 수의계약(평화용사촌복지공장),2025,육군군수사령부,물품(내자),피복·개인용품,False,1.0,False,낙찰자선정,등록공고,N,
20250513,2025년 전투복 수의계약(동진복지재단),2025,육군군수사령부,물품(내자),피복·개인용품,False,1.0,False,낙찰자선정,등록공고,N,
20250513,2025년 전투복 수의계약(고엽제전우회),2025,육군군수사령부,물품(내자),피복·개인용품,False,1.0,False,낙찰자선정,등록공고,N,
20250519,2025년 고춧가루(조미용) 조달,2025,육군군수사령부,물품(내자),식품,False,1.0,False,낙찰자선정,등록공고,N,
20250519,25년 군 급식 배추김치(완제품) 조달,2025,육군군수사령부,물품(내자),식품,False,1.0,False,낙찰자선정,등록공고,N,
20250519,25년 군 급식 파김치 조달,2025,육군군수사령부,물품(내자),식품,False,1.0,False,낙찰자선정,등록공고,N,
20250519,25년 군 급식 깍두기(완제품) 조달,2025,육군군수사령부,물품(내자),식품,False,1.0,False,낙찰자선정,등록공고,N,
20250519,25년 군 급식 총각김치 조달,2025,육군군수사령부,물품(내자),식품,False,1.0,False,낙찰자선정,등록공고,N,
20250519,25년 군 급식 열무김치 조달,2025,육군군수사령부,물품(내자),식품,False,1.0,False,낙찰자선정,등록공고,N,
20250519,25년 군 급식 오이소박이 조달,2025,육군군수사령부,물품(내자),식품,False,1.0,False,낙찰자선정,등록공고,N,
20250519,25년 군 급식 백김치 조달,2025,육군군수사령부,물품(내자),식품,False,1.0,False,낙찰자선정,등록공고,N,
20250519,25년 군 급식 갓김치 조달,2025,육군군수사령부,물품(내자),식품,False,1.0,False,낙찰자선정,등록공고,N,
20250519,2025년 군 급식 치킨너겟 조달,2025,육군군수사령부,물품(내자),식품,False,1.0,False,낙찰자선정,등록공고,N,
20250519,2025년 군급식 햄슬라이스 조달,2025,육군군수사령부,물품(내자),식품,False,1.0,False,낙찰자선정,등록공고,N,
20250619,2025년 육군 방상내피 수의계약(5.18민주화운동부상자회),2025,육군군수사령부,물품(내자),피복·개인용품,False,1.0,False,낙찰자선정,등록공고,N,
20250619,2025년 육군 방상내피 수의계약(한국장애인중심기업협회),2025,육군군수사령부,물품(내자),피복·개인용품,False,1.0,False,낙찰자선정,등록공고,N,
20250619,2025년 육군 방상내피 수의계약((주)전우),2025,육군군수사령부,물품(내자),피복·개인용품,False,1.0,False,낙찰자선정,등록공고,N,
20250619,2025년 육군 방상내피 수의계약(강동장애인협회),2025,육군군수사령부,물품(내자),피복·개인용품,False,1.0,False,낙찰자선정,등록공고,N,
20250619,2025년 육군 방상내피 수의계약(한국장애인환경사회복지협회),2025,육군군수사령부,물품(내자),피복·개인용품,False,1.0,False,낙찰자선정,등록공고,N,
20250605,2025년 육군 방상외피 수의계약(GNT부산의용촌),2025,육군군수사령부,물품(내자),피복·개인용품,False,1.0,False,낙찰자선정,등록공고,N,
20250605,2025년 육군 방상외피 수의계약(부산진구장애인협회),2025,육군군수사령부,물품(내자),피복·개인용품,False,1.0,False,낙찰자선정,등록공고,N,
20250605,2025년 육군 방상외피 수의계약(대한민국공무원공상유공자회),2025,육군군수사령부,물품(내자),피복·개인용품,False,1.0,False,개찰완료,등록공고,N,
20250605,2025년 육군 방상외피 수의계약(하나복지회),2025,육군군수사령부,물품(내자),피복·개인용품,False,1.0,False,낙찰자선정,등록공고,N,
20250605,"2025년 육군, 공군 표준오일 제조",2025,육군군수사령부,물품(내자),연료·유류,False,1.0,False,낙찰자선정,재공고,Y,
20250605,2025년 해군 MTU엔진용 윤활유 제조,2025,해군군수사령부,물품(내자),연료·유류,False,1.0,False,낙찰자선정,재공고,Y,
20250605,2025년 해군 증기터빈용 윤활유 제조,2025,해군군수사령부,물품(내자),연료·유류,False,1.0,False,낙찰자선정,재공고,Y,
20250625,2025년 군 아웃보드모터오일 제조,2025,육군군수사령부,물품(내자),연료·유류,False,1.0,False,낙찰자선정,재공고,Y,
20250806,"25년 각군 등유(포장, 탱크주입) 구매",2025,육군군수사령부,물품(내자),연료·유류,False,1.0,False,낙찰자선정,재공고,N,
20250818,25년~28년(3년) 항공유[JP-8(송유관)] 구매,2025,공군군수사령부,물품(내자),연료·유류,False,1.0,False,낙찰자선정,재공고,N,
20250822,25년 각군 혹한기경유(포장) 구매,2025,육군군수사령부,물품(내자),연료·유류,False,1.0,False,낙찰자선정,재공고,N,
20250911,25년 각군 혹한기경유(경기) 구매,2025,육군군수사령부,물품(내자),연료·유류,False,1.0,False,낙찰자선정,등록공고,N,
20250911,25년 각군 혹한기경유(경기외) 구매,2025,육군군수사령부,물품(내자),연료·유류,False,1.0,False,낙찰자선정,등록공고,N,
20250911,25년 각군 JP-8(차량) 구매,2025,공군군수사령부,물품(내자),연료·유류,False,0.0,True,낙찰자선정,등록공고,N,
20250911,25년~28년(3년) 항공유[JP-8(화차)] 구매,2025,공군군수사령부,물품(내자),연료·유류,False,0.0,True,낙찰자선정,등록공고,N,
20250916,25년 육군 JP-8(차량_드럼포장) 구매,2025,육군군수사령부,물품(내자),연료·유류,False,1.0,False,낙찰자선정,등록공고,N,
20250919,25년 각군 AV-GAS 구매,2025,공군군수사령부,물품(내자),연료·유류,False,1.0,False,낙찰자선정,등록공고,N,
20250923,2025년 육군 방상외피 제조(추가분 수의계약_부산의용촌),2025,육군군수사령부,물품(내자),피복·개인용품,False,1.0,False,낙찰자선정,등록공고,N,
20250721,유행성출혈열백신(신증후군출혈열백신) 구매,2025,육군군수사령부,물품(내자),기타(51),True,0.0,True,유찰,등록공고,N,
20250723,유행성출혈열백신(신증후군출혈열백신) 구매,2025,육군군수사령부,물품(내자),기타(51),True,0.0,True,유찰,재공고,N,
20250804,유행성출혈열백신(신증후군출혈열백신) 구매,2025,육군군수사령부,물품(내자),기타(51),False,1.0,False,낙찰자선정,재공고,N,
20250109,606수송대대 개편 관급(23-280-13) 빌딩자동제어장치 구매,2025,수도방위사령부,물품(내자),전기·조명,False,1.0,False,낙찰자선정,등록공고,N,N
20250205,25년 육훈소 노후 보일러 구매,2025,육군훈련소,물품(내자),배관·공조,False,1.0,False,낙찰자선정,등록공고,N,Y
20250221,수방사 작전지휘시설 신축 관급자재 자동제어 구매,2025,수도방위사령부,물품(내자),전기·조명,False,1.0,False,낙찰자선정,등록공고,N,N
20250310,2기갑여단 간부숙소 신축 관급(페인트),2025,육군 제1군단,물품(내자),제조부품,False,1.0,False,낙찰자선정,등록공고,N,N
20250321,해군 소방노즐 2종 제조 구매,2025,해군군수사령부,물품(내자),국방·치안·보안,False,1.0,False,낙찰자선정,재공고,Y,
20250328,육군 보온식관 제조 납품,2025,육군군수사령부,물품(내자),스포츠·레저,False,1.0,False,낙찰자선정,재공고,Y,
20250403,해군 글로브밸브 27종 제조 구매,2025,해군군수사령부,물품(내자),배관·공조,False,1.0,False,낙찰자선정,재공고,Y,
20250403,25년 공군 항공무장정비사 출동차 제조,2025,공군군수사령부,물품(내자),차량·수송장비,False,1.0,False,낙찰자선정,재공고,Y,
20250403,2025년 육군 관물함 조달,2025,육군군수사령부,물품(내자),가구,False,1.0,False,낙찰자선정,등록공고,Y,
20250411,육군 국통(원형식관) 제조 납품,2025,육군군수사령부,물품(내자),가정용품,False,1.0,False,낙찰자선정,재공고,Y,
20250412,공군 스쿠터 50cc 제조 납품,2025,공군군수사령부,물품(내자),차량·수송장비,False,1.0,False,낙찰자선정,재공고,Y,
20250417,24-M-통합정비고 시설공사 자동제어 구매 납품,2025,해병대제9196부대,물품(내자),전기·조명,False,1.0,False,낙찰자선정,등록공고,N,N
20250418,25년 육군 지게차(오더피커) 제조,2025,육군군수사령부,물품(내자),운반·포장,False,1.0,False,낙찰자선정,재공고,Y,
20250424,수동식소화기 3종 제조,2025,해군군수사령부,물품(내자),국방·치안·보안,False,1.0,False,낙찰자선정,재공고,Y,
20250501,육군·해병 반합 제조 납품,2025,해병대 군수단,물품(내자),스포츠·레저,False,1.0,False,낙찰자선정,재공고,Y,
20250508,고공강하용 방풍안경 제조,2025,해병대 군수단,물품(내자),국방·치안·보안,False,1.0,False,낙찰자선정,재공고,Y,
20250516,2025년 육군 종이테이프 제조,2025,육군군수사령부,물품(내자),제조부품,False,1.0,False,낙찰자선정,재공고,Y,
20250516,2024년 해군 글로브밸브 32종 제조,2025,해군군수사령부,물품(내자),배관·공조,False,1.0,False,낙찰자선정,등록공고,N,
20250521,25년 공군 지게차(11000파운드) 제조,2025,공군군수사령부,물품(내자),운반·포장,False,1.0,False,낙찰자선정,재공고,Y,
20250522,25년 해병 궤도형굴착기(소형) 제조,2025,해군군수사령부,물품(내자),건설장비,False,1.0,False,낙찰자선정,재공고,Y,
20250522,25년 해병 차륜형굴착기(소형) 제조,2025,해군군수사령부,물품(내자),건설장비,False,1.0,False,낙찰자선정,재공고,Y,
20250530,25년 해군 지게차(5톤) 제조,2025,해군군수사령부,물품(내자),운반·포장,False,1.0,False,낙찰자선정,재공고,Y,
20250605,25년 해병 차륜형로더 제조,2025,해군군수사령부,물품(내자),건설장비,False,1.0,False,낙찰자선정,재공고,Y,
20250605,25년 육군 차륜형로더 제조,2025,육군군수사령부,물품(내자),건설장비,False,1.0,False,낙찰자선정,재공고,Y,
20250610,양압식 공기호흡기용 안면부 등 3종 구매,2025,해군군수사령부,물품(내자),국방·치안·보안,False,1.0,False,낙찰자선정,등록공고,N,
20250620,25-00대대 주거 및 군사시설 옥상 도막 방수재,2025,해군재경근무지원대대,물품(내자),제조부품,False,1.0,False,낙찰자선정,등록공고,N,
20250613,25년 공군 대형버스(45인승) 제조,2025,공군군수사령부,물품(내자),차량·수송장비,False,1.0,False,낙찰자선정,재공고,Y,
20250619,25년 해군 지게차(3톤) 제조,2025,해군군수사령부,물품(내자),운반·포장,False,1.0,False,낙찰자선정,재공고,Y,
20250619,"25년 해병 지게차(2톤, 3톤, 5톤) 제조",2025,해군군수사령부,물품(내자),운반·포장,False,1.0,False,낙찰자선정,재공고,Y,
20250619,25년 해병 지게차(리치트럭) 제조,2025,해군군수사령부,물품(내자),운반·포장,False,1.0,False,낙찰자선정,재공고,N,
20250629,전화기(휴대용 위성전화기) 구매,2025,육군군수사령부,물품(내자),정보통신,False,1.0,False,낙찰자선정,재공고,N,
20250707,포병교 특기병 교육생 생활관 개수 등 3건 - 다기능성페인트,2025,육군상무대근무지원단,물품(내자),제조부품,False,1.0,False,낙찰자선정,등록공고,N,N
20250717,2025년 해군 PP로프(24mm) 제조,2025,해군군수사령부,물품(내자),제조부품,False,1.0,False,낙찰자선정,재공고,Y,
20250721,탑재용 초단파 송수신기 구매,2025,해군군수사령부,물품(내자),정보통신,False,1.0,False,낙찰자선정,재공고,Y,
20250731,[신영-24-3] 17여단 실내체육관 신축 관급자재-공조기,2025,육군제1862부대,물품(내자),전기·조명,False,1.0,False,낙찰자선정,등록공고,Y,N
20250731,금속드럼 제조납품 단가 계약,2025,해군군수사령부,물품(내자),운반·포장,False,0.0,True,낙찰자선정,재공고,Y,
20250807,2025년 육군 조절식침대  조달,2025,육군군수사령부,물품(내자),의료장비,False,1.0,False,낙찰자선정,재공고,Y,
20250812,방위사업청 청사 신축공사 관급자재) 레미콘 2차,2025,방위사업청,물품(내자),건축자재,False,1.0,False,낙찰자선정,재공고,Y,N
20250819,2025년 해군 나일론로프 11품목 제조,2025,해군군수사령부,물품(내자),제조부품,False,1.0,False,낙찰자선정,재공고,Y,
20250819,2025년 해군 UHMWPE 로프스토퍼 제조,2025,해군군수사령부,물품(내자),제조부품,False,1.0,False,낙찰자선정,재공고,Y,
20250826,25년 공군 난연정전화 제조,2025,공군군수사령부,물품(내자),국방·치안·보안,False,1.0,False,낙찰자선정,재공고,N,
20250826,25년 육군 하계조종화 제조,2025,육군군수사령부,물품(내자),국방·치안·보안,False,1.0,False,낙찰자선정,재공고,N,
20250822,2025년 방상내피(레이어링) 수의계약(5.18민주화운동부상자회),2025,육군군수사령부,물품(내자),피복·개인용품,False,1.0,False,낙찰자선정,등록공고,N,
20250822,2025년 방상내피(레이어링) 수의계약(한국장애인중심기업협회),2025,육군군수사령부,물품(내자),피복·개인용품,False,1.0,False,낙찰자선정,등록공고,N,
20250822,2025년 방상내피(레이어링) 수의계약(전우),2025,육군군수사령부,물품(내자),피복·개인용품,False,1.0,False,낙찰자선정,등록공고,N,
20250822,2025년 방상내피(레이어링) 수의계약(강동장애인협회),2025,육군군수사령부,물품(내자),피복·개인용품,False,1.0,False,낙찰자선정,등록공고,N,
20250822,2025년 방상외피(레이어링) 수의계약(부산의용촌),2025,육군군수사령부,물품(내자),피복·개인용품,False,1.0,False,낙찰자선정,등록공고,N,
20250822,2025년 방상외피(레이어링) 수의계약(부산진구장애인협회),2025,육군군수사령부,물품(내자),피복·개인용품,False,1.0,False,낙찰자선정,등록공고,N,
20250826,"25년 해군 기동화 2종(작전화,조종화) 제조",2025,해군군수사령부,물품(내자),국방·치안·보안,False,1.0,False,낙찰자선정,재공고,N,Y
20250825,장티푸스 백신 구매,2025,육군군수사령부,물품(내자),기타(51),True,0.0,True,유찰,재공고,N,
20250828,2025년 육군 나일론로프(등반용) 제조,2025,육군군수사령부,물품(내자),제조부품,False,1.0,False,낙찰자선정,재공고,Y,
20250901,[신영-24-2] 수색대대 간부숙소 신축 관급자재-제로에너지,2025,육군제1862부대,물품(내자),전기·조명,False,1.0,False,낙찰자선정,등록공고,Y,N
20250902,24-A-226 00부대 시설공사 관급자재,2025,지상작전사령부,물품(내자),전기·조명,False,1.0,False,낙찰자선정,등록공고,N,N
20250916,2025년도 방송시스템 교체 사업,2025,국방부 국방홍보원,물품(내자),인쇄·영상,False,1.0,False,낙찰자선정,재공고,N,Y
20250911,"2025년 해병대 세탁기, 건조기 조달",2025,해병대 군수단,물품(내자),청소장비,False,1.0,False,낙찰자선정,재공고,N,
20250915,25-B-5 00부대 제어장치 교체,2025,지상작전사령부,물품(내자),전기·조명,False,1.0,False,낙찰자선정,등록공고,N,N
20250925,25년 정보자원 교체 및 개선사업,2025,방위사업청,물품(내자),정보통신,False,1.0,False,낙찰자선정,재공고,N,Y
20251103,"송신세트, 대항체계용",2025,해군군수사령부,물품(내자),정보통신,False,1.0,False,낙찰자선정,등록공고,N,
20251105,화생방정찰 다족형 이동로봇 구매,2025,국방부 국군화생방방호사령부,물품(내자),서비스산업장비,False,1.0,False,낙찰자선정,재공고,N,Y
20251113,2025년 해군 수온음속측정기 제조,2025,해군군수사령부,물품(내자),실험·측정기기,False,1.0,False,낙찰자선정,재공고,Y,
20251112,군사 산악지역 소방방재시스템 제조(우수상용품 시범사용),2025,국방부,물품(내자),기타(99),False,1.0,False,낙찰자선정,재공고,Y,Y
20251118,25-107-무기지원대대 탄약정비공장 신축(자동제어),2025,국방부 해군제1함대사령부,물품(내자),전기·조명,False,1.0,False,낙찰자선정,등록공고,Y,N
20251125,25년 의무장비(시약및약품냉장고 소형) 구매,2025,국방부 국군의무사령부,물품(내자),의료장비,False,1.0,False,낙찰자선정,재공고,Y,N
20251119,25년 해군 60톤 유압기중기 제조,2025,해군군수사령부,물품(내자),운반·포장,False,1.0,False,낙찰자선정,재공고,Y,
20251201,특수전학교 LED 전광판 제조설치 계약 의뢰,2025,특수전학교,물품(내자),출판물,False,1.0,False,낙찰자선정,등록공고,N,N
20251128,25년 해군 궤도형굴착기(대형) 제조,2025,해군군수사령부,물품(내자),건설장비,False,1.0,False,낙찰자선정,재공고,Y,Y
20251204,25년 해병 대형버스 제조,2025,해군군수사령부,물품(내자),차량·수송장비,False,1.0,False,낙찰자선정,재공고,Y,
20251203,25년 해군 차륜형 굴착기 제조,2025,해군군수사령부,물품(내자),건설장비,False,1.0,False,낙찰자선정,재공고,Y,
20251210,25년 국방부 UTV다목적운반차(우수상용품) 제조,2025,국방부,물품(내자),차량·수송장비,False,0.0,True,낙찰자선정,재공고,Y,Y
20251215,25년 육군 착암용시추기 제조,2025,육군군수사령부,물품(내자),채광·건설기계,False,1.0,False,낙찰자선정,재공고,Y,
20251223,소방헬멧 제조,2025,해군군수사령부,물품(내자),국방·치안·보안,False,1.0,False,낙찰자선정,등록공고,Y,
20250407,24년 공군 넥타이 제조(수의),2025,공군군수사령부,물품(내자),피복·개인용품,False,7.0,False,낙찰자선정,등록공고,N,
20250207,25년 육군 3단 야전삽 제조,2025,육군군수사령부,물품(내자),공구,False,3.0,False,낙찰자선정,등록공고,Y,Y
20250213,"25년 육군, 해병 칫솔 제조",2025,육군군수사령부,물품(내자),피복·개인용품,False,2.0,False,낙찰자선정,등록공고,Y,
20250218,25~26년 공군 넥타이 제조,2025,공군군수사령부,물품(내자),피복·개인용품,False,58.0,False,낙찰자선정,등록공고,Y,
20250220,25년 급식류-설탕(단가계약) 제조,2025,육군군수사령부,물품(내자),식품,True,0.0,True,유찰,등록공고,Y,
20250226,25년 해병대 춘추내의 제조,2025,해병대 군수단,물품(내자),피복·개인용품,False,34.0,False,낙찰자선정,등록공고,Y,
20250227,"2025년 육군, 공군 요소수 제조",2025,육군군수사령부,물품(내자),고무·플라스틱,False,8.0,False,낙찰자선정,등록공고,Y,
20250228,"2025년 육군, 해병대 황산 조달",2025,육군군수사령부,물품(내자),화학·화공,False,17.0,False,낙찰자선정,등록공고,N,
20250301,25년 급식류-설탕(단가계약) 제조,2025,육군군수사령부,물품(내자),식품,True,0.0,True,유찰,재공고,Y,
20250310,"2025년 전투식량(발열-22형, 1식단) 제조",2025,국방부,물품(내자),식품,True,0.0,True,유찰,등록공고,Y,
20250310,"2025년 전투식량(발열-22형, 2식단) 제조",2025,국방부,물품(내자),식품,True,0.0,True,유찰,등록공고,Y,
20250310,"2025년 전투식량(발열-22형, 3식단) 제조",2025,국방부,물품(내자),식품,True,0.0,True,유찰,등록공고,Y,
20250310,"2025년 전투식량(발열-22형, 4식단) 제조",2025,국방부,물품(내자),식품,True,0.0,True,유찰,등록공고,Y,
20250310,"2025년 전투식량(발열-22형, 5식단) 제조",2025,국방부,물품(내자),식품,True,0.0,True,유찰,등록공고,Y,
20250310,"2025년 전투식량(발열-22형, 6식단) 제조",2025,국방부,물품(내자),식품,True,0.0,True,유찰,등록공고,Y,
20250310,"2025년 전투식량(발열-22형, 7식단) 제조",2025,국방부,물품(내자),식품,True,0.0,True,유찰,등록공고,Y,
20250310,"2025년 전투식량(발열-22형, 8식단) 제조",2025,국방부,물품(내자),식품,True,0.0,True,유찰,등록공고,Y,
20250310,"2025년 전투식량(발열-22형, 9식단) 제조",2025,국방부,물품(내자),식품,True,0.0,True,유찰,등록공고,Y,
20250310,"2025년 전투식량(발열-22형, 10식단) 제조",2025,국방부,물품(내자),식품,True,0.0,True,유찰,등록공고,Y,
20250310,"2025년 전투식량(발열-22형, 11식단) 제조",2025,국방부,물품(내자),식품,True,0.0,True,유찰,등록공고,Y,
20250310,"2025년 전투식량(발열-22형, 12식단) 제조",2025,국방부,물품(내자),식품,True,0.0,True,유찰,등록공고,Y,
20250318,2025년 육군 전투복 제조(사계 1차),2025,육군군수사령부,물품(내자),피복·개인용품,False,21.0,False,낙찰자선정,등록공고,Y,Y
20250318,2025년 육군 전투복 제조(사계 2차),2025,육군군수사령부,물품(내자),피복·개인용품,False,21.0,False,낙찰자선정,등록공고,Y,Y
20250318,2025년 육군 전투복 제조(사계 3차),2025,육군군수사령부,물품(내자),피복·개인용품,False,21.0,False,낙찰자선정,등록공고,Y,Y
20250318,2025년 육군 전투복 제조(하계 1차),2025,육군군수사령부,물품(내자),피복·개인용품,False,23.0,False,낙찰자선정,등록공고,Y,Y
20250318,2025년 육군 전투복 제조(하계 2차),2025,육군군수사령부,물품(내자),피복·개인용품,False,23.0,False,낙찰자선정,등록공고,Y,Y
20250318,2025년 해군 전투복 제조,2025,해군군수사령부,물품(내자),피복·개인용품,False,22.0,False,낙찰자선정,등록공고,Y,Y
20250318,"2025년 전투식량(발열-22형, 1식단) 제조",2025,국방부,물품(내자),식품,True,0.0,True,유찰,재공고,Y,
20250318,"2025년 전투식량(발열-22형, 2식단) 제조",2025,국방부,물품(내자),식품,True,0.0,True,유찰,재공고,Y,
20250318,"2025년 전투식량(발열-22형, 3식단) 제조",2025,국방부,물품(내자),식품,True,0.0,True,유찰,재공고,Y,
20250318,"2025년 전투식량(발열-22형, 4식단) 제조",2025,국방부,물품(내자),식품,True,0.0,True,유찰,재공고,Y,
20250318,"2025년 전투식량(발열-22형, 5식단) 제조",2025,국방부,물품(내자),식품,True,0.0,True,유찰,재공고,Y,
20250318,"2025년 전투식량(발열-22형, 6식단) 제조",2025,국방부,물품(내자),식품,True,0.0,True,유찰,재공고,Y,
20250318,"2025년 전투식량(발열-22형, 7식단) 제조",2025,국방부,물품(내자),식품,True,0.0,True,유찰,재공고,Y,
20250318,"2025년 전투식량(발열-22형, 8식단) 제조",2025,국방부,물품(내자),식품,True,0.0,True,유찰,재공고,Y,
20250318,"2025년 전투식량(발열-22형, 9식단) 제조",2025,국방부,물품(내자),식품,True,0.0,True,유찰,재공고,Y,
20250318,"2025년 전투식량(발열-22형, 10식단) 제조",2025,국방부,물품(내자),식품,True,0.0,True,유찰,재공고,Y,
20250318,"2025년 전투식량(발열-22형, 11식단) 제조",2025,국방부,물품(내자),식품,True,0.0,True,유찰,재공고,Y,
20250318,"2025년 전투식량(발열-22형, 12식단) 제조",2025,국방부,물품(내자),식품,True,0.0,True,유찰,재공고,Y,
20250407,"25년군용침낭제조(1차, 육군)",2025,육군군수사령부,물품(내자),스포츠·레저,False,33.0,False,낙찰자선정,등록공고,Y,
20250407,25년~26년 공군 백색런닝T형 제조,2025,공군군수사령부,물품(내자),피복·개인용품,False,26.0,False,낙찰자선정,등록공고,Y,
20250416,"2025년 각 군 방상내피 제조(육군, 공군, 해병, 체촌 포함)",2025,육군군수사령부,물품(내자),피복·개인용품,False,35.0,False,낙찰자선정,등록공고,Y,
20250416,"2025년 각 군 방상외피 제조(육군, 공군, 해병, 체촌 포함)",2025,육군군수사령부,물품(내자),피복·개인용품,False,22.0,False,낙찰자선정,등록공고,Y,
20250421,25년 육군 단화 및 하이힐 제조,2025,육군군수사령부,물품(내자),피복·개인용품,False,9.0,False,낙찰자선정,등록공고,Y,
20250421,25년 각군 휘발유 구매,2025,국방부,물품(내자),연료·유류,False,2.0,False,낙찰자선정,등록공고,N,
20250429,25년 육군 유격용 장갑 제조,2025,육군군수사령부,물품(내자),피복·개인용품,False,8.0,False,낙찰자선정,등록공고,Y,
20250429,25년 육군 작업용 장갑 제조,2025,육군군수사령부,물품(내자),피복·개인용품,False,8.0,False,낙찰자선정,등록공고,Y,
20250515,25년 공군 반코트 제조,2025,공군군수사령부,물품(내자),피복·개인용품,False,33.0,False,낙찰자선정,등록공고,Y,
20250709,25년 육군 비누갑 제조,2025,육군군수사령부,물품(내자),건축자재,False,5.0,False,낙찰자선정,등록공고,Y,
20250611,25년 육군 미용티슈 제조  ,2025,육군군수사령부,물품(내자),종이류,False,9.0,False,낙찰자선정,등록공고,Y,
20250611,25년 육군 액상비누 제조,2025,육군군수사령부,물품(내자),피복·개인용품,False,18.0,False,낙찰자선정,등록공고,Y,
20250516,25년 각군 경유(저유황경유) 구매,2025,육군군수사령부,물품(내자),연료·유류,False,4.0,False,낙찰자선정,등록공고,N,
20250514,2025년 공군 액체산소 등 5종 조달,2025,공군군수사령부,물품(내자),화학·화공,False,5.0,False,낙찰자선정,등록공고,N,N
20250520,25년 육군 요대 제조,2025,육군군수사령부,물품(내자),피복·개인용품,False,38.0,False,낙찰자선정,등록공고,Y,
20250519,"25년 2차 군용침낭 제조(육군,공군,해병대)",2025,육군군수사령부,물품(내자),스포츠·레저,False,39.0,False,낙찰자선정,등록공고,Y,
20250519,"25년 육군 패드, 매트리스용(90x201호) 제조",2025,육군군수사령부,물품(내자),가구,False,6.0,False,낙찰자선정,등록공고,Y,
20250519,2025년 해군 내연기관용 윤활유 제조,2025,해군군수사령부,물품(내자),연료·유류,False,2.0,False,낙찰자선정,등록공고,Y,
20250519,2025년 해군 증기터빈용 윤활유 제조,2025,해군군수사령부,물품(내자),연료·유류,True,0.0,True,유찰,등록공고,Y,
20250519,2025년 해군 MTU엔진용 윤활유 제조,2025,해군군수사령부,물품(내자),연료·유류,True,0.0,True,유찰,등록공고,Y,
20250520,육군 트럭용타이어 단가 계약,2025,육군군수사령부,물품(내자),차량·수송장비,False,91.0,False,낙찰자선정,등록공고,N,
20250520,"2025년 육군, 공군 야전침대 (알미늄제)조달",2025,육군군수사령부,물품(내자),스포츠·레저,False,17.0,False,낙찰자선정,등록공고,Y,
20250522,25년 육군 인식표용 튜브 및 고무링 구매,2025,육군군수사령부,물품(내자),제조부품,False,,False,낙찰자선정,등록공고,N,
20250523,2025년 군 엔진오일 조달,2025,육군군수사령부,물품(내자),연료·유류,False,3.0,False,낙찰자선정,등록공고,Y,
20250528,금속드럼 제조납품 단가 계약,2025,해군군수사령부,물품(내자),운반·포장,True,0.0,True,유찰,등록공고,Y,
20250523,"2025년 육군, 공군 표준오일 제조",2025,육군군수사령부,물품(내자),연료·유류,True,0.0,True,유찰,등록공고,Y,
20250522,2025년 군 강중유 조달,2025,육군군수사령부,물품(내자),연료·유류,False,4.0,False,낙찰자선정,등록공고,Y,
20250523,2025년 군 브레이크액 조달,2025,육군군수사령부,물품(내자),연료·유류,False,5.0,False,낙찰자선정,등록공고,Y,
20250523,2025년 군 기어유 제조,2025,육군군수사령부,물품(내자),연료·유류,True,0.0,True,유찰,등록공고,Y,
20250523,2025년 군 아웃보드모터오일 제조,2025,육군군수사령부,물품(내자),연료·유류,True,0.0,True,유찰,등록공고,Y,
20250523,2025년 군 유압유 제조,2025,육군군수사령부,물품(내자),연료·유류,False,6.0,False,낙찰자선정,등록공고,Y,
20250523,"2025년 군 윤활유(LSA, PL-SP, PL-MED) 제조",2025,육군군수사령부,물품(내자),연료·유류,False,3.0,False,낙찰자선정,등록공고,Y,
20250528,25년 육군 근무복잠바 제조,2025,육군군수사령부,물품(내자),피복·개인용품,False,43.0,False,낙찰자선정,등록공고,Y,
20250528,25년 해군 정비용 쿨토시 제조,2025,해군군수사령부,물품(내자),국방·치안·보안,False,105.0,False,낙찰자선정,등록공고,Y,
20250529,25년 육군 가죽요대(16년) 제조,2025,육군군수사령부,물품(내자),피복·개인용품,False,28.0,False,낙찰자선정,등록공고,Y,
20250528,25년 육군 군의관복류 제조,2025,육군군수사령부,물품(내자),의료장비,False,27.0,False,낙찰자선정,등록공고,Y,
20250529,2025년 해군 증기터빈용 윤활유 제조,2025,해군군수사령부,물품(내자),연료·유류,True,0.0,True,유찰,재공고,Y,
20250529,2025년 해군 MTU엔진용 윤활유 제조,2025,해군군수사령부,물품(내자),연료·유류,True,0.0,True,유찰,재공고,Y,
20250605,2025년 육군 세면주머니 제조,2025,육군군수사령부,물품(내자),피복·개인용품,False,61.0,False,낙찰자선정,등록공고,Y,
20250602,25년 공군 매트리스(1형) 커버 제조,2025,공군군수사령부,물품(내자),가정용품,False,24.0,False,낙찰자선정,등록공고,Y,
20250602,25년 해군 백단화류 제조,2025,해군군수사령부,물품(내자),피복·개인용품,False,9.0,False,낙찰자선정,등록공고,Y,
20250602,25년~26년 공군 호수형 비행장갑 제조,2025,공군군수사령부,물품(내자),피복·개인용품,False,8.0,False,낙찰자선정,등록공고,Y,
20250602,25년~26년 공군 드로즈형 팬티 제조,2025,공군군수사령부,물품(내자),피복·개인용품,False,35.0,False,낙찰자선정,등록공고,Y,
20250602,25년 육군 비행장갑 제조,2025,육군군수사령부,물품(내자),피복·개인용품,False,14.0,False,낙찰자선정,등록공고,Y,
20250605,25년 해군 함정용 매트리스 제조,2025,해군군수사령부,물품(내자),가구,False,16.0,False,낙찰자선정,등록공고,Y,
20250604,육군 트럭용타이어 단가 계약,2025,육군군수사령부,물품(내자),차량·수송장비,False,38.0,False,낙찰자선정,재공고,N,
20250605,"25년 공군 덮개,침구용(여름이불) 제조",2025,공군군수사령부,물품(내자),가정용품,False,31.0,False,낙찰자선정,등록공고,Y,
20250605,2025년 군 아웃보드모터오일 제조,2025,육군군수사령부,물품(내자),연료·유류,True,0.0,True,유찰,재공고,Y,
20250605,2025년 군 기어유 제조,2025,육군군수사령부,물품(내자),연료·유류,True,0.0,True,유찰,재공고,Y,
20250609,25년 해군 개선 단화 제조,2025,해군군수사령부,물품(내자),피복·개인용품,False,3.0,False,낙찰자선정,등록공고,Y,
20250609,"25년 공군 안전화 2종(물류, 정비) 제조",2025,공군군수사령부,물품(내자),국방·치안·보안,False,5.0,False,낙찰자선정,등록공고,Y,
20250623,"25년 군용 안면마스크 제조(육군, 공군)",2025,육군군수사령부,물품(내자),국방·치안·보안,False,36.0,False,낙찰자선정,등록공고,Y,
20250611,2025년 육군 숙영용 야전깔개(발포 폴리에틸렌) 제조,2025,육군군수사령부,물품(내자),스포츠·레저,False,12.0,False,낙찰자선정,등록공고,Y,Y
20250616,25년 공군 일반우의 및 군사경찰우의 제조,2025,공군군수사령부,물품(내자),국방·치안·보안,False,42.0,False,낙찰자선정,등록공고,Y,
20250616,25년~26년 공군 면수건 제조,2025,공군군수사령부,물품(내자),가정용품,False,13.0,False,낙찰자선정,등록공고,Y,
20250616,25년 해군 하계티셔츠 제조,2025,해군군수사령부,물품(내자),피복·개인용품,False,50.0,False,낙찰자선정,등록공고,Y,
20250616,2025년 군 아웃보드모터오일 제조,2025,육군군수사령부,물품(내자),연료·유류,True,0.0,True,유찰,재공고,Y,
20250616,2025년 군 기어유 제조,2025,육군군수사령부,물품(내자),연료·유류,False,3.0,False,낙찰자선정,재공고,Y,
20250616,25년 육군 비행장갑 제조,2025,육군군수사령부,물품(내자),피복·개인용품,False,0.0,True,낙찰자선정,재공고,Y,
20250618,25년 육군 학군단복 제조(체촌),2025,육군군수사령부,물품(내자),피복·개인용품,False,29.0,False,낙찰자선정,등록공고,Y,
20250618,"25년 육군, 해병 치약 제조",2025,해병대 군수단,물품(내자),피복·개인용품,False,2.0,False,낙찰자선정,등록공고,Y,
20250618,"25년 육군, 해병 세탁망 구매",2025,해병대 군수단,물품(내자),운반·포장,False,,False,낙찰자선정,등록공고,N,
20250618,2025년 육해군 귀덮개 제조,2025,육군군수사령부,물품(내자),피복·개인용품,False,75.0,False,낙찰자선정,등록공고,Y,
20250619,25년 각군 고유황경유 구매,2025,해군군수사령부,물품(내자),연료·유류,False,2.0,False,낙찰자선정,등록공고,N,
20250618,2025년 해공군 세면주머니 제조,2025,공군군수사령부,물품(내자),피복·개인용품,False,49.0,False,낙찰자선정,등록공고,Y,
20250618,2025년 육군 태극마크 제조,2025,육군군수사령부,물품(내자),피복·개인용품,False,83.0,False,낙찰자선정,등록공고,Y,
20250619,25년 각군 혹한기경유(포장) 구매,2025,육군군수사령부,물품(내자),연료·유류,True,0.0,True,유찰,등록공고,N,
20250619,25~26년 공군 정비복 제조,2025,공군군수사령부,물품(내자),피복·개인용품,False,27.0,False,낙찰자선정,등록공고,Y,Y
20250709,25년 육군 구두솔 제조,2025,육군군수사령부,물품(내자),청소장비,False,3.0,False,낙찰자선정,등록공고,Y,
20250620,"25년 육군, 공군, 해병 인식표 제조",2025,공군군수사령부,물품(내자),출판물,False,7.0,False,낙찰자선정,등록공고,Y,
20250620,25년 전군 인식표줄 제조,2025,공군군수사령부,물품(내자),제조부품,False,15.0,False,낙찰자선정,등록공고,Y,
20250624,25년 육군 육면전투화 손질도구 구매,2025,육군군수사령부,물품(내자),청소장비,False,,False,낙찰자선정,등록공고,N,
20250707,25년 육군 수영복 제조,2025,육군군수사령부,물품(내자),피복·개인용품,False,14.0,False,낙찰자선정,등록공고,Y,
20250707,"25년 군용 방한용 스패츠 제조(육군,공군)",2025,육군군수사령부,물품(내자),국방·치안·보안,False,28.0,False,낙찰자선정,등록공고,Y,
20250703,25년 각군 혹한기경유(포장) 구매,2025,육군군수사령부,물품(내자),연료·유류,True,0.0,True,유찰,재공고,N,
20250707,"25년 공군 안전화 2종(물류, 정비) 제조",2025,공군군수사령부,물품(내자),국방·치안·보안,False,9.0,False,낙찰자선정,등록공고,Y,
20250707,"2025년 전투식량(복원-22형, 1식단) 제조",2025,국방부,물품(내자),식품,False,2.0,False,낙찰자선정,등록공고,Y,
20250707,"2025년 전투식량(복원-22형, 2식단) 제조",2025,국방부,물품(내자),식품,False,2.0,False,낙찰자선정,등록공고,Y,
20250707,"2025년 전투식량(복원-22형, 3식단) 제조",2025,국방부,물품(내자),식품,False,2.0,False,낙찰자선정,등록공고,Y,
20250707,"2025년 전투식량(복원-22형, 4식단) 제조",2025,국방부,물품(내자),식품,False,2.0,False,낙찰자선정,등록공고,Y,
20250707,"2025년 전투식량(복원-22형, 5식단) 제조",2025,국방부,물품(내자),식품,False,2.0,False,낙찰자선정,등록공고,Y,
20250707,"2025년 전투식량(복원-22형, 6식단) 제조",2025,국방부,물품(내자),식품,False,2.0,False,낙찰자선정,등록공고,Y,
20250707,"2025년 전투식량(복원-22형, 7식단) 제조",2025,국방부,물품(내자),식품,False,2.0,False,낙찰자선정,등록공고,Y,
20250707,"2025년 전투식량(복원-22형, 8식단) 제조",2025,국방부,물품(내자),식품,False,2.0,False,낙찰자선정,등록공고,Y,
20250707,"2025년 전투식량(복원-22형, 9식단) 제조",2025,국방부,물품(내자),식품,False,2.0,False,낙찰자선정,등록공고,Y,
20250707,"2025년 전투식량(복원-22형, 10식단) 제조",2025,국방부,물품(내자),식품,False,2.0,False,낙찰자선정,등록공고,Y,
20250707,"2025년 전투식량(복원-22형, 11식단) 제조",2025,국방부,물품(내자),식품,False,2.0,False,낙찰자선정,등록공고,Y,
20250707,"2025년 전투식량(복원-22형, 12식단) 제조",2025,국방부,물품(내자),식품,False,2.0,False,낙찰자선정,등록공고,Y,
20250709,25년 육군 세수비누 제조,2025,육군군수사령부,물품(내자),피복·개인용품,False,3.0,False,낙찰자선정,등록공고,Y,
20250714,25년 3사 생도피복 제조(체촌),2025,육군군수사령부,물품(내자),피복·개인용품,False,31.0,False,낙찰자선정,등록공고,Y,
20250708,금속드럼 제조납품 단가 계약,2025,해군군수사령부,물품(내자),운반·포장,True,0.0,True,유찰,재공고,Y,
20250714,25년~28년(3년) 항공유[JP-8(송유관)] 구매,2025,공군군수사령부,물품(내자),연료·유류,True,2.0,False,유찰,등록공고,N,
20250709,2025년 육군 위장포(KBH Ⅲ형) 제조,2025,육군군수사령부,물품(내자),스포츠·레저,False,34.0,False,낙찰자선정,등록공고,Y,
20250722,25년 육군 칫솔케이스 구매,2025,육군군수사령부,물품(내자),피복·개인용품,False,,False,낙찰자선정,변경공고,N,
20250714,25년 육사 생도피복 제조(체촌),2025,육군군수사령부,물품(내자),피복·개인용품,False,35.0,False,낙찰자선정,등록공고,Y,
20250714,"25년 각군 등유(포장, 탱크주입) 구매",2025,육군군수사령부,물품(내자),연료·유류,True,0.0,True,유찰,등록공고,N,
20250714,"2025년 전투식량(특전-22형, 1식단) 제조",2025,국방부,물품(내자),식품,True,0.0,True,유찰,등록공고,Y,
20250714,"2025년 전투식량(특전-22형, 2식단) 제조",2025,국방부,물품(내자),식품,True,0.0,True,유찰,등록공고,Y,
20250714,"2025년 전투식량(특전-22형, 3식단) 제조",2025,국방부,물품(내자),식품,True,0.0,True,유찰,등록공고,Y,
20250714,"2025년 전투식량(특전-22형, 4식단) 제조",2025,국방부,물품(내자),식품,True,0.0,True,유찰,등록공고,Y,
20250714,"2025년 전투식량(특전-22형, 5식단) 제조",2025,국방부,물품(내자),식품,True,0.0,True,유찰,등록공고,Y,
20250714,"2025년 전투식량(특전-22형, 6식단) 제조",2025,국방부,물품(내자),식품,True,0.0,True,유찰,등록공고,Y,
20250714,"2025년 전투식량(특전-22형, 7식단) 제조",2025,국방부,물품(내자),식품,True,0.0,True,유찰,등록공고,Y,
20250714,"2025년 전투식량(특전-22형, 8식단) 제조",2025,국방부,물품(내자),식품,True,0.0,True,유찰,등록공고,Y,
20250714,"2025년 전투식량(특전-22형, 9식단) 제조",2025,국방부,물품(내자),식품,True,0.0,True,유찰,등록공고,Y,
20250714,"2025년 전투식량(특전-22형, 10식단) 제조",2025,국방부,물품(내자),식품,True,0.0,True,유찰,등록공고,Y,
20250715,2025년 해군 태극마크 제조,2025,해군군수사령부,물품(내자),피복·개인용품,False,64.0,False,낙찰자선정,등록공고,Y,
20250716,25년 육군 간호복(체촌) 제조,2025,육군군수사령부,물품(내자),피복·개인용품,False,9.0,False,낙찰자선정,등록공고,Y,
20250718,25년 육군 환자복류 제조,2025,육군군수사령부,물품(내자),의료장비,False,29.0,False,낙찰자선정,등록공고,Y,Y
20250718,"25년 육군, 공군, 해병 인식표 제조",2025,공군군수사령부,물품(내자),출판물,False,6.0,False,낙찰자선정,재공고,Y,
20250723,"25년 육군, 해병 손톱깎이 세트 구매",2025,해병대 군수단,물품(내자),피복·개인용품,False,,False,낙찰자선정,변경공고,N,
20250722,금속드럼 제조납품 단가 계약,2025,해군군수사령부,물품(내자),운반·포장,True,0.0,True,유찰,재공고,Y,
20250723,"2025년 전투식량(특전-22형, 1식단) 제조",2025,국방부,물품(내자),식품,True,0.0,True,유찰,재공고,Y,
20250723,"2025년 전투식량(특전-22형, 2식단) 제조",2025,국방부,물품(내자),식품,True,0.0,True,유찰,재공고,Y,
20250723,"2025년 전투식량(특전-22형, 3식단) 제조",2025,국방부,물품(내자),식품,True,0.0,True,유찰,재공고,Y,
20250723,"2025년 전투식량(특전-22형, 4식단) 제조",2025,국방부,물품(내자),식품,True,0.0,True,유찰,재공고,Y,
20250723,"2025년 전투식량(특전-22형, 5식단) 제조",2025,국방부,물품(내자),식품,True,0.0,True,유찰,재공고,Y,
20250723,"2025년 전투식량(특전-22형, 6식단) 제조",2025,국방부,물품(내자),식품,True,0.0,True,유찰,재공고,Y,
20250723,"2025년 전투식량(특전-22형, 7식단) 제조",2025,국방부,물품(내자),식품,True,0.0,True,유찰,재공고,Y,
20250723,"2025년 전투식량(특전-22형, 8식단) 제조",2025,국방부,물품(내자),식품,True,0.0,True,유찰,재공고,Y,
20250723,"2025년 전투식량(특전-22형, 9식단) 제조",2025,국방부,물품(내자),식품,True,0.0,True,유찰,재공고,Y,
20250723,"2025년 전투식량(특전-22형, 10식단) 제조",2025,국방부,물품(내자),식품,True,0.0,True,유찰,재공고,Y,
20250728,2025년 육군 샤워타월 제조,2025,육군군수사령부,물품(내자),가정용품,False,7.0,False,낙찰자선정,등록공고,Y,
20250728,2025년 공군 공중근무자 목티 4품목 제조,2025,공군군수사령부,물품(내자),피복·개인용품,False,24.0,False,낙찰자선정,등록공고,Y,
20250728,2025년 육군 넥타이 제조,2025,육군군수사령부,물품(내자),피복·개인용품,False,45.0,False,낙찰자선정,등록공고,Y,
20250729,25년~28년(3년) 항공유[JP-8(송유관)] 구매,2025,공군군수사령부,물품(내자),연료·유류,True,0.0,True,유찰,재공고,N,
20250729,"25년 각군 등유(포장, 탱크주입) 구매",2025,육군군수사령부,물품(내자),연료·유류,True,0.0,True,유찰,재공고,N,
20250812,"25년 국방부 비행 가죽잠바 제조(육,해,공,해병)",2025,해군군수사령부,물품(내자),피복·개인용품,False,23.0,False,낙찰자선정,등록공고,Y,
20250805,2025년 육군 수통케이스 제조,2025,육군군수사령부,물품(내자),가정용품,False,47.0,False,낙찰자선정,등록공고,Y,
20250826,25년 해군 정비 안전화 제조,2025,해군군수사령부,물품(내자),국방·치안·보안,False,5.0,False,낙찰자선정,등록공고,Y,
20250807,25년 각군 혹한기경유(포장) 구매,2025,육군군수사령부,물품(내자),연료·유류,True,0.0,True,유찰,등록공고,N,
20250822,25년 각군 혹한기경유(경기) 구매,2025,육군군수사령부,물품(내자),연료·유류,True,0.0,True,유찰,등록공고,N,
20250822,25년 각군 혹한기경유(경기외) 구매,2025,육군군수사령부,물품(내자),연료·유류,True,0.0,True,유찰,등록공고,N,
20250821,25년 육군 캡슐형 세제 제조,2025,육군군수사령부,물품(내자),청소장비,False,16.0,False,낙찰자선정,등록공고,Y,Y
20250822,25년 각군 JP-8(차량) 구매,2025,공군군수사령부,물품(내자),연료·유류,True,0.0,True,유찰,등록공고,N,
20250821,25년 육군 표백제 제조,2025,육군군수사령부,물품(내자),청소장비,False,7.0,False,낙찰자선정,등록공고,Y,Y
20250822,25년 각군 JET A-1 구매,2025,해군군수사령부,물품(내자),연료·유류,False,7.0,False,낙찰자선정,등록공고,N,
20250822,25년~28년(3년) 항공유[JP-8(화차)] 구매,2025,공군군수사령부,물품(내자),연료·유류,True,0.0,True,유찰,등록공고,N,
20250822,25년 각군 AV-GAS 구매,2025,공군군수사령부,물품(내자),연료·유류,True,0.0,True,유찰,등록공고,N,
20250822,25년 각군 JP-8(도서) 구매,2025,육군군수사령부,물품(내자),연료·유류,True,0.0,True,유찰,등록공고,N,
20250825,25년 육군 방한장갑 제조,2025,육군군수사령부,물품(내자),피복·개인용품,False,11.0,False,낙찰자선정,등록공고,Y,
20250825,25년 육군 JP-8(차량_드럼포장) 구매,2025,육군군수사령부,물품(내자),연료·유류,True,0.0,True,유찰,등록공고,N,
20250826,25년 해병대 유격장갑 제조,2025,해병대 군수단,물품(내자),피복·개인용품,False,12.0,False,낙찰자선정,등록공고,Y,
20250826,2025년 공군 태극마크 제조,2025,공군군수사령부,물품(내자),피복·개인용품,False,71.0,False,낙찰자선정,등록공고,Y,
20250827,2025년 공군 동계생활모 제조,2025,공군군수사령부,물품(내자),피복·개인용품,False,28.0,False,낙찰자선정,등록공고,Y,
20250827,2025년 육군 야전삽피 제조,2025,육군군수사령부,물품(내자),가정용품,False,41.0,False,낙찰자선정,등록공고,Y,
20250827,2025년 공군 목도리(넥워머형) 제조,2025,공군군수사령부,물품(내자),피복·개인용품,False,33.0,False,낙찰자선정,등록공고,Y,
20250902,25년 육군 비행장갑 제조,2025,육군군수사령부,물품(내자),피복·개인용품,False,8.0,False,낙찰자선정,재공고,Y,
20250902,25년~26년 공군 유류작업복 제조,2025,공군군수사령부,물품(내자),피복·개인용품,False,36.0,False,낙찰자선정,등록공고,Y,
20250902,2025년 해병대 세면주머니 제조,2025,해병대 군수단,물품(내자),피복·개인용품,False,55.0,False,낙찰자선정,등록공고,Y,
20250908,25년 공군 단화류 제조,2025,공군군수사령부,물품(내자),피복·개인용품,False,0.0,True,낙찰자선정,등록공고,Y,Y
20250904,25년 각군 JP-8(차량) 구매,2025,공군군수사령부,물품(내자),연료·유류,True,0.0,True,유찰,재공고,N,
20250904,25년 각군 혹한기경유(경기) 구매,2025,육군군수사령부,물품(내자),연료·유류,True,0.0,True,유찰,재공고,N,
20250904,25년 각군 혹한기경유(경기외) 구매,2025,육군군수사령부,물품(내자),연료·유류,True,0.0,True,유찰,재공고,N,
20250905,25년~28년(3년) 항공유[JP-8(화차)] 구매,2025,공군군수사령부,물품(내자),연료·유류,True,0.0,True,유찰,재공고,N,
20250905,25년 육군 JP-8(차량_드럼포장) 구매,2025,육군군수사령부,물품(내자),연료·유류,True,0.0,True,유찰,등록공고,N,Y
20250908,25년 공군 면수건 제조,2025,공군군수사령부,물품(내자),가정용품,False,15.0,False,낙찰자선정,등록공고,Y,
20250909,25년 공군 모포 제조,2025,공군군수사령부,물품(내자),가정용품,False,24.0,False,낙찰자선정,등록공고,Y,
20250910,25년 각군 JP-8(도서) 구매,2025,육군군수사령부,물품(내자),연료·유류,False,3.0,False,낙찰자선정,재공고,N,
20250910,25년 각군 AV-GAS 구매,2025,공군군수사령부,물품(내자),연료·유류,True,0.0,True,유찰,재공고,N,
20250915,25년 해병대 하계 정비용 티셔츠 제조,2025,해병대 군수단,물품(내자),피복·개인용품,False,54.0,False,낙찰자선정,등록공고,Y,
20250922,2025년 공군 해군 현용 방상외피 제조(추가분),2025,공군군수사령부,물품(내자),피복·개인용품,False,34.0,False,낙찰자선정,등록공고,Y,
20250922,2025년 공군 현용 방상내피 제조(추가분),2025,공군군수사령부,물품(내자),피복·개인용품,False,48.0,False,낙찰자선정,등록공고,Y,
20250925,25년 해군 개선 잠바 제조,2025,해군군수사령부,물품(내자),피복·개인용품,False,31.0,False,낙찰자선정,등록공고,Y,Y
20251013,25년 해병대 상륙화 제조,2025,해병대 군수단,물품(내자),국방·치안·보안,False,5.0,False,낙찰자선정,등록공고,Y,
20251013,25년 육군 전차병 잠바 제조,2025,육군군수사령부,물품(내자),피복·개인용품,False,0.0,True,개찰완료,등록공고,Y,
20251014,2025년 수색대 혹한복 제조,2025,해병대 군수단,물품(내자),피복·개인용품,False,16.0,False,낙찰자선정,등록공고,Y,
20251020,2025년 육군 특전사 기능성방한복 제조,2025,육군군수사령부,물품(내자),피복·개인용품,False,25.0,False,낙찰자선정,등록공고,Y,
20251020,2025년 해병대 흑색 대테러복 제조,2025,해병대 군수단,물품(내자),피복·개인용품,False,0.0,True,낙찰자선정,등록공고,Y,
20251020,2025년 육군 특전복 제조 (체촌 포함),2025,육군군수사령부,물품(내자),피복·개인용품,False,30.0,False,낙찰자선정,등록공고,Y,
20251020,2025년 궤도차량승무원복 제조(육군),2025,육군군수사령부,물품(내자),피복·개인용품,False,0.0,True,낙찰자선정,등록공고,Y,
20251020,2025년 육군 대테러복 제조,2025,육군군수사령부,물품(내자),피복·개인용품,False,37.0,False,낙찰자선정,등록공고,Y,
20251020,2025년 해병대 컴벳셔츠 제조,2025,해병대 군수단,물품(내자),피복·개인용품,False,38.0,False,낙찰자선정,등록공고,Y,
20251020,25년 해병대 정복 및 근무복 제조(체촌),2025,해병대 군수단,물품(내자),피복·개인용품,False,27.0,False,낙찰자선정,등록공고,Y,
20251023,"2025년 전투식량(특전-22형, 1식단) 제조",2025,육군군수사령부,물품(내자),식품,True,0.0,True,유찰,등록공고,Y,
20251023,"2025년 전투식량(특전-22형, 2식단) 제조",2025,육군군수사령부,물품(내자),식품,True,0.0,True,유찰,등록공고,Y,
20251023,"2025년 전투식량(특전-22형, 3식단) 제조",2025,육군군수사령부,물품(내자),식품,True,0.0,True,유찰,등록공고,Y,
20251023,"2025년 전투식량(특전-22형, 4식단) 제조",2025,육군군수사령부,물품(내자),식품,True,0.0,True,유찰,등록공고,Y,
20251023,"2025년 전투식량(특전-22형, 5식단) 제조",2025,육군군수사령부,물품(내자),식품,True,0.0,True,유찰,등록공고,Y,
20251023,"2025년 전투식량(특전-22형, 6식단) 제조",2025,육군군수사령부,물품(내자),식품,True,0.0,True,유찰,등록공고,Y,
20251023,"2025년 전투식량(특전-22형, 7식단) 제조",2025,육군군수사령부,물품(내자),식품,True,0.0,True,유찰,등록공고,Y,
20251023,"2025년 전투식량(특전-22형, 8식단) 제조",2025,육군군수사령부,물품(내자),식품,True,0.0,True,유찰,등록공고,Y,
20251023,"2025년 전투식량(특전-22형, 9식단) 제조",2025,육군군수사령부,물품(내자),식품,True,0.0,True,유찰,등록공고,Y,
20251023,"2025년 전투식량(특전-22형, 10식단) 제조",2025,육군군수사령부,물품(내자),식품,True,0.0,True,유찰,등록공고,Y,
20251028,25년 해군 일반우의 제조,2025,해군군수사령부,물품(내자),국방·치안·보안,False,33.0,False,낙찰자선정,등록공고,Y,
20251029,2025년 군 윤활제 제조,2025,육군군수사령부,물품(내자),연료·유류,False,0.0,True,낙찰자선정,등록공고,Y,
20251105,"2025년 전투식량(특전-22형, 1식단) 제조",2025,육군군수사령부,물품(내자),식품,True,0.0,True,유찰,재공고,Y,
20251105,"2025년 전투식량(특전-22형, 2식단) 제조",2025,육군군수사령부,물품(내자),식품,True,0.0,True,유찰,재공고,Y,
20251105,"2025년 전투식량(특전-22형, 3식단) 제조",2025,육군군수사령부,물품(내자),식품,True,0.0,True,유찰,재공고,Y,
20251105,"2025년 전투식량(특전-22형, 4식단) 제조",2025,육군군수사령부,물품(내자),식품,True,0.0,True,유찰,재공고,Y,
20251105,"2025년 전투식량(특전-22형, 5식단) 제조",2025,육군군수사령부,물품(내자),식품,True,0.0,True,유찰,재공고,Y,
20251105,"2025년 전투식량(특전-22형, 6식단) 제조",2025,육군군수사령부,물품(내자),식품,True,0.0,True,유찰,재공고,Y,
20251105,"2025년 전투식량(특전-22형, 7식단) 제조",2025,육군군수사령부,물품(내자),식품,True,0.0,True,유찰,재공고,Y,
20251105,"2025년 전투식량(특전-22형, 8식단) 제조",2025,육군군수사령부,물품(내자),식품,True,0.0,True,유찰,재공고,Y,
20251105,"2025년 전투식량(특전-22형, 9식단) 제조",2025,육군군수사령부,물품(내자),식품,True,0.0,True,유찰,재공고,Y,
20251105,"2025년 전투식량(특전-22형, 10식단) 제조",2025,육군군수사령부,물품(내자),식품,True,0.0,True,유찰,재공고,Y,
20251110,25년 육군 여군 단화류 2차 제조,2025,육군군수사령부,물품(내자),피복·개인용품,False,5.0,False,낙찰자선정,등록공고,Y,
20251111,2025년 육군 예복견장 제조,2025,육군군수사령부,물품(내자),피복·개인용품,False,45.0,False,낙찰자선정,등록공고,Y,
20251117,"2025년 전투식량(특전-22형, 1식단) 제조",2025,육군군수사령부,물품(내자),식품,True,0.0,True,유찰,재공고,Y,
20251117,"2025년 전투식량(특전-22형, 2식단) 제조",2025,육군군수사령부,물품(내자),식품,True,0.0,True,유찰,재공고,Y,
20251117,"2025년 전투식량(특전-22형, 3식단) 제조",2025,육군군수사령부,물품(내자),식품,True,0.0,True,유찰,재공고,Y,
20251117,"2025년 전투식량(특전-22형, 4식단) 제조",2025,육군군수사령부,물품(내자),식품,True,0.0,True,유찰,재공고,Y,
20251117,"2025년 전투식량(특전-22형, 5식단) 제조",2025,육군군수사령부,물품(내자),식품,True,0.0,True,유찰,재공고,Y,
20251117,"2025년 전투식량(특전-22형, 6식단) 제조",2025,육군군수사령부,물품(내자),식품,True,0.0,True,유찰,재공고,Y,
20251117,"2025년 전투식량(특전-22형, 7식단) 제조",2025,육군군수사령부,물품(내자),식품,True,0.0,True,유찰,재공고,Y,
20251117,"2025년 전투식량(특전-22형, 8식단) 제조",2025,육군군수사령부,물품(내자),식품,True,0.0,True,유찰,재공고,Y,
20251117,"2025년 전투식량(특전-22형, 9식단) 제조",2025,육군군수사령부,물품(내자),식품,True,0.0,True,유찰,재공고,Y,
20251117,"2025년 전투식량(특전-22형, 10식단) 제조",2025,육군군수사령부,물품(내자),식품,True,0.0,True,유찰,재공고,Y,
20251117,2025년 해병대 흑색 대테러복 제조,2025,해병대 군수단,물품(내자),피복·개인용품,False,30.0,False,낙찰자선정,재공고,Y,Y
20251118,"2025년 육군 전투복 사계, 하계 추가분",2025,육군군수사령부,물품(내자),피복·개인용품,False,22.0,False,낙찰자선정,등록공고,Y,
20251124,2025년 궤도차량승무원복 제조(육군),2025,육군군수사령부,물품(내자),피복·개인용품,False,35.0,False,낙찰자선정,재공고,Y,Y
20251128,"2025년 전투식량(특전-22형, 1식단) 제조",2025,육군군수사령부,물품(내자),식품,True,0.0,True,유찰,재공고,Y,
20251128,"2025년 전투식량(특전-22형, 2식단) 제조",2025,육군군수사령부,물품(내자),식품,True,0.0,True,유찰,재공고,Y,
20251128,"2025년 전투식량(특전-22형, 3식단) 제조",2025,육군군수사령부,물품(내자),식품,True,0.0,True,유찰,재공고,Y,
20251128,"2025년 전투식량(특전-22형, 4식단) 제조",2025,육군군수사령부,물품(내자),식품,True,0.0,True,유찰,재공고,Y,
20251128,"2025년 전투식량(특전-22형, 5식단) 제조",2025,육군군수사령부,물품(내자),식품,True,0.0,True,유찰,재공고,Y,
20251128,"2025년 전투식량(특전-22형, 6식단) 제조",2025,육군군수사령부,물품(내자),식품,True,0.0,True,유찰,재공고,Y,
20251128,"2025년 전투식량(특전-22형, 7식단) 제조",2025,육군군수사령부,물품(내자),식품,True,0.0,True,유찰,재공고,Y,
20251128,"2025년 전투식량(특전-22형, 8식단) 제조",2025,육군군수사령부,물품(내자),식품,True,0.0,True,유찰,재공고,Y,
20251128,"2025년 전투식량(특전-22형, 9식단) 제조",2025,육군군수사령부,물품(내자),식품,True,0.0,True,유찰,재공고,Y,
20251128,"2025년 전투식량(특전-22형, 10식단) 제조",2025,육군군수사령부,물품(내자),식품,True,0.0,True,유찰,재공고,Y,
20251203,2025년 군 윤활제 제조,2025,육군군수사령부,물품(내자),연료·유류,False,0.0,True,낙찰자선정,등록공고,Y,
20251205,25년 육군 전차병잠바 제조,2025,육군군수사령부,물품(내자),피복·개인용품,False,18.0,False,낙찰자선정,등록공고,Y,Y
20251209,25년 해군 정복 및 근무복 제조(체촌),2025,해군군수사령부,물품(내자),피복·개인용품,False,19.0,False,낙찰자선정,등록공고,Y,
20251215,2025년 군 윤활제 제조,2025,육군군수사령부,물품(내자),연료·유류,False,5.0,False,낙찰자선정,재공고,Y,
20251223,25년~26년 공군 맞춤피복 제조,2025,공군군수사령부,물품(내자),피복·개인용품,False,21.0,False,낙찰자선정,등록공고,Y,
20250319,25년 주공급자의약품(1성분) 구매,2025,육군군수사령부,물품(내자),기타(51),False,59.0,False,낙찰자선정,등록공고,N,
20250325,25년 주공급자의약품(2성분) 구매,2025,육군군수사령부,물품(내자),기타(51),False,80.0,False,낙찰자선정,등록공고,N,
20250325,25년 주공급자의약품(퇴장방지) 구매,2025,육군군수사령부,물품(내자),기타(51),False,4.0,False,낙찰자선정,등록공고,N,
20251016,"홍역, 유행성이하선염 및 풍진바이러스 백신 구매",2025,육군군수사령부,물품(내자),기타(51),False,0.0,True,낙찰자선정,등록공고,N,
20251016,A형 간염 백신 구매 ,2025,육군군수사령부,물품(내자),기타(51),False,61.0,False,낙찰자선정,등록공고,N,
20251016,수막구균 백신 구매,2025,육군군수사령부,물품(내자),기타(51),False,17.0,False,낙찰자선정,등록공고,N,
20251016,파상풍디프테리아백일해 백신 구매,2025,육군군수사령부,물품(내자),기타(51),False,19.0,False,낙찰자선정,등록공고,N,
20251104,"홍역, 유행성이하선염 및 풍진바이러스 백신 구매",2025,육군군수사령부,물품(내자),기타(51),False,0.0,True,낙찰자선정,재공고,N,
20251203,"홍역, 이하선염 및 풍진바이러스 백신 구매",2025,육군군수사령부,물품(내자),기타(51),False,0.0,True,낙찰자선정,등록공고,N,
20251218,"홍역, 이하선염 및 풍진바이러스 백신 구매",2025,육군군수사령부,물품(내자),기타(51),False,0.0,True,낙찰자선정,재공고,N,
20250109,2024년 3차 진중문고 전자책 구매·보급 사업,2025,국방부,물품(내자),정보통신,False,273.0,False,낙찰자선정,등록공고,N,Y
20250122,24~25년 맵핑용 드론 사업,2025,육군군수사령부,물품(내자),차량·수송장비,False,2.0,False,낙찰자선정,재공고,Y,Y
20250115,25년 해병 동력체인톱 구매,2025,해병대 군수단,물품(내자),공구,False,,False,낙찰자선정,등록공고,N,
20250115,25년 육군 이동식정비대 구매,2025,육군군수사령부,물품(내자),운반·포장,False,,False,낙찰자선정,등록공고,N,
20250115,25년 육군 항공 공구류 3종 구매,2025,육군군수사령부,물품(내자),공구,False,,False,낙찰자선정,등록공고,N,
20250115,25년 해병 엔진브로워(송풍기) 구매,2025,해병대 군수단,물품(내자),공구,False,,False,낙찰자선정,등록공고,N,
20250122,일회용 알콜솜(200S2.5CM),2025,육군군수사령부,물품(내자),기타(51),False,,False,낙찰자선정,등록공고,N,
20250206,25년 해병 캡슐형 세제 제조,2025,해병대 군수단,물품(내자),청소장비,False,7.0,False,낙찰자선정,등록공고,Y,Y
20250203,25년 해군 소형선반 구매,2025,해군군수사령부,물품(내자),산업기계,False,,False,낙찰자선정,등록공고,N,
20250131,25년 육군 FOD청소차 구매,2025,육군군수사령부,물품(내자),청소장비,False,,False,낙찰자선정,등록공고,N,
20250207,"25년 해군 정비작업대,항공기용(B-1) 구매",2025,해군군수사령부,물품(내자),건축자재,False,811.0,False,낙찰자선정,등록공고,N,
20250211,"25년 (해군) 정제분류포장기(자동식, 사단용) 구매",2025,해군군수사령부,물품(내자),의료장비,False,298.0,False,낙찰자선정,등록공고,N,
20250217,25년 해군 휴대용등(충전식 랜턴) 구매,2025,해군군수사령부,물품(내자),전기·조명,False,,False,낙찰자선정,등록공고,N,
20250219,25년 공군 RPT화물트럭 제조,2025,공군군수사령부,물품(내자),차량·수송장비,False,5.0,False,낙찰자선정,등록공고,N,
20250219,25년 공군 저상형트레일러 제조,2025,공군군수사령부,물품(내자),차량·수송장비,False,6.0,False,낙찰자선정,등록공고,N,
20250218,2025년 해군 제빙기 4종 조달,2025,해군군수사령부,물품(내자),운반·포장,False,327.0,False,낙찰자선정,등록공고,N,
20250218,25년 해군 금속재절단기 구매,2025,해군군수사령부,물품(내자),산업기계,False,,False,낙찰자선정,등록공고,N,
20250219,육군 오토바이(647CC) 구매,2025,육군군수사령부,물품(내자),차량·수송장비,False,72.0,False,낙찰자선정,등록공고,N,
20250219,육군 오토바이(1860CC이상) 구매,2025,육군군수사령부,물품(내자),차량·수송장비,False,37.0,False,낙찰자선정,등록공고,N,
20250220,25년 공군 트럭트랙터 제조,2025,공군군수사령부,물품(내자),차량·수송장비,False,2.0,False,낙찰자선정,등록공고,N,
20250224,25년 해군 폭발물처리차 제조,2025,해군군수사령부,물품(내자),차량·수송장비,False,5.0,False,낙찰자선정,등록공고,Y,
20250224,25년 해군 윤활유급유차 제조,2025,해군군수사령부,물품(내자),차량·수송장비,False,2.0,False,낙찰자선정,등록공고,Y,
20250305,"포비돈스틱 스왑, 50S 구매",2025,육군군수사령부,물품(내자),기타(51),False,9.0,False,낙찰자선정,등록공고,N,
20250311,2025년 국군수도병원 의약품 616품목 구매,2025,국군수도병원,물품(내자),기타(51),False,50.0,False,낙찰자선정,등록공고,N,N
20250304,해군 소방노즐 2종 제조 구매,2025,해군군수사령부,물품(내자),국방·치안·보안,True,0.0,True,유찰,등록공고,Y,
20250304,해군 소방 결합금속구 3종 제조 구매,2025,해군군수사령부,물품(내자),국방·치안·보안,False,3.0,False,낙찰자선정,등록공고,Y,
20250307,해군 글로브밸브 27종 제조 구매,2025,해군군수사령부,물품(내자),배관·공조,True,0.0,True,유찰,등록공고,Y,
20250305,아토르바스타틴정20mg 30정 구매,2025,육군군수사령부,물품(내자),기타(51),False,73.0,False,낙찰자선정,등록공고,N,
20250306,케토프로펜 린트형 펙 6S 30mg 등 4개 품목 구매,2025,육군군수사령부,물품(내자),기타(51),False,25.0,False,낙찰자선정,등록공고,N,
20250317,"2025년 해병대 동, 춘추잠바 제조",2025,해병대 군수단,물품(내자),피복·개인용품,False,45.0,False,낙찰자선정,등록공고,Y,
20250306,"히알루론산나트륨점안액(일회용,0.1%,0.35∼0.5mL) 등 4개 품목 구매",2025,육군군수사령부,물품(내자),기타(51),False,14.0,False,낙찰자선정,등록공고,N,
20250306,유충구제제(1KG) 구매,2025,육군군수사령부,물품(내자),기타(51),False,162.0,False,낙찰자선정,등록공고,N,
20250310,귀마개 세트(귀마개 캡슐포함형) 구매,2025,육군군수사령부,물품(내자),국방·치안·보안,False,,False,낙찰자선정,등록공고,N,
20250307,육군 오토바이(647CC) 구매,2025,육군군수사령부,물품(내자),차량·수송장비,False,13.0,False,낙찰자선정,재공고,N,
20250310,"마개,귀보호용(귀마개200조) 구매",2025,육군군수사령부,물품(내자),국방·치안·보안,False,,False,낙찰자선정,등록공고,N,
20250319,해군 주방용품 13종 구매,2025,해군군수사령부,물품(내자),서비스산업장비,False,,False,낙찰자선정,변경공고,N,
20250311,육군 보온식관 제조 납품,2025,육군군수사령부,물품(내자),스포츠·레저,True,0.0,True,유찰,등록공고,Y,
20250311,육군 자동차리프트 제조 납품,2025,육군군수사령부,물품(내자),운반·포장,False,17.0,False,낙찰자선정,등록공고,Y,
20250311,2025년 해군 실리콘알키드 등 4종 제조,2025,해군군수사령부,물품(내자),제조부품,False,4.0,False,낙찰자선정,등록공고,Y,
20250311,2025년 해군 비닐아크릴해치 등 5종 제조,2025,해군군수사령부,물품(내자),제조부품,False,8.0,False,낙찰자선정,등록공고,Y,
20250311,2025년 해군 아크릴우레탄 등 3종 제조,2025,해군군수사령부,물품(내자),제조부품,False,5.0,False,낙찰자선정,등록공고,Y,
20250311,2025년 해군 페인트용 희석제 7종 제조,2025,해군군수사령부,물품(내자),제조부품,False,8.0,False,낙찰자선정,등록공고,Y,
20250311,2025년 육군 플라스틱골판지(피피상자) 제조,2025,육군군수사령부,물품(내자),운반·포장,False,2.0,False,낙찰자선정,등록공고,Y,
20250311,2025년 해군 에나멜페인트 9종 제조,2025,해군군수사령부,물품(내자),제조부품,False,3.0,False,낙찰자선정,등록공고,Y,
20250312,화학작용제탐지기 구매,2025,국방부 국군화생방방호사령부,물품(내자),국방·치안·보안,False,417.0,False,낙찰자선정,등록공고,N,Y
20250313,25년 공군 항공무장정비사 출동차 제조,2025,공군군수사령부,물품(내자),차량·수송장비,True,0.0,True,유찰,등록공고,Y,
20250313,25년 해군 저상형트레일러 제조,2025,해군군수사령부,물품(내자),차량·수송장비,False,3.0,False,낙찰자선정,등록공고,Y,
20250313,해군 소방노즐 2종 제조 구매,2025,해군군수사령부,물품(내자),국방·치안·보안,True,0.0,True,유찰,재공고,Y,
20250313,25년 공군 대형버스(45인승) 제조,2025,공군군수사령부,물품(내자),차량·수송장비,True,0.0,True,유찰,등록공고,Y,
20250319,25년 (해군) 생화학자동분석기(대형) 구매,2025,해군군수사령부,물품(내자),실험·측정기기,False,,False,낙찰자선정,등록공고,N,
20250409,25년 (육군) 초음파진단기 구매,2025,육군군수사령부,물품(내자),의료장비,False,,False,낙찰자선정,등록공고,N,
20250318,2025년 해군 에폭시페인트 4종 조달,2025,해군군수사령부,물품(내자),제조부품,False,9.0,False,낙찰자선정,등록공고,Y,
20250317,25년 해군 차륜형로더 제조,2025,해군군수사령부,물품(내자),건설장비,True,0.0,True,유찰,등록공고,N,
20250317,25년 공군 순찰승용차 제조,2025,공군군수사령부,물품(내자),차량·수송장비,False,7.0,False,낙찰자선정,등록공고,N,
20250319,육군 온수제조기 제조 납품,2025,육군군수사령부,물품(내자),서비스산업장비,False,2.0,False,낙찰자선정,등록공고,Y,
20250317,25년 공군 2.5톤 이동배식차 제조,2025,공군군수사령부,물품(내자),차량·수송장비,False,3.0,False,개찰완료,등록공고,N,
20250317,공군 1톤 윙바디화물트럭 제조,2025,공군군수사령부,물품(내자),차량·수송장비,False,3.0,False,낙찰자선정,등록공고,N,
20250318,해군 카본헬멧 구매,2025,해군군수사령부,물품(내자),국방·치안·보안,False,,False,낙찰자선정,등록공고,N,
20250318,"주사기(피하주사용, 일회용주사기) 구매",2025,육군군수사령부,물품(내자),의료장비,False,239.0,False,낙찰자선정,등록공고,N,
20250319,내시경 위대장용 구매,2025,해군군수사령부,물품(내자),의료장비,False,485.0,False,낙찰자선정,등록공고,N,
20250318,해군 소방 결합금속구 3종 제조 구매,2025,해군군수사령부,물품(내자),국방·치안·보안,False,2.0,False,낙찰자선정,재공고,Y,
20250327,전투용응급처치키트(개선형) 등 6개 품목 구매,2025,육군군수사령부,물품(내자),의료장비,False,34.0,False,낙찰자선정,변경공고,N,
20250318,25년 육군 이동감호차 제조,2025,육군군수사령부,물품(내자),차량·수송장비,False,6.0,False,낙찰자선정,등록공고,N,
20250319,엑스선기 이동식 디지털 구매,2025,해군군수사령부,물품(내자),의료장비,False,4.0,False,낙찰자선정,등록공고,N,
20250324,25년 매트리스 패드(195호) 제조,2025,육군군수사령부,물품(내자),가구,False,8.0,False,낙찰자선정,등록공고,Y,
20250319,안전헬멧 구매,2025,해군군수사령부,물품(내자),국방·치안·보안,False,,False,낙찰자선정,등록공고,N,
20250319,수동식소화기 4종 제조,2025,육군군수사령부,물품(내자),국방·치안·보안,False,4.0,False,낙찰자선정,등록공고,Y,
20250319,25년 공군 25톤궤도형도저 구매,2025,공군군수사령부,물품(내자),건설장비,False,50.0,False,낙찰자선정,등록공고,N,
20250320,안경테(K5) 제조,2025,육군군수사령부,물품(내자),의료장비,False,8.0,False,낙찰자선정,등록공고,Y,
20250319,25년 해군 대형버스(37인승) 제조,2025,해군군수사령부,물품(내자),차량·수송장비,False,3.0,False,낙찰자선정,등록공고,Y,
20250409,25년 (공군) 냉장고(의료용) 구매,2025,공군군수사령부,물품(내자),의료장비,False,551.0,False,낙찰자선정,등록공고,N,
20250320,2025년 육군 알카라인전지 등 8종 조달,2025,육군군수사령부,물품(내자),발전·배전,False,202.0,False,낙찰자선정,등록공고,N,
20250320,2025년 해군 냉동기용 냉매 2종 조달,2025,해군군수사령부,물품(내자),화학·화공,False,13.0,False,낙찰자선정,등록공고,N,
20250320,2025년 해군 냉장고 2종 조달,2025,해군군수사령부,물품(내자),운반·포장,False,275.0,False,낙찰자선정,등록공고,N,
20250324,해병 식기 2종 구매,2025,해병대 군수단,물품(내자),서비스산업장비,False,,False,낙찰자선정,등록공고,N,
20250321,2025년  초고분자량폴리에틸렌로프(30mm 등 8품목),2025,해군군수사령부,물품(내자),제조부품,False,3.0,False,낙찰자선정,등록공고,Y,Y
20250409,2025년 초고분자량폴리에틸렌 로프(24mm 등 3품목),2025,해군군수사령부,물품(내자),제조부품,False,2.0,False,낙찰자선정,등록공고,Y,Y
20250321,밀폐고정형납축전지 제조,2025,해군군수사령부,물품(내자),발전·배전,False,3.0,False,낙찰자선정,등록공고,Y,
20250324,육군 보온식관 제조 납품,2025,육군군수사령부,물품(내자),스포츠·레저,True,0.0,True,유찰,재공고,Y,
20250321,오일펜스 제조,2025,해군군수사령부,물품(내자),배관·공조,False,5.0,False,낙찰자선정,등록공고,Y,
20250322,25년 해군 운전교육용 승용차 제조,2025,해군군수사령부,물품(내자),차량·수송장비,False,2.0,False,낙찰자선정,등록공고,Y,
20250324,육군 국통(원형식관) 제조 납품,2025,육군군수사령부,물품(내자),가정용품,True,0.0,True,유찰,등록공고,Y,
20250322,25년 해군 3톤구난트럭 제조,2025,해군군수사령부,물품(내자),차량·수송장비,False,3.0,False,낙찰자선정,등록공고,Y,
20250324,소방헬멧 제조,2025,해군군수사령부,물품(내자),국방·치안·보안,False,5.0,False,낙찰자선정,등록공고,Y,
20250324,구명고리 2종 구매,2025,육군군수사령부,물품(내자),국방·치안·보안,False,,False,낙찰자선정,등록공고,N,
20250327,공군 스쿠터 50cc 제조 납품,2025,공군군수사령부,물품(내자),차량·수송장비,True,0.0,True,유찰,등록공고,Y,
20250324,안전밸트 제조,2025,육군군수사령부,물품(내자),국방·치안·보안,False,8.0,False,낙찰자선정,등록공고,Y,
20250325,투척용 바리케이드 구매,2025,육군군수사령부,물품(내자),국방·치안·보안,False,,False,낙찰자선정,등록공고,N,
20250326,3군 모래주머니 제조,2025,육군군수사령부,물품(내자),운반·포장,False,4.0,False,낙찰자선정,등록공고,Y,
20250326,25년 육군 공구함류 구매,2025,육군군수사령부,물품(내자),운반·포장,False,,False,낙찰자선정,등록공고,N,
20250326,저시력자 안경테 제조,2025,육군군수사령부,물품(내자),의료장비,False,7.0,False,낙찰자선정,등록공고,Y,
20250326,안경테(K1) 제조,2025,육군군수사령부,물품(내자),의료장비,True,0.0,True,유찰,등록공고,Y,
20250327,아이젠(짚신형) 구매,2025,육군군수사령부,물품(내자),스포츠·레저,False,,False,낙찰자선정,등록공고,N,
20250508,"육군 엑스선기  600mA 및 1,000mA 디지털 진단용 구매 ",2025,육군군수사령부,물품(내자),의료장비,False,12.0,False,낙찰자선정,등록공고,N,
20250327,해군 글로브밸브 27종 제조 구매,2025,해군군수사령부,물품(내자),배관·공조,True,0.0,True,유찰,재공고,Y,
20250327,25년 해군 절단기(유압식 전단기) 구매,2025,해군군수사령부,물품(내자),산업기계,False,,False,낙찰자선정,등록공고,N,
20250327,25년 해군 차륜형로더 제조,2025,해군군수사령부,물품(내자),건설장비,False,4.0,False,낙찰자선정,재공고,N,
20250327,25년 공군 항공무장정비사 출동차 제조,2025,공군군수사령부,물품(내자),차량·수송장비,True,0.0,True,유찰,재공고,Y,
20250327,25년 공군 고상형트레일러 제조,2025,공군군수사령부,물품(내자),차량·수송장비,False,3.0,False,낙찰자선정,등록공고,Y,
20250327,25년 해병 그레이더 구매,2025,해군군수사령부,물품(내자),건설장비,False,109.0,False,낙찰자선정,등록공고,N,
20250328,육군 적외선분광기(휴대용화학탐지장비) 구매,2025,육군군수사령부,물품(내자),실험·측정기기,False,677.0,False,낙찰자선정,등록공고,N,
20250328,육군 화학작용제탐지기 구매,2025,육군군수사령부,물품(내자),국방·치안·보안,False,928.0,False,낙찰자선정,등록공고,N,
20250328,육군 시료채취기 구매,2025,육군군수사령부,물품(내자),실험·측정기기,False,469.0,False,낙찰자선정,등록공고,N,
20250328,육군 방사능탐지기(누적선량측정기) 구매,2025,육군군수사령부,물품(내자),발전·배전,False,,False,낙찰자선정,등록공고,N,
20250401,"25년 (해군) X-선기, 이동식 구매",2025,해군군수사령부,물품(내자),의료장비,False,687.0,False,낙찰자선정,등록공고,N,Y
20250328,2025년 국군화생방방호사령부 형광선량분석세트 구매,2025,국방부 국군화생방방호사령부,물품(내자),발전·배전,False,155.0,False,낙찰자선정,등록공고,N,N
20250331,게이트밸브 등 10종 제조,2025,해군군수사령부,물품(내자),배관·공조,False,16.0,False,낙찰자선정,등록공고,N,
20250331,버터플라이밸브 10종 제조,2025,해군군수사령부,물품(내자),배관·공조,False,18.0,False,낙찰자선정,등록공고,Y,
20250331,수동식소화기 3종 제조,2025,해군군수사령부,물품(내자),국방·치안·보안,True,0.0,True,유찰,등록공고,Y,
20250328,(긴급)25년 공군 의전용승용차 제조,2025,공군군수사령부,물품(내자),차량·수송장비,False,2.0,False,낙찰자선정,등록공고,Y,Y
20250328,2025년 국군화생방방호사령부 가스분석기 구매,2025,국방부 국군화생방방호사령부,물품(내자),실험·측정기기,False,383.0,False,낙찰자선정,등록공고,N,N
20250331,개인인명 구조경보기 제조,2025,해군군수사령부,물품(내자),국방·치안·보안,False,2.0,False,낙찰자선정,등록공고,Y,
20250401,25년 공군 항공기유도차 제조,2025,공군군수사령부,물품(내자),차량·수송장비,False,2.0,False,낙찰자선정,등록공고,Y,
20250401,25년 공군 다목적폭발물처리차량 제조,2025,공군군수사령부,물품(내자),차량·수송장비,False,6.0,False,낙찰자선정,등록공고,Y,
20250401,25년 해군  정비작업대(항공기용) 구매,2025,해군군수사령부,물품(내자),운반·포장,False,,False,낙찰자선정,등록공고,N,
20250407,방풍안경 제조,2025,육군군수사령부,물품(내자),국방·치안·보안,False,6.0,False,낙찰자선정,등록공고,Y,
20250409,25년 (공군) 혈액가스분석기(항공용) 구매,2025,공군군수사령부,물품(내자),실험·측정기기,False,,False,낙찰자선정,등록공고,N,
20250409,25년 (공군) 자동혈구계산기(소형) 구매,2025,공군군수사령부,물품(내자),의료장비,False,,False,낙찰자선정,등록공고,N,
20250403,잠수용품 5종 구매,2025,해병대 군수단,물품(내자),스포츠·레저,False,,False,낙찰자선정,등록공고,N,
20250402,2025년 육군 제초제 2종 조달,2025,육군군수사령부,물품(내자),농축수산,False,69.0,False,낙찰자선정,등록공고,N,
20250402,25년 공군 차륜형굴착기(소형) 제조,2025,공군군수사령부,물품(내자),건설장비,True,0.0,True,유찰,등록공고,Y,
20250403,부력조절기 구매,2025,해병대 군수단,물품(내자),스포츠·레저,False,,False,낙찰자선정,등록공고,N,
20250402,25년 육군 궤도형굴착기(소형) 제조,2025,육군군수사령부,물품(내자),건설장비,False,2.0,False,낙찰자선정,등록공고,Y,
20250403,25년 공군 그레이더 구매,2025,공군군수사령부,물품(내자),건설장비,False,75.0,False,낙찰자선정,등록공고,N,
20250403,육군 국통(원형식관) 제조 납품,2025,육군군수사령부,물품(내자),가정용품,True,0.0,True,유찰,재공고,Y,
20250403,25년 육군 지게차(6000파운드) 제조,2025,육군군수사령부,물품(내자),운반·포장,False,2.0,False,낙찰자선정,등록공고,Y,
20250403,25년 육군 4000파운드 전동지게차 제조,2025,육군군수사령부,물품(내자),운반·포장,False,2.0,False,낙찰자선정,등록공고,Y,
20250404,포비돈스틱 스왑 50S 구매,2025,육군군수사령부,물품(내자),기타(51),False,6.0,False,낙찰자선정,등록공고,N,
20250407,2025년 육군 종이테이프 제조,2025,육군군수사령부,물품(내자),제조부품,True,0.0,True,유찰,등록공고,Y,
20250404,공군 스쿠터 50cc 제조 납품,2025,공군군수사령부,물품(내자),차량·수송장비,True,0.0,True,유찰,재공고,Y,
20250407,폭발물병기처리용 X-Ray 투시기 구매,2025,국방부 국군화생방방호사령부,물품(내자),국방·치안·보안,False,25.0,False,낙찰자선정,등록공고,N,Y
20250407,육군 양념분쇄기 제조 납품,2025,육군군수사령부,물품(내자),서비스산업장비,False,2.0,False,개찰완료,등록공고,Y,
20250409,25년 육군 지게차(오더피커) 제조,2025,육군군수사령부,물품(내자),운반·포장,True,0.0,True,유찰,등록공고,Y,
20250409,"방수 총낭, 이동용 케이스 구매",2025,해병대 군수단,물품(내자),스포츠·레저,False,,False,낙찰자선정,등록공고,N,
20250408,에페리손염산염 50mg 300정 구매,2025,육군군수사령부,물품(내자),기타(51),False,100.0,False,낙찰자선정,등록공고,N,
20250408,"팩, 한방 카타플라스마(황백연조엑스파스6매, 밀착포포함:한방파스) 구매",2025,육군군수사령부,물품(내자),기타(51),False,2.0,False,낙찰자선정,등록공고,N,
20250408,파모티딘 20mg 300정 구매,2025,육군군수사령부,물품(내자),기타(51),False,128.0,False,낙찰자선정,등록공고,N,
20250409,양압식 공기호흡기 제조,2025,해병대 군수단,물품(내자),국방·치안·보안,False,4.0,False,낙찰자선정,등록공고,Y,
20250409,2025년 육군 노트북 구매,2025,육군군수사령부,물품(내자),정보통신,False,301.0,False,낙찰자선정,등록공고,N,
20250409,"히알루론산나트륨점안액(일회용,0.1%,0.35∼0.5mL) 등 4개 품목 구매",2025,육군군수사령부,물품(내자),기타(51),False,5.0,False,낙찰자선정,재공고,N,
20250409,2025년 해군 벽걸이형 냉난방기,2025,해군군수사령부,물품(내자),배관·공조,False,,False,낙찰자선정,등록공고,N,
20250409,2025년 해군 벽걸이형 에어컨 조달,2025,해군군수사령부,물품(내자),배관·공조,False,,False,낙찰자선정,등록공고,N,
20250409,2025년 해군 스탠드형 에어컨 조달,2025,해군군수사령부,물품(내자),배관·공조,False,,False,낙찰자선정,등록공고,N,
20250409,2025년 해군 스탠드형 냉난방기 조달,2025,해군군수사령부,물품(내자),배관·공조,False,,False,낙찰자선정,등록공고,N,
20250409,고공강하용 방풍안경 제조,2025,해병대 군수단,물품(내자),국방·치안·보안,False,2.0,False,낙찰자선정,등록공고,Y,
20250417,의약품 567종 구매 계약,2025,국방부 국군의무사령부,물품(내자),기타(51),False,112.0,False,낙찰자선정,등록공고,N,N
20250409,"반신하네스, 안전벨트 구매",2025,해병대 군수단,물품(내자),국방·치안·보안,False,,False,낙찰자선정,등록공고,N,
20250409,25년 공군 지게차(6000파운드) 제조,2025,공군군수사령부,물품(내자),운반·포장,False,3.0,False,낙찰자선정,등록공고,Y,
20250409,25년 육군 지게차(리치트럭) 제조,2025,육군군수사령부,물품(내자),운반·포장,False,2.0,False,낙찰자선정,등록공고,Y,
20250410,KAAV 비상탈출용 호흡기 구매,2025,해병대 군수단,물품(내자),스포츠·레저,False,152.0,False,낙찰자선정,등록공고,N,
20250410,"인명구출 및 해난구조키트, 전기톱 구매",2025,육군군수사령부,물품(내자),국방·치안·보안,False,,False,낙찰자선정,등록공고,N,
20250428,25년 (해군) 함정원격의료지원시스템(군장병용),2025,해군군수사령부,물품(내자),정보통신,False,5.0,False,낙찰자선정,등록공고,Y,
20250410,로프발사기세트 구매,2025,해군군수사령부,물품(내자),국방·치안·보안,False,104.0,False,낙찰자선정,등록공고,N,
20250410,25년 공군 차륜형굴착기(소형) 제조,2025,공군군수사령부,물품(내자),건설장비,False,2.0,False,낙찰자선정,재공고,Y,
20250414,2025년 육군 플라스틱상자(뚜껑일체형) 제조,2025,육군군수사령부,물품(내자),운반·포장,False,4.0,False,낙찰자선정,등록공고,Y,
20250414,육군·해병 반합 제조 납품,2025,해병대 군수단,물품(내자),스포츠·레저,True,0.0,True,유찰,등록공고,Y,
20250414,안경테(K1) 제조,2025,육군군수사령부,물품(내자),의료장비,True,0.0,True,유찰,재공고,Y,
20250414,25년 해군 차륜형굴착기(소형) 제조,2025,해군군수사령부,물품(내자),건설장비,True,0.0,True,유찰,등록공고,Y,
20250414,25년 해군 궤도형굴착기(소형) 제조,2025,해군군수사령부,물품(내자),건설장비,True,2.0,False,유찰,등록공고,Y,
20250414,25년 육군 차륜형굴착기(소형) 제조,2025,육군군수사령부,물품(내자),건설장비,False,2.0,False,낙찰자선정,등록공고,Y,
20250417,양압식 공기호흡기(일반) 제조,2025,해군군수사령부,물품(내자),국방·치안·보안,False,4.0,False,낙찰자선정,등록공고,Y,
20250417,양압식 공기호흡기(통신) 제조,2025,해군군수사령부,물품(내자),국방·치안·보안,False,3.0,False,낙찰자선정,등록공고,Y,
20250416,25년 공군 전동지게차(2톤 전지포크) 제조,2025,공군군수사령부,물품(내자),운반·포장,False,3.0,False,낙찰자선정,등록공고,Y,
20250416,25년 육군 전동 지게차(6000파운드) 제조,2025,육군군수사령부,물품(내자),운반·포장,False,3.0,False,낙찰자선정,등록공고,Y,
20250417,"2025년 육군, 해군 소화약제 제조",2025,육군군수사령부,물품(내자),국방·치안·보안,False,5.0,False,낙찰자선정,등록공고,Y,
20250416,25년 해군 전동지게차(2톤) 제조 ,2025,해군군수사령부,물품(내자),운반·포장,False,2.0,False,낙찰자선정,등록공고,Y,
20250417,조끼형 구명구 제조,2025,해군군수사령부,물품(내자),국방·치안·보안,False,12.0,False,낙찰자선정,등록공고,Y,
20250417,"봉합사, 흡수성, 외과용(덱숀 3-0, 70cm, 36개) 등 5개 품목 구매",2025,육군군수사령부,물품(내자),의료장비,False,161.0,False,낙찰자선정,등록공고,N,
20250417,알루미늄 목발 구매,2025,육군군수사령부,물품(내자),의료장비,False,418.0,False,낙찰자선정,등록공고,N,
20250421,25년 공군 단화류 제조,2025,공군군수사령부,물품(내자),피복·개인용품,False,2.0,False,낙찰자선정,등록공고,Y,
20250417,"외과 낭, 일회용(일회용드레싱포셉킷) 구매",2025,육군군수사령부,물품(내자),의료장비,False,244.0,False,낙찰자선정,등록공고,N,
20250417,2025년 육군 종이테이프 제조,2025,육군군수사령부,물품(내자),제조부품,False,2.0,False,낙찰자선정,재공고,Y,
20250417,25년 육군 무한궤도형로더 구매,2025,육군군수사령부,물품(내자),건설장비,False,57.0,False,개찰완료,등록공고,N,
20250417,25년 해군 스키드스티어로더  구매,2025,해군군수사령부,물품(내자),건설장비,False,235.0,False,낙찰자선정,등록공고,N,
20250417,"장갑,외과의사용(수술용) 구매",2025,육군군수사령부,물품(내자),의료장비,False,,False,낙찰자선정,등록공고,N,
20250417,정맥주사 세트(50S) 등 구매,2025,육군군수사령부,물품(내자),의료장비,False,259.0,False,낙찰자선정,등록공고,N,
20250418,아세트아미노펜 650mg 서방정 500정 등 구매,2025,육군군수사령부,물품(내자),기타(51),False,24.0,False,낙찰자선정,등록공고,N,
20250418,포도당 및 염화나트륨 주사약 등 구매,2025,육군군수사령부,물품(내자),기타(51),False,2.0,False,낙찰자선정,등록공고,N,
20250418,포비돈-요오드액(포비돈-요오드액1L) 등 3종 구매,2025,육군군수사령부,물품(내자),기타(51),True,0.0,True,유찰,등록공고,N,
20250418,쿨파프 구매,2025,육군군수사령부,물품(내자),기타(51),False,5.0,False,낙찰자선정,등록공고,N,
20250418,25년 육군 프리즈마 절단기 구매,2025,육군군수사령부,물품(내자),산업기계,False,968.0,False,낙찰자선정,등록공고,N,
20250418,로프발사기세트 구매,2025,육군군수사령부,물품(내자),국방·치안·보안,False,2.0,False,낙찰자선정,등록공고,N,
20250418,수동식소화기 3종 제조,2025,해군군수사령부,물품(내자),국방·치안·보안,True,0.0,True,유찰,재공고,Y,
20250421,마약류 간이 검사키트 구매,2025,육군군수사령부,물품(내자),국방·치안·보안,False,759.0,False,낙찰자선정,등록공고,N,
20250421,"25년 해군 다중계기(발생기, 신호용) 구매",2025,해군군수사령부,물품(내자),실험·측정기기,False,,False,낙찰자선정,등록공고,N,
20250421,전화기(휴대용 위성전화기) 구매,2025,육군군수사령부,물품(내자),정보통신,True,0.0,True,유찰,등록공고,N,
20250425,육군 용접기 4종 구매,2025,육군군수사령부,물품(내자),산업기계,False,,False,낙찰자선정,등록공고,N,
20250422,2025년 해군 강철조각 구매,2025,해군군수사령부,물품(내자),제조부품,False,360.0,False,낙찰자선정,등록공고,N,
20250422,25년 해병 궤도형굴착기(소형) 제조,2025,해군군수사령부,물품(내자),건설장비,True,0.0,True,유찰,등록공고,Y,
20250422,25년 해병 차륜형굴착기(소형) 제조,2025,해군군수사령부,물품(내자),건설장비,True,0.0,True,유찰,등록공고,Y,
20250422,25년 해병 차륜형굴착기(중형) 제조,2025,해군군수사령부,물품(내자),건설장비,True,0.0,True,유찰,등록공고,Y,
20250422,2025년 해군 호흡용기체 3종 조달,2025,해군군수사령부,물품(내자),화학·화공,False,36.0,False,낙찰자선정,등록공고,N,
20250424,"25년 육군 환자용 침구류(베갯잇, 이불) 제조",2025,육군군수사령부,물품(내자),가정용품,False,30.0,False,낙찰자선정,등록공고,Y,
20250424,양압식 공기호흡기(2형) 구매,2025,국방부 국군화생방방호사령부,물품(내자),국방·치안·보안,True,2.0,False,유찰,등록공고,N,Y
20250423,육군·해병 반합 제조 납품,2025,해병대 군수단,물품(내자),스포츠·레저,True,0.0,True,유찰,재공고,Y,
20250428,디젤발전기(110KW) 제조,2025,육군군수사령부,물품(내자),발전·배전,False,10.0,False,낙찰자선정,등록공고,Y,
20250424,25년 육군 액체크로마토그래피 질량분석기 구매,2025,육군군수사령부,물품(내자),실험·측정기기,False,,False,낙찰자선정,등록공고,N,
20250424,25년 육군 플라즈마 질량분석기 구매,2025,육군군수사령부,물품(내자),실험·측정기기,False,,False,낙찰자선정,등록공고,N,
20250424,25년 국방정보시스템 노후교체 서버보안 SW 직접구매 및 설치,2025,국방통합데이터센터,물품(내자),정보통신,False,112.0,False,낙찰자선정,등록공고,N,N
20250424,2025년 육군 종이테이프 제조,2025,육군군수사령부,물품(내자),제조부품,True,0.0,True,유찰,재공고,Y,
20250428,디젤발전기(11KW) 제조,2025,육군군수사령부,물품(내자),발전·배전,False,9.0,False,낙찰자선정,등록공고,Y,
20250428,디젤발전기(16.5KW) 제조,2025,육군군수사령부,물품(내자),발전·배전,False,9.0,False,낙찰자선정,등록공고,Y,
20250428,디젤발전기(300KW) 제조,2025,육군군수사령부,물품(내자),발전·배전,False,9.0,False,낙찰자선정,등록공고,Y,
20250428,디젤발전기(33KW) 제조,2025,육군군수사령부,물품(내자),발전·배전,False,9.0,False,낙찰자선정,등록공고,Y,
20250428,디젤발전기(66KW) 제조,2025,육군군수사령부,물품(내자),발전·배전,False,9.0,False,낙찰자선정,등록공고,Y,
20250428,2025년 육군 자동혈구계산기 구매,2025,육군군수사령부,물품(내자),의료장비,False,,False,낙찰자선정,등록공고,N,
20250428,2025년 육구 생화학분석기 구매,2025,육군군수사령부,물품(내자),실험·측정기기,False,,False,낙찰자선정,등록공고,N,
20250429,고공강하용 방풍안경 제조,2025,해병대 군수단,물품(내자),국방·치안·보안,True,0.0,True,유찰,재공고,Y,
20250429,육군 블랙박스 제조 납품,2025,육군군수사령부,물품(내자),차량·수송장비,False,13.0,False,낙찰자선정,등록공고,N,
20250430,25년 육군 낙엽청소기 구매,2025,육군군수사령부,물품(내자),공구,False,10.0,False,낙찰자선정,등록공고,Y,
20250429,육군 블랙박스(4ch) 제조 납품,2025,육군군수사령부,물품(내자),차량·수송장비,False,12.0,False,낙찰자선정,등록공고,N,
20250429,"팩, 한방 카타플라스마(황백연조엑스파스6매, 밀착포포함:한방파스) 구매",2025,육군군수사령부,물품(내자),기타(51),True,0.0,True,유찰,재공고,N,
20250430,양압식 공기호흡기 제조,2025,육군군수사령부,물품(내자),국방·치안·보안,False,5.0,False,낙찰자선정,등록공고,Y,
20250508,"00부대(삼척) 모듈러 간부숙소 제작, 설치",2025,육군제23경비여단,물품(내자),건축자재,False,6.0,False,낙찰자선정,등록공고,Y,Y
20250512,25년 해군 주물품청정기 제조,2025,해군군수사령부,물품(내자),산업기계,False,2.0,False,낙찰자선정,등록공고,Y,
20250501,산악침투모 제조,2025,육군군수사령부,물품(내자),국방·치안·보안,False,8.0,False,낙찰자선정,등록공고,Y,
20250501,가솔린발전기(2.1KW) 제조,2025,육군군수사령부,물품(내자),발전·배전,False,6.0,False,낙찰자선정,등록공고,Y,
20250501,가솔린발전기(5.5KW) 제조,2025,육군군수사령부,물품(내자),발전·배전,False,8.0,False,낙찰자선정,등록공고,Y,
20250508,2025년 육군 서류가방(학군단) 제조 ,2025,육군군수사령부,물품(내자),피복·개인용품,False,42.0,False,낙찰자선정,등록공고,Y,
20250507,25~26년 GPS라디오존데 등 3종 구매,2025,공군군수사령부,물품(내자),실험·측정기기,False,9.0,False,낙찰자선정,등록공고,N,Y
20250507,25년 육군 작전지휘차량 제조,2025,육군군수사령부,물품(내자),차량·수송장비,False,7.0,False,낙찰자선정,등록공고,Y,
20250507,25년 공군 1톤 전기화물차 제조,2025,공군군수사령부,물품(내자),차량·수송장비,False,4.0,False,낙찰자선정,등록공고,Y,
20250507,25년 육군 EOD작전차량 제조,2025,육군군수사령부,물품(내자),차량·수송장비,False,7.0,False,낙찰자선정,등록공고,Y,
20250513,모듈러 간부숙소 제작 설치,2025,육군 제7보병사단,물품(내자),건축자재,False,6.0,False,낙찰자선정,등록공고,N,Y
20250513,"00부대(홍천) 모듈러 간부숙소 제작,설치",2025,제11기동사단,물품(내자),건축자재,False,6.0,False,낙찰자선정,등록공고,N,Y
20250508,25년 해군 궤도형굴착기(소형) 제조,2025,해군군수사령부,물품(내자),건설장비,False,2.0,False,낙찰자선정,재공고,Y,
20250508,25년 해군 차륜형굴착기(소형) 제조,2025,해군군수사령부,물품(내자),건설장비,False,2.0,False,낙찰자선정,재공고,Y,
20250508,25년 해군 25톤궤도형도저 구매,2025,해군군수사령부,물품(내자),건설장비,False,32.0,False,낙찰자선정,등록공고,N,
20250508,"2025년 육군, 공군 부동액(2종 20리터) 조달",2025,육군군수사령부,물품(내자),차량·수송장비,False,4.0,False,낙찰자선정,등록공고,Y,
20250529,"25년 공군 넥타이핀(남군, 여군용) 제조",2025,공군군수사령부,물품(내자),기타(54),False,32.0,False,낙찰자선정,등록공고,Y,
20250508,프레가발린캡슐 75mg 100캡슐 등 2종 구매,2025,육군군수사령부,물품(내자),기타(51),False,139.0,False,낙찰자선정,등록공고,N,
20250509,포비돈-요오드액(포비돈-요오드액1L) 등 3종 구매,2025,육군군수사령부,물품(내자),기타(51),True,0.0,True,유찰,재공고,N,
20250509,전화기(휴대용 위성전화기) 구매,2025,육군군수사령부,물품(내자),정보통신,True,0.0,True,유찰,재공고,N,
20250513,25년 생물학 보호의 LEVEL C 구매,2025,육군군수사령부,물품(내자),국방·치안·보안,False,,False,낙찰자선정,등록공고,N,
20250509,2025년 해군 세탁기(15kg 이상) 조달,2025,해군군수사령부,물품(내자),가정용품,False,,False,낙찰자선정,등록공고,N,
20250521,"2025년 공군,해군,해병 보온대 제조",2025,공군군수사령부,물품(내자),피복·개인용품,False,21.0,False,낙찰자선정,등록공고,Y,
20250512,양압식 공기호흡기(일반) 제조,2025,해군군수사령부,물품(내자),국방·치안·보안,False,3.0,False,낙찰자선정,재공고,Y,
20250512,양압식 공기호흡기(통신) 제조,2025,해군군수사령부,물품(내자),국방·치안·보안,False,3.0,False,낙찰자선정,재공고,Y,
20250512,25년 육군 무한궤도형로더 구매,2025,육군군수사령부,물품(내자),건설장비,False,38.0,False,낙찰자선정,등록공고,N,
20250728,25년 육군 완장류 및 청색깃발 제조,2025,육군군수사령부,물품(내자),출판물,False,37.0,False,낙찰자선정,등록공고,Y,
20250530,"25년 공군 버클(가죽벨트용, 20년 개선) 제조",2025,공군군수사령부,물품(내자),피복·개인용품,False,24.0,False,낙찰자선정,등록공고,Y,
20250513,"군인연금, 전군감염병, 건축행정시스템 기반환경 구축 미들웨어 SW 직접구매 및 설치",2025,국방통합데이터센터,물품(내자),정보통신,False,103.0,False,낙찰자선정,등록공고,N,N
20250513,2025년 육군 선반(6척)  구매,2025,육군군수사령부,물품(내자),산업기계,False,279.0,False,낙찰자선정,등록공고,N,
20250513,25년 육군 지게차(15000파운드) 제조,2025,육군군수사령부,물품(내자),운반·포장,False,2.0,False,낙찰자선정,등록공고,Y,
20250513,25년 공군 지게차(11000파운드) 제조,2025,공군군수사령부,물품(내자),운반·포장,True,0.0,True,유찰,등록공고,Y,
20250513,25년 공군 지게차(22000파운드) 제조,2025,공군군수사령부,물품(내자),운반·포장,False,2.0,False,낙찰자선정,등록공고,Y,
20250514,"군인연금, 전군감염병, 건축행정시스템 기반환경 구축 DB접근제어 SW 직접구매 및 설치",2025,국방통합데이터센터,물품(내자),정보통신,False,116.0,False,낙찰자선정,등록공고,N,
20250513,2025년 육군 개인장구류명찰 제조,2025,육군군수사령부,물품(내자),출판물,False,26.0,False,낙찰자선정,등록공고,Y,
20250513,25년 해군 머시닝센타 구매,2025,해군군수사령부,물품(내자),산업기계,False,639.0,False,낙찰자선정,등록공고,N,
20250513,2025년 해군 초고분자량폴리에틸렌로프 3품목(56mm 등) 제조,2025,해군군수사령부,물품(내자),제조부품,True,2.0,False,유찰,등록공고,N,
20250514,25년 해병 차륜형굴착기(중형) 제조,2025,해군군수사령부,물품(내자),건설장비,False,2.0,False,낙찰자선정,재공고,Y,
20250523,2025년 육군 지휘소용천막 제조,2025,육군군수사령부,물품(내자),스포츠·레저,False,33.0,False,낙찰자선정,등록공고,Y,Y
20250514,25년 해병 궤도형굴착기(소형) 제조,2025,해군군수사령부,물품(내자),건설장비,True,0.0,True,유찰,재공고,Y,
20250514,25년 해병 차륜형굴착기(소형) 제조,2025,해군군수사령부,물품(내자),건설장비,True,0.0,True,유찰,재공고,Y,
20250514,"군인연금, 전군감염병, 건축행정시스템 기반환경 구축 서버보안 SW 직접구매 및 설치",2025,국방통합데이터센터,물품(내자),정보통신,False,99.0,False,낙찰자선정,등록공고,N,N
20250515,25년 공군 학군단 외투(체촌),2025,공군군수사령부,물품(내자),피복·개인용품,False,28.0,False,낙찰자선정,등록공고,Y,
20250515,2025년 공군 화생방보호의 가방 제조,2025,공군군수사령부,물품(내자),피복·개인용품,False,39.0,False,낙찰자선정,등록공고,Y,
20250515,25년 공군 경화학용 소방펌프차 제조,2025,공군군수사령부,물품(내자),차량·수송장비,False,3.0,False,낙찰자선정,등록공고,Y,
20250515,25년 공군 인명구조용소방차 제조,2025,공군군수사령부,물품(내자),차량·수송장비,False,2.0,False,낙찰자선정,등록공고,Y,
20250515,25년 공군 항공기사고구조용 출동차 제조,2025,공군군수사령부,물품(내자),차량·수송장비,False,5.0,False,낙찰자선정,등록공고,Y,
20250516,2025년 육군 세탁기-건조기 조달(1차),2025,육군군수사령부,물품(내자),청소장비,False,3.0,False,낙찰자선정,등록공고,N,Y
20250519,잠수복 구매,2025,해군군수사령부,물품(내자),스포츠·레저,False,285.0,False,낙찰자선정,등록공고,N,
20250516,"2025년 공군 세탁기, 건조기 조달",2025,공군군수사령부,물품(내자),청소장비,False,2.0,False,낙찰자선정,등록공고,N,Y
20250516,2025년 해군 세탁기-건조기 조달,2025,해군군수사령부,물품(내자),청소장비,False,2.0,False,낙찰자선정,등록공고,N,Y
20250519,25년 해군 사병외투 제조,2025,해군군수사령부,물품(내자),피복·개인용품,False,38.0,False,낙찰자선정,등록공고,Y,
20250602,25년 공군 개선 하계비행화 제조,2025,공군군수사령부,물품(내자),국방·치안·보안,False,6.0,False,낙찰자선정,등록공고,Y,
20250519,양압식 공기호흡기(2형) 구매,2025,국방부 국군화생방방호사령부,물품(내자),국방·치안·보안,False,2.0,False,낙찰자선정,재공고,N,Y
20250520,25년 해군 이동식조명대(업다운식) 구매,2025,해군군수사령부,물품(내자),전기·조명,False,,False,낙찰자선정,등록공고,N,
20250520,25년 해군 이동식조명대(굴절식) 구매,2025,해군군수사령부,물품(내자),전기·조명,False,,False,낙찰자선정,등록공고,N,
20250520,25년 육군 지게차(22000파운드) 제조,2025,육군군수사령부,물품(내자),운반·포장,False,2.0,False,낙찰자선정,등록공고,Y,
20250520,25년 육군 지게차(55000파운드) 제조,2025,육군군수사령부,물품(내자),운반·포장,False,2.0,False,낙찰자선정,등록공고,Y,
20250523,25년 해군 레이저절단기 제조,2025,해군군수사령부,물품(내자),산업기계,False,7.0,False,낙찰자선정,등록공고,Y,
20250520,25년 해군 지게차(5톤) 제조,2025,해군군수사령부,물품(내자),운반·포장,True,0.0,True,유찰,등록공고,Y,
20250520,2025년 육군 핸드팰릿트럭 구매,2025,육군군수사령부,물품(내자),운반·포장,False,,False,낙찰자선정,등록공고,N,
20250520,25년 해군 지게차(10톤) 제조,2025,해군군수사령부,물품(내자),운반·포장,False,2.0,False,낙찰자선정,등록공고,Y,
20250522,25년 의무피복 10종 제조,2025,국방부 국군의무사령부,물품(내자),의료장비,False,2.0,False,낙찰자선정,등록공고,Y,Y
20250521,25년 육군 차륜형로더 제조,2025,육군군수사령부,물품(내자),건설장비,True,0.0,True,유찰,등록공고,Y,
20250521,25년 해병 차륜형로더 제조,2025,해군군수사령부,물품(내자),건설장비,True,0.0,True,유찰,등록공고,Y,
20250521,25년 육군 5인승승합차 제조,2025,육군군수사령부,물품(내자),차량·수송장비,False,2.0,False,낙찰자선정,등록공고,Y,
20250522,육군 가솔린선외모터 구매,2025,육군군수사령부,물품(내자),발전·배전,False,364.0,False,낙찰자선정,등록공고,N,
20250522,육군 유류탱크 제조 납품,2025,육군군수사령부,물품(내자),운반·포장,False,7.0,False,낙찰자선정,등록공고,Y,
20250522,해군 시료채취기 구매,2025,해군군수사령부,물품(내자),실험·측정기기,False,887.0,False,낙찰자선정,등록공고,N,
20250523,25년 육군 워크벤치 2종 구매,2025,육군군수사령부,물품(내자),운반·포장,False,,False,낙찰자선정,등록공고,N,
20250523,25년 육군 총포공구 5품목 구매,2025,육군군수사령부,물품(내자),공구,False,383.0,False,낙찰자선정,등록공고,N,
20250530,25년 해군 소둔열처리기 제조,2025,해군군수사령부,물품(내자),산업기계,False,3.0,False,낙찰자선정,등록공고,Y,
20250522,25년 해병 전주오거크레인 제조,2025,해군군수사령부,물품(내자),채광·건설기계,False,2.0,False,낙찰자선정,등록공고,Y,
20250523,잠수용호흡기 2종 구매,2025,해군군수사령부,물품(내자),스포츠·레저,False,,False,낙찰자선정,등록공고,N,
20250522,2025년 해군 초고분자량폴리에틸렌로프 3품목(56mm 등) 제조,2025,해군군수사령부,물품(내자),제조부품,False,2.0,False,낙찰자선정,재공고,Y,
20250523,온열조끼 구매,2025,해군군수사령부,물품(내자),피복·개인용품,False,545.0,False,낙찰자선정,등록공고,N,
20250523,잠수장갑 2종 구매,2025,해군군수사령부,물품(내자),스포츠·레저,False,,False,낙찰자선정,등록공고,N,
20250523,잠수용신발 3종 구매,2025,해군군수사령부,물품(내자),스포츠·레저,False,,False,낙찰자선정,등록공고,N,
20250523,고공강하용 헬멧 구매,2025,해병대 군수단,물품(내자),국방·치안·보안,False,,False,낙찰자선정,등록공고,N,
20250609,25년 해병 미용티슈 제조,2025,해병대 군수단,물품(내자),종이류,False,11.0,False,낙찰자선정,등록공고,Y,
20250527,"2025년 육군 세탁기, 건조기 조달(2차)",2025,육군군수사령부,물품(내자),청소장비,False,2.0,False,낙찰자선정,등록공고,N,
20250527,25년 육군 교판(장간조립교 목재류 5종) 제조,2025,육군군수사령부,물품(내자),건축자재,False,3.0,False,낙찰자선정,등록공고,Y,
20250527,2025년 화생방방호사령부 휴대용 질량분석기 구매,2025,국방부 국군화생방방호사령부,물품(내자),실험·측정기기,False,288.0,False,낙찰자선정,등록공고,N,
20250527,정맥주사 세트(50S) 등 구매,2025,육군군수사령부,물품(내자),의료장비,False,94.0,False,낙찰자선정,재공고,N,
20250527,25년 공군 비닐 압축팩 구매,2025,공군군수사령부,물품(내자),운반·포장,False,,False,낙찰자선정,등록공고,N,
20250527,2025년 해군 락스 조달,2025,해군군수사령부,물품(내자),청소장비,False,3.0,False,낙찰자선정,등록공고,Y,
20250530,호흡조정기 2종 구매,2025,해군군수사령부,물품(내자),스포츠·레저,False,,False,낙찰자선정,등록공고,N,
20250527,2025년 해군 디젤연료용 방부제 조달,2025,해군군수사령부,물품(내자),화학·화공,False,197.0,False,낙찰자선정,등록공고,N,
20250527,25년 해병 이동식조명대(업다운방식) 구매,2025,해군군수사령부,물품(내자),전기·조명,False,647.0,False,낙찰자선정,등록공고,N,
20250527,25년 해군 제설전문차량(유니목) 구매,2025,해군군수사령부,물품(내자),차량·수송장비,False,0.0,True,낙찰자선정,등록공고,N,
20250527,25년 공군 다목적도로관리차 구매,2025,공군군수사령부,물품(내자),차량·수송장비,False,54.0,False,낙찰자선정,등록공고,N,
20250528,"이부프로펜정(400mg, 500정) 구매",2025,육군군수사령부,물품(내자),기타(51),False,6.0,False,낙찰자선정,등록공고,N,
20250528,2025년 의무장비(초음파진동기 심장용) 구매,2025,국군수도병원,물품(내자),의료장비,False,164.0,False,낙찰자선정,등록공고,N,N
20250528,2025년 의무장비(요관경 및 쇄석기) 구매,2025,국군수도병원,물품(내자),의료장비,False,139.0,False,낙찰자선정,등록공고,N,N
20250528,2025년 의무장비(수술대병원용(자동식)) 구매,2025,국군수도병원,물품(내자),의료장비,False,211.0,False,낙찰자선정,등록공고,N,N
20250528,2025년 의무장비(마취기 병원용) 구매,2025,국군수도병원,물품(내자),의료장비,False,,False,낙찰자선정,등록공고,N,N
20250528,란소프라졸캡슐 구매,2025,육군군수사령부,물품(내자),기타(51),False,47.0,False,낙찰자선정,등록공고,N,
20250528,2025년 의무장비(미세수술드릴 이비인후과용) 구매,2025,국군수도병원,물품(내자),의료장비,False,975.0,False,낙찰자선정,등록공고,N,N
20250528,쎄레콕시브캡슐 200mg 등 3개 품목 구매,2025,육군군수사령부,물품(내자),기타(51),False,15.0,False,낙찰자선정,등록공고,N,
20250528,2025년 의무장비(혈액가온장치) 구매,2025,국군수도병원,물품(내자),의료장비,False,168.0,False,낙찰자선정,등록공고,N,N
20250528,인산 오셀타미비르75미리그램(타미플루) 구매,2025,육군군수사령부,물품(내자),기타(51),False,14.0,False,낙찰자선정,등록공고,N,
20250528,25년 의무장비(초음파진단기 고급형) 구매  ,2025,국방부 국군의무사령부,물품(내자),의료장비,False,213.0,False,낙찰자선정,등록공고,N,N
20250711,25년 의무장비(초음파진단기 일반용) 구매,2025,국방부 국군의무사령부,물품(내자),의료장비,False,940.0,False,낙찰자선정,등록공고,N,N
20250528,염산올로파타딘점안액 등 3개 품목 구매,2025,육군군수사령부,물품(내자),기타(51),False,4.0,False,낙찰자선정,등록공고,N,
20250528,25년 의무장비(초음파진단기 산부인과용) 구매,2025,국방부 국군의무사령부,물품(내자),의료장비,False,816.0,False,낙찰자선정,등록공고,N,N
20250528,포비돈-요오드액(포비돈-요오드액1L) 등 3종 구매,2025,육군군수사령부,물품(내자),기타(51),True,0.0,True,유찰,재공고,N,
20250530,25년 해군 렌치류 등 35품목 구매,2025,해군군수사령부,물품(내자),운반·포장,False,,False,낙찰자선정,등록공고,N,
20250530,25년 해군 그라인더 2종 구매,2025,해군군수사령부,물품(내자),공구,False,,False,낙찰자선정,등록공고,N,
20250529,"로프, 폴리프로필렌, 32mm(50m)",2025,해군군수사령부,물품(내자),제조부품,True,3.0,False,유찰,등록공고,Y,Y
20250529,"25년 육군 고무줄(전투복하의용, 18년) 구매",2025,육군군수사령부,물품(내자),사무기기,False,,False,낙찰자선정,등록공고,N,
20250530,25년 해군 연마디스크 2종 구매,2025,해군군수사령부,물품(내자),제조부품,False,,False,낙찰자선정,등록공고,N,
20250529,25년 육군 차륜형로더 제조,2025,육군군수사령부,물품(내자),건설장비,True,0.0,True,유찰,재공고,Y,
20250530,25년 육군 특전사용 요대 제조,2025,육군군수사령부,물품(내자),피복·개인용품,False,28.0,False,낙찰자선정,등록공고,Y,
20250529,25년 해병 차륜형로더 제조,2025,해군군수사령부,물품(내자),건설장비,True,0.0,True,유찰,재공고,Y,
20250529,25년 육군 궤도형도저(20톤) 구매,2025,육군군수사령부,물품(내자),건설장비,False,27.0,False,낙찰자선정,등록공고,N,
20250530,25년 육군 궤도형도저(8톤) 구매,2025,육군군수사령부,물품(내자),건설장비,False,69.0,False,낙찰자선정,등록공고,N,
20250530,25년 육군 진동식롤러 구매,2025,육군군수사령부,물품(내자),건설장비,False,68.0,False,낙찰자선정,등록공고,N,
20250530,25년 공군 2.5톤이동배식차 제조,2025,공군군수사령부,물품(내자),차량·수송장비,False,3.0,False,낙찰자선정,등록공고,Y,
20250602,25년 육군 다목적이동형작업등세트 제조,2025,육군군수사령부,물품(내자),전기·조명,False,6.0,False,낙찰자선정,등록공고,Y,
20250602,"25년 공군 요대(가죽벨트용, 20년 개선) 제조",2025,공군군수사령부,물품(내자),피복·개인용품,False,31.0,False,낙찰자선정,등록공고,Y,
20250602,25년 해군 정비작업대 제조,2025,해군군수사령부,물품(내자),가구,False,27.0,False,낙찰자선정,등록공고,Y,
20250602,25년 공군 종이걸레 등 2종 구매,2025,공군군수사령부,물품(내자),청소장비,False,,False,낙찰자선정,등록공고,N,
20250602,25년 공군 5인승승합차 제조,2025,공군군수사령부,물품(내자),차량·수송장비,False,4.0,False,낙찰자선정,등록공고,Y,
20250602,25년 공군  중형버스 제조,2025,공군군수사령부,물품(내자),차량·수송장비,False,3.0,False,낙찰자선정,등록공고,Y,
20250602,25년 공군 대형버스(45인승) 제조,2025,공군군수사령부,물품(내자),차량·수송장비,True,0.0,True,유찰,재공고,Y,
20250605,25년 공군 쿨토시 제조,2025,공군군수사령부,물품(내자),국방·치안·보안,False,104.0,False,낙찰자선정,등록공고,Y,
20250604,2025년 육군 부식 방지제(방청유) 제조,2025,육군군수사령부,물품(내자),연료·유류,False,2.0,False,낙찰자선정,등록공고,Y,
20250619,2025년 육군 텔레비전받침대 제조,2025,육군군수사령부,물품(내자),가구,False,34.0,False,낙찰자선정,등록공고,Y,
20250604,25년 (육군) 전기식 멸균기(소형),2025,육군군수사령부,물품(내자),의료장비,False,,False,낙찰자선정,등록공고,N,
20250604,"25년 (육군) 의료용 냉장고(중형, 대형)",2025,육군군수사령부,물품(내자),의료장비,False,,False,낙찰자선정,등록공고,N,
20250604,25년 (육군) 수술등 야전용,2025,육군군수사령부,물품(내자),의료장비,False,,False,낙찰자선정,등록공고,N,
20250604,25년 (육군) 심전도계,2025,육군군수사령부,물품(내자),의료장비,False,,False,낙찰자선정,등록공고,N,
20250604,"25년 (해군) X선 장치 세트,디지털식,의료기용",2025,해군군수사령부,물품(내자),의료장비,False,3.0,False,낙찰자선정,등록공고,N,
20250604,공군·해군·해병 고무장갑 구매 납품,2025,공군군수사령부,물품(내자),서비스산업장비,False,,False,낙찰자선정,등록공고,N,
20250604,25년 (해병) 전산화단층촬영기 구매,2025,해군군수사령부,물품(내자),의료장비,False,44.0,False,낙찰자선정,등록공고,N,
20250605,육군·공군 액체연료주입기 제조 납품,2025,공군군수사령부,물품(내자),공구,False,2.0,False,낙찰자선정,등록공고,Y,
20250616,"25년 (육군, 공군) 치과유니트 및 의자",2025,육군군수사령부,물품(내자),의료장비,False,196.0,False,낙찰자선정,등록공고,N,
20250605,25년 육군 250CFM 공기압축기 제조,2025,육군군수사령부,물품(내자),배관·공조,False,17.0,False,낙찰자선정,등록공고,Y,
20250605,2025년 해군 PP로프(24mm) 제조,2025,해군군수사령부,물품(내자),제조부품,True,0.0,True,유찰,등록공고,Y,
20250605,25년 육군 15CFM 공기압축기 제조,2025,육군군수사령부,물품(내자),배관·공조,True,14.0,False,유찰,등록공고,Y,
20250605,25년 해병 15CFM 공기압축기 구매,2025,해군군수사령부,물품(내자),배관·공조,False,,False,낙찰자선정,등록공고,N,
20250605,25년 육군 CNC선반(소형) 구매,2025,육군군수사령부,물품(내자),산업기계,False,802.0,False,낙찰자선정,등록공고,N,
20250605,25년 해군 CNC 선반(중형) 구매,2025,해군군수사령부,물품(내자),산업기계,False,,False,낙찰자선정,등록공고,N,
20250613,25년 의무장비(전산화단층촬영기(CT) 고급형) 구매,2025,국방부 국군의무사령부,물품(내자),의료장비,False,3.0,False,낙찰자선정,등록공고,N,Y
20250609,25년 생물학 보호의 LEVEL A 세트 구매,2025,육군군수사령부,물품(내자),국방·치안·보안,False,,False,낙찰자선정,등록공고,N,
20250605,"25년 군용(육군,해군) 하계 조종화 제조",2025,해군군수사령부,물품(내자),국방·치안·보안,True,0.0,True,유찰,등록공고,Y,
20250609,25년 육군 골판지상자 제조,2025,육군군수사령부,물품(내자),운반·포장,False,10.0,False,낙찰자선정,등록공고,Y,
20250605,25년 해군 8인승 승합차 제조,2025,해군군수사령부,물품(내자),차량·수송장비,True,0.0,True,유찰,등록공고,Y,
20250609,25년 해군 석유증류수기 구매,2025,해군군수사령부,물품(내자),실험·측정기기,False,,False,낙찰자선정,등록공고,N,
20250609,25년 해군 엔드밀 등 18품목 구매,2025,해군군수사령부,물품(내자),공구,False,,False,낙찰자선정,등록공고,N,
20250609,25년 해군 커팅날 구매,2025,해군군수사령부,물품(내자),공구,False,,False,낙찰자선정,등록공고,N,
20250609,앵글밸브 11종 제조,2025,해군군수사령부,물품(내자),배관·공조,False,4.0,False,낙찰자선정,등록공고,Y,
20250609,체크밸브 16종 제조,2025,해군군수사령부,물품(내자),배관·공조,False,3.0,False,낙찰자선정,등록공고,Y,
20250708,방향수심압력계 구매,2025,해군군수사령부,물품(내자),스포츠·레저,False,,False,낙찰자선정,등록공고,N,
20250909,오리발 2종 구매,2025,해군군수사령부,물품(내자),스포츠·레저,False,,False,낙찰자선정,등록공고,N,
20250611,25년 해군 지게차(3톤) 제조,2025,해군군수사령부,물품(내자),운반·포장,True,0.0,True,유찰,등록공고,Y,
20250909,잠수잠구류 보관가방 2종 구매,2025,해군군수사령부,물품(내자),스포츠·레저,False,,False,낙찰자선정,등록공고,N,
20250611,25년 해군 차륜형굴착기(대형) 제조,2025,해군군수사령부,물품(내자),건설장비,True,0.0,True,유찰,등록공고,Y,
20250707,안전헬멧 구매,2025,해군군수사령부,물품(내자),국방·치안·보안,False,,False,낙찰자선정,등록공고,N,
20250801,잠수 마스크 구매,2025,해군군수사령부,물품(내자),스포츠·레저,False,,False,낙찰자선정,등록공고,N,
20250801,LED수심게이지 구매,2025,해군군수사령부,물품(내자),스포츠·레저,False,,False,낙찰자선정,등록공고,N,
20250611,25년 해병 궤도형굴착기(대형),2025,해군군수사령부,물품(내자),건설장비,True,0.0,True,유찰,등록공고,Y,
20250609,2025년 특수수술재료(골이식재) 구매,2025,국군수도병원,물품(내자),의료장비,False,102.0,False,낙찰자선정,등록공고,N,N
20250609,2025년 특수수술재료(지혈제) 구매,2025,국군수도병원,물품(내자),기타(51),False,109.0,False,낙찰자선정,등록공고,N,N
20250609,2025년 일반재료 7개 품목(의약품주입펌프 등) 구매,2025,국군수도병원,물품(내자),의료장비,False,110.0,False,낙찰자선정,등록공고,N,N
20250609,세프포독심정 100mg 등 3개 품목 구매,2025,육군군수사령부,물품(내자),기타(51),False,8.0,False,낙찰자선정,등록공고,N,
20250609,야전전투용앰프200W (대대/연대급) 구매,2025,육군군수사령부,물품(내자),가정용품,False,12.0,False,낙찰자선정,등록공고,Y,
20250610,외상환자마네킹 등 4종 구매,2025,육군군수사령부,물품(내자),의료장비,False,60.0,False,낙찰자선정,등록공고,N,
20250609,25년 육군 경호용 승용차 제조,2025,육군군수사령부,물품(내자),차량·수송장비,False,4.0,False,낙찰자선정,등록공고,Y,
20250609,2025년 육해공군해병대 분대용 천막 제조,2025,육군군수사령부,물품(내자),스포츠·레저,False,33.0,False,낙찰자선정,등록공고,N,Y
20250617,육군 활성탄 제조 납품,2025,육군군수사령부,물품(내자),광물·원자재,False,9.0,False,낙찰자선정,변경공고,Y,
20250610,폴리우레탄 드레싱폼(5X10X0.2CM 10S) 등 4종 구매,2025,육군군수사령부,물품(내자),의료장비,False,,False,낙찰자선정,등록공고,N,
20250613,2025년 육공군해병대 일반용 천막 제조,2025,육군군수사령부,물품(내자),스포츠·레저,False,36.0,False,낙찰자선정,등록공고,N,Y
20250611,인플루엔자 바이러스 백신 구매,2025,육군군수사령부,물품(내자),기타(51),False,32.0,False,낙찰자선정,등록공고,N,
20250611,"25년 해군, 공군 요대 제조",2025,공군군수사령부,물품(내자),피복·개인용품,False,32.0,False,낙찰자선정,등록공고,Y,
20250611,2025년 육군해병대 개인용 천막 제조,2025,육군군수사령부,물품(내자),스포츠·레저,False,42.0,False,낙찰자선정,등록공고,N,
20250611,육군 호스릴 구매,2025,육군군수사령부,물품(내자),배관·공조,False,,False,낙찰자선정,등록공고,N,
20250611,25년 해군 스크레이퍼 구매,2025,해군군수사령부,물품(내자),공구,False,,False,낙찰자선정,등록공고,N,
20250611,25년 해군 철판원형가공기 제조,2025,해군군수사령부,물품(내자),산업기계,False,6.0,False,낙찰자선정,등록공고,Y,
20250611,"붕대,외과용(스프린트10CM(4인치)) 등 3종 구매",2025,육군군수사령부,물품(내자),의료장비,False,825.0,False,낙찰자선정,등록공고,N,
20250611,"거즈,외과용(10CMX20CM 200매) 구매",2025,육군군수사령부,물품(내자),의료장비,False,,False,낙찰자선정,등록공고,N,
20250612,2025년 육군 관절보호대(무릎용) 구매,2025,육군군수사령부,물품(내자),의료장비,False,,False,낙찰자선정,등록공고,N,
20250611,25년 육군 차륜형굴착기(중형) 제조,2025,육군군수사령부,물품(내자),건설장비,False,2.0,False,낙찰자선정,등록공고,Y,
20250613,25년 육군 궤도형굴착기(중형) 제조,2025,육군군수사령부,물품(내자),건설장비,False,2.0,False,낙찰자선정,변경공고,Y,
20250611,25년 해병 지게차(리치트럭) 제조,2025,해군군수사령부,물품(내자),운반·포장,True,6.0,False,유찰,등록공고,N,
20250611,25년 해군 세탁용 시트형 세제 제조,2025,해군군수사령부,물품(내자),청소장비,False,10.0,False,낙찰자선정,등록공고,Y,
20250611,25년 공군 조종사출동차 제조,2025,공군군수사령부,물품(내자),차량·수송장비,False,6.0,False,낙찰자선정,등록공고,N,
20250611,"25년 해병 지게차(2톤, 3톤, 5톤) 제조",2025,해군군수사령부,물품(내자),운반·포장,True,0.0,True,유찰,등록공고,Y,
20250620,25년 육군 강철대 제조,2025,육군군수사령부,물품(내자),운반·포장,True,0.0,True,유찰,등록공고,Y,
20250612,2025년 육군 손목 보호대(free size) 등 2종 구매,2025,육군군수사령부,물품(내자),의료장비,False,,False,낙찰자선정,등록공고,N,
20250612,무균채수병(1L) 등 2종 구매,2025,육군군수사령부,물품(내자),실험·측정기기,False,,False,낙찰자선정,등록공고,N,
20250612,25년 해군 전자해도표시시스템 구매,2025,해군군수사령부,물품(내자),실험·측정기기,False,6.0,False,낙찰자선정,등록공고,N,
20250612,"25년 해군, 공군 인식표용 튜브 및 고무링 구매",2025,공군군수사령부,물품(내자),제조부품,False,,False,낙찰자선정,등록공고,N,
20250819,25년 공군 항공정비사 출동차 제조,2025,공군군수사령부,물품(내자),차량·수송장비,False,6.0,False,낙찰자선정,등록공고,Y,
20250701,25년 공군 종이타월(정비용) 구매,2025,공군군수사령부,물품(내자),종이류,False,,False,낙찰자선정,등록공고,N,
20250613,탑재용 초단파 송수신기 구매,2025,해군군수사령부,물품(내자),정보통신,True,0.0,True,유찰,등록공고,Y,
20250613,"카메라(디지털식, 망원용) 구매",2025,육군군수사령부,물품(내자),인쇄·영상,False,637.0,False,낙찰자선정,등록공고,N,
20250613,2025년 해군 출력계 구매,2025,해군군수사령부,물품(내자),실험·측정기기,False,229.0,False,낙찰자선정,등록공고,N,
20250613,"로프, 폴리프로필렌, 32mm(50m)",2025,해군군수사령부,물품(내자),제조부품,False,2.0,False,낙찰자선정,재공고,Y,Y
20250616,25년 해군 컬러 디지털 인쇄기 구매,2025,해군군수사령부,물품(내자),인쇄·영상,False,,False,낙찰자선정,등록공고,N,
20250616,25년 의무장비(수술대 병원용) 구매,2025,국방부 국군의무사령부,물품(내자),의료장비,False,58.0,False,낙찰자선정,등록공고,N,N
20250618,25년 육군 15CFM 공기압축기 제조,2025,육군군수사령부,물품(내자),배관·공조,False,13.0,False,낙찰자선정,재공고,Y,
20250617,2025년 해군 PP로프(24mm) 제조,2025,해군군수사령부,물품(내자),제조부품,True,0.0,True,유찰,재공고,Y,
20250619,2025년 육군 신발장 제조,2025,육군군수사령부,물품(내자),가구,False,104.0,False,낙찰자선정,등록공고,Y,
20250619,25년 해병 손세정제 제조,2025,해병대 군수단,물품(내자),피복·개인용품,False,19.0,False,낙찰자선정,등록공고,Y,
20250619,25년 해군 차륜형굴착기(대형) 제조,2025,해군군수사령부,물품(내자),건설장비,True,0.0,True,유찰,재공고,Y,
20250619,25년 해병 궤도형굴착기(대형),2025,해군군수사령부,물품(내자),건설장비,False,2.0,False,낙찰자선정,재공고,Y,
20250623,"25년 군용(육군,해군) 하계 조종화 제조",2025,해군군수사령부,물품(내자),국방·치안·보안,True,0.0,True,유찰,재공고,Y,
20250624,25년 상반기 진중문고 전자책 구매,2025,국방부,물품(내자),정보통신,False,327.0,False,개찰완료,등록공고,N,Y
20250623,훈련용 마네킨(전신마네킨) 등 4종 구매,2025,공군군수사령부,물품(내자),의료장비,False,554.0,False,낙찰자선정,등록공고,N,
20250627,2025년 해병 폴리우레탄코팅제 제조,2025,해병대 군수단,물품(내자),제조부품,True,3.0,False,유찰,등록공고,Y,
20250624,2025년 특수수술재료(지혈제) 구매,2025,국군수도병원,물품(내자),기타(51),False,16.0,False,낙찰자선정,재공고,N,N
20250625,25년 육군 궤도형도저(8톤) 구매,2025,육군군수사령부,물품(내자),건설장비,False,0.0,True,낙찰자선정,재공고,N,
20250625,25년 해군 신형버클 제조,2025,해군군수사령부,물품(내자),피복·개인용품,False,23.0,False,낙찰자선정,등록공고,Y,
20250625,체크밸브 16종 제조,2025,해군군수사령부,물품(내자),배관·공조,True,0.0,True,유찰,재공고,Y,
20250625,25년 공군 다목적도로관리차 구매,2025,공군군수사령부,물품(내자),차량·수송장비,False,29.0,False,낙찰자선정,재공고,N,
20250627,2025년 공군 가정용 세탁기 조달,2025,공군군수사령부,물품(내자),가정용품,False,587.0,False,낙찰자선정,등록공고,N,
20250701,오실로스코프(500MHz) 구매,2025,해군군수사령부,물품(내자),실험·측정기기,False,239.0,False,낙찰자선정,등록공고,N,
20250714,25년 해군 3단 진압봉 제조,2025,해군군수사령부,물품(내자),국방·치안·보안,False,7.0,False,낙찰자선정,등록공고,Y,
20250701,"25년 해군 시험세트, 무선주파수 동력용 구매",2025,해군군수사령부,물품(내자),실험·측정기기,False,236.0,False,낙찰자선정,등록공고,N,
20250701,25년 해군 오실로스코프 구매,2025,해군군수사령부,물품(내자),실험·측정기기,False,,False,낙찰자선정,등록공고,N,
20250701,란소프라졸캡슐 구매,2025,육군군수사령부,물품(내자),기타(51),False,32.0,False,낙찰자선정,재공고,N,
20250701,세프포독심정 100mg 등 3개 품목 구매,2025,육군군수사령부,물품(내자),기타(51),True,2.0,False,유찰,재공고,N,
20250701,탑재용 초단파 송수신기 구매,2025,해군군수사령부,물품(내자),정보통신,True,0.0,True,유찰,재공고,Y,
20250701,"탄력붕대 4인치(10CMX215CM,12개) 등 2종 구매",2025,육군군수사령부,물품(내자),의료장비,False,262.0,False,낙찰자선정,등록공고,N,
20250630,2025년 육군 서류함 제조,2025,육군군수사령부,물품(내자),가구,False,25.0,False,낙찰자선정,등록공고,Y,
20250630,2025년 육군 침대 및 침대조립체 구매,2025,육군군수사령부,물품(내자),가구,False,25.0,False,낙찰자선정,등록공고,Y,
20250630,2025년 육군 회의용탁자(5인용) 제조,2025,육군군수사령부,물품(내자),가구,False,55.0,False,낙찰자선정,등록공고,Y,
20250630,2025년 방상내피(레이어링) 제조 (1차),2025,육군군수사령부,물품(내자),피복·개인용품,False,34.0,False,낙찰자선정,등록공고,Y,
20250630,2025년 해군 PP 로프조립체 4품목 제조,2025,해군군수사령부,물품(내자),제조부품,True,0.0,True,유찰,등록공고,Y,
20250630,25년 해군 250CFM 공기압축기 제조,2025,해군군수사령부,물품(내자),배관·공조,False,18.0,False,낙찰자선정,등록공고,Y,
20250630,2025년 방상외피(레이어링) 제조(1차),2025,육군군수사령부,물품(내자),피복·개인용품,False,22.0,False,낙찰자선정,등록공고,Y,
20250729,25년 의무장비(환자관찰장치 중앙및침상용) 구매,2025,국방부 국군의무사령부,물품(내자),의료장비,False,,False,낙찰자선정,등록공고,N,N
20250729,25년 의무장비(환자관찰장치 이동형) 구매,2025,국방부 국군의무사령부,물품(내자),의료장비,True,0.0,True,유찰,등록공고,Y,N
20250630,2025년 해군 UHMWPE 로프스토퍼 제조,2025,해군군수사령부,물품(내자),제조부품,True,0.0,True,유찰,등록공고,Y,
20250701,2025년 해군 나일론로프 11품목 제조,2025,해군군수사령부,물품(내자),제조부품,True,0.0,True,유찰,등록공고,Y,
20250701,2025년 해병 희석제 제조,2025,해병대 군수단,물품(내자),제조부품,False,4.0,False,낙찰자선정,등록공고,Y,
20250701,25년 육군 강철대 제조,2025,육군군수사령부,물품(내자),운반·포장,False,2.0,False,낙찰자선정,재공고,Y,
20250701,25년 육군 총포공구 5품목 구매,2025,육군군수사령부,물품(내자),공구,False,91.0,False,낙찰자선정,재공고,N,
20250702,25년 해군 페인트용붓 구매,2025,해군군수사령부,물품(내자),제조부품,False,,False,낙찰자선정,등록공고,N,
20250703,2025년 공군 총기보관함 제조,2025,공군군수사령부,물품(내자),가구,False,11.0,False,낙찰자선정,등록공고,Y,
20250710,2025년 육군 물백 제조,2025,육군군수사령부,물품(내자),피복·개인용품,False,45.0,False,낙찰자선정,등록공고,Y,
20250708,25년 해군 천공기 2종 제조,2025,해군군수사령부,물품(내자),산업기계,False,3.0,False,낙찰자선정,등록공고,Y,
20250707,2025년 방상외피(레이어링) 제조 (3차),2025,육군군수사령부,물품(내자),피복·개인용품,False,23.0,False,낙찰자선정,등록공고,Y,
20250708,2025년 기능성방한복(레이어링) 제조 (1차),2025,육군군수사령부,물품(내자),피복·개인용품,False,16.0,False,낙찰자선정,등록공고,Y,
20250709,2025년 기능성방한복(레이어링) 제조 (2차),2025,육군군수사령부,물품(내자),피복·개인용품,False,18.0,False,낙찰자선정,등록공고,Y,
20250709,2025년 기능성방한복(레이어링) 제조 (3차),2025,육군군수사령부,물품(내자),피복·개인용품,False,18.0,False,낙찰자선정,등록공고,Y,
20250709,2025년 기능성방한복(레이어링) 제조 (4차),2025,육군군수사령부,물품(내자),피복·개인용품,False,18.0,False,낙찰자선정,등록공고,Y,
20250709,2025년 기능성방한복(레이어링) 제조 (5차),2025,육군군수사령부,물품(내자),피복·개인용품,False,18.0,False,낙찰자선정,등록공고,Y,
20250709,2025년 기능성방한복(레이어링) 제조 (6차),2025,육군군수사령부,물품(내자),피복·개인용품,False,18.0,False,낙찰자선정,등록공고,Y,
20250703,염산올로파타딘점안액 등 3개 품목 구매,2025,육군군수사령부,물품(내자),기타(51),False,3.0,False,낙찰자선정,재공고,N,
20250703,2025년 해군 출력계 구매,2025,해군군수사령부,물품(내자),실험·측정기기,False,210.0,False,낙찰자선정,재공고,N,
20250730,25년 해군 평지형예초기 구매,2025,해군군수사령부,물품(내자),농업기계,False,559.0,False,낙찰자선정,등록공고,N,
20250707,구명조끼(양면착용) 제조,2025,육군군수사령부,물품(내자),국방·치안·보안,False,12.0,False,낙찰자선정,등록공고,Y,
20250707,2025년 방상내피(레이어링) 제조(4차),2025,육군군수사령부,물품(내자),피복·개인용품,False,22.0,False,낙찰자선정,등록공고,Y,
20250707,2025년 방상내피(레이어링) 제조(5차),2025,육군군수사령부,물품(내자),피복·개인용품,False,23.0,False,낙찰자선정,등록공고,Y,
20250707,2025년 방상외피(레이어링) 제조 (4차),2025,육군군수사령부,물품(내자),피복·개인용품,False,23.0,False,낙찰자선정,등록공고,Y,
20250707,2025년 방상외피(레이어링) 제조 (5차),2025,육군군수사령부,물품(내자),피복·개인용품,False,23.0,False,낙찰자선정,등록공고,Y,
20250710,2025년 기능성 전투우의(레이어링피복) 제조(2차),2025,육군군수사령부,물품(내자),국방·치안·보안,False,17.0,False,낙찰자선정,등록공고,Y,
20250709,2025년 기능성방한복(레이어링) 제조 (7차),2025,육군군수사령부,물품(내자),피복·개인용품,False,18.0,False,낙찰자선정,등록공고,Y,
20250707,25년 육군 무릎/팔꿈치 보호대 제조,2025,육군군수사령부,물품(내자),국방·치안·보안,False,21.0,False,낙찰자선정,등록공고,Y,
20250707,25년 해군 방열복류 제조,2025,해군군수사령부,물품(내자),국방·치안·보안,False,3.0,False,낙찰자선정,등록공고,Y,
20250710,25년 국군의무사령부 대형버스 제조 ,2025,국방부 국군의무사령부,물품(내자),차량·수송장비,False,2.0,False,낙찰자선정,등록공고,Y,N
20250714,장티푸스 백신 구매,2025,육군군수사령부,물품(내자),기타(51),True,2.0,False,유찰,등록공고,N,
20250709,25년 공군 난연정전화 제조,2025,공군군수사령부,물품(내자),국방·치안·보안,False,0.0,True,낙찰자선정,등록공고,Y,
20250708,2025년 육군 미생물자동동정기 구매,2025,육군군수사령부,물품(내자),실험·측정기기,False,,False,낙찰자선정,등록공고,N,
20250708,2025년 육군 세균검출장비세트 구매,2025,육군군수사령부,물품(내자),실험·측정기기,False,362.0,False,낙찰자선정,등록공고,N,
20250708,2025년 육군 잔류항생제분석기 구매,2025,육군군수사령부,물품(내자),실험·측정기기,False,516.0,False,낙찰자선정,등록공고,N,
20250708,"2025년 육군 현미경,쌍안식 구매",2025,육군군수사령부,물품(내자),실험·측정기기,False,,False,낙찰자선정,등록공고,N,
20250707,25년 해군 알카라인전지 등 4종 구매,2025,해군군수사령부,물품(내자),발전·배전,False,,False,낙찰자선정,등록공고,N,
20250710,"25년 해군, 공군 손세정제 제조",2025,해군군수사령부,물품(내자),피복·개인용품,False,21.0,False,낙찰자선정,등록공고,Y,
20250728,"25년 육군, 해군, 해병 권총집 및 탄입대 제조",2025,육군군수사령부,물품(내자),국방·치안·보안,False,40.0,False,낙찰자선정,등록공고,Y,
20250708,물안경 구매,2025,육군군수사령부,물품(내자),스포츠·레저,False,,False,낙찰자선정,등록공고,N,
20250709,25년 육군 대테러화 제조,2025,육군군수사령부,물품(내자),국방·치안·보안,False,7.0,False,낙찰자선정,등록공고,Y,
20250708,25년 상반기 진중문고 전자책 구매,2025,국방부,물품(내자),정보통신,False,137.0,False,낙찰자선정,등록공고,N,Y
20250709,2025년 해병 폴리우레탄코팅제 제조,2025,해병대 군수단,물품(내자),제조부품,False,3.0,False,낙찰자선정,재공고,Y,
20250709,25년 육군 난연 안면마스크 제조,2025,육군군수사령부,물품(내자),국방·치안·보안,False,33.0,False,낙찰자선정,등록공고,Y,
20250710,"2025년 육군, 해병대 방수포 제조",2025,육군군수사령부,물품(내자),스포츠·레저,True,14.0,False,유찰,등록공고,Y,
20250709,25년 육군 25톤 유압크레인 제조,2025,육군군수사령부,물품(내자),운반·포장,False,46.0,False,낙찰자선정,등록공고,N,
20250709,2025년 육군 전투용 탄약 운반장구 제조,2025,육군군수사령부,물품(내자),농업기계,True,0.0,True,유찰,등록공고,Y,
20250710,2025년 기능성 전투우의(레이어링피복) 제조(1차),2025,육군군수사령부,물품(내자),국방·치안·보안,False,17.0,False,낙찰자선정,등록공고,Y,
20250804,25년 해군 요대류 제조,2025,해군군수사령부,물품(내자),피복·개인용품,False,34.0,False,낙찰자선정,등록공고,Y,
20250710,25년 해병 정설기 구매,2025,해군군수사령부,물품(내자),산업기계,False,73.0,False,낙찰자선정,등록공고,N,
20250804,25년 해병 디지털요대 제조,2025,해병대 군수단,물품(내자),피복·개인용품,False,36.0,False,낙찰자선정,등록공고,Y,
20250715,2025년 육군 응급처치배낭 제조,2025,육군군수사령부,물품(내자),의료장비,False,19.0,False,낙찰자선정,등록공고,Y,
20250717,육군 솥걸이조립체 제조 납품,2025,육군군수사령부,물품(내자),스포츠·레저,False,5.0,False,낙찰자선정,변경공고,Y,
20250717,육군 액체연료주입구 제조 납품,2025,육군군수사령부,물품(내자),공구,True,2.0,False,유찰,변경공고,Y,
20250717,해병 산업용내시경(폭발물 처리 전자 내시경) 구매,2025,해군군수사령부,물품(내자),실험·측정기기,False,,False,낙찰자선정,변경공고,N,
20250717,해군 산업용내시경(폭발물 처리 전자 내시경) 구매,2025,해군군수사령부,물품(내자),실험·측정기기,False,,False,낙찰자선정,변경공고,N,
20250717,해군 적외선분광기(휴대용화학분석장비) 구매,2025,해군군수사령부,물품(내자),실험·측정기기,False,248.0,False,낙찰자선정,변경공고,N,
20250723,육군 합성수지제통 제조 납품,2025,육군군수사령부,물품(내자),운반·포장,False,3.0,False,낙찰자선정,등록공고,Y,
20250714,25년 육군 플라스틱팔레트 제조,2025,육군군수사령부,물품(내자),운반·포장,False,10.0,False,낙찰자선정,등록공고,Y,
20250714,25년 육군 구두약 제조,2025,육군군수사령부,물품(내자),청소장비,True,0.0,True,유찰,등록공고,Y,
20250714,25년 육군 강철대 제조,2025,육군군수사령부,물품(내자),운반·포장,False,3.0,False,낙찰자선정,재공고,Y,
20250714,25년 해병 방탄헬멧 땀받이 제조,2025,해병대 군수단,물품(내자),국방·치안·보안,False,20.0,False,낙찰자선정,등록공고,Y,
20250714,25년 해군 저압공기압축기 제조,2025,해군군수사령부,물품(내자),배관·공조,False,16.0,False,낙찰자선정,등록공고,Y,
20250714,25년 해군 동력체인톱 구매,2025,해군군수사령부,물품(내자),공구,False,415.0,False,낙찰자선정,등록공고,N,
20250716,25년 공군 고기능성 전투화 2종 제조,2025,공군군수사령부,물품(내자),국방·치안·보안,False,3.0,False,낙찰자선정,등록공고,Y,
20250715,2025년 해군 UHMWPE 로프스토퍼 제조,2025,해군군수사령부,물품(내자),제조부품,True,0.0,True,유찰,재공고,Y,
20250715,2025년 육군 개인용 특수천막,2025,육군군수사령부,물품(내자),스포츠·레저,False,29.0,False,낙찰자선정,등록공고,Y,
20250718,세프포독심정 100mg 등 3개 품목 구매,2025,육군군수사령부,물품(내자),기타(51),True,0.0,True,유찰,재공고,N,
20250716,2025년 공군 침대 등 2종 구매,2025,공군군수사령부,물품(내자),가구,False,22.0,False,낙찰자선정,등록공고,Y,
20250715,25년 해병 소형이동정비차 제조,2025,해군군수사령부,물품(내자),차량·수송장비,False,2.0,False,낙찰자선정,등록공고,Y,
20250801,"2025년 해병대 세탁기, 건조기 조달",2025,해병대 군수단,물품(내자),청소장비,True,0.0,True,유찰,등록공고,N,
20250724,2025년 육군 전투용 탄약 운반장구 제조,2025,육군군수사령부,물품(내자),농업기계,False,0.0,True,낙찰자선정,재공고,Y,Y
20250718,2025년 육군 조절식침대  조달,2025,육군군수사령부,물품(내자),의료장비,True,0.0,True,유찰,등록공고,Y,
20250721,2025년 화생방방호사령부 휴대용질량분석기 구매,2025,국방부 국군화생방방호사령부,물품(내자),실험·측정기기,False,180.0,False,낙찰자선정,등록공고,N,
20250721,25년 의무장비(전자동정제분류포장기) 구매,2025,국방부 국군의무사령부,물품(내자),의료장비,False,753.0,False,낙찰자선정,등록공고,N,N
20250728,2025년 브리핑시스템 구매(설치) 계약,2025,국방부 국군의무사령부,물품(내자),인쇄·영상,False,3.0,False,낙찰자선정,변경공고,N,Y
20250723,25년 육군 그레이더 구매,2025,육군군수사령부,물품(내자),건설장비,False,46.0,False,낙찰자선정,등록공고,N,
20250723,25년 의무장비(주변시야계) 구매,2025,국방부 국군의무사령부,물품(내자),의료장비,False,295.0,False,낙찰자선정,등록공고,N,N
20250723,25년 의무장비(미세수술드릴 구강악안면외과용) 구매,2025,국방부 국군의무사령부,물품(내자),의료장비,False,,False,낙찰자선정,등록공고,N,N
20250723,방위사업청 청사 신축공사 관급자재) 레미콘 2차,2025,방위사업청,물품(내자),건축자재,True,0.0,True,유찰,등록공고,Y,N
20250723,25년 의무장비(뇌파기) 구매,2025,국방부 국군의무사령부,물품(내자),의료장비,False,180.0,False,낙찰자선정,등록공고,N,N
20250723,25년 의무장비(자동세척건조기 중형) 구매,2025,국방부 국군의무사령부,물품(내자),의료장비,False,,False,낙찰자선정,등록공고,N,N
20250723,25년 의무장비(사체냉동기 3구용) 구매,2025,국방부 국군의무사령부,물품(내자),의료장비,False,320.0,False,낙찰자선정,등록공고,N,N
20250723,25년 해군 그레이더 구매 ,2025,해군군수사령부,물품(내자),건설장비,False,48.0,False,낙찰자선정,등록공고,N,
20250724,2025년 해군 홋줄보호대 제조,2025,해군군수사령부,물품(내자),운반·포장,False,9.0,False,낙찰자선정,등록공고,Y,Y
20250724,2025년 해군 PP 로프조립체 4품목 제조,2025,해군군수사령부,물품(내자),제조부품,False,2.0,False,낙찰자선정,재공고,Y,Y
20250728,2025년 특전사 전투조끼 제조,2025,육군군수사령부,물품(내자),피복·개인용품,False,54.0,False,낙찰자선정,등록공고,Y,
20250807,25년 사무용 전산장비 도입사업(데스크톱),2025,국방부 국방전산정보원,물품(내자),정보통신,False,2.0,False,낙찰자선정,등록공고,N,Y
20250730,25년 해군 용접기 2종 제조,2025,해군군수사령부,물품(내자),산업기계,False,3.0,False,낙찰자선정,등록공고,Y,
20250804,2025년 육군 배기필터유니트 2종 제조,2025,제31보병사단,물품(내자),배관·공조,False,6.0,False,낙찰자선정,등록공고,Y,N
20250728,"2025년 육군, 해병대 방수포 제조",2025,육군군수사령부,물품(내자),스포츠·레저,False,13.0,False,낙찰자선정,재공고,Y,
20250729,2025년 육군 탄약보관함 제조,2025,육군군수사령부,물품(내자),가구,False,18.0,False,낙찰자선정,등록공고,Y,
20250729,2025년 육군 캐비닛(비문보관함 2종) 제조,2025,육군군수사령부,물품(내자),가구,False,22.0,False,낙찰자선정,등록공고,Y,
20250729,2025년 해군 나일론로프 11품목 제조,2025,해군군수사령부,물품(내자),제조부품,True,0.0,True,유찰,등록공고,Y,Y
20250730,25년 육군 구두약 제조,2025,육군군수사령부,물품(내자),청소장비,True,0.0,True,유찰,재공고,Y,
20250729,2025년 육군 조절식침대  조달,2025,육군군수사령부,물품(내자),의료장비,True,0.0,True,유찰,재공고,Y,
20250729,25년 의무장비(수술드릴 및 쏘셋 배터리식) 구매 ,2025,국방부 국군의무사령부,물품(내자),의료장비,False,,False,낙찰자선정,등록공고,N,N
20250804,25년 육군 공업용랩 제조,2025,육군군수사령부,물품(내자),고무·플라스틱,False,4.0,False,낙찰자선정,등록공고,Y,
20250804,25년 공군 난연정전화 제조,2025,공군군수사령부,물품(내자),국방·치안·보안,True,0.0,True,유찰,재공고,Y,
20250805,25년 육군 국기함 구매,2025,육군군수사령부,물품(내자),운반·포장,False,,False,낙찰자선정,등록공고,N,
20250804,25년 육군 하계조종화 제조,2025,육군군수사령부,물품(내자),국방·치안·보안,True,0.0,True,유찰,등록공고,Y,
20250731,육군 액체연료주입구 제조 납품,2025,육군군수사령부,물품(내자),공구,False,2.0,False,낙찰자선정,재공고,Y,
20250804,2025년 육군 마닐라로프 3종 제조,2025,육군군수사령부,물품(내자),제조부품,False,2.0,False,낙찰자선정,등록공고,Y,
20250731,25년 의무장비(심장세동제거기 병원용) 구매,2025,국방부 국군의무사령부,물품(내자),의료장비,False,,False,낙찰자선정,등록공고,N,N
20250731,25년 의무장비(환자체온보온기 자동식(물타입)) 구매,2025,국방부 국군의무사령부,물품(내자),의료장비,False,416.0,False,낙찰자선정,등록공고,N,N
20250801,육군 양념분쇄기 제조 납품,2025,육군군수사령부,물품(내자),서비스산업장비,False,3.0,False,낙찰자선정,등록공고,Y,
20250801,공군 컨테이너하우스 제조 납품,2025,공군군수사령부,물품(내자),건축자재,False,58.0,False,낙찰자선정,등록공고,Y,
20250801,부력조절기 2종 구매,2025,해군군수사령부,물품(내자),스포츠·레저,False,632.0,False,낙찰자선정,등록공고,N,
20250801,장티푸스 백신 구매,2025,육군군수사령부,물품(내자),기타(51),True,0.0,True,유찰,재공고,N,
20250804,"25년 해군 기동화 2종(작전화,조종화) 제조",2025,해군군수사령부,물품(내자),국방·치안·보안,True,0.0,True,유찰,등록공고,Y,
20250804,25년 해병 칫솔케이스 구매,2025,해병대 군수단,물품(내자),피복·개인용품,False,,False,개찰완료,등록공고,N,
20250804,신뢰도 분석장비 구매,2025,육군종합정비창,물품(내자),정보통신,False,79.0,False,낙찰자선정,등록공고,N,N
20250804,2025년 육군 나일론로프(등반용) 제조,2025,육군군수사령부,물품(내자),제조부품,True,0.0,True,유찰,등록공고,Y,
20250804,2025년 해군 유도쌍플라즈마분광기 조달,2025,해군군수사령부,물품(내자),실험·측정기기,False,954.0,False,낙찰자선정,등록공고,N,
20250804,2025년 해군 재료분석기 조달,2025,해군군수사령부,물품(내자),실험·측정기기,False,840.0,False,낙찰자선정,등록공고,N,
20250806,25년 공군 취사용장화 제조,2025,공군군수사령부,물품(내자),피복·개인용품,True,0.0,True,유찰,등록공고,Y,
20250812,25년 해병대 난연안면마스크 제조,2025,해병대 군수단,물품(내자),국방·치안·보안,False,0.0,True,낙찰자선정,등록공고,Y,
20250805,2025년 해군 스펙트럼분석기 조달,2025,해군군수사령부,물품(내자),실험·측정기기,False,304.0,False,낙찰자선정,등록공고,N,
20250805,2025년 해군 나일론로프 11품목 제조,2025,해군군수사령부,물품(내자),제조부품,True,0.0,True,유찰,재공고,Y,Y
20250805,방위사업청 청사 신축공사 관급자재) 레미콘 2차,2025,방위사업청,물품(내자),건축자재,True,0.0,True,유찰,재공고,Y,N
20250806,2025년 해병대 궤도차량승무원 배낭 제조,2025,해병대 군수단,물품(내자),피복·개인용품,False,40.0,False,낙찰자선정,등록공고,Y,
20250904,응급흉부외상패드 구매,2025,육군군수사령부,물품(내자),의료장비,False,154.0,False,낙찰자선정,등록공고,N,
20250812,25년 공군 취사복 및 물류복 제조,2025,공군군수사령부,물품(내자),피복·개인용품,False,35.0,False,낙찰자선정,등록공고,Y,
20250807,"팩, 한방 카타플라스마(황백연조엑스파스6매,밀착포포함:한방파스) 구매",2025,육군군수사령부,물품(내자),기타(51),False,33.0,False,낙찰자선정,등록공고,N,
20250807,장티푸스 백신 구매,2025,육군군수사령부,물품(내자),기타(51),True,0.0,True,유찰,재공고,N,
20250814,25년 해군 낙엽청소기 구매,2025,해군군수사령부,물품(내자),공구,False,,False,낙찰자선정,등록공고,N,
20250811,"25년 육군, 공군 구두약 구매",2025,육군군수사령부,물품(내자),청소장비,False,547.0,False,낙찰자선정,등록공고,N,
20250812,국방 온나라 2.0 체계 관련 상용 SW 구매 사업,2025,국방통합데이터센터,물품(내자),정보통신,False,32.0,False,낙찰자선정,등록공고,N,N
20250814,25년 육군 하계조종화 제조,2025,육군군수사령부,물품(내자),국방·치안·보안,True,0.0,True,유찰,재공고,Y,Y
20250814,"25년 해군 기동화 2종(작전화,조종화) 제조",2025,해군군수사령부,물품(내자),국방·치안·보안,True,0.0,True,유찰,재공고,Y,Y
20250813,2025년도 방송시스템 교체 사업,2025,국방부 국방홍보원,물품(내자),인쇄·영상,True,0.0,True,유찰,등록공고,N,Y
20250813,2025년 육군 나일론로프(등반용) 제조,2025,육군군수사령부,물품(내자),제조부품,True,0.0,True,유찰,재공고,Y,
20250813,2025년 육군 포제계급장 제조(긴급물량),2025,육군군수사령부,물품(내자),출판물,False,30.0,False,낙찰자선정,등록공고,Y,
20250813,25년 정보자원 교체 및 개선사업,2025,방위사업청,물품(내자),정보통신,True,0.0,True,유찰,등록공고,N,Y
20250813,2025년 육군 철제계급장 제조(긴급물량),2025,육군군수사령부,물품(내자),출판물,False,18.0,False,낙찰자선정,등록공고,Y,
20250813,25년 해군 롤형유흡착재 구매,2025,해군군수사령부,물품(내자),청소장비,False,,False,낙찰자선정,등록공고,N,
20250814,"25년 육군, 해병 권총집 세트 제조",2025,육군군수사령부,물품(내자),국방·치안·보안,False,25.0,False,낙찰자선정,등록공고,Y,Y
20250813,육군 주방기구소독기 제조 납품,2025,육군군수사령부,물품(내자),서비스산업장비,False,3.0,False,낙찰자선정,등록공고,Y,
20250814,세프포독심정 100mg 등 3개 품목 구매,2025,육군군수사령부,물품(내자),기타(51),True,0.0,True,유찰,재공고,N,
20250813,2025년 공군 방한모 제조,2025,공군군수사령부,물품(내자),피복·개인용품,False,0.0,True,낙찰자선정,등록공고,Y,
20250814,25년 해군 8인승 승합차 제조,2025,해군군수사령부,물품(내자),차량·수송장비,False,3.0,False,낙찰자선정,등록공고,Y,
20250814,"히알루론산나트륨점안액(일회용,0.1%,0.35∼0.5mL,60개) 구매",2025,육군군수사령부,물품(내자),기타(51),False,26.0,False,낙찰자선정,등록공고,N,
20250814,25년 공군 취사용장화 제조,2025,공군군수사령부,물품(내자),피복·개인용품,True,0.0,True,유찰,재공고,Y,Y
20250814,포비돈-요오드액 1L 등 3종 구매,2025,육군군수사령부,물품(내자),기타(51),False,3.0,False,낙찰자선정,등록공고,N,
20250903,"X선 장치,방사선 사진용,산업용",2025,육군군수사령부,물품(내자),실험·측정기기,False,4.0,False,낙찰자선정,등록공고,N,
20250814,염산시프로폴록사신정 250mg 100정 등 3종 구매,2025,육군군수사령부,물품(내자),기타(51),False,10.0,False,낙찰자선정,등록공고,N,
20250818,2025년 육군 총기보관함 제조,2025,육군군수사령부,물품(내자),가구,False,20.0,False,낙찰자선정,등록공고,Y,
20250825,2025년 육군 페인트 박리제 제조,2025,육군종합정비창,물품(내자),화학·화공,False,4.0,False,낙찰자선정,변경공고,Y,N
20250818,2025년 해군 회색방수캔바스 제조,2025,해군군수사령부,물품(내자),광물·원자재,False,12.0,False,낙찰자선정,등록공고,Y,
20250819,의료기구 세트 보관 및 수송용 상자 구매,2025,육군군수사령부,물품(내자),의료장비,False,,False,낙찰자선정,등록공고,N,
20250821,25년 육군 25톤 유압크레인 제조,2025,육군군수사령부,물품(내자),운반·포장,False,14.0,False,낙찰자선정,재공고,N,
20250826,25년 해병대 취사복류 제조,2025,해병대 군수단,물품(내자),피복·개인용품,False,24.0,False,낙찰자선정,등록공고,Y,
20250826,"25년 군용 취사용 앞치마 제조(해군,해병대)",2025,해병대 군수단,물품(내자),피복·개인용품,False,37.0,False,낙찰자선정,등록공고,Y,
20250904,25년 해군 방염복 제조,2025,해군군수사령부,물품(내자),국방·치안·보안,False,40.0,False,낙찰자선정,등록공고,Y,
20250820,25년 공군 취사용장화 제조,2025,공군군수사령부,물품(내자),피복·개인용품,False,2.0,False,낙찰자선정,재공고,Y,Y
20250820,25년 육군 UTP케이블 구매,2025,육군군수사령부,물품(내자),발전·배전,False,,False,낙찰자선정,등록공고,N,
20250821,25년 의무장비(환자관찰장치 이동형) 구매,2025,국방부 국군의무사령부,물품(내자),의료장비,False,3.0,False,낙찰자선정,재공고,Y,N
20250822,"2025년 해병대 세탁기, 건조기 조달",2025,해병대 군수단,물품(내자),청소장비,True,0.0,True,유찰,재공고,N,
20250822,25년 해병 섬유유연제(시트형) 구매,2025,해병대 군수단,물품(내자),청소장비,False,,False,낙찰자선정,등록공고,N,
20250902,체크밸브 16종 제조,2025,해군군수사령부,물품(내자),배관·공조,False,2.0,False,낙찰자선정,등록공고,Y,
20250825,25년 해병 이동식 인체제독셋 구매,2025,해병대 군수단,물품(내자),국방·치안·보안,False,383.0,False,낙찰자선정,등록공고,N,
20250825,선박자동식별장치(AIS) 구매,2025,해군군수사령부,물품(내자),실험·측정기기,False,0.0,True,낙찰자선정,등록공고,N,
20250825,해군 전파환경측정장치 구매,2025,해군군수사령부,물품(내자),실험·측정기기,False,418.0,False,낙찰자선정,등록공고,N,
20250826,"세파졸린나트륨, 멸균형(1g, 10vial) 구매",2025,육군군수사령부,물품(내자),기타(51),True,0.0,True,유찰,등록공고,N,
20250826,25년 해병대 난연안면마스크 제조,2025,해병대 군수단,물품(내자),국방·치안·보안,False,0.0,True,낙찰자선정,재공고,Y,
20250826,항해자료기록장치(VDR) 구매,2025,해군군수사령부,물품(내자),정보통신,False,121.0,False,낙찰자선정,등록공고,N,
20250827,신호변환기(DMHS) 구매,2025,해군군수사령부,물품(내자),전기·조명,False,713.0,False,낙찰자선정,등록공고,N,
20250827,조난위치지시무선송신기(EPIRB) 구매,2025,해군군수사령부,물품(내자),국방·치안·보안,False,0.0,True,낙찰자선정,등록공고,N,
20250827,해군 중소형함용 측심기 구매,2025,해군군수사령부,물품(내자),실험·측정기기,False,428.0,False,낙찰자선정,등록공고,N,
20250827,2025년 특전사 위장모 제조,2025,육군군수사령부,물품(내자),피복·개인용품,False,11.0,False,낙찰자선정,등록공고,Y,
20250828,해군 보조선용 표면레이더 구매,2025,해군군수사령부,물품(내자),국방·치안·보안,False,0.0,True,낙찰자선정,등록공고,N,
20250828,해병 화학작용제탐지기 구매,2025,해군군수사령부,물품(내자),국방·치안·보안,False,999.0,False,낙찰자선정,등록공고,N,
20250901,25년 공군 세탁용 시트형 세제 제조,2025,공군군수사령부,물품(내자),청소장비,False,10.0,False,낙찰자선정,등록공고,Y,
20250829,2025년 육군 전투용 탄약 운반장구 제조,2025,육군군수사령부,물품(내자),농업기계,False,0.0,True,낙찰자선정,재공고,Y,Y
20250910,25년 해병 야전용접기 구매,2025,해군군수사령부,물품(내자),산업기계,False,0.0,True,낙찰자선정,등록공고,N,
20250901,2025년 공군 방한모 제조,2025,공군군수사령부,물품(내자),피복·개인용품,False,0.0,True,낙찰자선정,재공고,Y,
20250903,2025년 의무장비(부비동내시경) 구매,2025,국군수도병원,물품(내자),의료장비,False,543.0,False,낙찰자선정,등록공고,N,N
20250903,2025년 의무장비(관절내시경) 구매,2025,국군수도병원,물품(내자),의료장비,False,,False,낙찰자선정,등록공고,N,N
20250909,육군 수레형 국통 구매,2025,육군군수사령부,물품(내자),가정용품,False,,False,낙찰자선정,등록공고,N,
20250903,25년 의무장비(X선기 수술용 C-arm) 구매 ,2025,국방부 국군의무사령부,물품(내자),의료장비,False,2.0,False,낙찰자선정,등록공고,N,N
20250902,25년 해군 5톤 직진식카고크레인 제조,2025,해군군수사령부,물품(내자),차량·수송장비,False,3.0,False,낙찰자선정,등록공고,Y,
20250904,2025년 해군 출력계 구매,2025,해군군수사령부,물품(내자),실험·측정기기,False,,False,낙찰자선정,등록공고,N,
20250904,25년 육군 침낭(동계 다용도 침낭) 제조,2025,육군군수사령부,물품(내자),스포츠·레저,False,36.0,False,낙찰자선정,등록공고,Y,
20250908,육군 스테인리스 찬장 제조 납품,2025,육군군수사령부,물품(내자),가구,False,23.0,False,낙찰자선정,등록공고,Y,
20250908,"세파졸린나트륨, 멸균형(1g, 10vial) 구매",2025,육군군수사령부,물품(내자),기타(51),True,0.0,True,유찰,재공고,N,
20250911,25년 의무장비(의료영상전달체계(PACS)(사단용)) 구매,2025,국방부 국군의무사령부,물품(내자),의료장비,False,45.0,False,낙찰자선정,등록공고,N,N
20250915,육군 전자저울 구매,2025,육군군수사령부,물품(내자),서비스산업장비,False,,False,낙찰자선정,등록공고,N,
20250916,육군 보존식용기 구매,2025,육군군수사령부,물품(내자),서비스산업장비,False,,False,낙찰자선정,변경공고,N,
20250909,25년 의무장비(광간섭촬영기) 구매,2025,국방부 국군의무사령부,물품(내자),의료장비,False,179.0,False,낙찰자선정,등록공고,N,N
20250909,25년 의무장비(수술현미경 이비인후과용) 구매,2025,국방부 국군의무사령부,물품(내자),의료장비,False,186.0,False,낙찰자선정,등록공고,N,N
20250909,25년 의무장비(안저카메라 고급형) 구매,2025,국방부 국군의무사령부,물품(내자),의료장비,False,129.0,False,낙찰자선정,등록공고,N,N
20250910,25년 의무장비(내시경 관절용) 구매,2025,국방부 국군의무사령부,물품(내자),의료장비,False,,False,낙찰자선정,등록공고,N,N
20250911,의무장비(플라즈마 멸균기),2025,국군대전병원,물품(내자),의료장비,False,168.0,False,낙찰자선정,등록공고,N,N
20250910,2025년 육해공군해병대 위장포 제조,2025,공군군수사령부,물품(내자),스포츠·레저,False,25.0,False,낙찰자선정,등록공고,Y,Y
20250910,25년 육군 머시닝센터(대형) 구매,2025,육군군수사령부,물품(내자),산업기계,False,374.0,False,낙찰자선정,등록공고,N,
20250910,육군 전기밥솥 구매,2025,육군군수사령부,물품(내자),가정용품,False,,False,낙찰자선정,등록공고,N,
20250910,2025년 해공군해병대 수통케이스 제조,2025,공군군수사령부,물품(내자),가정용품,False,26.0,False,낙찰자선정,등록공고,Y,Y
20250910,염산올로파타딘점안액 구매,2025,육군군수사령부,물품(내자),기타(51),False,27.0,False,낙찰자선정,등록공고,N,
20251013,2025년 화생방방호사령부 침투보호의 시험세트 구매,2025,국방부 국군화생방방호사령부,물품(내자),실험·측정기기,False,2.0,False,낙찰자선정,등록공고,N,Y
20250910,세프포독심정 100㎎ 등 3종 구매,2025,육군군수사령부,물품(내자),기타(51),False,14.0,False,낙찰자선정,등록공고,N,
20250910,25년 의무장비(마취기 병원용) 구매,2025,국방부 국군의무사령부,물품(내자),의료장비,False,569.0,False,낙찰자선정,등록공고,N,N
20250918,의무장비(X-선기 수술용 C-ARM),2025,국군대전병원,물품(내자),의료장비,False,158.0,False,낙찰자선정,변경공고,N,N
20250910,25년 의무장비(레이저알곤 안과용) 구매 ,2025,국방부 국군의무사령부,물품(내자),의료장비,False,189.0,False,낙찰자선정,등록공고,N,N
20250910,25년 의무장비(전기소작기 병원용) 구매,2025,국방부 국군의무사령부,물품(내자),의료장비,False,,False,낙찰자선정,등록공고,N,N
20250922,25년 해병대 모포 제조,2025,해병대 군수단,물품(내자),가정용품,False,18.0,False,낙찰자선정,등록공고,Y,
20250915,이동형 디젤발전기(60KW) 제조,2025,해군군수사령부,물품(내자),발전·배전,False,6.0,False,낙찰자선정,등록공고,Y,
20250922,25년 해군 취사모 제조,2025,해군군수사령부,물품(내자),피복·개인용품,False,14.0,False,낙찰자선정,등록공고,Y,
20251013,25년 해병대 정비화 제조,2025,해병대 군수단,물품(내자),국방·치안·보안,False,4.0,False,낙찰자선정,등록공고,Y,
20250917,25년 육군 방사능측계기 구매,2025,육군군수사령부,물품(내자),발전·배전,False,,False,낙찰자선정,등록공고,N,
20251016,해군 소형보트(7.2m) 제조 납품,2025,해군군수사령부,물품(내자),차량·수송장비,False,6.0,False,낙찰자선정,등록공고,Y,
20251016,25년 해병 전자동정제분류포장기(약품포장기 자동식) 구매,2025,해군군수사령부,물품(내자),의료장비,False,140.0,False,낙찰자선정,등록공고,N,
20251028,의무장비(소형 이동형 C-ARM),2025,국군대전병원,물품(내자),의료장비,False,111.0,False,낙찰자선정,등록공고,N,N
20251016,의무장비(E/O가스 소독멸균기),2025,국군대전병원,물품(내자),의료장비,False,975.0,False,낙찰자선정,등록공고,N,N
20250917,25년 해군 전시파손항공기수리차 제조,2025,해군군수사령부,물품(내자),차량·수송장비,False,4.0,False,낙찰자선정,등록공고,Y,
20250917,25년 해군 기능성 침낭 2종 제조,2025,해군군수사령부,물품(내자),스포츠·레저,False,32.0,False,낙찰자선정,등록공고,Y,
20250917,25년 해병 9.5톤 트럭트랙터 제조,2025,해군군수사령부,물품(내자),차량·수송장비,True,0.0,True,유찰,등록공고,Y,
20250917,25년 육군 궤도형도저(8톤) 구매,2025,육군군수사령부,물품(내자),건설장비,False,11.0,False,낙찰자선정,재공고,N,
20250918,해군 휴대용 주파수 교란장비 제조구매,2025,해군군수사령부,물품(내자),정보통신,False,11.0,False,낙찰자선정,등록공고,Y,
20250918,해군 VHF 조난통신기 구매,2025,해군군수사령부,물품(내자),국방·치안·보안,False,972.0,False,낙찰자선정,등록공고,N,
20251016,25년 산소소생기 자동식 구매,2025,육군군수사령부,물품(내자),의료장비,False,,False,낙찰자선정,등록공고,N,
20251016,25년 의무장비(현미경 광학 양안식) 구매,2025,국방부 국군의무사령부,물품(내자),실험·측정기기,False,800.0,False,낙찰자선정,등록공고,N,N
20251017,25년 의무장비(인쇄회로기판 수리장비) 구매,2025,국방부 국군의무사령부,물품(내자),산업기계,False,348.0,False,낙찰자선정,등록공고,N,N
20251017,25년 의무장비(치과유니트 병원용) 구매,2025,국방부 국군의무사령부,물품(내자),의료장비,False,147.0,False,낙찰자선정,등록공고,N,N
20251017,25년 의무장비(수술등 입식) 구매,2025,국방부 국군의무사령부,물품(내자),의료장비,False,795.0,False,낙찰자선정,등록공고,N,N
20251017,25년 의무장비(두부진찰등 이동식) 구매,2025,국방부 국군의무사령부,물품(내자),의료장비,False,681.0,False,낙찰자선정,등록공고,N,N
20251017,육군 세척제(식기세척기용) 2종 구매,2025,육군군수사령부,물품(내자),청소장비,False,8.0,False,낙찰자선정,등록공고,Y,
20250923,"구명구(팔에 끼는형,항공용) 제조",2025,육군군수사령부,물품(내자),국방·치안·보안,False,13.0,False,낙찰자선정,변경공고,Y,
20250923,군사 산악지역 소방방재시스템 제조(우수상용품 시범사용),2025,국방부,물품(내자),기타(99),True,0.0,True,유찰,등록공고,Y,Y
20250924,25년 육군 산악용 굴착기 구매,2025,육군군수사령부,물품(내자),건설장비,False,47.0,False,낙찰자선정,등록공고,N,
20251020,25년 육군 물관 제조,2025,육군군수사령부,물품(내자),운반·포장,True,0.0,True,유찰,변경공고,Y,
20250923,2025년 해군 수온음속측정기 제조,2025,해군군수사령부,물품(내자),실험·측정기기,True,0.0,True,유찰,등록공고,Y,
20250924,해군 측량기구세트 구매,2025,해군군수사령부,물품(내자),실험·측정기기,False,0.0,True,낙찰자선정,등록공고,N,
20251028,의무장비(x선기 병원용 디지털),2025,국군대전병원,물품(내자),의료장비,False,0.0,True,낙찰자선정,등록공고,N,N
20251028,원격진료시스템(군장병용),2025,육군군수사령부,물품(내자),의료장비,False,4.0,False,낙찰자선정,등록공고,N,
20250925,2025년 공군 특수 작전복 제조,2025,공군군수사령부,물품(내자),피복·개인용품,False,26.0,False,낙찰자선정,등록공고,Y,Y
20250924,해군 보조선용 표면레이더 구매,2025,해군군수사령부,물품(내자),국방·치안·보안,False,19.0,False,낙찰자선정,등록공고,N,
20250924,2025년 의무장비(기공용 작업대) 구매,2025,국군수도병원,물품(내자),의료장비,False,581.0,False,낙찰자선정,등록공고,N,N
20251014,2025년 육군 흑복야상 제조,2025,육군군수사령부,물품(내자),피복·개인용품,False,32.0,False,낙찰자선정,등록공고,Y,
20250925,2025년 공군 고기능성 전투복 제조,2025,공군군수사령부,물품(내자),피복·개인용품,False,28.0,False,낙찰자선정,등록공고,Y,Y
20250925,2025년 공군 방한모 제조,2025,공군군수사령부,물품(내자),피복·개인용품,False,0.0,True,낙찰자선정,재공고,Y,Y
20250925,2025년 육군 전투용 탄약 운반장구 제조,2025,육군군수사령부,물품(내자),농업기계,True,0.0,True,유찰,등록공고,Y,Y
20250925,25년 해병 9.5톤 트럭트랙터 제조,2025,해군군수사령부,물품(내자),차량·수송장비,False,2.0,False,낙찰자선정,재공고,Y,
20251016,2025년 의무장비(저온수술기) 구매,2025,국군수도병원,물품(내자),의료장비,False,195.0,False,낙찰자선정,등록공고,N,N
20251016,25년 의무장비(수술등 천정식) 구매,2025,국방부 국군의무사령부,물품(내자),의료장비,False,682.0,False,낙찰자선정,등록공고,N,N
20251016,25년 의무장비(멸균소독기 중형 전기식) 구매,2025,국방부 국군의무사령부,물품(내자),의료장비,True,0.0,True,유찰,등록공고,Y,N
20251016,2025년 의무장비(조직카세트 라벨기) 구매,2025,국군수도병원,물품(내자),산업기계,False,287.0,False,낙찰자선정,등록공고,N,N
20250926,25년 국방부 UTV다목적운반차(우수상용품) 제조,2025,국방부,물품(내자),차량·수송장비,True,0.0,True,유찰,등록공고,Y,Y
20250926,25년 국군대전병원 무선랜 도입사업,2025,국군대전병원,물품(내자),정보통신,False,168.0,False,낙찰자선정,등록공고,N,Y
20251013,화생방정찰 다족형 이동로봇 구매,2025,국방부 국군화생방방호사령부,물품(내자),서비스산업장비,True,0.0,True,유찰,등록공고,N,Y
20251014,2025년 육군해병대 작전조끼(대테러) 제조,2025,해병대 군수단,물품(내자),피복·개인용품,False,35.0,False,낙찰자선정,등록공고,Y,Y
20251014,2025년 해병대 음수장치(물백) 제조,2025,해병대 군수단,물품(내자),피복·개인용품,False,30.0,False,낙찰자선정,등록공고,Y,Y
20251014,2025년 육군 산악침투복 제조,2025,육군군수사령부,물품(내자),피복·개인용품,False,34.0,False,낙찰자선정,등록공고,Y,
20251014,2025년 육군 함상방한복 제조,2025,육군군수사령부,물품(내자),피복·개인용품,False,12.0,False,낙찰자선정,등록공고,Y,
20251016,25년 의무장비(소독기저온멸균형중형EOgas) 구매,2025,국방부 국군의무사령부,물품(내자),의료장비,False,882.0,False,낙찰자선정,등록공고,N,N
20251015,군사 산악지역 소방방재시스템 제조(우수상용품 시범사용),2025,국방부,물품(내자),기타(99),True,0.0,True,유찰,등록공고,Y,Y
20251015,2025년 육군 벌크컨테이너백 제조,2025,육군군수사령부,물품(내자),운반·포장,False,0.0,True,낙찰자선정,등록공고,Y,Y
20251016,해군 소형보트(8m) 제조 납품,2025,해군군수사령부,물품(내자),차량·수송장비,False,3.0,False,낙찰자선정,등록공고,Y,
20251016,25년 의무장비(심전도계 병원용) 구매,2025,국방부 국군의무사령부,물품(내자),의료장비,False,,False,낙찰자선정,등록공고,N,N
20251016,25년 의무장비(환자체온보온기 자동식(공기식)) 구매,2025,국방부 국군의무사령부,물품(내자),의료장비,False,284.0,False,낙찰자선정,등록공고,N,N
20251016,25년 의무장비(수욕기 일반용 사지용) 구매,2025,국방부 국군의무사령부,물품(내자),의료장비,False,553.0,False,낙찰자선정,등록공고,N,N
20251016,2025년 의무장비(흉골절단기) 구매,2025,국군수도병원,물품(내자),의료장비,False,745.0,False,낙찰자선정,등록공고,N,N
20251016,2025년 육군 냉동고 조달,2025,육군군수사령부,물품(내자),운반·포장,False,433.0,False,낙찰자선정,등록공고,N,
20251016,25년 국방부 UTV다목적운반차(우수상용품) 제조,2025,국방부,물품(내자),차량·수송장비,True,0.0,True,유찰,재공고,Y,Y
20251017,25년 의무장비(지혈대 자동식) 구매,2025,국방부 국군의무사령부,물품(내자),의료장비,False,963.0,False,낙찰자선정,등록공고,N,N
20251017,25년 의무장비(청력계자동식 병원용) 구매,2025,국방부 국군의무사령부,물품(내자),의료장비,False,332.0,False,낙찰자선정,등록공고,N,N
20251017,25년 의무장비(미세수술드릴 신경외과용) 구매,2025,국방부 국군의무사령부,물품(내자),의료장비,False,,False,낙찰자선정,등록공고,N,N
20251017,25년 의무장비(수액조절기 일반용 3ch) 구매,2025,국방부 국군의무사령부,물품(내자),의료장비,False,303.0,False,낙찰자선정,등록공고,N,N
20251017,25년 의무장비(전기소작기 미세수술용) 구매,2025,국방부 국군의무사령부,물품(내자),의료장비,False,877.0,False,낙찰자선정,등록공고,N,N
20251017,25년 의무장비(자동흉부압박기) 구매,2025,국방부 국군의무사령부,물품(내자),의료장비,False,890.0,False,낙찰자선정,등록공고,N,N
20251017,25년 의무장비(전기소작기 내시경용) 구매,2025,국방부 국군의무사령부,물품(내자),의료장비,False,220.0,False,낙찰자선정,등록공고,N,N
20251017,25년 의무장비(체외충격파치료기) 구매,2025,국방부 국군의무사령부,물품(내자),의료장비,False,127.0,False,낙찰자선정,등록공고,N,N
20251017,해군  MF/HF 조난통신기 구매,2025,해군군수사령부,물품(내자),국방·치안·보안,False,301.0,False,낙찰자선정,등록공고,N,
20251017,2025년 육군 전투용 탄약 운반장구 제조,2025,육군군수사령부,물품(내자),농업기계,False,2.0,False,낙찰자선정,재공고,Y,Y
20251020,25년 의무장비(X선기 전치아동시촬영용디지털) 구매 ,2025,국방부 국군의무사령부,물품(내자),의료장비,False,3.0,False,낙찰자선정,등록공고,N,N
20251017,육군 세제(오븐기용) 구매,2025,육군군수사령부,물품(내자),청소장비,False,13.0,False,낙찰자선정,등록공고,Y,
20251020,2025년 해군 UDT 방한복 제조,2025,해군군수사령부,물품(내자),피복·개인용품,False,0.0,True,낙찰자선정,등록공고,Y,
20251022,2025년 해군 출입통제시스템 조달,2025,해군군수사령부,물품(내자),국방·치안·보안,False,73.0,False,낙찰자선정,등록공고,Y,
20251028,00부대(양구) 모듈러 간부숙소 제작 설치,2025,육군 제21보병사단,물품(내자),건축자재,False,4.0,False,낙찰자선정,등록공고,Y,Y
20251028,"(25-C-21) 00부대(고성) 모듈러 간부숙소 신축 모듈러 제작, 설치",2025,제22보병사단,물품(내자),건축자재,False,4.0,False,낙찰자선정,등록공고,Y,Y
20251021,25년 해군 견인용도저 구매,2025,해군군수사령부,물품(내자),건설장비,False,0.0,True,낙찰자선정,등록공고,N,
20251022,25년 의무장비(자동혈구계산기 중형) 구매,2025,국방부 국군의무사령부,물품(내자),의료장비,False,832.0,False,낙찰자선정,등록공고,N,N
20251022,25년 의무장비(혈액응고측정기) 구매,2025,국방부 국군의무사령부,물품(내자),의료장비,False,,False,낙찰자선정,등록공고,N,N
20251022,25년 의무장비(사체냉동기 2구용 일반용) 구매,2025,국방부 국군의무사령부,물품(내자),의료장비,False,,False,낙찰자선정,등록공고,N,N
20251103,25년 해군 60톤 유압기중기 제조,2025,해군군수사령부,물품(내자),운반·포장,True,0.0,True,유찰,등록공고,Y,
20251024,2025년 화생방방호사령부 가스분석기 조달,2025,국방부 국군화생방방호사령부,물품(내자),실험·측정기기,False,342.0,False,낙찰자선정,등록공고,N,N
20251027,2025년 해군 수온음속측정기 제조,2025,해군군수사령부,물품(내자),실험·측정기기,True,0.0,True,유찰,등록공고,Y,
20251029,25년 의무장비(멸균소독기 중형 전기식) 구매,2025,국방부 국군의무사령부,물품(내자),의료장비,False,2.0,False,낙찰자선정,등록공고,Y,N
20251028,25년 국방부 UTV다목적운반차(우수상용품) 제조,2025,국방부,물품(내자),차량·수송장비,True,0.0,True,유찰,재공고,Y,Y
20251029,2025년 레이어링 기능성방한복 제조(해군),2025,해군군수사령부,물품(내자),피복·개인용품,False,18.0,False,낙찰자선정,등록공고,Y,
20251029,25년 의무장비(시약및약품냉장고 소형) 구매,2025,국방부 국군의무사령부,물품(내자),의료장비,True,0.0,True,유찰,등록공고,Y,N
20251029,해군 대형함용측심기 구매,2025,해군군수사령부,물품(내자),실험·측정기기,False,366.0,False,낙찰자선정,등록공고,N,
20251029,2025년 레이어링 기능성방한복 제조(공군 1차),2025,공군군수사령부,물품(내자),피복·개인용품,False,18.0,False,낙찰자선정,등록공고,Y,
20251029,2025년 레이어링 기능성방한복 제조(공군 2차),2025,공군군수사령부,물품(내자),피복·개인용품,False,19.0,False,낙찰자선정,등록공고,Y,
20251029,2025년 레이어링 기능성방한복 제조(해병),2025,해병대 군수단,물품(내자),피복·개인용품,False,18.0,False,낙찰자선정,등록공고,Y,
20251029,"2025년 레이어링 기능성 전투우의 제조(공군, 해군, 해병)",2025,공군군수사령부,물품(내자),국방·치안·보안,False,0.0,True,낙찰자선정,등록공고,Y,
20251030,25년 육군 고속버스 제조,2025,육군군수사령부,물품(내자),차량·수송장비,False,2.0,False,낙찰자선정,등록공고,Y,
20251030,해군 측량기구세트 구매,2025,해군군수사령부,물품(내자),실험·측정기기,False,0.0,True,낙찰자선정,재공고,N,
20251030,2025년 육군 벌크컨테이너백 제조,2025,육군군수사령부,물품(내자),운반·포장,False,9.0,False,낙찰자선정,등록공고,Y,Y
20251031,25년 육군 물관 제조,2025,육군군수사령부,물품(내자),운반·포장,True,0.0,True,유찰,재공고,Y,Y
20251103,25년 육군 이동검진차량 제조,2025,육군군수사령부,물품(내자),차량·수송장비,False,2.0,False,낙찰자선정,등록공고,Y,
20251103,25년 해군 유압식잭 30톤 구매,2025,해군군수사령부,물품(내자),운반·포장,False,,False,낙찰자선정,등록공고,N,
20251103,25년 해군 유압식잭 45톤 구매,2025,해군군수사령부,물품(내자),운반·포장,False,,False,낙찰자선정,등록공고,N,
20251110,31사단 모듈러 간부숙소(고흥) 제작 설치,2025,제31보병사단,물품(내자),건축자재,False,7.0,False,낙찰자선정,등록공고,Y,Y
20251105,25년 해군 제설전문차량 구매,2025,해군군수사령부,물품(내자),차량·수송장비,False,0.0,True,낙찰자선정,등록공고,N,
20251110,31사단 모듈러 간부숙소(무안) 제작 설치,2025,제31보병사단,물품(내자),건축자재,False,5.0,False,낙찰자선정,등록공고,Y,Y
20251110,31사단 모듈러 간부숙소(완도) 제작 설치,2025,제31보병사단,물품(내자),건축자재,False,5.0,False,낙찰자선정,등록공고,Y,Y
20251110,"2025년 레이어링 방상내피 제조(공군, 해군, 해병)",2025,공군군수사령부,물품(내자),피복·개인용품,False,18.0,False,낙찰자선정,등록공고,Y,
20251110,2025년 레이어링 방상외피 제조(공군),2025,공군군수사령부,물품(내자),피복·개인용품,False,20.0,False,낙찰자선정,등록공고,Y,
20251104,자동혈구계산기 구매,2025,육군군수사령부,물품(내자),의료장비,False,989.0,False,낙찰자선정,등록공고,N,
20251104,디젤발전기 3종 제조,2025,해군군수사령부,물품(내자),발전·배전,False,10.0,False,낙찰자선정,등록공고,Y,
20251110,2025년 레이어링 방상외피 제조(해병),2025,해병대 군수단,물품(내자),피복·개인용품,False,21.0,False,낙찰자선정,등록공고,Y,
20251110,2025년 레이어링 방상외피 제조(해군),2025,해군군수사령부,물품(내자),피복·개인용품,False,21.0,False,낙찰자선정,등록공고,Y,
20251104,생화학분석기 구매,2025,육군군수사령부,물품(내자),의료장비,False,920.0,False,낙찰자선정,등록공고,N,
20251104,2025년 육군 미생물자동동정기 조달,2025,육군군수사령부,물품(내자),실험·측정기기,False,558.0,False,낙찰자선정,등록공고,N,
20251104,2025년 육군 세균검출장비세트 조달,2025,육군군수사령부,물품(내자),실험·측정기기,False,277.0,False,낙찰자선정,등록공고,N,
20251104,2025년 육군 액체크로마토그래피 질량분석기 조달,2025,육군군수사령부,물품(내자),실험·측정기기,False,,False,낙찰자선정,등록공고,N,
20251106,00부대(여주) 모듈러 간부숙소 제작·설치 구매,2025,제55보병사단,물품(내자),건축자재,False,7.0,False,낙찰자선정,등록공고,Y,Y
20251105,25년 해병 전동카트 제조,2025,해군군수사령부,물품(내자),차량·수송장비,True,0.0,True,유찰,등록공고,Y,
20251110,25년 의무장비(시약및약품냉장고 소형) 구매,2025,국방부 국군의무사령부,물품(내자),의료장비,True,0.0,True,유찰,재공고,Y,N
20251112,25년 국방부 UTV다목적운반차(우수상용품) 제조,2025,국방부,물품(내자),차량·수송장비,True,0.0,True,유찰,재공고,Y,Y
20251112,25년 해군 견인용도저 구매,2025,해군군수사령부,물품(내자),건설장비,False,39.0,False,낙찰자선정,재공고,N,
20251112,의무장비(x선기 병원용 디지털),2025,국군대전병원,물품(내자),의료장비,True,0.0,True,유찰,재공고,N,N
20251112,해군 측량기구세트 구매,2025,해군군수사령부,물품(내자),실험·측정기기,False,325.0,False,낙찰자선정,등록공고,N,
20251113,25년 해군 60톤 유압기중기 제조,2025,해군군수사령부,물품(내자),운반·포장,True,0.0,True,유찰,재공고,Y,
20251113,25년 해병 전동카트 제조,2025,해군군수사령부,물품(내자),차량·수송장비,False,2.0,False,낙찰자선정,재공고,Y,
20251114,25년 해군 궤도형굴착기(대형) 제조,2025,해군군수사령부,물품(내자),건설장비,True,0.0,True,유찰,등록공고,Y,Y
20251118,25년 해군 항공기휠 가열기 구매,2025,해군군수사령부,물품(내자),실험·측정기기,False,,False,낙찰자선정,등록공고,N,
20251114,해병대 공병지원용 드론 구매,2025,해군군수사령부,물품(내자),차량·수송장비,False,5.0,False,낙찰자선정,등록공고,Y,
20251121,장병급식 전자조달체계 구축사업 가상화SW 도입,2025,국방부 국방전산정보원,물품(내자),정보통신,False,78.0,False,낙찰자선정,등록공고,N,Y
20251117,2025년 해군 문서보관함 조달,2025,해군군수사령부,물품(내자),국방·치안·보안,False,0.0,True,낙찰자선정,등록공고,N,
20251117,25년 해병 대형버스 제조,2025,해군군수사령부,물품(내자),차량·수송장비,True,0.0,True,유찰,등록공고,Y,
20251118,25년 해군 차륜형 굴착기 제조,2025,해군군수사령부,물품(내자),건설장비,True,0.0,True,유찰,등록공고,Y,
20251117,2025년 해군 UDT 방한복 제조,2025,해군군수사령부,물품(내자),피복·개인용품,False,25.0,False,낙찰자선정,재공고,Y,Y
20251120,스마트 심폐소생술 시뮬레이터 세트 구매,2025,육군군수사령부,물품(내자),악기·교재,False,,False,낙찰자선정,등록공고,N,
20251119,수중라이트 제조,2025,해군군수사령부,물품(내자),전기·조명,True,0.0,True,유찰,등록공고,Y,
20251126,25년 육군 착암용시추기 제조,2025,육군군수사령부,물품(내자),채광·건설기계,True,0.0,True,유찰,등록공고,Y,
20251119,25년 해군 제설전문차량 구매,2025,해군군수사령부,물품(내자),차량·수송장비,False,0.0,True,낙찰자선정,재공고,N,
20251120,25년 해군 궤도형굴착기(대형) 제조,2025,해군군수사령부,물품(내자),건설장비,True,0.0,True,유찰,재공고,Y,Y
20251121,장병급식 전자조달체계 구축사업 DBMS 증설 및 이중화 도입,2025,국방부 국방전산정보원,물품(내자),정보통신,False,89.0,False,낙찰자선정,등록공고,N,Y
20251124,"2025년 레이어링 기능성 전투우의 제조(공군, 해군, 해병)",2025,공군군수사령부,물품(내자),국방·치안·보안,False,16.0,False,낙찰자선정,재공고,Y,Y
20251125,2025년 특전사 모표 제조,2025,육군군수사령부,물품(내자),피복·개인용품,False,20.0,False,낙찰자선정,등록공고,Y,
20251126,25년 해병 대형버스 제조,2025,해군군수사령부,물품(내자),차량·수송장비,True,0.0,True,유찰,재공고,Y,
20251126,25년 해군 차륜형 굴착기 제조,2025,해군군수사령부,물품(내자),건설장비,True,0.0,True,유찰,재공고,Y,
20251126,해상방송시스템 제조구매,2025,해군군수사령부,물품(내자),인쇄·영상,False,44.0,False,낙찰자선정,등록공고,Y,
20251128,수중라이트 제조,2025,해군군수사령부,물품(내자),전기·조명,False,5.0,False,낙찰자선정,재공고,Y,
20251201,장병급식전자조달체계구축사업 GPU 도입,2025,국방부 국방전산정보원,물품(내자),정보통신,False,100.0,False,낙찰자선정,등록공고,N,
20251202,무인감시카메라(ER-WATCHER) 구매,2025,해군군수사령부,물품(내자),국방·치안·보안,False,203.0,False,낙찰자선정,등록공고,Y,
20251203,25년 해군 제설전문차량 구매,2025,해군군수사령부,물품(내자),차량·수송장비,False,10.0,False,낙찰자선정,재공고,N,
20251203,하네스 2종 구매,2025,제2 신속대응사단,물품(내자),국방·치안·보안,False,444.0,False,낙찰자선정,등록공고,N,N
20251205,기동형 고성능영상감시장비 구매,2025,해군군수사령부,물품(내자),국방·치안·보안,False,2.0,False,낙찰자선정,등록공고,Y,Y
20251204,25년 육군 착암용시추기 제조,2025,육군군수사령부,물품(내자),채광·건설기계,True,0.0,True,유찰,재공고,Y,
20251208,25년 육군 소방펌프차 제조,2025,육군군수사령부,물품(내자),차량·수송장비,False,3.0,False,낙찰자선정,등록공고,Y,Y
20250107,25~26년 JFOS-K 통합 유지보수 용역,2025,국방부 국군지휘통신사령부,일반용역,엔지니어링·연구,False,1.0,False,낙찰자선정,등록공고,N,N
20250110,2025년 KFN 위문열차 공연 음향장비 설치,2025,국방부 국방홍보원,일반용역,경영·행정서비스,False,1.0,False,낙찰자선정,재공고,N,
20250203,2025년 KFN 위문열차 공연 진행/분장/의자설치 등,2025,국방부 국방홍보원,일반용역,경영·행정서비스,False,1.0,False,낙찰자선정,재공고,N,Y
20250218,국방데이터 관리·활용 통합지원 사업,2025,국방부,일반용역,경영·행정서비스,False,1.0,False,낙찰자선정,등록공고,N,N
20250218,25년 예비군 안보교육 전문강사 교육단체 선정,2025,국방부,일반용역,경영·행정서비스,False,1.0,False,낙찰자선정,재공고,N,
20250226,25-26-M-암호장비 유지보수 용역,2025,해병 제9691부대,일반용역,엔지니어링·연구,False,1.0,False,낙찰자선정,재공고,N,
20250304,25년 국방정보화표준 현행화 사업 계약,2025,합동상호운용성기술센터,일반용역,경영·행정서비스,False,1.0,False,낙찰자선정,등록공고,N,N
20250325,2025년 국방 전파업무 지원 용역사업,2025,국방부,일반용역,경영·행정서비스,False,1.0,False,낙찰자선정,등록공고,N,N
20250326,유무인복합체계 국방정보화표준 연구사업,2025,합동상호운용성기술센터,일반용역,경영·행정서비스,False,1.0,False,낙찰자선정,등록공고,N,N
20250402,25년 e-MU 학위취득 지원체계 유지보수사업,2025,국방부,일반용역,엔지니어링·연구,False,1.0,False,낙찰자선정,재공고,N,
20250408,25년도 군수경영혁신사업 용역,2025,국방부,일반용역,경영·행정서비스,False,1.0,False,낙찰자선정,재공고,N,Y
20250415,25년 한국군 전장관리정보체계 표준 정보교환모델 정립 사업,2025,합동상호운용성기술센터,일반용역,경영·행정서비스,False,1.0,False,낙찰자선정,등록공고,N,N
20250416,다출처영상융합체계 유지보수 용역,2025,국군제9965부대,일반용역,엔지니어링·연구,False,1.0,False,낙찰자선정,등록공고,N,N
20250507,25년도 제21회 국방일보 전우마라톤 대회 운영 대행사 선정,2025,국방부 국방홍보원,일반용역,경영·행정서비스,False,1.0,False,낙찰자선정,재공고,N,Y
20250521,국회업무관리체계 구축사업,2025,국방부 국방전산정보원,일반용역,엔지니어링·연구,False,1.0,False,낙찰자선정,재공고,N,Y
20250527,2025년 군 온라인 문화예술 체험형 강의콘텐츠 임차 및 위탁운영,2025,국방부,일반용역,교육훈련,False,1.0,False,낙찰자선정,재공고,N,N
20250529,2025년 KFN TV 외주제작(서바이벌 전략 전술 시뮬레이션-이것이 전투다) 사업자 선정,2025,국방부 국방홍보원,일반용역,편집·디자인,False,1.0,False,낙찰자선정,재공고,N,Y
20250602,장기군의관 인력양성모형별 편익 분석 및 군병원 발전방안 연구,2025,국방부,일반용역,경영·행정서비스,False,1.0,False,낙찰자선정,재공고,N,Y
20250618,25년~26년 국방 휴대전화 보안통제체계 유지보수 사업,2025,국방부 국방전산정보원,일반용역,엔지니어링·연구,False,1.0,False,낙찰자선정,재공고,N,Y
20250808,26~27년 육군 암호장비 유지보수 용역사업,2025,육군본부 기획관리참모부,일반용역,엔지니어링·연구,False,1.0,False,낙찰자선정,재공고,N,Y
20250807,CBM작전모의모델(Build-I) 체계개발 PMO사업,2025,방위사업청,일반용역,경영·행정서비스,False,1.0,False,낙찰자선정,재공고,N,Y
20250808,국방홍보원 서버실 통합 이전 사업,2025,국방부 국방홍보원,일반용역,엔지니어링·연구,False,1.0,False,낙찰자선정,재공고,N,Y
20250811,25~26년 행정정보통합지원체계 성능개선 사업,2025,국방부 국방전산정보원,일반용역,엔지니어링·연구,False,1.0,False,낙찰자선정,재공고,N,
20250814,25년 국방 IPTV 구축사업,2025,국방부,일반용역,경영·행정서비스,False,1.0,False,낙찰자선정,재공고,N,N
20251021,25~27년 국방건축행정시스템 재구축 사업,2025,국방시설본부,일반용역,엔지니어링·연구,False,1.0,False,낙찰자선정,재공고,N,N
20251117,26.~27. 국방인사정보체계 유지보수 사업,2025,국방부 국방전산정보원,일반용역,엔지니어링·연구,False,1.0,False,낙찰자선정,재공고,N,Y
20251119,2026년 KFN TV 외주제작(요즘 군대) 사업자 선정,2025,국방부 국방홍보원,일반용역,편집·디자인,False,1.0,False,낙찰자선정,재공고,N,Y
20251128,26년 국내개발 무기효과자료 구축 연구사업,2025,국방부 합동참모본부,일반용역,경영·행정서비스,False,1.0,False,낙찰자선정,재공고,N,Y
20251201,26년 합동정보모의모델 유지관리 용역,2025,국방부 합동참모본부,일반용역,엔지니어링·연구,False,1.0,False,낙찰자선정,재공고,N,Y
20251201,26년 C4ISR분석모델 유지관리 용역,2025,국방부 합동참모본부,일반용역,엔지니어링·연구,False,1.0,False,낙찰자선정,재공고,N,Y
20251202,26-27 국방자원관리정보체계 통합유지보수사업,2025,국방부 국방전산정보원,일반용역,엔지니어링·연구,False,0.0,True,낙찰자선정,등록공고,N,N
20251202,26년 민군작전모의모델 유지관리 용역,2025,국방부 합동참모본부,일반용역,엔지니어링·연구,False,1.0,False,낙찰자선정,재공고,N,Y
20251203,26년 대화력전모의모델 유지관리사업,2025,국방부 합동참모본부,일반용역,엔지니어링·연구,False,1.0,False,낙찰자선정,재공고,N,
20251204,26년 합동지속지원모의모델 유지관리 용역,2025,국방부 합동참모본부,일반용역,엔지니어링·연구,False,1.0,False,낙찰자선정,재공고,N,
20251212,26~27년 군정찰위성 EOIR위성체 운용지원 용역,2025,국군제9965부대,일반용역,경영·행정서비스,False,1.0,False,낙찰자선정,등록공고,N,N
20251209,2026년도 국방일보 인쇄 및 배달 용역사업,2025,국방부 국방홍보원,일반용역,편집·디자인,False,1.0,False,낙찰자선정,재공고,N,
20251210,26년 지상무기효과분석모델 유지관리 용역,2025,국방부 합동참모본부,일반용역,엔지니어링·연구,False,0.0,True,낙찰자선정,재공고,N,
20251216,26년 분석기술 용역,2025,국방부 합동참모본부,일반용역,경영·행정서비스,False,1.0,False,낙찰자선정,재공고,N,Y
20251215,26년 합동작전분석모델 2 유지관리 용역사업,2025,국방부 합동참모본부,일반용역,엔지니어링·연구,False,1.0,False,낙찰자선정,재공고,N,Y
20251216,2026년 국방홍보원 홈페이지(모바일 포함) 통합운영유지 및 개선사업,2025,국방부 국방홍보원,일반용역,엔지니어링·연구,False,1.0,False,낙찰자선정,재공고,N,Y
20251216,2026년 귀환포로 정착지원사업,2025,국방부,일반용역,경영·행정서비스,False,1.0,False,낙찰자선정,재공고,N,
20251218,KFN TV SO분배망 서비스 ,2025,국방부 국방홍보원,일반용역,경영·행정서비스,False,1.0,False,낙찰자선정,재공고,N,Y
20251218,26년 연합연습정보체계(CEIS-K) 정비용역사업,2025,국방부 합동참모본부,일반용역,엔지니어링·연구,False,1.0,False,낙찰자선정,재공고,N,Y
20251219,26년~27년 공군암호장비 유지보수용역계약,2025,공군제7항공통신전대,일반용역,엔지니어링·연구,False,1.0,False,낙찰자선정,재공고,N,
20251219,26년 정보화교육 위탁사업,2025,국방부 국방전산정보원,일반용역,교육훈련,False,1.0,False,낙찰자선정,재공고,N,
20251223,2026년 국방일보 조판시스템 유지보수 사업,2025,국방부 국방홍보원,일반용역,엔지니어링·연구,False,1.0,False,낙찰자선정,재공고,N,
20251224,2026년 KFN TV NPS 제작시스템 정기유지관리 사업,2025,국방부 국방홍보원,일반용역,엔지니어링·연구,False,1.0,False,낙찰자선정,재공고,N,
20250114,25-26-M-암호장비 유지보수 용역,2025,해병 제9691부대,일반용역,엔지니어링·연구,True,0.0,True,유찰,등록공고,N,Y
20250116,25년 예비군 안보교육 전문강사 교육단체 선정,2025,국방부,일반용역,경영·행정서비스,True,0.0,True,유찰,등록공고,N,Y
20250121,2025년 국방부 온라인 종합홍보용역,2025,국방부,일반용역,경영·행정서비스,False,7.0,False,낙찰자선정,등록공고,N,Y
20250120,전군 감염병 감시지원체계 구축 감리사업 및 개인정보 영향평가,2025,국방부 국군의무사령부,일반용역,경영·행정서비스,False,3.0,False,낙찰자선정,등록공고,N,Y
20250210,방산수출 다변화를 위한 25년 국내·외 행사 용역,2025,국방부,일반용역,경영·행정서비스,False,2.0,False,낙찰자선정,등록공고,N,Y
20250203,2025년 6.25전사자 유해발굴사업 통합홍보용역,2025,국방부 국방부유해발굴감식단,일반용역,경영·행정서비스,False,3.0,False,낙찰자선정,등록공고,N,Y
20250211,2025년 B그룹 안보전문강사 초빙교육,2025,국방부,일반용역,교육훈련,False,6.0,False,낙찰자선정,등록공고,N,Y
20250211,2025년 C그룹 안보전문강사 초빙교육,2025,국방부,일반용역,교육훈련,False,6.0,False,낙찰자선정,등록공고,N,Y
20250211,2025년 B그룹 북한이탈주민 초빙교육,2025,국방부,일반용역,교육훈련,False,8.0,False,낙찰자선정,등록공고,N,Y
20250211,2025년 C그룹 북한이탈주민 초빙교육,2025,국방부,일반용역,교육훈련,False,8.0,False,낙찰자선정,등록공고,N,Y
20250211,2025년 A그룹 안보전문강사 초빙교육,2025,국방부,일반용역,교육훈련,False,5.0,False,낙찰자선정,등록공고,N,Y
20250212,2025년 군 온라인 문화예술 체험형 강의콘텐츠 임차 및 위탁운영,2025,국방부,일반용역,교육훈련,True,0.0,True,유찰,등록공고,N,N
20250214,2025년 A그룹 북한이탈주민 초빙교육,2025,국방부,일반용역,교육훈련,False,8.0,False,낙찰자선정,등록공고,N,Y
20250219,25년~26년 국방 휴대전화 보안통제체계 유지보수 사업,2025,국방부 국방전산정보원,일반용역,엔지니어링·연구,True,0.0,True,유찰,재공고,N,Y
20250225,국방홍보원 그날 군대이야기  용역 사업,2025,국방부 국방홍보원,일반용역,편집·디자인,False,4.0,False,낙찰자선정,등록공고,N,Y
20250226,2025년 장애인 예술단체 부대 방문공연,2025,국방부,일반용역,경영·행정서비스,False,3.0,False,낙찰자선정,등록공고,N,N
20250305,2025년 4그룹 병 집중인성교육 위탁 운영,2025,국방부,일반용역,교육훈련,False,21.0,False,낙찰자선정,등록공고,N,Y
20250305,2025년 5그룹 병 집중인성교육 위탁 운영,2025,국방부,일반용역,교육훈련,False,21.0,False,낙찰자선정,등록공고,N,Y
20250305,2025년 1그룹 병 집중인성교육 위탁 운영,2025,국방부,일반용역,교육훈련,False,21.0,False,낙찰자선정,등록공고,N,Y
20250304,25년도 군수경영혁신사업 용역,2025,국방부,일반용역,경영·행정서비스,True,0.0,True,유찰,등록공고,N,Y
20250305,2025년 3그룹 병 집중인성교육 위탁 운영,2025,국방부,일반용역,교육훈련,False,20.0,False,낙찰자선정,등록공고,N,Y
20250305,2025년 2그룹 병 집중인성교육 위탁 운영,2025,국방부,일반용역,교육훈련,False,22.0,False,낙찰자선정,등록공고,N,Y
20250312,25년 e-MU 학위취득 지원체계 유지보수사업,2025,국방부,일반용역,엔지니어링·연구,True,0.0,True,유찰,등록공고,N,Y
20250312,25년 국방정보시스템 기반운영환경 노후교체 및 도입 사업,2025,국방통합데이터센터,일반용역,엔지니어링·연구,False,2.0,False,낙찰자선정,등록공고,N,Y
20250313,25~26년 자원체계 통합 유지보수 용역,2025,국방부 국군지휘통신사령부,일반용역,엔지니어링·연구,False,3.0,False,낙찰자선정,등록공고,N,Y
20250314,25년 교육정보통합시스템 유지보수,2025,국군간호사관학교,일반용역,엔지니어링·연구,False,2.0,False,낙찰자선정,등록공고,N,Y
20250318,25년 정보보안 수준강화 컨설팅,2025,국방부,일반용역,경영·행정서비스,False,3.0,False,낙찰자선정,등록공고,N,N
20250321,특수 Virtual 전술훈련체계 감리,2025,국군제9965부대,일반용역,경영·행정서비스,False,2.0,False,낙찰자선정,등록공고,N,Y
20250324,차세대 국방시설통합정보체계 구축사업 통합PMO,2025,국방부 국방전산정보원,일반용역,경영·행정서비스,False,3.0,False,낙찰자선정,등록공고,N,Y
20250321,2025년 비전자기록물 디지털화 및 기록물 이관/정리 사업,2025,방위사업청,일반용역,엔지니어링·연구,True,0.0,True,유찰,등록공고,N,Y
20250403,국방재정정보체계 국가결산 개편 고도화 ISP 수립,2025,국방부,일반용역,경영·행정서비스,False,3.0,False,낙찰자선정,등록공고,N,Y
20250331,25년도 제21회 국방일보 전우마라톤 대회 운영 대행사 선정,2025,국방부 국방홍보원,일반용역,경영·행정서비스,True,0.0,True,유찰,등록공고,N,Y
20250326,2025년 군 온라인 문화예술 체험형 강의콘텐츠 임차 및 위탁운영,2025,국방부,일반용역,교육훈련,True,0.0,True,유찰,재공고,N,N
20250327,2025 서울안보대화(SDD) 행사용역,2025,국방부,일반용역,경영·행정서비스,False,3.0,False,낙찰자선정,등록공고,N,Y
20250415,국회업무관리체계 구축사업,2025,국방부 국방전산정보원,일반용역,엔지니어링·연구,True,0.0,True,유찰,등록공고,N,Y
20250408,25년 친선 국방사절단 방한 행사 용역,2025,국방부,일반용역,여행·숙박,False,3.0,False,낙찰자선정,등록공고,N,Y
20250404,"군인연금, 전군감염병, 건축행정시스템 기반운영환경 구축사업",2025,국방통합데이터센터,일반용역,엔지니어링·연구,True,0.0,True,유찰,등록공고,N,Y
20250404,2025년 KFN TV 외주제작(천하무적 체력왕) 사업자 선정,2025,국방부 국방홍보원,일반용역,편집·디자인,True,0.0,True,유찰,등록공고,N,Y
20250411,2025년 비전자기록물 디지털화 및 기록물 이관/정리 사업,2025,방위사업청,일반용역,엔지니어링·연구,False,3.0,False,낙찰자선정,재공고,N,Y
20250415,국방데이터가시화체계 고도화 ISP 수립 사업,2025,국방부,일반용역,경영·행정서비스,False,4.0,False,낙찰자선정,등록공고,N,Y
20250425,국방부 공무직근로자 인사관리체계 구축 ISP,2025,국방부,일반용역,경영·행정서비스,False,6.0,False,낙찰자선정,등록공고,N,Y
20250428,25년 국방 지능정보화 컨퍼런스 행사용역,2025,국방부,일반용역,경영·행정서비스,False,4.0,False,낙찰자선정,등록공고,N,Y
20250423,장기군의관 인력양성모형별 편익 분석 및 군병원 발전방안 연구,2025,국방부,일반용역,경영·행정서비스,True,0.0,True,유찰,등록공고,N,Y
20250430,25년~26년 국방 휴대전화 보안통제체계 유지보수 사업,2025,국방부 국방전산정보원,일반용역,엔지니어링·연구,True,0.0,True,유찰,등록공고,N,Y
20250507,2025년 KFN TV 외주제작(서바이벌 전략 전술 시뮬레이션-이것이 전투다) 사업자 선정,2025,국방부 국방홍보원,일반용역,편집·디자인,True,0.0,True,유찰,등록공고,N,Y
20250429,2026년 성인지 원격교육 콘텐츠 개발,2025,국방부,일반용역,교육훈련,False,5.0,False,낙찰자선정,등록공고,N,Y
20250509,"군인연금, 전군감염병, 건축행정시스템 기반운영환경 구축사업",2025,국방통합데이터센터,일반용역,엔지니어링·연구,False,2.0,False,낙찰자선정,재공고,N,
20250514,[육군]전시지속지원체계구축 PMO사업,2025,육군본부 기획관리참모부,일반용역,경영·행정서비스,False,2.0,False,낙찰자선정,등록공고,N,Y
20250515,26~27년 육군 암호장비 유지보수 용역사업,2025,육군본부 기획관리참모부,일반용역,엔지니어링·연구,True,0.0,True,유찰,등록공고,N,Y
20250522,국방동원정보체계 고도화 ISP,2025,국방부,일반용역,경영·행정서비스,False,7.0,False,낙찰자선정,등록공고,N,N
20250528,방산메일시스템 2단계 구축사업 감리용역,2025,방위사업청,일반용역,경영·행정서비스,False,2.0,False,낙찰자선정,등록공고,N,Y
20250602,[육군]전시지속지원체계 구축사업,2025,육군본부 기획관리참모부,일반용역,엔지니어링·연구,False,2.0,False,낙찰자선정,변경공고,N,Y
20250610,25년 국방부 공드럼 정비 3지역 조달 의뢰,2025,육군군수사령부,일반용역,산업생산서비스,False,5.0,False,낙찰자선정,등록공고,N,N
20250602,25년 국방부 공드럼 정비 4지역 조달 의뢰,2025,육군군수사령부,일반용역,산업생산서비스,False,3.0,False,낙찰자선정,등록공고,N,N
20250605,25년 국방부 공드럼 정비 1지역 조달 의뢰,2025,육군군수사령부,일반용역,산업생산서비스,False,4.0,False,낙찰자선정,등록공고,N,N
20250619,PC운영체제 전환(윈도우11) 용역사업 ,2025,방위사업청,일반용역,엔지니어링·연구,False,40.0,False,낙찰자선정,등록공고,N,N
20250610,25년 국방 IPTV 구축사업,2025,국방부,일반용역,경영·행정서비스,True,0.0,True,유찰,등록공고,N,N
20250611,25년 국방부 공드럼 정비 2지역 조달 의뢰,2025,육군군수사령부,일반용역,산업생산서비스,True,4.0,False,유찰,등록공고,N,N
20250617,국방전자조달시스템 고도화 PMO용역,2025,방위사업청,일반용역,경영·행정서비스,False,4.0,False,낙찰자선정,등록공고,N,Y
20250619,25-26 정보화장비 통합유지보수 용역,2025,국방부 국군조직 드론작전사령부,일반용역,엔지니어링·연구,False,2.0,False,낙찰자선정,등록공고,N,Y
20250623,26~27년 육군 암호장비 유지보수 용역사업,2025,육군본부 기획관리참모부,일반용역,엔지니어링·연구,True,0.0,True,유찰,재공고,N,Y
20250623,25년 국방부 공드럼 정비 2지역 조달 의뢰,2025,육군군수사령부,일반용역,산업생산서비스,False,4.0,False,낙찰자선정,재공고,N,N
20250708,25~26년 행정정보통합지원체계 성능개선 사업,2025,국방부 국방전산정보원,일반용역,엔지니어링·연구,True,0.0,True,유찰,등록공고,N,Y
20250703,[육군]전시지속지원체계구축 감리용역 사업,2025,육군본부 기획관리참모부,일반용역,경영·행정서비스,True,0.0,True,유찰,등록공고,N,Y
20250704,25~27년 상용정보통신장비 통합유지보수 사업(1지역),2025,육군본부 정보체계관리단,일반용역,엔지니어링·연구,False,10.0,False,낙찰자선정,등록공고,N,Y
20250703,25~27년 상용정보통신장비 통합유지보수 사업(2지역),2025,육군본부 정보체계관리단,일반용역,엔지니어링·연구,False,4.0,False,낙찰자선정,등록공고,N,Y
20250704,25~27년 상용정보통신장비 통합유지보수 사업(3지역),2025,육군본부 정보체계관리단,일반용역,엔지니어링·연구,False,6.0,False,낙찰자선정,등록공고,N,Y
20250705,지능형 탄약관리체계 구축 PMO,2025,육군탄약지원사령부,일반용역,경영·행정서비스,False,3.0,False,낙찰자선정,등록공고,N,Y
20250711,2025년도 KFN 뉴스 생방송 제작 중계차 임차 용역,2025,국방부 국방홍보원,일반용역,경영·행정서비스,False,3.0,False,낙찰자선정,등록공고,N,Y
20250710,국방홍보원 서버실 통합 이전 사업,2025,국방부 국방홍보원,일반용역,엔지니어링·연구,True,0.0,True,유찰,등록공고,N,Y
20250715,CBM작전모의모델(Build-I) 체계개발 PMO사업,2025,방위사업청,일반용역,경영·행정서비스,True,0.0,True,유찰,등록공고,N,Y
20250805,25~27년 국방건축행정시스템 재구축 사업,2025,국방시설본부,일반용역,엔지니어링·연구,True,0.0,True,유찰,등록공고,N,N
20250729,장병급식 전자조달체계 구축사업,2025,국방부 국방전산정보원,일반용역,엔지니어링·연구,False,3.0,False,낙찰자선정,등록공고,N,Y
20250730,[육군]전시지속지원체계구축 감리용역 사업,2025,육군본부 기획관리참모부,일반용역,경영·행정서비스,False,2.0,False,낙찰자선정,재공고,N,Y
20250801,국방전자조달시스템 고도화 구축사업,2025,방위사업청,일반용역,엔지니어링·연구,False,3.0,False,낙찰자선정,등록공고,N,N
20250903,25-27년 공군 전산장비 통합 유지보수 용역,2025,공군군수사령부,일반용역,엔지니어링·연구,False,4.0,False,낙찰자선정,등록공고,N,Y
20251013,차세대 국방시설통합정보체계 구축사업,2025,국방부 국방전산정보원,일반용역,엔지니어링·연구,False,3.0,False,낙찰자선정,등록공고,N,Y
20251014,26.~27. 국방인사정보체계 유지보수 사업,2025,국방부 국방전산정보원,일반용역,엔지니어링·연구,True,0.0,True,유찰,등록공고,N,Y
20251013,2026년도 KFN 송출대행사 업체 선정,2025,국방부 국방홍보원,일반용역,경영·행정서비스,False,3.0,False,낙찰자선정,등록공고,N,Y
20251024,연합지휘통제체계(AKJCCS) 성능개량 체계개발 감리용역 계약 위탁요청,2025,방위사업청,일반용역,경영·행정서비스,False,2.0,False,낙찰자선정,등록공고,N,
20251014,장병급식 전자조달체계 구축사업 감리 용역,2025,국방부 국방전산정보원,일반용역,경영·행정서비스,False,5.0,False,낙찰자선정,등록공고,N,Y
20251020,2026년 KFN TV 외주제작(전군 노래자랑) 사업자 선정,2025,국방부 국방홍보원,일반용역,편집·디자인,False,3.0,False,낙찰자선정,등록공고,N,Y
20251024,26년 민간심리상담 지원프로그램,2025,국방부,일반용역,경영·행정서비스,False,3.0,False,낙찰자선정,등록공고,N,Y
20251020,2026년 KFN TV 외주제작(요즘 군대) 사업자 선정,2025,국방부 국방홍보원,일반용역,편집·디자인,True,0.0,True,유찰,등록공고,N,Y
20251022,2026년 KFN TV  외주제작(강군365) 사업자 선정 ,2025,국방부 국방홍보원,일반용역,편집·디자인,False,3.0,False,낙찰자선정,등록공고,N,Y
20251030,군 책임운영기관 2025년 업무성과평가,2025,국방부,일반용역,경영·행정서비스,False,3.0,False,낙찰자선정,등록공고,N,N
20251028,연합지휘통제체계(AKJCCS) 성능개량 체계개발 PMO사업,2025,방위사업청,일반용역,경영·행정서비스,False,3.0,False,낙찰자선정,등록공고,N,Y
20251027,예비군훈련 소집통지서 모바일송달 서비스(2차),2025,국방부,일반용역,경영·행정서비스,True,0.0,True,유찰,등록공고,N,N
20251106,26년 합동정보모의모델 유지관리 용역,2025,국방부 합동참모본부,일반용역,엔지니어링·연구,True,0.0,True,유찰,등록공고,N,Y
20251031,2026년도 국방일보 인쇄 및 배달 용역사업,2025,국방부 국방홍보원,일반용역,편집·디자인,True,0.0,True,유찰,등록공고,N,Y
20251030,예비군훈련 소집통지서 모바일송달 서비스(1차),2025,국방부,일반용역,경영·행정서비스,False,2.0,False,낙찰자선정,등록공고,N,Y
20251031,2026년 귀환포로 정착지원사업,2025,국방부,일반용역,경영·행정서비스,True,0.0,True,유찰,등록공고,N,Y
20251103,26~27년 국방건축행정시스템 유지관리사업,2025,국방시설본부,일반용역,엔지니어링·연구,False,2.0,False,낙찰자선정,등록공고,N,N
20251105,26년 국내개발 무기효과자료 구축 연구사업,2025,국방부 합동참모본부,일반용역,경영·행정서비스,True,0.0,True,유찰,등록공고,N,Y
20251111,26년 합동지속지원모의모델 유지관리 용역,2025,국방부 합동참모본부,일반용역,엔지니어링·연구,True,0.0,True,유찰,등록공고,N,Y
20251105,26년 C4ISR분석모델 유지관리 용역,2025,국방부 합동참모본부,일반용역,엔지니어링·연구,True,0.0,True,유찰,등록공고,N,Y
20251106,26년 민군작전모의모델 유지관리 용역,2025,국방부 합동참모본부,일반용역,엔지니어링·연구,True,0.0,True,유찰,등록공고,N,Y
20251111,26년 지상무기효과분석모델 유지관리 용역,2025,국방부 합동참모본부,일반용역,엔지니어링·연구,True,0.0,True,유찰,등록공고,N,Y
20251113,26년 대화력전모의모델 유지관리사업,2025,국방부 합동참모본부,일반용역,엔지니어링·연구,True,0.0,True,유찰,등록공고,N,Y
20251113,26년 방위사업청 수도권 통근버스 임차용역,2025,방위사업청,일반용역,운송·물류,False,6.0,False,낙찰자선정,등록공고,N,N
20251112,26년 워게임 사이버위험관리체계 유지관리 및 운영사업,2025,국방부 합동참모본부,일반용역,엔지니어링·연구,False,2.0,False,낙찰자선정,등록공고,N,Y
20251111,2026년 KFN TV NPS 제작시스템 정기유지관리 사업,2025,국방부 국방홍보원,일반용역,엔지니어링·연구,True,0.0,True,유찰,등록공고,N,Y
20251111,2026년 통합유지보수,2025,4284부대,일반용역,엔지니어링·연구,False,3.0,False,낙찰자선정,등록공고,N,Y
20251111,2026년 국방일보 조판시스템 유지보수 사업,2025,국방부 국방홍보원,일반용역,엔지니어링·연구,True,0.0,True,유찰,등록공고,N,Y
20251112,차세대국방시설통합정보체계 구축사업 감리 용역,2025,국방부 국방전산정보원,일반용역,경영·행정서비스,False,3.0,False,낙찰자선정,등록공고,N,Y
20251114,26년 분석기술 용역,2025,국방부 합동참모본부,일반용역,경영·행정서비스,True,0.0,True,유찰,등록공고,N,Y
20251112,2026년 국방홍보원 홈페이지(모바일 포함) 통합운영유지 및 개선사업,2025,국방부 국방홍보원,일반용역,엔지니어링·연구,True,0.0,True,유찰,등록공고,N,Y
20251112,예비군훈련 소집통지서 모바일송달 서비스(2차),2025,국방부,일반용역,경영·행정서비스,False,2.0,False,낙찰자선정,재공고,N,N
20251114,2026년 국방홍보원 정보시스템 유지보수 사업,2025,국방부 국방홍보원,일반용역,엔지니어링·연구,True,0.0,True,유찰,등록공고,N,Y
20251118,실미도 부대 공작원 유해발굴 용역,2025,국방부,일반용역,경영·행정서비스,False,4.0,False,낙찰자선정,등록공고,N,Y
20251118,26년 합동작전분석모델 2 유지관리 용역사업,2025,국방부 합동참모본부,일반용역,엔지니어링·연구,True,0.0,True,유찰,등록공고,N,Y
20251126,26년 워게임 기술지원관 용역,2025,국방부 한미연합군사령부,일반용역,경영·행정서비스,False,21.0,False,낙찰자선정,등록공고,N,N
20251118,26년 연합연습정보체계(CEIS-K) 정비용역사업,2025,국방부 합동참모본부,일반용역,엔지니어링·연구,True,0.0,True,유찰,등록공고,N,Y
20251124,KFN TV SO분배망 서비스 ,2025,국방부 국방홍보원,일반용역,경영·행정서비스,True,0.0,True,유찰,등록공고,N,Y
20251126,26년 정보화교육 위탁사업,2025,국방부 국방전산정보원,일반용역,교육훈련,True,0.0,True,유찰,등록공고,N,Y
20251121,2026년 국방부 종합홍보용역 사업,2025,국방부,일반용역,경영·행정서비스,True,0.0,True,유찰,등록공고,N,Y
20251124,26년~27년 공군암호장비 유지보수용역계약,2025,공군제7항공통신전대,일반용역,엔지니어링·연구,True,0.0,True,유찰,등록공고,N,Y
20251202,2026년 6.25전사자 유해발굴사업 통합홍보용역,2025,국방부 국방부유해발굴감식단,일반용역,경영·행정서비스,False,11.0,False,낙찰자선정,등록공고,N,Y
20251127,국방전자조달시스템 고도화 구축사업 감리용역,2025,방위사업청,일반용역,경영·행정서비스,False,4.0,False,낙찰자선정,등록공고,N,N
20251209,2026년도 장병자기개발 학습콘텐츠 지원사업,2025,국방부,일반용역,교육훈련,False,2.0,False,낙찰자선정,등록공고,N,Y
20251209,2026년 국방홍보원 정보시스템 유지보수 사업,2025,국방부 국방홍보원,일반용역,엔지니어링·연구,False,3.0,False,낙찰자선정,등록공고,N,Y
20251216,26년 군정찰위성 위성망[궤도/주파수] 보호 유지관리 용역,2025,국군제9965부대,일반용역,경영·행정서비스,False,2.0,False,낙찰자선정,등록공고,N,Y
20251210,2026년도 간부e-지식복지사업,2025,국방부,일반용역,교육훈련,False,2.0,False,낙찰자선정,등록공고,N,Y
20251215,"26년 방위사업청 대전 임시청사 시설보안(경비, 안내) 인력 용역",2025,방위사업청,일반용역,국방·보안서비스,False,,False,낙찰자선정,등록공고,N,N
20251217,지능형 탄약관리체계 구축 용역,2025,육군탄약지원사령부,일반용역,경영·행정서비스,False,10.0,False,낙찰자선정,등록공고,N,Y
20251223,26년 방산메일시스템 유지보수 사업,2025,방위사업청,일반용역,엔지니어링·연구,True,0.0,True,유찰,등록공고,N,Y
20251224,2026년 국방부 종합홍보용역 사업,2025,국방부,일반용역,경영·행정서비스,False,6.0,False,낙찰자선정,재공고,N,Y
20251230,2026년 국방홍보원 소셜라이브 운영 용역,2025,국방부 국방홍보원,일반용역,경영·행정서비스,False,2.0,False,낙찰자선정,등록공고,N,Y
20251230,방위사업청 출입보안시스템 용역사업,2025,방위사업청,일반용역,국방·보안서비스,False,2.0,False,낙찰자선정,등록공고,N,Y
